                                                                        S      1
,,20HKopru_Tasiyici_Flans,20HKopru_Tasiyici_Flans,7Hunknown,7Hunknown,  G      1
32,38,7,99,15,,1.,2,2HMM,1,0.08,15H20181125.005231,0.01,10000.,9HlimitneG      2
ss,7Hunknown,11,0,15H20180906.122526;                                   G      3
     186       1                                                00000000D      1
     186           -1707       1       0                               0D      2
     514       2                                                00010000D      3
     514                      12       1                               0D      4
     510      14                                                00010000D      5
     510           -1707       1       1                               0D      6
     510      15                                                00010000D      7
     510           -1707       1       1                               0D      8
     510      16                                                00010000D      9
     510           -1707       3       1                               0D     10
     510      19                                                00010000D     11
     510           -1707       1       1                               0D     12
     510      20                                                00010000D     13
     510           -1707       1       1                               0D     14
     510      21                                                00010000D     15
     510           -1707       1       1                               0D     16
     510      22                                                00010000D     17
     510           -1707       1       1                               0D     18
     510      23                                                00010000D     19
     510           -1707       1       1                               0D     20
     510      24                                                00010000D     21
     510           -1707       3       1                               0D     22
     510      27                                                00010000D     23
     510           -1707       1       1                               0D     24
     510      28                                                00010000D     25
     510           -1707       1       1                               0D     26
     510      29                                                00010000D     27
     510           -1707       1       1                               0D     28
     510      30                                                00010000D     29
     510           -1707       1       1                               0D     30
     510      31                                                00010000D     31
     510           -1707       1       1                               0D     32
     510      32                                                00010000D     33
     510           -1707       1       1                               0D     34
     510      33                                                00010000D     35
     510           -1707       1       1                               0D     36
     510      34                                                00010000D     37
     510           -1707       1       1                               0D     38
     510      35                                                00010000D     39
     510           -1707       1       1                               0D     40
     510      36                                                00010000D     41
     510           -1707       1       1                               0D     42
     510      37                                                00010000D     43
     510           -1707       1       1                               0D     44
     510      38                                                00010000D     45
     510           -1707       1       1                               0D     46
     510      39                                                00010000D     47
     510           -1707       1       1                               0D     48
     510      40                                                00010000D     49
     510           -1707       1       1                               0D     50
     510      41                                                00010000D     51
     510           -1707       1       1                               0D     52
     510      42                                                00010000D     53
     510           -1707       1       1                               0D     54
     510      43                                                00010000D     55
     510           -1707       1       1                               0D     56
     510      44                                                00010000D     57
     510           -1707       1       1                               0D     58
     510      45                                                00010000D     59
     510           -1707       1       1                               0D     60
     510      46                                                00010000D     61
     510           -1707       1       1                               0D     62
     510      47                                                00010000D     63
     510           -1707       1       1                               0D     64
     510      48                                                00010000D     65
     510           -1707       1       1                               0D     66
     510      49                                                00010000D     67
     510           -1707       1       1                               0D     68
     510      50                                                00010000D     69
     510           -1707       1       1                               0D     70
     510      51                                                00010000D     71
     510           -1707       1       1                               0D     72
     510      52                                                00010000D     73
     510           -1707       1       1                               0D     74
     510      53                                                00010000D     75
     510           -1707       1       1                               0D     76
     510      54                                                00010000D     77
     510           -1707       1       1                               0D     78
     510      55                                                00010000D     79
     510           -1707       1       1                               0D     80
     510      56                                                00010000D     81
     510           -1707       1       1                               0D     82
     510      57                                                00010000D     83
     510           -1707       1       1                               0D     84
     510      58                                                00010000D     85
     510           -1707       1       1                               0D     86
     510      59                                                00010000D     87
     510           -1707       1       1                               0D     88
     510      60                                                00010000D     89
     510           -1707       1       1                               0D     90
     510      61                                                00010000D     91
     510           -1707       1       1                               0D     92
     510      62                                                00010000D     93
     510           -1707       1       1                               0D     94
     510      63                                                00010000D     95
     510           -1707       1       1                               0D     96
     510      64                                                00010000D     97
     510           -1707       1       1                               0D     98
     510      65                                                00010000D     99
     510           -1707       1       1                               0D    100
     510      66                                                00010000D    101
     510           -1707       1       1                               0D    102
     510      67                                                00010000D    103
     510           -1707       1       1                               0D    104
     510      68                                                00010000D    105
     510           -1707       1       1                               0D    106
     510      69                                                00010000D    107
     510           -1707       1       1                               0D    108
     510      70                                                00010000D    109
     510           -1707       1       1                               0D    110
     510      71                                                00010000D    111
     510           -1707       1       1                               0D    112
     510      72                                                00010000D    113
     510           -1707       1       1                               0D    114
     510      73                                                00010000D    115
     510           -1707       1       1                               0D    116
     510      74                                                00010000D    117
     510           -1707       1       1                               0D    118
     510      75                                                00010000D    119
     510           -1707       1       1                               0D    120
     510      76                                                00010000D    121
     510           -1707       1       1                               0D    122
     510      77                                                00010000D    123
     510           -1707       1       1                               0D    124
     510      78                                                00010000D    125
     510           -1707       1       1                               0D    126
     510      79                                                00010000D    127
     510           -1707       1       1                               0D    128
     510      80                                                00010000D    129
     510           -1707       1       1                               0D    130
     510      81                                                00010000D    131
     510           -1707       1       1                               0D    132
     510      82                                                00010000D    133
     510           -1707       1       1                               0D    134
     510      83                                                00010000D    135
     510           -1707       1       1                               0D    136
     510      84                                                00010000D    137
     510           -1707       1       1                               0D    138
     510      85                                                00010000D    139
     510           -1707       1       1                               0D    140
     510      86                                                00010000D    141
     510           -1707       1       1                               0D    142
     510      87                                                00010000D    143
     510           -1707       1       1                               0D    144
     510      88                                                00010000D    145
     510           -1707       1       1                               0D    146
     510      89                                                00010000D    147
     510           -1707       1       1                               0D    148
     510      90                                                00010000D    149
     510           -1707       1       1                               0D    150
     510      91                                                00010000D    151
     510           -1707       1       1                               0D    152
     510      92                                                00010000D    153
     510           -1707       1       1                               0D    154
     510      93                                                00010000D    155
     510           -1707       1       1                               0D    156
     510      94                                                00010000D    157
     510           -1707       1       1                               0D    158
     510      95                                                00010000D    159
     510           -1707       1       1                               0D    160
     510      96                                                00010000D    161
     510           -1707       1       1                               0D    162
     510      97                                                00010000D    163
     510           -1707       1       1                               0D    164
     510      98                                                00010000D    165
     510           -1707       1       1                               0D    166
     510      99                                                00010000D    167
     510           -1707       1       1                               0D    168
     510     100                                                00010000D    169
     510           -1707       1       1                               0D    170
     510     101                                                00010000D    171
     510           -1707       1       1                               0D    172
     510     102                                                00010000D    173
     510           -1707       1       1                               0D    174
     510     103                                                00010000D    175
     510           -1707       1       1                               0D    176
     510     104                                                00010000D    177
     510           -1707       1       1                               0D    178
     510     105                                                00010000D    179
     510           -1707       1       1                               0D    180
     510     106                                                00010000D    181
     510           -1707       1       1                               0D    182
     510     107                                                00010000D    183
     510           -1707       1       1                               0D    184
     510     108                                                00010000D    185
     510           -1707       1       1                               0D    186
     510     109                                                00010000D    187
     510           -1707       1       1                               0D    188
     510     110                                                00010000D    189
     510           -1707       1       1                               0D    190
     510     111                                                00010000D    191
     510           -1707       1       1                               0D    192
     510     112                                                00010000D    193
     510           -1707       1       1                               0D    194
     510     113                                                00010000D    195
     510           -1707       1       1                               0D    196
     510     114                                                00010000D    197
     510           -1707       1       1                               0D    198
     510     115                                                00010000D    199
     510           -1707       1       1                               0D    200
     510     116                                                00010000D    201
     510           -1707       1       1                               0D    202
     510     117                                                00010000D    203
     510           -1707       1       1                               0D    204
     510     118                                                00010000D    205
     510           -1707       1       1                               0D    206
     510     119                                                00010000D    207
     510           -1707       1       1                               0D    208
     510     120                                                00010000D    209
     510           -1707       1       1                               0D    210
     510     121                                                00010000D    211
     510           -1707       1       1                               0D    212
     510     122                                                00010000D    213
     510           -1707       1       1                               0D    214
     510     123                                                00010000D    215
     510           -1707       1       1                               0D    216
     510     124                                                00010000D    217
     510           -1707       1       1                               0D    218
     510     125                                                00010000D    219
     510           -1707       1       1                               0D    220
     510     126                                                00010000D    221
     510           -1707       1       1                               0D    222
     510     127                                                00010000D    223
     510           -1707       1       1                               0D    224
     510     128                                                00010000D    225
     510           -1707       1       1                               0D    226
     510     129                                                00010000D    227
     510           -1707       1       1                               0D    228
     510     130                                                00010000D    229
     510           -1707       1       1                               0D    230
     510     131                                                00010000D    231
     510           -1707       1       1                               0D    232
     510     132                                                00010000D    233
     510           -1707       1       1                               0D    234
     510     133                                                00010000D    235
     510           -1707       1       1                               0D    236
     510     134                                                00010000D    237
     510           -1707       1       1                               0D    238
     510     135                                                00010000D    239
     510           -1707       1       1                               0D    240
     510     136                                                00010000D    241
     510           -1707       1       1                               0D    242
     510     137                                                00010000D    243
     510           -1707       1       1                               0D    244
     510     138                                                00010000D    245
     510           -1707       1       1                               0D    246
     510     139                                                00010000D    247
     510           -1707       1       1                               0D    248
     510     140                                                00010000D    249
     510           -1707       1       1                               0D    250
     510     141                                                00010000D    251
     510           -1707       1       1                               0D    252
     510     142                                                00010000D    253
     510           -1707       1       1                               0D    254
     510     143                                                00010000D    255
     510           -1707       1       1                               0D    256
     510     144                                                00010000D    257
     510           -1707       1       1                               0D    258
     510     145                                                00010000D    259
     510           -1707       1       1                               0D    260
     510     146                                                00010000D    261
     510           -1707       1       1                               0D    262
     510     147                                                00010000D    263
     510           -1707       1       1                               0D    264
     510     148                                                00010000D    265
     510           -1707       1       1                               0D    266
     508     149                                                00010000D    267
     508                       1       1                               0D    268
     508     150                                                00010000D    269
     508                       1       1                               0D    270
     508     151                                                00010000D    271
     508                       5       1                               0D    272
     508     156                                                00010000D    273
     508                       2       1                               0D    274
     508     158                                                00010000D    275
     508                       2       1                               0D    276
     508     160                                                00010000D    277
     508                       2       1                               0D    278
     508     162                                                00010000D    279
     508                       1       1                               0D    280
     508     163                                                00010000D    281
     508                       1       1                               0D    282
     508     164                                                00010000D    283
     508                       1       1                               0D    284
     508     165                                                00010000D    285
     508                       1       1                               0D    286
     508     166                                                00010000D    287
     508                       1       1                               0D    288
     508     167                                                00010000D    289
     508                       1       1                               0D    290
     508     168                                                00010000D    291
     508                       1       1                               0D    292
     508     169                                                00010000D    293
     508                       2       1                               0D    294
     508     171                                                00010000D    295
     508                       2       1                               0D    296
     508     173                                                00010000D    297
     508                       1       1                               0D    298
     508     174                                                00010000D    299
     508                       2       1                               0D    300
     508     176                                                00010000D    301
     508                       2       1                               0D    302
     508     178                                                00010000D    303
     508                       2       1                               0D    304
     508     180                                                00010000D    305
     508                       1       1                               0D    306
     508     181                                                00010000D    307
     508                       1       1                               0D    308
     508     182                                                00010000D    309
     508                       1       1                               0D    310
     508     183                                                00010000D    311
     508                       1       1                               0D    312
     508     184                                                00010000D    313
     508                       1       1                               0D    314
     508     185                                                00010000D    315
     508                       1       1                               0D    316
     508     186                                                00010000D    317
     508                       2       1                               0D    318
     508     188                                                00010000D    319
     508                       2       1                               0D    320
     508     190                                                00010000D    321
     508                       2       1                               0D    322
     508     192                                                00010000D    323
     508                       2       1                               0D    324
     508     194                                                00010000D    325
     508                       2       1                               0D    326
     508     196                                                00010000D    327
     508                       2       1                               0D    328
     508     198                                                00010000D    329
     508                       2       1                               0D    330
     508     200                                                00010000D    331
     508                       2       1                               0D    332
     508     202                                                00010000D    333
     508                       1       1                               0D    334
     508     203                                                00010000D    335
     508                       1       1                               0D    336
     508     204                                                00010000D    337
     508                       1       1                               0D    338
     508     205                                                00010000D    339
     508                       1       1                               0D    340
     508     206                                                00010000D    341
     508                       2       1                               0D    342
     508     208                                                00010000D    343
     508                       2       1                               0D    344
     508     210                                                00010000D    345
     508                       1       1                               0D    346
     508     211                                                00010000D    347
     508                       1       1                               0D    348
     508     212                                                00010000D    349
     508                       2       1                               0D    350
     508     214                                                00010000D    351
     508                       5       1                               0D    352
     508     219                                                00010000D    353
     508                       2       1                               0D    354
     508     221                                                00010000D    355
     508                       2       1                               0D    356
     508     223                                                00010000D    357
     508                       2       1                               0D    358
     508     225                                                00010000D    359
     508                       2       1                               0D    360
     508     227                                                00010000D    361
     508                       2       1                               0D    362
     508     229                                                00010000D    363
     508                       2       1                               0D    364
     508     231                                                00010000D    365
     508                       2       1                               0D    366
     508     233                                                00010000D    367
     508                       2       1                               0D    368
     508     235                                                00010000D    369
     508                       2       1                               0D    370
     508     237                                                00010000D    371
     508                       2       1                               0D    372
     508     239                                                00010000D    373
     508                       2       1                               0D    374
     508     241                                                00010000D    375
     508                       2       1                               0D    376
     508     243                                                00010000D    377
     508                       1       1                               0D    378
     508     244                                                00010000D    379
     508                       1       1                               0D    380
     508     245                                                00010000D    381
     508                       2       1                               0D    382
     508     247                                                00010000D    383
     508                       2       1                               0D    384
     508     249                                                00010000D    385
     508                       2       1                               0D    386
     508     251                                                00010000D    387
     508                       1       1                               0D    388
     508     252                                                00010000D    389
     508                       2       1                               0D    390
     508     254                                                00010000D    391
     508                       2       1                               0D    392
     508     256                                                00010000D    393
     508                       1       1                               0D    394
     508     257                                                00010000D    395
     508                       1       1                               0D    396
     508     258                                                00010000D    397
     508                       1       1                               0D    398
     508     259                                                00010000D    399
     508                       1       1                               0D    400
     508     260                                                00010000D    401
     508                       1       1                               0D    402
     508     261                                                00010000D    403
     508                       1       1                               0D    404
     508     262                                                00010000D    405
     508                       1       1                               0D    406
     508     263                                                00010000D    407
     508                       2       1                               0D    408
     508     265                                                00010000D    409
     508                       2       1                               0D    410
     508     267                                                00010000D    411
     508                       2       1                               0D    412
     508     269                                                00010000D    413
     508                       1       1                               0D    414
     508     270                                                00010000D    415
     508                       1       1                               0D    416
     508     271                                                00010000D    417
     508                       1       1                               0D    418
     508     272                                                00010000D    419
     508                       1       1                               0D    420
     508     273                                                00010000D    421
     508                       2       1                               0D    422
     508     275                                                00010000D    423
     508                       2       1                               0D    424
     508     277                                                00010000D    425
     508                       2       1                               0D    426
     508     279                                                00010000D    427
     508                       2       1                               0D    428
     508     281                                                00010000D    429
     508                       2       1                               0D    430
     508     283                                                00010000D    431
     508                       2       1                               0D    432
     508     285                                                00010000D    433
     508                       2       1                               0D    434
     508     287                                                00010000D    435
     508                       2       1                               0D    436
     508     289                                                00010000D    437
     508                       2       1                               0D    438
     508     291                                                00010000D    439
     508                       2       1                               0D    440
     508     293                                                00010000D    441
     508                       2       1                               0D    442
     508     295                                                00010000D    443
     508                       2       1                               0D    444
     508     297                                                00010000D    445
     508                       2       1                               0D    446
     508     299                                                00010000D    447
     508                       2       1                               0D    448
     508     301                                                00010000D    449
     508                       2       1                               0D    450
     508     303                                                00010000D    451
     508                       2       1                               0D    452
     508     305                                                00010000D    453
     508                       2       1                               0D    454
     508     307                                                00010000D    455
     508                       2       1                               0D    456
     508     309                                                00010000D    457
     508                       2       1                               0D    458
     508     311                                                00010000D    459
     508                       2       1                               0D    460
     508     313                                                00010000D    461
     508                       2       1                               0D    462
     508     315                                                00010000D    463
     508                       2       1                               0D    464
     508     317                                                00010000D    465
     508                       2       1                               0D    466
     508     319                                                00010000D    467
     508                       2       1                               0D    468
     508     321                                                00010000D    469
     508                       2       1                               0D    470
     508     323                                                00010000D    471
     508                       2       1                               0D    472
     508     325                                                00010000D    473
     508                       2       1                               0D    474
     508     327                                                00010000D    475
     508                       2       1                               0D    476
     508     329                                                00010000D    477
     508                       2       1                               0D    478
     508     331                                                00010000D    479
     508                       2       1                               0D    480
     508     333                                                00010000D    481
     508                       2       1                               0D    482
     508     335                                                00010000D    483
     508                       2       1                               0D    484
     508     337                                                00010000D    485
     508                       2       1                               0D    486
     508     339                                                00010000D    487
     508                       2       1                               0D    488
     508     341                                                00010000D    489
     508                       2       1                               0D    490
     508     343                                                00010000D    491
     508                       2       1                               0D    492
     508     345                                                00010000D    493
     508                       2       1                               0D    494
     508     347                                                00010000D    495
     508                       2       1                               0D    496
     508     349                                                00010000D    497
     508                       2       1                               0D    498
     508     351                                                00010000D    499
     508                       2       1                               0D    500
     508     353                                                00010000D    501
     508                       2       1                               0D    502
     508     355                                                00010000D    503
     508                       2       1                               0D    504
     508     357                                                00010000D    505
     508                       2       1                               0D    506
     508     359                                                00010000D    507
     508                       2       1                               0D    508
     508     361                                                00010000D    509
     508                       2       1                               0D    510
     508     363                                                00010000D    511
     508                       2       1                               0D    512
     508     365                                                00010000D    513
     508                       2       1                               0D    514
     508     367                                                00010000D    515
     508                       2       1                               0D    516
     508     369                                                00010000D    517
     508                       2       1                               0D    518
     508     371                                                00010000D    519
     508                       2       1                               0D    520
     508     373                                                00010000D    521
     508                       2       1                               0D    522
     508     375                                                00010000D    523
     508                       2       1                               0D    524
     508     377                                                00010000D    525
     508                       2       1                               0D    526
     508     379                                                00010000D    527
     508                       2       1                               0D    528
     508     381                                                00010000D    529
     508                       2       1                               0D    530
     508     383                                                00010000D    531
     508                       2       1                               0D    532
     508     385                                                00010000D    533
     508                       2       1                               0D    534
     508     387                                                00010000D    535
     508                       2       1                               0D    536
     508     389                                                00010000D    537
     508                       2       1                               0D    538
     508     391                                                00010000D    539
     508                       2       1                               0D    540
     508     393                                                00010000D    541
     508                       2       1                               0D    542
     508     395                                                00010000D    543
     508                       2       1                               0D    544
     508     397                                                00010000D    545
     508                       2       1                               0D    546
     508     399                                                00010000D    547
     508                       2       1                               0D    548
     508     401                                                00010000D    549
     508                       2       1                               0D    550
     508     403                                                00010000D    551
     508                       2       1                               0D    552
     508     405                                                00010000D    553
     508                       2       1                               0D    554
     508     407                                                00010000D    555
     508                       2       1                               0D    556
     508     409                                                00010000D    557
     508                       2       1                               0D    558
     508     411                                                00010000D    559
     508                       2       1                               0D    560
     508     413                                                00010000D    561
     508                       2       1                               0D    562
     508     415                                                00010000D    563
     508                       2       1                               0D    564
     508     417                                                00010000D    565
     508                       2       1                               0D    566
     508     419                                                00010000D    567
     508                       2       1                               0D    568
     508     421                                                00010000D    569
     508                       2       1                               0D    570
     508     423                                                00010000D    571
     508                       2       1                               0D    572
     508     425                                                00010000D    573
     508                       2       1                               0D    574
     508     427                                                00010000D    575
     508                       2       1                               0D    576
     508     429                                                00010000D    577
     508                       2       1                               0D    578
     508     431                                                00010000D    579
     508                       2       1                               0D    580
     508     433                                                00010000D    581
     508                       2       1                               0D    582
     508     435                                                00010000D    583
     508                       2       1                               0D    584
     508     437                                                00010000D    585
     508                       2       1                               0D    586
     508     439                                                00010000D    587
     508                       2       1                               0D    588
     508     441                                                00010000D    589
     508                       2       1                               0D    590
     508     443                                                00010000D    591
     508                       2       1                               0D    592
     508     445                                                00010000D    593
     508                       2       1                               0D    594
     508     447                                                00010000D    595
     508                       2       1                               0D    596
     508     449                                                00010000D    597
     508                       2       1                               0D    598
     508     451                                                00010000D    599
     508                       2       1                               0D    600
     508     453                                                00010000D    601
     508                       2       1                               0D    602
     508     455                                                00010000D    603
     508                       2       1                               0D    604
     508     457                                                00010000D    605
     508                       2       1                               0D    606
     508     459                                                00010000D    607
     508                       2       1                               0D    608
     508     461                                                00010000D    609
     508                       2       1                               0D    610
     508     463                                                00010000D    611
     508                       2       1                               0D    612
     508     465                                                00010000D    613
     508                       2       1                               0D    614
     508     467                                                00010000D    615
     508                       2       1                               0D    616
     508     469                                                00010000D    617
     508                       2       1                               0D    618
     508     471                                                00010000D    619
     508                       2       1                               0D    620
     508     473                                                00010000D    621
     508                       2       1                               0D    622
     508     475                                                00010000D    623
     508                       2       1                               0D    624
     508     477                                                00010000D    625
     508                       2       1                               0D    626
     508     479                                                00010000D    627
     508                       2       1                               0D    628
     508     481                                                00010000D    629
     508                       2       1                               0D    630
     508     483                                                00010000D    631
     508                       2       1                               0D    632
     508     485                                                00010000D    633
     508                       2       1                               0D    634
     508     487                                                00010000D    635
     508                       2       1                               0D    636
     508     489                                                00010000D    637
     508                       2       1                               0D    638
     508     491                                                00010000D    639
     508                       2       1                               0D    640
     508     493                                                00010000D    641
     508                       2       1                               0D    642
     508     495                                                00010000D    643
     508                       2       1                               0D    644
     508     497                                                00010000D    645
     508                       2       1                               0D    646
     508     499                                                00010000D    647
     508                       2       1                               0D    648
     508     501                                                00010000D    649
     508                       2       1                               0D    650
     508     503                                                00010000D    651
     508                       2       1                               0D    652
     508     505                                                00010000D    653
     508                       2       1                               0D    654
     508     507                                                00010000D    655
     508                       2       1                               0D    656
     508     509                                                00010000D    657
     508                       2       1                               0D    658
     508     511                                                00010000D    659
     508                       1       1                               0D    660
     508     512                                                00010000D    661
     508                       2       1                               0D    662
     508     514                                                00010000D    663
     508                       2       1                               0D    664
     126     516                                                00010000D    665
     126       0               6       0                               0D    666
     126     522                                                00010000D    667
     126       0               3       0                               0D    668
     126     525                                                00010000D    669
     126       0               6       0                               0D    670
     126     531                                                00010000D    671
     126       0               3       0                               0D    672
     126     534                                                00010000D    673
     126       0               4       0                               0D    674
     126     538                                                00010000D    675
     126       0               3       0                               0D    676
     126     541                                                00010000D    677
     126       0               4       0                               0D    678
     126     545                                                00010000D    679
     126       0               4       0                               0D    680
     126     549                                                00010000D    681
     126       0               6       0                               0D    682
     126     555                                                00010000D    683
     126       0               4       0                               0D    684
     126     559                                                00010000D    685
     126       0               6       0                               0D    686
     126     565                                                00010000D    687
     126       0               4       0                               0D    688
     126     569                                                00010000D    689
     126       0               6       0                               0D    690
     126     575                                                00010000D    691
     126       0               4       0                               0D    692
     126     579                                                00010000D    693
     126       0               6       0                               0D    694
     126     585                                                00010000D    695
     126       0               4       0                               0D    696
     126     589                                                00010000D    697
     126       0               6       0                               0D    698
     126     595                                                00010000D    699
     126       0               4       0                               0D    700
     126     599                                                00010000D    701
     126       0               6       0                               0D    702
     126     605                                                00010000D    703
     126       0               4       0                               0D    704
     126     609                                                00010000D    705
     126       0               6       0                               0D    706
     126     615                                                00010000D    707
     126       0               3       0                               0D    708
     126     618                                                00010000D    709
     126       0               3       0                               0D    710
     126     621                                                00010000D    711
     126       0               3       0                               0D    712
     126     624                                                00010000D    713
     126       0               3       0                               0D    714
     126     627                                                00010000D    715
     126       0               7       0                               0D    716
     126     634                                                00010000D    717
     126       0               5       0                               0D    718
     126     639                                                00010000D    719
     126       0               6       0                               0D    720
     126     645                                                00010000D    721
     126       0               3       0                               0D    722
     126     648                                                00010000D    723
     126       0               7       0                               0D    724
     126     655                                                00010000D    725
     126       0               3       0                               0D    726
     126     658                                                00010000D    727
     126       0               7       0                               0D    728
     126     665                                                00010000D    729
     126       0               4       0                               0D    730
     126     669                                                00010000D    731
     126       0               6       0                               0D    732
     126     675                                                00010000D    733
     126       0               3       0                               0D    734
     126     678                                                00010000D    735
     126       0               7       0                               0D    736
     126     685                                                00010000D    737
     126       0               3       0                               0D    738
     126     688                                                00010000D    739
     126       0               7       0                               0D    740
     126     695                                                00010000D    741
     126       0               5       0                               0D    742
     126     700                                                00010000D    743
     126       0               6       0                               0D    744
     126     706                                                00010000D    745
     126       0               3       0                               0D    746
     126     709                                                00010000D    747
     126       0               7       0                               0D    748
     126     716                                                00010000D    749
     126       0              12       0                               0D    750
     126     728                                                00010000D    751
     126       0              12       0                               0D    752
     126     740                                                00010000D    753
     126       0              12       0                               0D    754
     126     752                                                00010000D    755
     126       0              12       0                               0D    756
     126     764                                                00010000D    757
     126       0              12       0                               0D    758
     126     776                                                00010000D    759
     126       0              12       0                               0D    760
     126     788                                                00010000D    761
     126       0              12       0                               0D    762
     126     800                                                00010000D    763
     126       0               3       0                               0D    764
     126     803                                                00010000D    765
     126       0               7       0                               0D    766
     126     810                                                00010000D    767
     126       0               4       0                               0D    768
     126     814                                                00010000D    769
     126       0               6       0                               0D    770
     126     820                                                00010000D    771
     126       0               3       0                               0D    772
     126     823                                                00010000D    773
     126       0               7       0                               0D    774
     126     830                                                00010000D    775
     126       0               3       0                               0D    776
     126     833                                                00010000D    777
     126       0               7       0                               0D    778
     126     840                                                00010000D    779
     126       0               4       0                               0D    780
     126     844                                                00010000D    781
     126       0               6       0                               0D    782
     126     850                                                00010000D    783
     126       0               3       0                               0D    784
     126     853                                                00010000D    785
     126       0               7       0                               0D    786
     126     860                                                00010000D    787
     126       0              12       0                               0D    788
     126     872                                                00010000D    789
     126       0               3       0                               0D    790
     126     875                                                00010000D    791
     126       0               7       0                               0D    792
     126     882                                                00010000D    793
     126       0               4       0                               0D    794
     126     886                                                00010000D    795
     126       0               6       0                               0D    796
     126     892                                                00010000D    797
     126       0               3       0                               0D    798
     126     895                                                00010000D    799
     126       0               7       0                               0D    800
     126     902                                                00010000D    801
     126       0               3       0                               0D    802
     126     905                                                00010000D    803
     126       0               7       0                               0D    804
     126     912                                                00010000D    805
     126       0               4       0                               0D    806
     126     916                                                00010000D    807
     126       0               6       0                               0D    808
     126     922                                                00010000D    809
     126       0               3       0                               0D    810
     126     925                                                00010000D    811
     126       0               7       0                               0D    812
     126     932                                                00010000D    813
     126       0               7       0                               0D    814
     126     939                                                00010000D    815
     126       0               3       0                               0D    816
     126     942                                                00010000D    817
     126       0               7       0                               0D    818
     126     949                                                00010000D    819
     126       0               4       0                               0D    820
     126     953                                                00010000D    821
     126       0               6       0                               0D    822
     126     959                                                00010000D    823
     126       0               3       0                               0D    824
     126     962                                                00010000D    825
     126       0              12       0                               0D    826
     126     974                                                00010000D    827
     126       0              12       0                               0D    828
     126     986                                                00010000D    829
     126       0               7       0                               0D    830
     126     993                                                00010000D    831
     126       0               4       0                               0D    832
     126     997                                                00010000D    833
     126       0               7       0                               0D    834
     126    1004                                                00010000D    835
     126       0               4       0                               0D    836
     126    1008                                                00010000D    837
     126       0               7       0                               0D    838
     126    1015                                                00010000D    839
     126       0               4       0                               0D    840
     126    1019                                                00010000D    841
     126       0               7       0                               0D    842
     126    1026                                                00010000D    843
     126       0               4       0                               0D    844
     126    1030                                                00010000D    845
     126       0               7       0                               0D    846
     126    1037                                                00010000D    847
     126       0               3       0                               0D    848
     126    1040                                                00010000D    849
     126       0               7       0                               0D    850
     126    1047                                                00010000D    851
     126       0               3       0                               0D    852
     126    1050                                                00010000D    853
     126       0               7       0                               0D    854
     126    1057                                                00010000D    855
     126       0               3       0                               0D    856
     126    1060                                                00010000D    857
     126       0               7       0                               0D    858
     126    1067                                                00010000D    859
     126       0               3       0                               0D    860
     126    1070                                                00010000D    861
     126       0               3       0                               0D    862
     126    1073                                                00010000D    863
     126       0               7       0                               0D    864
     126    1080                                                00010000D    865
     126       0               3       0                               0D    866
     126    1083                                                00010000D    867
     126       0               7       0                               0D    868
     126    1090                                                00010000D    869
     126       0               7       0                               0D    870
     126    1097                                                00010000D    871
     126       0               3       0                               0D    872
     126    1100                                                00010000D    873
     126       0               7       0                               0D    874
     126    1107                                                00010000D    875
     126       0               3       0                               0D    876
     126    1110                                                00010000D    877
     126       0               3       0                               0D    878
     126    1113                                                00010000D    879
     126       0               7       0                               0D    880
     126    1120                                                00010000D    881
     126       0               3       0                               0D    882
     126    1123                                                00010000D    883
     126       0               7       0                               0D    884
     126    1130                                                00010000D    885
     126       0               7       0                               0D    886
     126    1137                                                00010000D    887
     126       0               3       0                               0D    888
     126    1140                                                00010000D    889
     126       0               7       0                               0D    890
     126    1147                                                00010000D    891
     126       0               3       0                               0D    892
     126    1150                                                00010000D    893
     126       0               3       0                               0D    894
     126    1153                                                00010000D    895
     126       0               7       0                               0D    896
     126    1160                                                00010000D    897
     126       0               3       0                               0D    898
     126    1163                                                00010000D    899
     126       0               7       0                               0D    900
     126    1170                                                00010000D    901
     126       0               7       0                               0D    902
     126    1177                                                00010000D    903
     126       0               3       0                               0D    904
     126    1180                                                00010000D    905
     126       0               7       0                               0D    906
     126    1187                                                00010000D    907
     126       0               3       0                               0D    908
     126    1190                                                00010000D    909
     126       0               7       0                               0D    910
     126    1197                                                00010000D    911
     126       0               3       0                               0D    912
     126    1200                                                00010000D    913
     126       0               7       0                               0D    914
     126    1207                                                00010000D    915
     126       0               3       0                               0D    916
     126    1210                                                00010000D    917
     126       0               7       0                               0D    918
     126    1217                                                00010000D    919
     126       0               3       0                               0D    920
     126    1220                                                00010000D    921
     126       0               7       0                               0D    922
     126    1227                                                00010000D    923
     126       0               3       0                               0D    924
     126    1230                                                00010000D    925
     126       0              12       0                               0D    926
     126    1242                                                00010000D    927
     126       0              12       0                               0D    928
     126    1254                                                00010000D    929
     126       0              12       0                               0D    930
     126    1266                                                00010000D    931
     126       0              12       0                               0D    932
     126    1278                                                00010000D    933
     126       0               3       0                               0D    934
     126    1281                                                00010000D    935
     126       0               6       0                               0D    936
     126    1287                                                00010000D    937
     126       0               3       0                               0D    938
     126    1290                                                00010000D    939
     126       0               3       0                               0D    940
     126    1293                                                00010000D    941
     126       0               3       0                               0D    942
     126    1296                                                00010000D    943
     126       0               3       0                               0D    944
     126    1299                                                00010000D    945
     126       0               6       0                               0D    946
     126    1305                                                00010000D    947
     126       0               3       0                               0D    948
     126    1308                                                00010000D    949
     126       0               4       0                               0D    950
     126    1312                                                00010000D    951
     126       0               3       0                               0D    952
     126    1315                                                00010000D    953
     126       0               6       0                               0D    954
     126    1321                                                00010000D    955
     126       0               3       0                               0D    956
     126    1324                                                00010000D    957
     126       0               3       0                               0D    958
     126    1327                                                00010000D    959
     126       0               3       0                               0D    960
     126    1330                                                00010000D    961
     126       0               4       0                               0D    962
     126    1334                                                00010000D    963
     126       0               6       0                               0D    964
     126    1340                                                00010000D    965
     126       0               4       0                               0D    966
     126    1344                                                00010000D    967
     126       0               6       0                               0D    968
     126    1350                                                00010000D    969
     126       0               4       0                               0D    970
     126    1354                                                00010000D    971
     126       0               6       0                               0D    972
     126    1360                                                00010000D    973
     126       0               4       0                               0D    974
     126    1364                                                00010000D    975
     126       0               6       0                               0D    976
     126    1370                                                00010000D    977
     126       0               3       0                               0D    978
     126    1373                                                00010000D    979
     126       0               7       0                               0D    980
     126    1380                                                00010000D    981
     126       0               3       0                               0D    982
     126    1383                                                00010000D    983
     126       0               7       0                               0D    984
     126    1390                                                00010000D    985
     126       0               3       0                               0D    986
     126    1393                                                00010000D    987
     126       0               7       0                               0D    988
     126    1400                                                00010000D    989
     126       0               3       0                               0D    990
     126    1403                                                00010000D    991
     126       0               7       0                               0D    992
     126    1410                                                00010000D    993
     126       0               3       0                               0D    994
     126    1413                                                00010000D    995
     126       0               7       0                               0D    996
     126    1420                                                00010000D    997
     126       0               3       0                               0D    998
     126    1423                                                00010000D    999
     126       0               7       0                               0D   1000
     126    1430                                                00010000D   1001
     126       0               3       0                               0D   1002
     126    1433                                                00010000D   1003
     126       0               3       0                               0D   1004
     126    1436                                                00010000D   1005
     126       0               7       0                               0D   1006
     126    1443                                                00010000D   1007
     126       0               3       0                               0D   1008
     126    1446                                                00010000D   1009
     126       0               7       0                               0D   1010
     126    1453                                                00010000D   1011
     126       0               7       0                               0D   1012
     126    1460                                                00010000D   1013
     126       0               3       0                               0D   1014
     126    1463                                                00010000D   1015
     126       0               7       0                               0D   1016
     126    1470                                                00010000D   1017
     126       0               3       0                               0D   1018
     126    1473                                                00010000D   1019
     126       0               3       0                               0D   1020
     126    1476                                                00010000D   1021
     126       0               7       0                               0D   1022
     126    1483                                                00010000D   1023
     126       0               3       0                               0D   1024
     126    1486                                                00010000D   1025
     126       0               7       0                               0D   1026
     126    1493                                                00010000D   1027
     126       0               7       0                               0D   1028
     126    1500                                                00010000D   1029
     126       0               3       0                               0D   1030
     126    1503                                                00010000D   1031
     126       0               7       0                               0D   1032
     126    1510                                                00010000D   1033
     126       0               3       0                               0D   1034
     126    1513                                                00010000D   1035
     126       0               3       0                               0D   1036
     126    1516                                                00010000D   1037
     126       0               7       0                               0D   1038
     126    1523                                                00010000D   1039
     126       0               3       0                               0D   1040
     126    1526                                                00010000D   1041
     126       0               7       0                               0D   1042
     126    1533                                                00010000D   1043
     126       0               7       0                               0D   1044
     126    1540                                                00010000D   1045
     126       0               3       0                               0D   1046
     126    1543                                                00010000D   1047
     126       0               7       0                               0D   1048
     126    1550                                                00010000D   1049
     126       0               3       0                               0D   1050
     126    1553                                                00010000D   1051
     126       0               7       0                               0D   1052
     126    1560                                                00010000D   1053
     126       0               3       0                               0D   1054
     126    1563                                                00010000D   1055
     126       0               7       0                               0D   1056
     126    1570                                                00010000D   1057
     126       0               3       0                               0D   1058
     126    1573                                                00010000D   1059
     126       0               7       0                               0D   1060
     126    1580                                                00010000D   1061
     126       0               3       0                               0D   1062
     126    1583                                                00010000D   1063
     126       0               7       0                               0D   1064
     126    1590                                                00010000D   1065
     126       0               3       0                               0D   1066
     126    1593                                                00010000D   1067
     126       0               7       0                               0D   1068
     126    1600                                                00010000D   1069
     126       0               3       0                               0D   1070
     126    1603                                                00010000D   1071
     126       0               7       0                               0D   1072
     126    1610                                                00010000D   1073
     126       0               3       0                               0D   1074
     126    1613                                                00010000D   1075
     126       0              12       0                               0D   1076
     126    1625                                                00010000D   1077
     126       0              12       0                               0D   1078
     126    1637                                                00010000D   1079
     126       0               7       0                               0D   1080
     126    1644                                                00010000D   1081
     126       0               3       0                               0D   1082
     126    1647                                                00010000D   1083
     126       0               6       0                               0D   1084
     126    1653                                                00010000D   1085
     126       0               4       0                               0D   1086
     126    1657                                                00010000D   1087
     126       0               7       0                               0D   1088
     126    1664                                                00010000D   1089
     126       0               3       0                               0D   1090
     126    1667                                                00010000D   1091
     126       0               3       0                               0D   1092
     126    1670                                                00010000D   1093
     126       0               7       0                               0D   1094
     126    1677                                                00010000D   1095
     126       0               3       0                               0D   1096
     126    1680                                                00010000D   1097
     126       0               6       0                               0D   1098
     126    1686                                                00010000D   1099
     126       0               4       0                               0D   1100
     126    1690                                                00010000D   1101
     126       0               7       0                               0D   1102
     126    1697                                                00010000D   1103
     126       0               3       0                               0D   1104
     126    1700                                                00010000D   1105
     126       0               7       0                               0D   1106
     126    1707                                                00010000D   1107
     126       0               3       0                               0D   1108
     126    1710                                                00010000D   1109
     126       0               6       0                               0D   1110
     126    1716                                                00010000D   1111
     126       0               4       0                               0D   1112
     126    1720                                                00010000D   1113
     126       0               7       0                               0D   1114
     126    1727                                                00010000D   1115
     126       0              12       0                               0D   1116
     126    1739                                                00010000D   1117
     126       0               3       0                               0D   1118
     126    1742                                                00010000D   1119
     126       0               7       0                               0D   1120
     126    1749                                                00010000D   1121
     126       0               3       0                               0D   1122
     126    1752                                                00010000D   1123
     126       0               6       0                               0D   1124
     126    1758                                                00010000D   1125
     126       0               4       0                               0D   1126
     126    1762                                                00010000D   1127
     126       0               7       0                               0D   1128
     126    1769                                                00010000D   1129
     126       0               3       0                               0D   1130
     126    1772                                                00010000D   1131
     126       0               7       0                               0D   1132
     126    1779                                                00010000D   1133
     126       0               3       0                               0D   1134
     126    1782                                                00010000D   1135
     126       0               6       0                               0D   1136
     126    1788                                                00010000D   1137
     126       0               4       0                               0D   1138
     126    1792                                                00010000D   1139
     126       0               7       0                               0D   1140
     126    1799                                                00010000D   1141
     126       0              12       0                               0D   1142
     126    1811                                                00010000D   1143
     126       0              12       0                               0D   1144
     126    1823                                                00010000D   1145
     126       0              12       0                               0D   1146
     126    1835                                                00010000D   1147
     126       0              12       0                               0D   1148
     126    1847                                                00010000D   1149
     126       0              12       0                               0D   1150
     126    1859                                                00010000D   1151
     126       0              12       0                               0D   1152
     126    1871                                                00010000D   1153
     126       0              12       0                               0D   1154
     126    1883                                                00010000D   1155
     126       0               3       0                               0D   1156
     126    1886                                                00010000D   1157
     126       0               7       0                               0D   1158
     126    1893                                                00010000D   1159
     126       0               3       0                               0D   1160
     126    1896                                                00010000D   1161
     126       0               6       0                               0D   1162
     126    1902                                                00010000D   1163
     126       0               4       0                               0D   1164
     126    1906                                                00010000D   1165
     126       0               7       0                               0D   1166
     126    1913                                                00010000D   1167
     126       0               3       0                               0D   1168
     126    1916                                                00010000D   1169
     126       0               7       0                               0D   1170
     126    1923                                                00010000D   1171
     126       0               3       0                               0D   1172
     126    1926                                                00010000D   1173
     126       0               6       0                               0D   1174
     126    1932                                                00010000D   1175
     126       0               4       0                               0D   1176
     126    1936                                                00010000D   1177
     126       0               7       0                               0D   1178
     126    1943                                                00010000D   1179
     126       0               3       0                               0D   1180
     126    1946                                                00010000D   1181
     126       0               7       0                               0D   1182
     126    1953                                                00010000D   1183
     126       0               3       0                               0D   1184
     126    1956                                                00010000D   1185
     126       0               6       0                               0D   1186
     126    1962                                                00010000D   1187
     126       0               4       0                               0D   1188
     126    1966                                                00010000D   1189
     126       0               7       0                               0D   1190
     126    1973                                                00010000D   1191
     126       0              12       0                               0D   1192
     126    1985                                                00010000D   1193
     126       0              12       0                               0D   1194
     126    1997                                                00010000D   1195
     126       0              12       0                               0D   1196
     126    2009                                                00010000D   1197
     126       0              12       0                               0D   1198
     126    2021                                                00010000D   1199
     126       0               3       0                               0D   1200
     126    2024                                                00010000D   1201
     126       0               3       0                               0D   1202
     126    2027                                                00010000D   1203
     126       0               3       0                               0D   1204
     126    2030                                                00010000D   1205
     126       0               3       0                               0D   1206
     126    2033                                                00010000D   1207
     126       0               3       0                               0D   1208
     126    2036                                                00010000D   1209
     126       0               3       0                               0D   1210
     126    2039                                                00010000D   1211
     126       0               3       0                               0D   1212
     126    2042                                                00010000D   1213
     126       0               3       0                               0D   1214
     126    2045                                                00010000D   1215
     126       0               3       0                               0D   1216
     126    2048                                                00010000D   1217
     126       0               3       0                               0D   1218
     126    2051                                                00010000D   1219
     126       0               3       0                               0D   1220
     126    2054                                                00010000D   1221
     126       0               3       0                               0D   1222
     126    2057                                                00010000D   1223
     126       0               3       0                               0D   1224
     126    2060                                                00010000D   1225
     126       0               3       0                               0D   1226
     126    2063                                                00010000D   1227
     126       0               3       0                               0D   1228
     126    2066                                                00010000D   1229
     126       0               3       0                               0D   1230
     126    2069                                                00010000D   1231
     126       0               3       0                               0D   1232
     126    2072                                                00010000D   1233
     126       0               3       0                               0D   1234
     126    2075                                                00010000D   1235
     126       0               3       0                               0D   1236
     126    2078                                                00010000D   1237
     126       0               3       0                               0D   1238
     126    2081                                                00010000D   1239
     126       0               3       0                               0D   1240
     126    2084                                                00010000D   1241
     126       0               3       0                               0D   1242
     126    2087                                                00010000D   1243
     126       0               3       0                               0D   1244
     126    2090                                                00010000D   1245
     126       0               3       0                               0D   1246
     126    2093                                                00010000D   1247
     126       0               3       0                               0D   1248
     126    2096                                                00010000D   1249
     126       0               3       0                               0D   1250
     126    2099                                                00010000D   1251
     126       0               3       0                               0D   1252
     126    2102                                                00010000D   1253
     126       0               3       0                               0D   1254
     126    2105                                                00010000D   1255
     126       0               3       0                               0D   1256
     126    2108                                                00010000D   1257
     126       0               3       0                               0D   1258
     126    2111                                                00010000D   1259
     126       0               3       0                               0D   1260
     126    2114                                                00010000D   1261
     126       0               3       0                               0D   1262
     126    2117                                                00010000D   1263
     126       0               3       0                               0D   1264
     126    2120                                                00010000D   1265
     126       0               3       0                               0D   1266
     126    2123                                                00010000D   1267
     126       0               3       0                               0D   1268
     126    2126                                                00010000D   1269
     126       0               3       0                               0D   1270
     126    2129                                                00010000D   1271
     126       0               3       0                               0D   1272
     126    2132                                                00010000D   1273
     126       0               3       0                               0D   1274
     126    2135                                                00010000D   1275
     126       0               3       0                               0D   1276
     126    2138                                                00010000D   1277
     126       0               3       0                               0D   1278
     126    2141                                                00010000D   1279
     126       0               3       0                               0D   1280
     126    2144                                                00010000D   1281
     126       0               3       0                               0D   1282
     126    2147                                                00010000D   1283
     126       0               3       0                               0D   1284
     126    2150                                                00010000D   1285
     126       0               3       0                               0D   1286
     126    2153                                                00010000D   1287
     126       0               3       0                               0D   1288
     126    2156                                                00010000D   1289
     126       0               3       0                               0D   1290
     126    2159                                                00010000D   1291
     126       0               3       0                               0D   1292
     126    2162                                                00010000D   1293
     126       0               3       0                               0D   1294
     126    2165                                                00010000D   1295
     126       0               3       0                               0D   1296
     126    2168                                                00010000D   1297
     126       0               3       0                               0D   1298
     126    2171                                                00010000D   1299
     126       0               3       0                               0D   1300
     126    2174                                                00010000D   1301
     126       0               3       0                               0D   1302
     126    2177                                                00010000D   1303
     126       0               3       0                               0D   1304
     126    2180                                                00010000D   1305
     126       0               3       0                               0D   1306
     126    2183                                                00010000D   1307
     126       0               3       0                               0D   1308
     126    2186                                                00010000D   1309
     126       0               3       0                               0D   1310
     126    2189                                                00010000D   1311
     126       0               3       0                               0D   1312
     126    2192                                                00010000D   1313
     126       0               3       0                               0D   1314
     126    2195                                                00010000D   1315
     126       0               3       0                               0D   1316
     126    2198                                                00010000D   1317
     126       0               3       0                               0D   1318
     126    2201                                                00010000D   1319
     126       0               3       0                               0D   1320
     126    2204                                                00010000D   1321
     126       0               3       0                               0D   1322
     126    2207                                                00010000D   1323
     126       0               3       0                               0D   1324
     126    2210                                                00010000D   1325
     126       0               3       0                               0D   1326
     126    2213                                                00010000D   1327
     126       0               3       0                               0D   1328
     126    2216                                                00010000D   1329
     126       0               3       0                               0D   1330
     126    2219                                                00010000D   1331
     126       0               3       0                               0D   1332
     126    2222                                                00010000D   1333
     126       0               3       0                               0D   1334
     126    2225                                                00010000D   1335
     126       0               3       0                               0D   1336
     126    2228                                                00010000D   1337
     126       0               3       0                               0D   1338
     126    2231                                                00010000D   1339
     126       0               3       0                               0D   1340
     126    2234                                                00010000D   1341
     126       0               3       0                               0D   1342
     126    2237                                                00010000D   1343
     126       0               3       0                               0D   1344
     126    2240                                                00010000D   1345
     126       0               3       0                               0D   1346
     126    2243                                                00010000D   1347
     126       0               3       0                               0D   1348
     126    2246                                                00010000D   1349
     126       0               3       0                               0D   1350
     126    2249                                                00010000D   1351
     126       0               3       0                               0D   1352
     126    2252                                                00010000D   1353
     126       0               3       0                               0D   1354
     126    2255                                                00010000D   1355
     126       0               3       0                               0D   1356
     126    2258                                                00010000D   1357
     126       0               3       0                               0D   1358
     126    2261                                                00010000D   1359
     126       0               3       0                               0D   1360
     126    2264                                                00010000D   1361
     126       0               3       0                               0D   1362
     126    2267                                                00010000D   1363
     126       0               3       0                               0D   1364
     126    2270                                                00010000D   1365
     126       0               3       0                               0D   1366
     126    2273                                                00010000D   1367
     126       0               3       0                               0D   1368
     126    2276                                                00010000D   1369
     126       0               3       0                               0D   1370
     126    2279                                                00010000D   1371
     126       0               3       0                               0D   1372
     126    2282                                                00010000D   1373
     126       0               3       0                               0D   1374
     126    2285                                                00010000D   1375
     126       0               3       0                               0D   1376
     126    2288                                                00010000D   1377
     126       0               3       0                               0D   1378
     126    2291                                                00010000D   1379
     126       0               3       0                               0D   1380
     126    2294                                                00010000D   1381
     126       0               3       0                               0D   1382
     126    2297                                                00010000D   1383
     126       0               3       0                               0D   1384
     126    2300                                                00010000D   1385
     126       0               3       0                               0D   1386
     126    2303                                                00010000D   1387
     126       0               3       0                               0D   1388
     126    2306                                                00010000D   1389
     126       0               3       0                               0D   1390
     126    2309                                                00010000D   1391
     126       0               3       0                               0D   1392
     126    2312                                                00010000D   1393
     126       0               3       0                               0D   1394
     126    2315                                                00010000D   1395
     126       0               3       0                               0D   1396
     126    2318                                                00010000D   1397
     126       0               3       0                               0D   1398
     126    2321                                                00010000D   1399
     126       0               3       0                               0D   1400
     126    2324                                                00010000D   1401
     126       0               3       0                               0D   1402
     126    2327                                                00010000D   1403
     126       0               3       0                               0D   1404
     126    2330                                                00010000D   1405
     126       0               3       0                               0D   1406
     126    2333                                                00010000D   1407
     126       0               3       0                               0D   1408
     126    2336                                                00010000D   1409
     126       0               3       0                               0D   1410
     126    2339                                                00010000D   1411
     126       0               3       0                               0D   1412
     126    2342                                                00010000D   1413
     126       0               3       0                               0D   1414
     126    2345                                                00010000D   1415
     126       0               3       0                               0D   1416
     126    2348                                                00010000D   1417
     126       0               3       0                               0D   1418
     126    2351                                                00010000D   1419
     126       0               3       0                               0D   1420
     126    2354                                                00010000D   1421
     126       0               3       0                               0D   1422
     126    2357                                                00010000D   1423
     126       0               3       0                               0D   1424
     126    2360                                                00010000D   1425
     126       0               3       0                               0D   1426
     126    2363                                                00010000D   1427
     126       0               3       0                               0D   1428
     126    2366                                                00010000D   1429
     126       0               3       0                               0D   1430
     126    2369                                                00010000D   1431
     126       0               3       0                               0D   1432
     126    2372                                                00010000D   1433
     126       0               3       0                               0D   1434
     126    2375                                                00010000D   1435
     126       0               3       0                               0D   1436
     126    2378                                                00010000D   1437
     126       0               3       0                               0D   1438
     128    2381                                                00010000D   1439
     128       0   -1707       8       0                               0D   1440
     128    2389                                                00010000D   1441
     128       0   -1707       6       0                               0D   1442
     128    2395                                                00010000D   1443
     128       0   -1707       5       0                               0D   1444
     128    2400                                                00010000D   1445
     128       0   -1707       8       0                               0D   1446
     128    2408                                                00010000D   1447
     128       0   -1707       6       0                               0D   1448
     128    2414                                                00010000D   1449
     128       0   -1707       8       0                               0D   1450
     128    2422                                                00010000D   1451
     128       0   -1707       6       0                               0D   1452
     128    2428                                                00010000D   1453
     128       0   -1707       8       0                               0D   1454
     128    2436                                                00010000D   1455
     128       0   -1707       5       0                               0D   1456
     128    2441                                                00010000D   1457
     128       0   -1707       8       0                               0D   1458
     128    2449                                                00010000D   1459
     128       0   -1707       7       0                               0D   1460
     128    2456                                                00010000D   1461
     128       0   -1707       8       0                               0D   1462
     128    2464                                                00010000D   1463
     128       0   -1707       7       0                               0D   1464
     128    2471                                                00010000D   1465
     128       0   -1707       9       0                               0D   1466
     128    2480                                                00010000D   1467
     128       0   -1707       7       0                               0D   1468
     128    2487                                                00010000D   1469
     128       0   -1707       9       0                               0D   1470
     128    2496                                                00010000D   1471
     128       0   -1707      20       0                               0D   1472
     128    2516                                                00010000D   1473
     128       0   -1707      20       0                               0D   1474
     128    2536                                                00010000D   1475
     128       0   -1707      20       0                               0D   1476
     128    2556                                                00010000D   1477
     128       0   -1707      20       0                               0D   1478
     128    2576                                                00010000D   1479
     128       0   -1707       6       0                               0D   1480
     128    2582                                                00010000D   1481
     128       0   -1707      12       0                               0D   1482
     128    2594                                                00010000D   1483
     128       0   -1707       6       0                               0D   1484
     128    2600                                                00010000D   1485
     128       0   -1707      12       0                               0D   1486
     128    2612                                                00010000D   1487
     128       0   -1707       6       0                               0D   1488
     128    2618                                                00010000D   1489
     128       0   -1707      12       0                               0D   1490
     128    2630                                                00010000D   1491
     128       0   -1707       6       0                               0D   1492
     128    2636                                                00010000D   1493
     128       0   -1707      12       0                               0D   1494
     128    2648                                                00010000D   1495
     128       0   -1707       6       0                               0D   1496
     128    2654                                                00010000D   1497
     128       0   -1707      12       0                               0D   1498
     128    2666                                                00010000D   1499
     128       0   -1707       6       0                               0D   1500
     128    2672                                                00010000D   1501
     128       0   -1707      12       0                               0D   1502
     128    2684                                                00010000D   1503
     128       0   -1707       6       0                               0D   1504
     128    2690                                                00010000D   1505
     128       0   -1707       6       0                               0D   1506
     128    2696                                                00010000D   1507
     128       0   -1707      12       0                               0D   1508
     128    2708                                                00010000D   1509
     128       0   -1707       6       0                               0D   1510
     128    2714                                                00010000D   1511
     128       0   -1707      12       0                               0D   1512
     128    2726                                                00010000D   1513
     128       0   -1707      12       0                               0D   1514
     128    2738                                                00010000D   1515
     128       0   -1707       6       0                               0D   1516
     128    2744                                                00010000D   1517
     128       0   -1707      12       0                               0D   1518
     128    2756                                                00010000D   1519
     128       0   -1707       6       0                               0D   1520
     128    2762                                                00010000D   1521
     128       0   -1707       6       0                               0D   1522
     128    2768                                                00010000D   1523
     128       0   -1707      12       0                               0D   1524
     128    2780                                                00010000D   1525
     128       0   -1707       6       0                               0D   1526
     128    2786                                                00010000D   1527
     128       0   -1707      12       0                               0D   1528
     128    2798                                                00010000D   1529
     128       0   -1707      12       0                               0D   1530
     128    2810                                                00010000D   1531
     128       0   -1707       6       0                               0D   1532
     128    2816                                                00010000D   1533
     128       0   -1707      12       0                               0D   1534
     128    2828                                                00010000D   1535
     128       0   -1707       6       0                               0D   1536
     128    2834                                                00010000D   1537
     128       0   -1707       6       0                               0D   1538
     128    2840                                                00010000D   1539
     128       0   -1707      12       0                               0D   1540
     128    2852                                                00010000D   1541
     128       0   -1707       6       0                               0D   1542
     128    2858                                                00010000D   1543
     128       0   -1707      12       0                               0D   1544
     128    2870                                                00010000D   1545
     128       0   -1707      12       0                               0D   1546
     128    2882                                                00010000D   1547
     128       0   -1707       6       0                               0D   1548
     128    2888                                                00010000D   1549
     128       0   -1707       9       0                               0D   1550
     128    2897                                                00010000D   1551
     128       0   -1707       6       0                               0D   1552
     128    2903                                                00010000D   1553
     128       0   -1707      12       0                               0D   1554
     128    2915                                                00010000D   1555
     128       0   -1707       6       0                               0D   1556
     128    2921                                                00010000D   1557
     128       0   -1707      12       0                               0D   1558
     128    2933                                                00010000D   1559
     128       0   -1707       6       0                               0D   1560
     128    2939                                                00010000D   1561
     128       0   -1707       9       0                               0D   1562
     128    2948                                                00010000D   1563
     128       0   -1707       6       0                               0D   1564
     128    2954                                                00010000D   1565
     128       0   -1707      12       0                               0D   1566
     128    2966                                                00010000D   1567
     128       0   -1707       6       0                               0D   1568
     128    2972                                                00010000D   1569
     128       0   -1707      12       0                               0D   1570
     128    2984                                                00010000D   1571
     128       0   -1707       6       0                               0D   1572
     128    2990                                                00010000D   1573
     128       0   -1707       9       0                               0D   1574
     128    2999                                                00010000D   1575
     128       0   -1707       6       0                               0D   1576
     128    3005                                                00010000D   1577
     128       0   -1707      12       0                               0D   1578
     128    3017                                                00010000D   1579
     128       0   -1707       6       0                               0D   1580
     128    3023                                                00010000D   1581
     128       0   -1707      20       0                               0D   1582
     128    3043                                                00010000D   1583
     128       0   -1707      20       0                               0D   1584
     128    3063                                                00010000D   1585
     128       0   -1707      20       0                               0D   1586
     128    3083                                                00010000D   1587
     128       0   -1707      20       0                               0D   1588
     128    3103                                                00010000D   1589
     128       0   -1707      20       0                               0D   1590
     128    3123                                                00010000D   1591
     128       0   -1707      20       0                               0D   1592
     128    3143                                                00010000D   1593
     128       0   -1707      20       0                               0D   1594
     128    3163                                                00010000D   1595
     128       0   -1707      12       0                               0D   1596
     128    3175                                                00010000D   1597
     128       0   -1707       6       0                               0D   1598
     128    3181                                                00010000D   1599
     128       0   -1707       9       0                               0D   1600
     128    3190                                                00010000D   1601
     128       0   -1707       6       0                               0D   1602
     128    3196                                                00010000D   1603
     128       0   -1707      12       0                               0D   1604
     128    3208                                                00010000D   1605
     128       0   -1707       6       0                               0D   1606
     128    3214                                                00010000D   1607
     128       0   -1707      12       0                               0D   1608
     128    3226                                                00010000D   1609
     128       0   -1707       6       0                               0D   1610
     128    3232                                                00010000D   1611
     128       0   -1707       9       0                               0D   1612
     128    3241                                                00010000D   1613
     128       0   -1707       6       0                               0D   1614
     128    3247                                                00010000D   1615
     128       0   -1707      12       0                               0D   1616
     128    3259                                                00010000D   1617
     128       0   -1707       6       0                               0D   1618
     128    3265                                                00010000D   1619
     128       0   -1707      20       0                               0D   1620
     128    3285                                                00010000D   1621
     128       0   -1707      12       0                               0D   1622
     128    3297                                                00010000D   1623
     128       0   -1707       6       0                               0D   1624
     128    3303                                                00010000D   1625
     128       0   -1707       9       0                               0D   1626
     128    3312                                                00010000D   1627
     128       0   -1707       6       0                               0D   1628
     128    3318                                                00010000D   1629
     128       0   -1707      12       0                               0D   1630
     128    3330                                                00010000D   1631
     128       0   -1707       6       0                               0D   1632
     128    3336                                                00010000D   1633
     128       0   -1707      12       0                               0D   1634
     128    3348                                                00010000D   1635
     128       0   -1707       6       0                               0D   1636
     128    3354                                                00010000D   1637
     128       0   -1707       9       0                               0D   1638
     128    3363                                                00010000D   1639
     128       0   -1707       6       0                               0D   1640
     128    3369                                                00010000D   1641
     128       0   -1707      12       0                               0D   1642
     128    3381                                                00010000D   1643
     128       0   -1707       6       0                               0D   1644
     128    3387                                                00010000D   1645
     128       0   -1707       6       0                               0D   1646
     128    3393                                                00010000D   1647
     128       0   -1707       9       0                               0D   1648
     128    3402                                                00010000D   1649
     128       0   -1707       6       0                               0D   1650
     128    3408                                                00010000D   1651
     128       0   -1707      12       0                               0D   1652
     128    3420                                                00010000D   1653
     128       0   -1707       6       0                               0D   1654
     128    3426                                                00010000D   1655
     128       0   -1707      12       0                               0D   1656
     128    3438                                                00010000D   1657
     128       0   -1707      20       0                               0D   1658
     128    3458                                                00010000D   1659
     128       0   -1707      20       0                               0D   1660
     128    3478                                                00010000D   1661
     128       0   -1707       6       0                               0D   1662
     128    3484                                                00010000D   1663
     128       0   -1707      12       0                               0D   1664
     128    3496                                                00010000D   1665
     128       0   -1707       6       0                               0D   1666
     128    3502                                                00010000D   1667
     128       0   -1707      12       0                               0D   1668
     128    3514                                                00010000D   1669
     128       0   -1707       6       0                               0D   1670
     128    3520                                                00010000D   1671
     128       0   -1707      12       0                               0D   1672
     128    3532                                                00010000D   1673
     128       0   -1707       6       0                               0D   1674
     128    3538                                                00010000D   1675
     128       0   -1707      12       0                               0D   1676
     128    3550                                                00010000D   1677
     128       0   -1707       6       0                               0D   1678
     128    3556                                                00010000D   1679
     128       0   -1707      12       0                               0D   1680
     128    3568                                                00010000D   1681
     128       0   -1707       6       0                               0D   1682
     128    3574                                                00010000D   1683
     128       0   -1707      12       0                               0D   1684
     128    3586                                                00010000D   1685
     128       0   -1707       6       0                               0D   1686
     128    3592                                                00010000D   1687
     128       0   -1707      13       0                               0D   1688
     128    3605                                                00010000D   1689
     128       0   -1707       6       0                               0D   1690
     128    3611                                                00010000D   1691
     128       0   -1707      12       0                               0D   1692
     128    3623                                                00010000D   1693
     128       0   -1707       6       0                               0D   1694
     128    3629                                                00010000D   1695
     128       0   -1707       5       0                               0D   1696
     128    3634                                                00010000D   1697
     128       0   -1707       5       0                               0D   1698
     128    3639                                                00010000D   1699
     128       0   -1707       6       0                               0D   1700
     502    3645                                                00010000D   1701
     502                     173       1                               0D   1702
     504    3818                                                00010001D   1703
     504                     138       1                               0D   1704
     406    3956                                                00000000D   1705
     406                       1      15                               0D   1706
     314    3957                                                00000200D   1707
     314                       2       0                               0D   1708
186,3,1,0,0,1,1705;                                                    1P      1
514,131,5,1,7,1,9,1,11,1,13,1,15,1,17,1,19,1,21,1,23,1,25,1,27,        3P      2
1,29,1,31,1,33,1,35,1,37,1,39,1,41,1,43,1,45,1,47,1,49,1,51,1,         3P      3
53,1,55,1,57,1,59,1,61,1,63,1,65,1,67,1,69,1,71,1,73,1,75,1,77,        3P      4
1,79,1,81,1,83,1,85,1,87,1,89,1,91,1,93,1,95,1,97,1,99,1,101,1,        3P      5
103,1,105,1,107,1,109,1,111,1,113,1,115,1,117,1,119,1,121,1,123,       3P      6
1,125,1,127,1,129,1,131,1,133,1,135,1,137,1,139,1,141,1,143,1,         3P      7
145,1,147,1,149,1,151,1,153,1,155,1,157,1,159,1,161,1,163,1,165,       3P      8
1,167,1,169,1,171,1,173,1,175,1,177,1,179,1,181,1,183,1,185,1,         3P      9
187,1,189,1,191,1,193,1,195,1,197,1,199,1,201,1,203,1,205,1,207,       3P     10
1,209,1,211,1,213,1,215,1,217,1,219,1,221,1,223,1,225,1,227,1,         3P     11
229,1,231,1,233,1,235,1,237,1,239,1,241,1,243,1,245,1,247,1,249,       3P     12
1,251,1,253,1,255,1,257,1,259,1,261,1,263,1,265,1;                     3P     13
510,1439,1,1,267;                                                      5P     14
510,1441,1,1,269;                                                      7P     15
510,1443,35,1,271,273,275,277,279,281,283,285,287,289,291,293,         9P     16
295,297,299,301,303,305,307,309,311,313,315,317,319,321,323,325,       9P     17
327,329,331,333,335,337,339;                                           9P     18
510,1445,1,1,341;                                                     11P     19
510,1447,1,1,343;                                                     13P     20
510,1449,1,1,345;                                                     15P     21
510,1451,1,1,347;                                                     17P     22
510,1453,1,1,349;                                                     19P     23
510,1455,35,1,351,353,355,357,359,361,363,365,367,369,371,373,        21P     24
375,377,379,381,383,385,387,389,391,393,395,397,399,401,403,405,      21P     25
407,409,411,413,415,417,419;                                          21P     26
510,1457,1,1,421;                                                     23P     27
510,1459,1,1,423;                                                     25P     28
510,1461,1,1,425;                                                     27P     29
510,1463,1,1,427;                                                     29P     30
510,1465,1,1,429;                                                     31P     31
510,1467,1,1,431;                                                     33P     32
510,1469,1,1,433;                                                     35P     33
510,1471,1,1,435;                                                     37P     34
510,1473,1,1,437;                                                     39P     35
510,1475,1,1,439;                                                     41P     36
510,1477,1,1,441;                                                     43P     37
510,1479,1,1,443;                                                     45P     38
510,1481,1,1,445;                                                     47P     39
510,1483,1,1,447;                                                     49P     40
510,1485,1,1,449;                                                     51P     41
510,1487,1,1,451;                                                     53P     42
510,1489,1,1,453;                                                     55P     43
510,1491,1,1,455;                                                     57P     44
510,1493,1,1,457;                                                     59P     45
510,1495,1,1,459;                                                     61P     46
510,1497,1,1,461;                                                     63P     47
510,1499,1,1,463;                                                     65P     48
510,1501,1,1,465;                                                     67P     49
510,1503,1,1,467;                                                     69P     50
510,1505,1,1,469;                                                     71P     51
510,1507,1,1,471;                                                     73P     52
510,1509,1,1,473;                                                     75P     53
510,1511,1,1,475;                                                     77P     54
510,1513,1,1,477;                                                     79P     55
510,1515,1,1,479;                                                     81P     56
510,1517,1,1,481;                                                     83P     57
510,1519,1,1,483;                                                     85P     58
510,1521,1,1,485;                                                     87P     59
510,1523,1,1,487;                                                     89P     60
510,1525,1,1,489;                                                     91P     61
510,1527,1,1,491;                                                     93P     62
510,1529,1,1,493;                                                     95P     63
510,1531,1,1,495;                                                     97P     64
510,1533,1,1,497;                                                     99P     65
510,1535,1,1,499;                                                    101P     66
510,1537,1,1,501;                                                    103P     67
510,1539,1,1,503;                                                    105P     68
510,1541,1,1,505;                                                    107P     69
510,1543,1,1,507;                                                    109P     70
510,1545,1,1,509;                                                    111P     71
510,1547,1,1,511;                                                    113P     72
510,1549,1,1,513;                                                    115P     73
510,1551,1,1,515;                                                    117P     74
510,1553,1,1,517;                                                    119P     75
510,1555,1,1,519;                                                    121P     76
510,1557,1,1,521;                                                    123P     77
510,1559,1,1,523;                                                    125P     78
510,1561,1,1,525;                                                    127P     79
510,1563,1,1,527;                                                    129P     80
510,1565,1,1,529;                                                    131P     81
510,1567,1,1,531;                                                    133P     82
510,1569,1,1,533;                                                    135P     83
510,1571,1,1,535;                                                    137P     84
510,1573,1,1,537;                                                    139P     85
510,1575,1,1,539;                                                    141P     86
510,1577,1,1,541;                                                    143P     87
510,1579,1,1,543;                                                    145P     88
510,1581,1,1,545;                                                    147P     89
510,1583,1,1,547;                                                    149P     90
510,1585,1,1,549;                                                    151P     91
510,1587,1,1,551;                                                    153P     92
510,1589,1,1,553;                                                    155P     93
510,1591,1,1,555;                                                    157P     94
510,1593,1,1,557;                                                    159P     95
510,1595,1,1,559;                                                    161P     96
510,1597,1,1,561;                                                    163P     97
510,1599,1,1,563;                                                    165P     98
510,1601,1,1,565;                                                    167P     99
510,1603,1,1,567;                                                    169P    100
510,1605,1,1,569;                                                    171P    101
510,1607,1,1,571;                                                    173P    102
510,1609,1,1,573;                                                    175P    103
510,1611,1,1,575;                                                    177P    104
510,1613,1,1,577;                                                    179P    105
510,1615,1,1,579;                                                    181P    106
510,1617,1,1,581;                                                    183P    107
510,1619,1,1,583;                                                    185P    108
510,1621,1,1,585;                                                    187P    109
510,1623,1,1,587;                                                    189P    110
510,1625,1,1,589;                                                    191P    111
510,1627,1,1,591;                                                    193P    112
510,1629,1,1,593;                                                    195P    113
510,1631,1,1,595;                                                    197P    114
510,1633,1,1,597;                                                    199P    115
510,1635,1,1,599;                                                    201P    116
510,1637,1,1,601;                                                    203P    117
510,1639,1,1,603;                                                    205P    118
510,1641,1,1,605;                                                    207P    119
510,1643,1,1,607;                                                    209P    120
510,1645,1,1,609;                                                    211P    121
510,1647,1,1,611;                                                    213P    122
510,1649,1,1,613;                                                    215P    123
510,1651,1,1,615;                                                    217P    124
510,1653,1,1,617;                                                    219P    125
510,1655,1,1,619;                                                    221P    126
510,1657,1,1,621;                                                    223P    127
510,1659,1,1,623;                                                    225P    128
510,1661,1,1,625;                                                    227P    129
510,1663,1,1,627;                                                    229P    130
510,1665,1,1,629;                                                    231P    131
510,1667,1,1,631;                                                    233P    132
510,1669,1,1,633;                                                    235P    133
510,1671,1,1,635;                                                    237P    134
510,1673,1,1,637;                                                    239P    135
510,1675,1,1,639;                                                    241P    136
510,1677,1,1,641;                                                    243P    137
510,1679,1,1,643;                                                    245P    138
510,1681,1,1,645;                                                    247P    139
510,1683,1,1,647;                                                    249P    140
510,1685,1,1,649;                                                    251P    141
510,1687,1,1,651;                                                    253P    142
510,1689,1,1,653;                                                    255P    143
510,1691,1,1,655;                                                    257P    144
510,1693,1,1,657;                                                    259P    145
510,1695,1,1,659;                                                    261P    146
510,1697,1,1,661;                                                    263P    147
510,1699,1,1,663;                                                    265P    148
508,4,0,1703,1,1,0,0,1703,2,1,0,0,1703,3,1,0,0,1703,4,1,0;           267P    149
508,4,0,1703,2,0,0,0,1703,5,0,0,0,1703,6,0,0,0,1703,7,0,0;           269P    150
508,19,0,1703,1,0,0,0,1703,8,1,0,0,1703,9,0,0,0,1703,10,1,0,0,       271P    151
1703,11,0,0,0,1703,12,1,0,0,1703,13,0,0,0,1703,14,1,0,0,1703,15,     271P    152
0,0,0,1703,16,1,0,0,1703,17,0,0,0,1703,18,1,0,0,1703,19,0,0,0,       271P    153
1703,20,1,0,0,1703,21,0,0,0,1703,22,1,0,0,1703,23,1,0,0,1703,24,     271P    154
1,0,0,1703,5,1,0;                                                    271P    155
508,6,0,1703,25,1,0,0,1703,26,1,0,0,1703,27,1,0,0,1703,28,1,0,0,     273P    156
1703,29,1,0,0,1703,30,1,0;                                           273P    157
508,6,0,1703,31,1,0,0,1703,32,1,0,0,1703,33,1,0,0,1703,34,1,0,0,     275P    158
1703,35,1,0,0,1703,36,1,0;                                           275P    159
508,6,0,1703,37,1,0,0,1703,38,1,0,0,1703,39,1,0,0,1703,40,1,0,0,     277P    160
1703,41,1,0,0,1703,42,1,0;                                           277P    161
508,1,0,1703,43,1,0;                                                 279P    162
508,1,0,1703,44,1,0;                                                 281P    163
508,1,0,1703,45,1,0;                                                 283P    164
508,1,0,1703,46,1,0;                                                 285P    165
508,1,0,1703,47,1,0;                                                 287P    166
508,1,0,1703,48,1,0;                                                 289P    167
508,1,0,1703,49,1,0;                                                 291P    168
508,6,0,1703,50,1,0,0,1703,51,1,0,0,1703,52,1,0,0,1703,53,1,0,0,     293P    169
1703,54,1,0,0,1703,55,1,0;                                           293P    170
508,6,0,1703,56,1,0,0,1703,57,1,0,0,1703,58,1,0,0,1703,59,1,0,0,     295P    171
1703,60,1,0,0,1703,61,1,0;                                           295P    172
508,1,0,1703,62,1,0;                                                 297P    173
508,6,0,1703,63,1,0,0,1703,64,1,0,0,1703,65,1,0,0,1703,66,1,0,0,     299P    174
1703,67,1,0,0,1703,68,1,0;                                           299P    175
508,6,0,1703,69,1,0,0,1703,70,1,0,0,1703,71,1,0,0,1703,72,1,0,0,     301P    176
1703,73,1,0,0,1703,74,1,0;                                           301P    177
508,6,0,1703,75,1,0,0,1703,76,1,0,0,1703,77,1,0,0,1703,78,1,0,0,     303P    178
1703,79,1,0,0,1703,80,1,0;                                           303P    179
508,1,0,1703,81,1,0;                                                 305P    180
508,1,0,1703,82,1,0;                                                 307P    181
508,4,0,1703,83,1,0,0,1703,84,1,0,0,1703,85,1,0,0,1703,86,1,0;       309P    182
508,4,0,1703,87,1,0,0,1703,88,1,0,0,1703,89,1,0,0,1703,90,1,0;       311P    183
508,4,0,1703,91,1,0,0,1703,92,1,0,0,1703,93,1,0,0,1703,94,1,0;       313P    184
508,4,0,1703,95,1,0,0,1703,96,1,0,0,1703,97,1,0,0,1703,98,1,0;       315P    185
508,4,0,1703,99,1,0,0,1703,100,1,0,0,1703,101,1,0,0,1703,102,1,      317P    186
0;                                                                   317P    187
508,4,0,1703,103,1,0,0,1703,104,1,0,0,1703,105,1,0,0,1703,106,1,     319P    188
0;                                                                   319P    189
508,4,0,1703,107,1,0,0,1703,108,1,0,0,1703,109,1,0,0,1703,110,1,     321P    190
0;                                                                   321P    191
508,4,0,1703,111,1,0,0,1703,112,1,0,0,1703,113,1,0,0,1703,114,1,     323P    192
0;                                                                   323P    193
508,4,0,1703,115,1,0,0,1703,116,1,0,0,1703,117,1,0,0,1703,118,1,     325P    194
0;                                                                   325P    195
508,4,0,1703,119,1,0,0,1703,120,1,0,0,1703,121,1,0,0,1703,122,1,     327P    196
0;                                                                   327P    197
508,4,0,1703,123,1,0,0,1703,124,1,0,0,1703,125,1,0,0,1703,126,1,     329P    198
0;                                                                   329P    199
508,4,0,1703,127,1,0,0,1703,128,1,0,0,1703,129,1,0,0,1703,130,1,     331P    200
0;                                                                   331P    201
508,1,0,1703,131,1,0;                                                333P    202
508,1,0,1703,132,1,0;                                                335P    203
508,1,0,1703,133,1,0;                                                337P    204
508,1,0,1703,134,1,0;                                                339P    205
508,4,0,1703,21,1,0,0,1703,135,1,0,0,1703,136,1,0,0,1703,137,1,      341P    206
0;                                                                   341P    207
508,4,0,1703,135,0,0,0,1703,20,0,0,0,1703,138,0,0,0,1703,139,0,      343P    208
0;                                                                   343P    209
508,4,0,1703,9,1,0,0,1703,140,1,0,0,1703,141,1,0,0,1703,142,1,0;     345P    210
508,4,0,1703,4,0,0,0,1703,143,0,0,0,1703,140,0,0,0,1703,8,0,0;       347P    211
508,4,0,1703,19,1,0,0,1703,144,1,0,0,1703,145,1,0,0,1703,138,1,      349P    212
0;                                                                   349P    213
508,19,0,1703,3,0,0,0,1703,7,1,0,0,1703,146,1,0,0,1703,147,1,0,      351P    214
0,1703,148,1,0,0,1703,136,0,0,0,1703,139,1,0,0,1703,145,0,0,0,       351P    215
1703,149,1,0,0,1703,150,0,0,0,1703,151,1,0,0,1703,152,0,0,0,         351P    216
1703,153,1,0,0,1703,154,0,0,0,1703,155,1,0,0,1703,156,0,0,0,         351P    217
1703,157,1,0,0,1703,141,0,0,0,1703,143,1,0;                          351P    218
508,4,0,1703,158,1,0,0,1703,159,1,0,0,1703,160,1,0,0,1703,161,1,     353P    219
0;                                                                   353P    220
508,4,0,1703,162,1,0,0,1703,163,1,0,0,1703,164,1,0,0,1703,165,1,     355P    221
0;                                                                   355P    222
508,4,0,1703,166,1,0,0,1703,167,1,0,0,1703,168,1,0,0,1703,169,1,     357P    223
0;                                                                   357P    224
508,4,0,1703,170,1,0,0,1703,171,1,0,0,1703,172,1,0,0,1703,173,1,     359P    225
0;                                                                   359P    226
508,4,0,1703,174,1,0,0,1703,175,1,0,0,1703,176,1,0,0,1703,177,1,     361P    227
0;                                                                   361P    228
508,4,0,1703,178,1,0,0,1703,179,1,0,0,1703,180,1,0,0,1703,181,1,     363P    229
0;                                                                   363P    230
508,4,0,1703,182,1,0,0,1703,183,1,0,0,1703,184,1,0,0,1703,185,1,     365P    231
0;                                                                   365P    232
508,4,0,1703,186,1,0,0,1703,187,1,0,0,1703,188,1,0,0,1703,189,1,     367P    233
0;                                                                   367P    234
508,4,0,1703,190,0,0,0,1703,191,0,0,0,1703,192,0,0,0,1703,193,0,     369P    235
0;                                                                   369P    236
508,4,0,1703,194,0,0,0,1703,195,0,0,0,1703,196,0,0,0,1703,197,0,     371P    237
0;                                                                   371P    238
508,4,0,1703,198,0,0,0,1703,199,0,0,0,1703,200,0,0,0,1703,201,0,     373P    239
0;                                                                   373P    240
508,4,0,1703,202,0,0,0,1703,203,0,0,0,1703,204,0,0,0,1703,205,0,     375P    241
0;                                                                   375P    242
508,1,0,1703,206,0,0;                                                377P    243
508,1,0,1703,207,0,0;                                                379P    244
508,6,0,1703,208,0,0,0,1703,209,0,0,0,1703,210,0,0,0,1703,211,0,     381P    245
0,0,1703,212,0,0,0,1703,213,0,0;                                     381P    246
508,6,0,1703,214,0,0,0,1703,215,0,0,0,1703,216,0,0,0,1703,217,0,     383P    247
0,0,1703,218,0,0,0,1703,219,0,0;                                     383P    248
508,6,0,1703,220,0,0,0,1703,221,0,0,0,1703,222,0,0,0,1703,223,0,     385P    249
0,0,1703,224,0,0,0,1703,225,0,0;                                     385P    250
508,1,0,1703,226,0,0;                                                387P    251
508,6,0,1703,227,0,0,0,1703,228,0,0,0,1703,229,0,0,0,1703,230,0,     389P    252
0,0,1703,231,0,0,0,1703,232,0,0;                                     389P    253
508,6,0,1703,233,0,0,0,1703,234,0,0,0,1703,235,0,0,0,1703,236,0,     391P    254
0,0,1703,237,0,0,0,1703,238,0,0;                                     391P    255
508,1,0,1703,239,0,0;                                                393P    256
508,1,0,1703,240,0,0;                                                395P    257
508,1,0,1703,241,0,0;                                                397P    258
508,1,0,1703,242,0,0;                                                399P    259
508,1,0,1703,243,0,0;                                                401P    260
508,1,0,1703,244,0,0;                                                403P    261
508,1,0,1703,245,0,0;                                                405P    262
508,6,0,1703,246,0,0,0,1703,247,0,0,0,1703,248,0,0,0,1703,249,0,     407P    263
0,0,1703,250,0,0,0,1703,251,0,0;                                     407P    264
508,6,0,1703,252,0,0,0,1703,253,0,0,0,1703,254,0,0,0,1703,255,0,     409P    265
0,0,1703,256,0,0,0,1703,257,0,0;                                     409P    266
508,6,0,1703,258,0,0,0,1703,259,0,0,0,1703,260,0,0,0,1703,261,0,     411P    267
0,0,1703,262,0,0,0,1703,263,0,0;                                     411P    268
508,1,0,1703,264,1,0;                                                413P    269
508,1,0,1703,265,1,0;                                                415P    270
508,1,0,1703,266,1,0;                                                417P    271
508,1,0,1703,267,1,0;                                                419P    272
508,4,0,1703,13,1,0,0,1703,268,1,0,0,1703,154,1,0,0,1703,269,1,      421P    273
0;                                                                   421P    274
508,4,0,1703,268,0,0,0,1703,12,0,0,0,1703,270,0,0,0,1703,155,0,      423P    275
0;                                                                   423P    276
508,4,0,1703,15,1,0,0,1703,271,1,0,0,1703,152,1,0,0,1703,272,1,      425P    277
0;                                                                   425P    278
508,4,0,1703,269,0,0,0,1703,153,0,0,0,1703,271,0,0,0,1703,14,0,      427P    279
0;                                                                   427P    280
508,4,0,1703,150,1,0,0,1703,273,1,0,0,1703,17,1,0,0,1703,274,1,      429P    281
0;                                                                   429P    282
508,4,0,1703,272,0,0,0,1703,151,0,0,0,1703,274,0,0,0,1703,16,0,      431P    283
0;                                                                   431P    284
508,4,0,1703,11,1,0,0,1703,275,1,0,0,1703,156,1,0,0,1703,270,1,      433P    285
0;                                                                   433P    286
508,4,0,1703,134,0,0,0,1703,276,1,0,0,1703,267,0,0,0,1703,276,0,     435P    287
0;                                                                   435P    288
508,4,0,1703,133,0,0,0,1703,277,1,0,0,1703,266,0,0,0,1703,277,0,     437P    289
0;                                                                   437P    290
508,4,0,1703,132,0,0,0,1703,278,1,0,0,1703,265,0,0,0,1703,278,0,     439P    291
0;                                                                   439P    292
508,4,0,1703,131,0,0,0,1703,279,1,0,0,1703,264,0,0,0,1703,279,0,     441P    293
0;                                                                   441P    294
508,4,0,1703,142,0,0,0,1703,157,0,0,0,1703,275,0,0,0,1703,10,0,      443P    295
0;                                                                   443P    296
508,4,0,1703,160,0,0,0,1703,280,0,0,0,1703,129,0,0,0,1703,281,1,     445P    297
0;                                                                   445P    298
508,4,0,1703,161,0,0,0,1703,281,0,0,0,1703,128,0,0,0,1703,282,1,     447P    299
0;                                                                   447P    300
508,4,0,1703,158,0,0,0,1703,282,0,0,0,1703,127,0,0,0,1703,283,1,     449P    301
0;                                                                   449P    302
508,4,0,1703,159,0,0,0,1703,283,0,0,0,1703,130,0,0,0,1703,280,1,     451P    303
0;                                                                   451P    304
508,4,0,1703,164,0,0,0,1703,284,0,0,0,1703,125,0,0,0,1703,285,1,     453P    305
0;                                                                   453P    306
508,4,0,1703,165,0,0,0,1703,285,0,0,0,1703,124,0,0,0,1703,286,1,     455P    307
0;                                                                   455P    308
508,4,0,1703,162,0,0,0,1703,286,0,0,0,1703,123,0,0,0,1703,287,1,     457P    309
0;                                                                   457P    310
508,4,0,1703,163,0,0,0,1703,287,0,0,0,1703,126,0,0,0,1703,284,1,     459P    311
0;                                                                   459P    312
508,4,0,1703,168,0,0,0,1703,288,0,0,0,1703,121,0,0,0,1703,289,1,     461P    313
0;                                                                   461P    314
508,4,0,1703,169,0,0,0,1703,289,0,0,0,1703,120,0,0,0,1703,290,1,     463P    315
0;                                                                   463P    316
508,4,0,1703,166,0,0,0,1703,290,0,0,0,1703,119,0,0,0,1703,291,1,     465P    317
0;                                                                   465P    318
508,4,0,1703,167,0,0,0,1703,291,0,0,0,1703,122,0,0,0,1703,288,1,     467P    319
0;                                                                   467P    320
508,4,0,1703,172,0,0,0,1703,292,0,0,0,1703,117,0,0,0,1703,293,1,     469P    321
0;                                                                   469P    322
508,4,0,1703,173,0,0,0,1703,293,0,0,0,1703,116,0,0,0,1703,294,1,     471P    323
0;                                                                   471P    324
508,4,0,1703,170,0,0,0,1703,294,0,0,0,1703,115,0,0,0,1703,295,1,     473P    325
0;                                                                   473P    326
508,4,0,1703,171,0,0,0,1703,295,0,0,0,1703,118,0,0,0,1703,292,1,     475P    327
0;                                                                   475P    328
508,4,0,1703,176,0,0,0,1703,296,0,0,0,1703,113,0,0,0,1703,297,1,     477P    329
0;                                                                   477P    330
508,4,0,1703,177,0,0,0,1703,297,0,0,0,1703,112,0,0,0,1703,298,1,     479P    331
0;                                                                   479P    332
508,4,0,1703,174,0,0,0,1703,298,0,0,0,1703,111,0,0,0,1703,299,1,     481P    333
0;                                                                   481P    334
508,4,0,1703,175,0,0,0,1703,299,0,0,0,1703,114,0,0,0,1703,296,1,     483P    335
0;                                                                   483P    336
508,4,0,1703,180,0,0,0,1703,300,0,0,0,1703,109,0,0,0,1703,301,1,     485P    337
0;                                                                   485P    338
508,4,0,1703,181,0,0,0,1703,301,0,0,0,1703,108,0,0,0,1703,302,1,     487P    339
0;                                                                   487P    340
508,4,0,1703,178,0,0,0,1703,302,0,0,0,1703,107,0,0,0,1703,303,1,     489P    341
0;                                                                   489P    342
508,4,0,1703,179,0,0,0,1703,303,0,0,0,1703,110,0,0,0,1703,300,1,     491P    343
0;                                                                   491P    344
508,4,0,1703,184,0,0,0,1703,304,0,0,0,1703,105,0,0,0,1703,305,1,     493P    345
0;                                                                   493P    346
508,4,0,1703,185,0,0,0,1703,305,0,0,0,1703,104,0,0,0,1703,306,1,     495P    347
0;                                                                   495P    348
508,4,0,1703,182,0,0,0,1703,306,0,0,0,1703,103,0,0,0,1703,307,1,     497P    349
0;                                                                   497P    350
508,4,0,1703,183,0,0,0,1703,307,0,0,0,1703,106,0,0,0,1703,304,1,     499P    351
0;                                                                   499P    352
508,4,0,1703,188,0,0,0,1703,308,0,0,0,1703,101,0,0,0,1703,309,1,     501P    353
0;                                                                   501P    354
508,4,0,1703,189,0,0,0,1703,309,0,0,0,1703,100,0,0,0,1703,310,1,     503P    355
0;                                                                   503P    356
508,4,0,1703,186,0,0,0,1703,310,0,0,0,1703,99,0,0,0,1703,311,1,      505P    357
0;                                                                   505P    358
508,4,0,1703,187,0,0,0,1703,311,0,0,0,1703,102,0,0,0,1703,308,1,     507P    359
0;                                                                   507P    360
508,4,0,1703,259,1,0,0,1703,312,1,0,0,1703,30,0,0,0,1703,313,0,      509P    361
0;                                                                   509P    362
508,4,0,1703,260,1,0,0,1703,313,1,0,0,1703,29,0,0,0,1703,314,0,      511P    363
0;                                                                   511P    364
508,4,0,1703,261,1,0,0,1703,314,1,0,0,1703,28,0,0,0,1703,315,0,      513P    365
0;                                                                   513P    366
508,4,0,1703,262,1,0,0,1703,315,1,0,0,1703,27,0,0,0,1703,316,0,      515P    367
0;                                                                   515P    368
508,4,0,1703,263,1,0,0,1703,316,1,0,0,1703,26,0,0,0,1703,317,0,      517P    369
0;                                                                   517P    370
508,4,0,1703,258,1,0,0,1703,317,1,0,0,1703,25,0,0,0,1703,312,0,      519P    371
0;                                                                   519P    372
508,4,0,1703,253,1,0,0,1703,318,1,0,0,1703,36,0,0,0,1703,319,0,      521P    373
0;                                                                   521P    374
508,4,0,1703,254,1,0,0,1703,319,1,0,0,1703,35,0,0,0,1703,320,0,      523P    375
0;                                                                   523P    376
508,4,0,1703,255,1,0,0,1703,320,1,0,0,1703,34,0,0,0,1703,321,0,      525P    377
0;                                                                   525P    378
508,4,0,1703,256,1,0,0,1703,321,1,0,0,1703,33,0,0,0,1703,322,0,      527P    379
0;                                                                   527P    380
508,4,0,1703,257,1,0,0,1703,322,1,0,0,1703,32,0,0,0,1703,323,0,      529P    381
0;                                                                   529P    382
508,4,0,1703,252,1,0,0,1703,323,1,0,0,1703,31,0,0,0,1703,318,0,      531P    383
0;                                                                   531P    384
508,4,0,1703,247,1,0,0,1703,324,1,0,0,1703,42,0,0,0,1703,325,0,      533P    385
0;                                                                   533P    386
508,4,0,1703,248,1,0,0,1703,325,1,0,0,1703,41,0,0,0,1703,326,0,      535P    387
0;                                                                   535P    388
508,4,0,1703,249,1,0,0,1703,326,1,0,0,1703,40,0,0,0,1703,327,0,      537P    389
0;                                                                   537P    390
508,4,0,1703,250,1,0,0,1703,327,1,0,0,1703,39,0,0,0,1703,328,0,      539P    391
0;                                                                   539P    392
508,4,0,1703,251,1,0,0,1703,328,1,0,0,1703,38,0,0,0,1703,329,0,      541P    393
0;                                                                   541P    394
508,4,0,1703,246,1,0,0,1703,329,1,0,0,1703,37,0,0,0,1703,324,0,      543P    395
0;                                                                   543P    396
508,4,0,1703,43,0,0,0,1703,330,1,0,0,1703,245,1,0,0,1703,330,0,      545P    397
0;                                                                   545P    398
508,4,0,1703,44,0,0,0,1703,331,1,0,0,1703,244,1,0,0,1703,331,0,      547P    399
0;                                                                   547P    400
508,4,0,1703,45,0,0,0,1703,332,1,0,0,1703,243,1,0,0,1703,332,0,      549P    401
0;                                                                   549P    402
508,4,0,1703,46,0,0,0,1703,333,1,0,0,1703,242,1,0,0,1703,333,0,      551P    403
0;                                                                   551P    404
508,4,0,1703,47,0,0,0,1703,334,1,0,0,1703,241,1,0,0,1703,334,0,      553P    405
0;                                                                   553P    406
508,4,0,1703,48,0,0,0,1703,335,1,0,0,1703,240,1,0,0,1703,335,0,      555P    407
0;                                                                   555P    408
508,4,0,1703,49,0,0,0,1703,336,1,0,0,1703,239,1,0,0,1703,336,0,      557P    409
0;                                                                   557P    410
508,4,0,1703,234,1,0,0,1703,337,1,0,0,1703,55,0,0,0,1703,338,0,      559P    411
0;                                                                   559P    412
508,4,0,1703,235,1,0,0,1703,338,1,0,0,1703,54,0,0,0,1703,339,0,      561P    413
0;                                                                   561P    414
508,4,0,1703,236,1,0,0,1703,339,1,0,0,1703,53,0,0,0,1703,340,0,      563P    415
0;                                                                   563P    416
508,4,0,1703,237,1,0,0,1703,340,1,0,0,1703,52,0,0,0,1703,341,0,      565P    417
0;                                                                   565P    418
508,4,0,1703,238,1,0,0,1703,341,1,0,0,1703,51,0,0,0,1703,342,0,      567P    419
0;                                                                   567P    420
508,4,0,1703,233,1,0,0,1703,342,1,0,0,1703,50,0,0,0,1703,337,0,      569P    421
0;                                                                   569P    422
508,4,0,1703,228,1,0,0,1703,343,1,0,0,1703,61,0,0,0,1703,344,0,      571P    423
0;                                                                   571P    424
508,4,0,1703,229,1,0,0,1703,344,1,0,0,1703,60,0,0,0,1703,345,0,      573P    425
0;                                                                   573P    426
508,4,0,1703,230,1,0,0,1703,345,1,0,0,1703,59,0,0,0,1703,346,0,      575P    427
0;                                                                   575P    428
508,4,0,1703,231,1,0,0,1703,346,1,0,0,1703,58,0,0,0,1703,347,0,      577P    429
0;                                                                   577P    430
508,4,0,1703,232,1,0,0,1703,347,1,0,0,1703,57,0,0,0,1703,348,0,      579P    431
0;                                                                   579P    432
508,4,0,1703,227,1,0,0,1703,348,1,0,0,1703,56,0,0,0,1703,343,0,      581P    433
0;                                                                   581P    434
508,4,0,1703,62,0,0,0,1703,349,1,0,0,1703,226,1,0,0,1703,349,0,      583P    435
0;                                                                   583P    436
508,4,0,1703,221,1,0,0,1703,350,1,0,0,1703,68,0,0,0,1703,351,0,      585P    437
0;                                                                   585P    438
508,4,0,1703,222,1,0,0,1703,351,1,0,0,1703,67,0,0,0,1703,352,0,      587P    439
0;                                                                   587P    440
508,4,0,1703,223,1,0,0,1703,352,1,0,0,1703,66,0,0,0,1703,353,0,      589P    441
0;                                                                   589P    442
508,4,0,1703,224,1,0,0,1703,353,1,0,0,1703,65,0,0,0,1703,354,0,      591P    443
0;                                                                   591P    444
508,4,0,1703,225,1,0,0,1703,354,1,0,0,1703,64,0,0,0,1703,355,0,      593P    445
0;                                                                   593P    446
508,4,0,1703,220,1,0,0,1703,355,1,0,0,1703,63,0,0,0,1703,350,0,      595P    447
0;                                                                   595P    448
508,4,0,1703,215,1,0,0,1703,356,1,0,0,1703,74,0,0,0,1703,357,0,      597P    449
0;                                                                   597P    450
508,4,0,1703,216,1,0,0,1703,357,1,0,0,1703,73,0,0,0,1703,358,0,      599P    451
0;                                                                   599P    452
508,4,0,1703,217,1,0,0,1703,358,1,0,0,1703,72,0,0,0,1703,359,0,      601P    453
0;                                                                   601P    454
508,4,0,1703,218,1,0,0,1703,359,1,0,0,1703,71,0,0,0,1703,360,0,      603P    455
0;                                                                   603P    456
508,4,0,1703,219,1,0,0,1703,360,1,0,0,1703,70,0,0,0,1703,361,0,      605P    457
0;                                                                   605P    458
508,4,0,1703,214,1,0,0,1703,361,1,0,0,1703,69,0,0,0,1703,356,0,      607P    459
0;                                                                   607P    460
508,4,0,1703,209,1,0,0,1703,362,1,0,0,1703,80,0,0,0,1703,363,0,      609P    461
0;                                                                   609P    462
508,4,0,1703,210,1,0,0,1703,363,1,0,0,1703,79,0,0,0,1703,364,0,      611P    463
0;                                                                   611P    464
508,4,0,1703,211,1,0,0,1703,364,1,0,0,1703,78,0,0,0,1703,365,0,      613P    465
0;                                                                   613P    466
508,4,0,1703,212,1,0,0,1703,365,1,0,0,1703,77,0,0,0,1703,366,0,      615P    467
0;                                                                   615P    468
508,4,0,1703,213,1,0,0,1703,366,1,0,0,1703,76,0,0,0,1703,367,0,      617P    469
0;                                                                   617P    470
508,4,0,1703,208,1,0,0,1703,367,1,0,0,1703,75,0,0,0,1703,362,0,      619P    471
0;                                                                   619P    472
508,4,0,1703,81,0,0,0,1703,368,1,0,0,1703,207,1,0,0,1703,368,0,      621P    473
0;                                                                   621P    474
508,4,0,1703,82,0,0,0,1703,369,1,0,0,1703,206,1,0,0,1703,369,0,      623P    475
0;                                                                   623P    476
508,4,0,1703,203,1,0,0,1703,370,1,0,0,1703,86,0,0,0,1703,371,0,      625P    477
0;                                                                   625P    478
508,4,0,1703,204,1,0,0,1703,371,1,0,0,1703,85,0,0,0,1703,372,0,      627P    479
0;                                                                   627P    480
508,4,0,1703,205,1,0,0,1703,372,1,0,0,1703,84,0,0,0,1703,373,0,      629P    481
0;                                                                   629P    482
508,4,0,1703,202,1,0,0,1703,373,1,0,0,1703,83,0,0,0,1703,370,0,      631P    483
0;                                                                   631P    484
508,4,0,1703,199,1,0,0,1703,374,1,0,0,1703,90,0,0,0,1703,375,0,      633P    485
0;                                                                   633P    486
508,4,0,1703,200,1,0,0,1703,375,1,0,0,1703,89,0,0,0,1703,376,0,      635P    487
0;                                                                   635P    488
508,4,0,1703,201,1,0,0,1703,376,1,0,0,1703,88,0,0,0,1703,377,0,      637P    489
0;                                                                   637P    490
508,4,0,1703,198,1,0,0,1703,377,1,0,0,1703,87,0,0,0,1703,374,0,      639P    491
0;                                                                   639P    492
508,4,0,1703,195,1,0,0,1703,378,1,0,0,1703,94,0,0,0,1703,379,0,      641P    493
0;                                                                   641P    494
508,4,0,1703,196,1,0,0,1703,379,1,0,0,1703,93,0,0,0,1703,380,0,      643P    495
0;                                                                   643P    496
508,4,0,1703,197,1,0,0,1703,380,1,0,0,1703,92,0,0,0,1703,381,0,      645P    497
0;                                                                   645P    498
508,4,0,1703,194,1,0,0,1703,381,1,0,0,1703,91,0,0,0,1703,378,0,      647P    499
0;                                                                   647P    500
508,4,0,1703,191,1,0,0,1703,382,1,0,0,1703,98,0,0,0,1703,383,0,      649P    501
0;                                                                   649P    502
508,4,0,1703,192,1,0,0,1703,383,1,0,0,1703,97,0,0,0,1703,384,0,      651P    503
0;                                                                   651P    504
508,4,0,1703,193,1,0,0,1703,384,1,0,0,1703,96,0,0,0,1703,385,0,      653P    505
0;                                                                   653P    506
508,4,0,1703,190,1,0,0,1703,385,1,0,0,1703,95,0,0,0,1703,382,0,      655P    507
0;                                                                   655P    508
508,4,0,1703,144,0,0,0,1703,18,0,0,0,1703,273,0,0,0,1703,149,0,      657P    509
0;                                                                   657P    510
508,4,0,1703,146,0,0,0,1703,6,1,0,0,1703,24,0,0,0,1703,386,0,0;      659P    511
508,4,0,1703,147,0,0,0,1703,386,1,0,0,1703,23,0,0,0,1703,387,0,      661P    512
0;                                                                   661P    513
508,4,0,1703,137,0,0,0,1703,148,0,0,0,1703,387,1,0,0,1703,22,0,      663P    514
0;                                                                   663P    515
126,2,2,0,0,0,0,-0.225960641803187,-0.225960641803187,               665P    516
-0.225960641803187,0.225960641803187,0.225960641803187,              665P    517
0.225960641803187,1.,0.974579332017985,1.,10.,-117.982710843208,     665P    518
-229.54414358254,10.,-117.982710843208,-211.153219034805,10.,        665P    519
-109.95149074667,-194.608564022342,-0.225960641803187,               665P    520
0.225960641803187,0.,0.,0.;                                          665P    521
126,1,1,0,0,1,0,-1.,-1.,0.,0.,1.,1.,10.,-109.951490746671,           667P    522
-194.608564022342,0.,-109.951490746671,-194.608564022342,-1.,0.,     667P    523
0.,0.,0.;                                                            667P    524
126,2,2,0,0,0,0,-0.225960641803187,-0.225960641803187,               669P    525
-0.225960641803187,0.225960641803187,0.225960641803187,              669P    526
0.225960641803187,1.,0.974579332017985,1.,0.,-109.95149074667,       669P    527
-194.608564022342,0.,-117.982710843208,-211.153219034805,0.,         669P    528
-117.982710843208,-229.54414358254,-0.225960641803187,               669P    529
0.225960641803187,0.,0.,0.;                                          669P    530
126,1,1,0,0,1,0,0.,0.,1.,1.,1.,1.,0.,-117.982710843208,              671P    531
-229.54414358254,10.,-117.982710843208,-229.54414358254,0.,1.,       671P    532
0.,0.,0.;                                                            671P    533
126,1,1,0,0,1,0,-17.8614469218914,-17.8614469218914,                 673P    534
-1.83909245477346,-1.83909245477346,1.,1.,10.,-39.982710843208,      673P    535
-50.4699012499324,10.,-109.95149074667,-194.608564022342,            673P    536
-17.8614469218914,-1.83909245477346,0.,0.,0.;                        673P    537
126,1,1,0,0,1,0,0.,0.,1.,1.,1.,1.,0.,-39.982710843208,               675P    538
-50.4699012499324,10.,-39.982710843208,-50.4699012499324,0.,1.,      675P    539
0.,0.,0.;                                                            675P    540
126,1,1,0,0,1,0,1.83909245477346,1.83909245477346,                   677P    541
17.8614469218914,17.8614469218914,1.,1.,0.,-109.95149074667,         677P    542
-194.608564022342,0.,-39.982710843208,-50.4699012499324,             677P    543
1.83909245477346,17.8614469218914,0.,0.,0.;                          677P    544
126,1,1,0,0,1,0,-15.5925757667392,-15.5925757667392,                 679P    545
-0.399999999999999,-0.399999999999999,1.,1.,10.,                     679P    546
-117.982710843208,-229.54414358254,10.,-117.982710843208,            679P    547
-381.469901249932,-15.5925757667392,-0.399999999999999,0.,0.,0.;     679P    548
126,2,2,0,0,0,0,-0.78539816339744,-0.78539816339744,                 681P    549
-0.78539816339744,0.785398163397457,0.785398163397457,               681P    550
0.785398163397457,1.,0.707106781186545,1.,10.,-113.982710843208,     681P    551
-385.469901249932,10.,-117.982710843208,-385.469901249932,10.,       681P    552
-117.982710843208,-381.469901249932,-0.78539816339744,               681P    553
0.785398163397457,0.,0.,0.;                                          681P    554
126,1,1,0,0,1,0,-25.4,-25.4,-19.2069307951916,-19.2069307951916,     683P    555
1.,1.,10.,-113.982710843208,-385.469901249932,10.,                   683P    556
-52.0520187951239,-385.469901249932,-25.4,-19.2069307951916,0.,      683P    557
0.,0.;                                                               683P    558
126,2,2,0,0,0,0,-0.654498469497856,-0.654498469497856,               685P    559
-0.654498469497856,0.654498469497874,0.654498469497874,              685P    560
0.654498469497874,1.,0.793353340291201,1.,10.,-48.1883154899676,     685P    561
-382.505177430343,10.,-48.9827108432081,-385.469901249932,10.,       685P    562
-52.0520187951239,-385.469901249932,-0.654498469497856,              685P    563
0.654498469497874,0.,0.,0.;                                          685P    564
126,1,1,0,0,1,0,-13.0265620818739,-13.0265620818739,                 687P    565
-11.7769265475189,-11.7769265475189,1.,1.,10.,-48.1883154899676,     687P    566
-382.505177430343,10.,-44.9540207326881,-370.434625069522,           687P    567
-13.0265620818739,-11.7769265475189,0.,0.,0.;                        687P    568
126,2,2,0,0,0,0,-0.654498469497876,-0.654498469497876,               689P    569
-0.654498469497876,0.654498469497858,0.654498469497858,              689P    570
0.654498469497858,1.,0.793353340291294,1.,10.,-41.0903174275319,     689P    571
-367.469901249932,10.,-44.1596253794477,-367.469901249932,10.,       689P    572
-44.9540207326881,-370.434625069522,-0.654498469497876,              689P    573
0.654498469497858,0.,0.,0.;                                          689P    574
126,1,1,0,0,1,0,-2.45191493162041,-2.45191493162041,                 691P    575
7.96960638524438,7.96960638524438,1.,1.,10.,-41.0903174275319,       691P    576
-367.469901249932,10.,63.1248957411161,-367.469901249932,            691P    577
-2.45191493162041,7.96960638524438,0.,0.,0.;                         691P    578
126,2,2,0,0,0,0,-0.654498469497872,-0.654498469497872,               693P    579
-0.654498469497872,0.65449846949788,0.65449846949788,                693P    580
0.65449846949788,1.,0.793353340291231,1.,10.,66.9885990462723,       693P    581
-370.434625069522,10.,66.1942036930319,-367.469901249932,10.,        693P    582
63.1248957411161,-367.469901249932,-0.654498469497872,               693P    583
0.65449846949788,0.,0.,0.;                                           693P    584
126,1,1,0,0,1,0,12.708675109888,12.708675109888,                     695P    585
13.9583106442429,13.9583106442429,1.,1.,10.,66.9885990462724,        695P    586
-370.434625069522,10.,70.2228938035515,-382.505177430342,            695P    587
12.708675109888,13.9583106442429,0.,0.,0.;                           695P    588
126,2,2,0,0,0,0,-0.654498469497878,-0.654498469497878,               697P    589
-0.654498469497878,0.654498469497873,0.654498469497873,              697P    590
0.654498469497873,1.,0.793353340291222,1.,10.,74.0865971087078,      697P    591
-385.469901249932,10.,71.0172891567919,-385.469901249932,10.,        697P    592
70.2228938035515,-382.505177430342,-0.654498469497878,               697P    593
0.654498469497873,0.,0.,0.;                                          697P    594
126,1,1,0,0,1,0,-6.59306920480845,-6.59306920480845,                 699P    595
-0.399999999999999,-0.399999999999999,1.,1.,10.,                     699P    596
74.0865971087078,-385.469901249932,10.,136.017289156792,             699P    597
-385.469901249932,-6.59306920480845,-0.399999999999999,0.,0.,0.;     699P    598
126,2,2,0,0,0,0,-0.785398163397457,-0.785398163397457,               701P    599
-0.785398163397457,0.78539816339744,0.78539816339744,                701P    600
0.78539816339744,1.,0.707106781186545,1.,10.,140.017289156792,       701P    601
-381.469901249932,10.,140.017289156792,-385.469901249932,10.,        701P    602
136.017289156792,-385.469901249932,-0.785398163397457,               701P    603
0.78539816339744,0.,0.,0.;                                           701P    604
126,1,1,0,0,1,0,-51.6,-51.6,-0.399999999999991,                      703P    605
-0.399999999999991,1.,1.,10.,140.017289156792,-381.469901249932,     703P    606
10.,140.017289156792,130.530098750068,-51.6,-0.399999999999991,      703P    607
0.,0.,0.;                                                            703P    608
126,2,2,0,0,0,0,-0.785398163397448,-0.785398163397448,               705P    609
-0.785398163397448,0.785398163397453,0.785398163397453,              705P    610
0.785398163397453,1.,0.707106781186547,1.,10.,136.017289156792,      705P    611
134.530098750068,10.,140.017289156792,134.530098750068,10.,          705P    612
140.017289156792,130.530098750068,-0.785398163397448,                705P    613
0.785398163397453,0.,0.,0.;                                          705P    614
126,1,1,0,0,1,0,-8.6,-8.6,0.,0.,1.,1.,10.,136.017289156792,          707P    615
134.530098750068,10.,50.017289156792,134.530098750068,-8.6,0.,       707P    616
0.,0.,0.;                                                            707P    617
126,1,1,0,0,1,0,-18.5,-18.5,0.,0.,1.,1.,10.,50.017289156792,         709P    618
134.530098750068,10.,50.017289156792,-50.4699012499324,-18.5,0.,     709P    619
0.,0.,0.;                                                            709P    620
126,1,1,0,0,1,0,-9.,-9.,0.,0.,1.,1.,10.,50.017289156792,             711P    621
-50.4699012499324,10.,-39.982710843208,-50.4699012499324,-9.,0.,     711P    622
0.,0.,0.;                                                            711P    623
126,1,1,0,0,1,0,-0.699999939004883,-0.699999939004883,0.,0.,1.,      713P    624
1.,10.,120.768750262182,-19.469901554908,10.,120.768750262182,       713P    625
-26.4699009449568,-0.699999939004883,0.,0.,0.,0.;                    713P    626
126,4,2,0,0,0,0,-3.14159265358979,-3.14159265358979,                 715P    627
-3.14159265358979,-1.5707963267949,-1.5707963267949,0.,0.,0.,1.,     715P    628
0.707106781186547,1.,0.707106781186547,1.,10.,120.768750262182,      715P    629
-26.4699009449568,10.,120.768750262182,-29.9699009449568,10.,        715P    630
117.268750262182,-29.9699009449568,10.,113.768750262182,             715P    631
-29.9699009449568,10.,113.768750262182,-26.4699009449568,            715P    632
-3.14159265358979,0.,0.,0.,0.;                                       715P    633
126,1,1,0,0,1,0,-0.699999939004883,-0.699999939004883,               717P    634
-0.360112141823429,-0.360112141823429,1.,1.,10.,                     717P    635
113.768750262182,-26.4699009449568,10.,113.768750262182,             717P    636
-23.0710229731423,-0.699999939004883,-0.360112141823429,0.,0.,       717P    637
0.;                                                                  717P    638
126,2,2,0,0,0,0,-3.17048859557278,-3.17048859557278,                 719P    639
-3.17048859557278,-3.11269671160681,-3.11269671160681,               719P    640
-3.11269671160681,1.,0.999582541322902,1.,10.,113.768750262182,      719P    641
-23.0710229731423,10.,113.765827441195,-22.9699012499324,10.,        719P    642
113.768750262182,-22.8687795267225,-3.17048859557278,                719P    643
-3.11269671160681,0.,0.,0.;                                          719P    644
126,1,1,0,0,1,0,-0.339887797181454,-0.339887797181454,0.,0.,1.,      721P    645
1.,10.,113.768750262182,-22.8687795267225,10.,113.768750262182,      721P    646
-19.469901554908,-0.339887797181454,0.,0.,0.,0.;                     721P    647
126,4,2,0,0,0,0,-3.14159265358979,-3.14159265358979,                 723P    648
-3.14159265358979,-1.5707963267949,-1.5707963267949,0.,0.,0.,1.,     723P    649
0.707106781186545,1.,0.707106781186545,1.,10.,113.768750262182,      723P    650
-19.469901554908,10.,113.768750262182,-15.969901554908,10.,          723P    651
117.268750262182,-15.969901554908,10.,120.768750262182,              723P    652
-15.969901554908,10.,120.768750262182,-19.469901554908,              723P    653
-3.14159265358979,0.,0.,0.,0.;                                       723P    654
126,1,1,0,0,1,0,-0.699999939004883,-0.699999939004883,0.,0.,1.,      725P    655
1.,10.,120.768750262182,25.530098445092,10.,120.768750262182,        725P    656
18.5300990550432,-0.699999939004883,0.,0.,0.,0.;                     725P    657
126,4,2,0,0,0,0,-3.14159265358979,-3.14159265358979,                 727P    658
-3.14159265358979,-1.5707963267949,-1.5707963267949,0.,0.,0.,1.,     727P    659
0.707106781186545,1.,0.707106781186545,1.,10.,120.768750262182,      727P    660
18.5300990550432,10.,120.768750262182,15.0300990550432,10.,          727P    661
117.268750262182,15.0300990550432,10.,113.768750262182,              727P    662
15.0300990550432,10.,113.768750262182,18.5300990550432,              727P    663
-3.14159265358979,0.,0.,0.,0.;                                       727P    664
126,1,1,0,0,1,0,-0.699999939004883,-0.699999939004883,               729P    665
-0.360112141823429,-0.360112141823429,1.,1.,10.,                     729P    666
113.768750262182,18.5300990550432,10.,113.768750262182,              729P    667
21.9289770268577,-0.699999939004883,-0.360112141823429,0.,0.,0.;     729P    668
126,2,2,0,0,0,0,-3.17048859557278,-3.17048859557278,                 731P    669
-3.17048859557278,-3.11269671160681,-3.11269671160681,               731P    670
-3.11269671160681,1.,0.999582541322902,1.,10.,113.768750262182,      731P    671
21.9289770268577,10.,113.765827441195,22.0300987500676,10.,          731P    672
113.768750262182,22.1312204732775,-3.17048859557278,                 731P    673
-3.11269671160681,0.,0.,0.;                                          731P    674
126,1,1,0,0,1,0,-0.339887797181454,-0.339887797181454,0.,0.,1.,      733P    675
1.,10.,113.768750262182,22.1312204732775,10.,113.768750262182,       733P    676
25.530098445092,-0.339887797181454,0.,0.,0.,0.;                      733P    677
126,4,2,0,0,0,0,-3.14159265358979,-3.14159265358979,                 735P    678
-3.14159265358979,-1.5707963267949,-1.5707963267949,0.,0.,0.,1.,     735P    679
0.707106781186547,1.,0.707106781186547,1.,10.,113.768750262182,      735P    680
25.530098445092,10.,113.768750262182,29.030098445092,10.,            735P    681
117.268750262182,29.030098445092,10.,120.768750262182,               735P    682
29.030098445092,10.,120.768750262182,25.530098445092,                735P    683
-3.14159265358979,0.,0.,0.,0.;                                       735P    684
126,1,1,0,0,1,0,-0.699999939004883,-0.699999939004883,0.,0.,1.,      737P    685
1.,10.,75.7687502621824,-19.469901554908,10.,75.7687502621824,       737P    686
-26.4699009449568,-0.699999939004883,0.,0.,0.,0.;                    737P    687
126,4,2,0,0,0,0,-3.14159265358979,-3.14159265358979,                 739P    688
-3.14159265358979,-1.5707963267949,-1.5707963267949,0.,0.,0.,1.,     739P    689
0.707106781186547,1.,0.707106781186547,1.,10.,75.7687502621824,      739P    690
-26.4699009449568,10.,75.7687502621824,-29.9699009449568,10.,        739P    691
72.2687502621824,-29.9699009449568,10.,68.7687502621824,             739P    692
-29.9699009449568,10.,68.7687502621824,-26.4699009449568,            739P    693
-3.14159265358979,0.,0.,0.,0.;                                       739P    694
126,1,1,0,0,1,0,-0.699999939004883,-0.699999939004883,               741P    695
-0.360112141823414,-0.360112141823414,1.,1.,10.,                     741P    696
68.7687502621824,-26.4699009449568,10.,68.7687502621824,             741P    697
-23.0710229731421,-0.699999939004883,-0.360112141823414,0.,0.,       741P    698
0.;                                                                  741P    699
126,2,2,0,0,0,0,-3.17048859557274,-3.17048859557274,                 743P    700
-3.17048859557274,-3.11269671160685,-3.11269671160685,               743P    701
-3.11269671160685,1.,0.999582541316826,1.,10.,68.7687502621824,      743P    702
-23.0710229731421,10.,68.7658274411954,-22.9699012499324,10.,        743P    703
68.7687502621824,-22.8687795267227,-3.17048859557274,                743P    704
-3.11269671160685,0.,0.,0.;                                          743P    705
126,1,1,0,0,1,0,-0.339887797181469,-0.339887797181469,0.,0.,1.,      745P    706
1.,10.,68.7687502621824,-22.8687795267227,10.,68.7687502621824,      745P    707
-19.469901554908,-0.339887797181469,0.,0.,0.,0.;                     745P    708
126,4,2,0,0,0,0,-3.14159265358979,-3.14159265358979,                 747P    709
-3.14159265358979,-1.5707963267949,-1.5707963267949,0.,0.,0.,1.,     747P    710
0.707106781186545,1.,0.707106781186545,1.,10.,68.7687502621824,      747P    711
-19.469901554908,10.,68.7687502621824,-15.969901554908,10.,          747P    712
72.2687502621824,-15.969901554908,10.,75.7687502621824,              747P    713
-15.969901554908,10.,75.7687502621824,-19.469901554908,              747P    714
-3.14159265358979,0.,0.,0.,0.;                                       747P    715
126,8,2,0,1,0,0,-3.14159265358979,-3.14159265358979,                 749P    716
-3.14159265358979,-1.5707963267949,-1.5707963267949,0.,0.,           749P    717
1.5707963267949,1.5707963267949,3.14159265358979,                    749P    718
3.14159265358979,3.14159265358979,1.,0.707106781186539,1.,           749P    719
0.707106781186539,1.,0.707106781186539,1.,0.707106781186539,1.,      749P    720
10.,68.867289156792,-255.469901249932,10.,68.867289156792,           749P    721
-252.069901249932,10.,72.267289156792,-252.069901249932,10.,         749P    722
75.667289156792,-252.069901249932,10.,75.667289156792,               749P    723
-255.469901249932,10.,75.667289156792,-258.869901249932,10.,         749P    724
72.267289156792,-258.869901249932,10.,68.867289156792,               749P    725
-258.869901249932,10.,68.867289156792,-255.469901249932,             749P    726
-3.14159265358979,3.14159265358979,0.,0.,0.;                         749P    727
126,8,2,0,1,0,0,-3.14159265358979,-3.14159265358979,                 751P    728
-3.14159265358979,-1.5707963267949,-1.5707963267949,0.,0.,           751P    729
1.5707963267949,1.5707963267949,3.14159265358979,                    751P    730
3.14159265358979,3.14159265358979,1.,0.707106781186544,1.,           751P    731
0.707106781186544,1.,0.707106781186544,1.,0.707106781186544,1.,      751P    732
10.,113.867289156792,-255.469901249932,10.,113.867289156792,         751P    733
-252.069901249932,10.,117.267289156792,-252.069901249932,10.,        751P    734
120.667289156792,-252.069901249932,10.,120.667289156792,             751P    735
-255.469901249932,10.,120.667289156792,-258.869901249932,10.,        751P    736
117.267289156792,-258.869901249932,10.,113.867289156792,             751P    737
-258.869901249932,10.,113.867289156792,-255.469901249932,            751P    738
-3.14159265358979,3.14159265358979,0.,0.,0.;                         751P    739
126,8,2,0,1,0,0,-3.14159265358979,-3.14159265358979,                 753P    740
-3.14159265358979,-1.5707963267949,-1.5707963267949,0.,0.,           753P    741
1.5707963267949,1.5707963267949,3.14159265358979,                    753P    742
3.14159265358979,3.14159265358979,1.,0.707106781186539,1.,           753P    743
0.707106781186539,1.,0.707106781186539,1.,0.707106781186539,1.,      753P    744
10.,68.867289156792,-210.469901249932,10.,68.867289156792,           753P    745
-207.069901249932,10.,72.267289156792,-207.069901249932,10.,         753P    746
75.667289156792,-207.069901249932,10.,75.667289156792,               753P    747
-210.469901249932,10.,75.667289156792,-213.869901249932,10.,         753P    748
72.267289156792,-213.869901249932,10.,68.867289156792,               753P    749
-213.869901249932,10.,68.867289156792,-210.469901249932,             753P    750
-3.14159265358979,3.14159265358979,0.,0.,0.;                         753P    751
126,8,2,0,1,0,0,-3.14159265358979,-3.14159265358979,                 755P    752
-3.14159265358979,-1.5707963267949,-1.5707963267949,0.,0.,           755P    753
1.5707963267949,1.5707963267949,3.14159265358979,                    755P    754
3.14159265358979,3.14159265358979,1.,0.707106781186544,1.,           755P    755
0.707106781186544,1.,0.707106781186544,1.,0.707106781186544,1.,      755P    756
10.,113.867289156792,-210.469901249932,10.,113.867289156792,         755P    757
-207.069901249932,10.,117.267289156792,-207.069901249932,10.,        755P    758
120.667289156792,-207.069901249932,10.,120.667289156792,             755P    759
-210.469901249932,10.,120.667289156792,-213.869901249932,10.,        755P    760
117.267289156792,-213.869901249932,10.,113.867289156792,             755P    761
-213.869901249932,10.,113.867289156792,-210.469901249932,            755P    762
-3.14159265358979,3.14159265358979,0.,0.,0.;                         755P    763
126,8,2,0,1,0,0,-3.14159265358979,-3.14159265358979,                 757P    764
-3.14159265358979,-1.5707963267949,-1.5707963267949,0.,0.,           757P    765
1.5707963267949,1.5707963267949,3.14159265358979,                    757P    766
3.14159265358979,3.14159265358979,1.,0.707106781186539,1.,           757P    767
0.707106781186539,1.,0.707106781186539,1.,0.707106781186539,1.,      757P    768
10.,68.867289156792,-165.469901249932,10.,68.867289156792,           757P    769
-162.069901249932,10.,72.267289156792,-162.069901249932,10.,         757P    770
75.667289156792,-162.069901249932,10.,75.667289156792,               757P    771
-165.469901249932,10.,75.667289156792,-168.869901249932,10.,         757P    772
72.267289156792,-168.869901249932,10.,68.867289156792,               757P    773
-168.869901249932,10.,68.867289156792,-165.469901249932,             757P    774
-3.14159265358979,3.14159265358979,0.,0.,0.;                         757P    775
126,8,2,0,1,0,0,-3.14159265358979,-3.14159265358979,                 759P    776
-3.14159265358979,-1.5707963267949,-1.5707963267949,0.,0.,           759P    777
1.5707963267949,1.5707963267949,3.14159265358979,                    759P    778
3.14159265358979,3.14159265358979,1.,0.707106781186544,1.,           759P    779
0.707106781186544,1.,0.707106781186544,1.,0.707106781186544,1.,      759P    780
10.,113.867289156792,-165.469901249932,10.,113.867289156792,         759P    781
-162.069901249932,10.,117.267289156792,-162.069901249932,10.,        759P    782
120.667289156792,-162.069901249932,10.,120.667289156792,             759P    783
-165.469901249932,10.,120.667289156792,-168.869901249932,10.,        759P    784
117.267289156792,-168.869901249932,10.,113.867289156792,             759P    785
-168.869901249932,10.,113.867289156792,-165.469901249932,            759P    786
-3.14159265358979,3.14159265358979,0.,0.,0.;                         759P    787
126,8,2,0,1,0,0,-3.14159265358979,-3.14159265358979,                 761P    788
-3.14159265358979,-1.5707963267949,-1.5707963267949,0.,0.,           761P    789
1.5707963267949,1.5707963267949,3.14159265358979,                    761P    790
3.14159265358979,3.14159265358979,1.,0.707106781186552,1.,           761P    791
0.707106781186552,1.,0.707106781186552,1.,0.707106781186552,1.,      761P    792
10.,113.867289156792,-75.4699012499324,10.,113.867289156792,         761P    793
-72.0699012499324,10.,117.267289156792,-72.0699012499324,10.,        761P    794
120.667289156792,-72.0699012499324,10.,120.667289156792,             761P    795
-75.4699012499324,10.,120.667289156792,-78.8699012499324,10.,        761P    796
117.267289156792,-78.8699012499324,10.,113.867289156792,             761P    797
-78.8699012499324,10.,113.867289156792,-75.4699012499324,            761P    798
-3.14159265358979,3.14159265358979,0.,0.,0.;                         761P    799
126,1,1,0,0,1,0,-0.699999939004883,-0.699999939004883,0.,0.,1.,      763P    800
1.,10.,120.768750262182,70.530098445092,10.,120.768750262182,        763P    801
63.5300990550432,-0.699999939004883,0.,0.,0.,0.;                     763P    802
126,4,2,0,0,0,0,-3.14159265358979,-3.14159265358979,                 765P    803
-3.14159265358979,-1.5707963267949,-1.5707963267949,0.,0.,0.,1.,     765P    804
0.707106781186543,1.,0.707106781186543,1.,10.,120.768750262182,      765P    805
63.5300990550432,10.,120.768750262182,60.0300990550432,10.,          765P    806
117.268750262182,60.0300990550432,10.,113.768750262182,              765P    807
60.0300990550432,10.,113.768750262182,63.5300990550432,              765P    808
-3.14159265358979,0.,0.,0.,0.;                                       765P    809
126,1,1,0,0,1,0,-0.699999939004883,-0.699999939004883,               767P    810
-0.360112141823429,-0.360112141823429,1.,1.,10.,                     767P    811
113.768750262182,63.5300990550432,10.,113.768750262182,              767P    812
66.9289770268577,-0.699999939004883,-0.360112141823429,0.,0.,0.;     767P    813
126,2,2,0,0,0,0,-3.17048859557278,-3.17048859557278,                 769P    814
-3.17048859557278,-3.11269671160681,-3.11269671160681,               769P    815
-3.11269671160681,1.,0.999582541322902,1.,10.,113.768750262182,      769P    816
66.9289770268578,10.,113.765827441195,67.0300987500676,10.,          769P    817
113.768750262182,67.1312204732775,-3.17048859557278,                 769P    818
-3.11269671160681,0.,0.,0.;                                          769P    819
126,1,1,0,0,1,0,-0.339887797181453,-0.339887797181453,0.,0.,1.,      771P    820
1.,10.,113.768750262182,67.1312204732775,10.,113.768750262182,       771P    821
70.530098445092,-0.339887797181453,0.,0.,0.,0.;                      771P    822
126,4,2,0,0,0,0,-3.14159265358979,-3.14159265358979,                 773P    823
-3.14159265358979,-1.5707963267949,-1.5707963267949,0.,0.,0.,1.,     773P    824
0.707106781186543,1.,0.707106781186543,1.,10.,113.768750262182,      773P    825
70.530098445092,10.,113.768750262182,74.030098445092,10.,            773P    826
117.268750262182,74.030098445092,10.,120.768750262182,               773P    827
74.030098445092,10.,120.768750262182,70.530098445092,                773P    828
-3.14159265358979,0.,0.,0.,0.;                                       773P    829
126,1,1,0,0,1,0,-0.699999939004883,-0.699999939004883,0.,0.,1.,      775P    830
1.,10.,75.7687502621824,70.530098445092,10.,75.7687502621824,        775P    831
63.5300990550432,-0.699999939004883,0.,0.,0.,0.;                     775P    832
126,4,2,0,0,0,0,-3.14159265358979,-3.14159265358979,                 777P    833
-3.14159265358979,-1.5707963267949,-1.5707963267949,0.,0.,0.,1.,     777P    834
0.707106781186543,1.,0.707106781186543,1.,10.,75.7687502621824,      777P    835
63.5300990550432,10.,75.7687502621824,60.0300990550432,10.,          777P    836
72.2687502621824,60.0300990550432,10.,68.7687502621824,              777P    837
60.0300990550432,10.,68.7687502621824,63.5300990550432,              777P    838
-3.14159265358979,0.,0.,0.,0.;                                       777P    839
126,1,1,0,0,1,0,-0.699999939004883,-0.699999939004883,               779P    840
-0.360112141823414,-0.360112141823414,1.,1.,10.,                     779P    841
68.7687502621824,63.5300990550432,10.,68.7687502621824,              779P    842
66.9289770268579,-0.699999939004883,-0.360112141823414,0.,0.,0.;     779P    843
126,2,2,0,0,0,0,-3.17048859557274,-3.17048859557274,                 781P    844
-3.17048859557274,-3.11269671160685,-3.11269671160685,               781P    845
-3.11269671160685,1.,0.999582541316826,1.,10.,68.7687502621824,      781P    846
66.9289770268579,10.,68.7658274411954,67.0300987500676,10.,          781P    847
68.7687502621824,67.1312204732774,-3.17048859557274,                 781P    848
-3.11269671160685,0.,0.,0.;                                          781P    849
126,1,1,0,0,1,0,-0.339887797181468,-0.339887797181468,0.,0.,1.,      783P    850
1.,10.,68.7687502621824,67.1312204732774,10.,68.7687502621824,       783P    851
70.530098445092,-0.339887797181468,0.,0.,0.,0.;                      783P    852
126,4,2,0,0,0,0,-3.14159265358979,-3.14159265358979,                 785P    853
-3.14159265358979,-1.5707963267949,-1.5707963267949,0.,0.,0.,1.,     785P    854
0.707106781186543,1.,0.707106781186543,1.,10.,68.7687502621824,      785P    855
70.530098445092,10.,68.7687502621824,74.030098445092,10.,            785P    856
72.2687502621824,74.030098445092,10.,75.7687502621824,               785P    857
74.030098445092,10.,75.7687502621824,70.530098445092,                785P    858
-3.14159265358979,0.,0.,0.,0.;                                       785P    859
126,8,2,0,1,0,0,-3.14159265358979,-3.14159265358979,                 787P    860
-3.14159265358979,-1.5707963267949,-1.5707963267949,0.,0.,           787P    861
1.5707963267949,1.5707963267949,3.14159265358979,                    787P    862
3.14159265358979,3.14159265358979,1.,0.707106781186543,1.,           787P    863
0.707106781186543,1.,0.707106781186543,1.,0.707106781186543,1.,      787P    864
10.,68.867289156792,-120.469901249932,10.,68.867289156792,           787P    865
-117.069901249932,10.,72.267289156792,-117.069901249932,10.,         787P    866
75.667289156792,-117.069901249932,10.,75.667289156792,               787P    867
-120.469901249932,10.,75.667289156792,-123.869901249932,10.,         787P    868
72.267289156792,-123.869901249932,10.,68.867289156792,               787P    869
-123.869901249932,10.,68.867289156792,-120.469901249932,             787P    870
-3.14159265358979,3.14159265358979,0.,0.,0.;                         787P    871
126,1,1,0,0,1,0,-0.699999939004883,-0.699999939004883,0.,0.,1.,      789P    872
1.,10.,120.768750262182,115.530098445092,10.,120.768750262182,       789P    873
108.530099055043,-0.699999939004883,0.,0.,0.,0.;                     789P    874
126,4,2,0,0,0,0,-3.14159265358979,-3.14159265358979,                 791P    875
-3.14159265358979,-1.5707963267949,-1.5707963267949,0.,0.,0.,1.,     791P    876
0.707106781186543,1.,0.707106781186543,1.,10.,120.768750262182,      791P    877
108.530099055043,10.,120.768750262182,105.030099055043,10.,          791P    878
117.268750262182,105.030099055043,10.,113.768750262182,              791P    879
105.030099055043,10.,113.768750262182,108.530099055043,              791P    880
-3.14159265358979,0.,0.,0.,0.;                                       791P    881
126,1,1,0,0,1,0,-0.699999939004883,-0.699999939004883,               793P    882
-0.360112141823429,-0.360112141823429,1.,1.,10.,                     793P    883
113.768750262182,108.530099055043,10.,113.768750262182,              793P    884
111.928977026858,-0.699999939004883,-0.360112141823429,0.,0.,0.;     793P    885
126,2,2,0,0,0,0,-3.17048859557278,-3.17048859557278,                 795P    886
-3.17048859557278,-3.11269671160681,-3.11269671160681,               795P    887
-3.11269671160681,1.,0.999582541322902,1.,10.,113.768750262182,      795P    888
111.928977026858,10.,113.765827441195,112.030098750068,10.,          795P    889
113.768750262182,112.131220473277,-3.17048859557278,                 795P    890
-3.11269671160681,0.,0.,0.;                                          795P    891
126,1,1,0,0,1,0,-0.339887797181454,-0.339887797181454,0.,0.,1.,      797P    892
1.,10.,113.768750262182,112.131220473277,10.,113.768750262182,       797P    893
115.530098445092,-0.339887797181454,0.,0.,0.,0.;                     797P    894
126,4,2,0,0,0,0,-3.14159265358979,-3.14159265358979,                 799P    895
-3.14159265358979,-1.5707963267949,-1.5707963267949,0.,0.,0.,1.,     799P    896
0.707106781186543,1.,0.707106781186543,1.,10.,113.768750262182,      799P    897
115.530098445092,10.,113.768750262182,119.030098445092,10.,          799P    898
117.268750262182,119.030098445092,10.,120.768750262182,              799P    899
119.030098445092,10.,120.768750262182,115.530098445092,              799P    900
-3.14159265358979,0.,0.,0.,0.;                                       799P    901
126,1,1,0,0,1,0,-0.699999939004883,-0.699999939004883,0.,0.,1.,      801P    902
1.,10.,75.7687502621824,25.530098445092,10.,75.7687502621824,        801P    903
18.5300990550432,-0.699999939004883,0.,0.,0.,0.;                     801P    904
126,4,2,0,0,0,0,-3.14159265358979,-3.14159265358979,                 803P    905
-3.14159265358979,-1.5707963267949,-1.5707963267949,0.,0.,0.,1.,     803P    906
0.707106781186545,1.,0.707106781186545,1.,10.,75.7687502621824,      803P    907
18.5300990550432,10.,75.7687502621824,15.0300990550432,10.,          803P    908
72.2687502621824,15.0300990550432,10.,68.7687502621824,              803P    909
15.0300990550432,10.,68.7687502621824,18.5300990550432,              803P    910
-3.14159265358979,0.,0.,0.,0.;                                       803P    911
126,1,1,0,0,1,0,-0.699999939004883,-0.699999939004883,               805P    912
-0.360112141823414,-0.360112141823414,1.,1.,10.,                     805P    913
68.7687502621824,18.5300990550432,10.,68.7687502621824,              805P    914
21.9289770268579,-0.699999939004883,-0.360112141823414,0.,0.,0.;     805P    915
126,2,2,0,0,0,0,-3.17048859557274,-3.17048859557274,                 807P    916
-3.17048859557274,-3.11269671160685,-3.11269671160685,               807P    917
-3.11269671160685,1.,0.999582541316826,1.,10.,68.7687502621824,      807P    918
21.9289770268579,10.,68.7658274411954,22.0300987500676,10.,          807P    919
68.7687502621824,22.1312204732773,-3.17048859557274,                 807P    920
-3.11269671160685,0.,0.,0.;                                          807P    921
126,1,1,0,0,1,0,-0.339887797181469,-0.339887797181469,0.,0.,1.,      809P    922
1.,10.,68.7687502621824,22.1312204732773,10.,68.7687502621824,       809P    923
25.530098445092,-0.339887797181469,0.,0.,0.,0.;                      809P    924
126,4,2,0,0,0,0,-3.14159265358979,-3.14159265358979,                 811P    925
-3.14159265358979,-1.5707963267949,-1.5707963267949,0.,0.,0.,1.,     811P    926
0.707106781186547,1.,0.707106781186547,1.,10.,68.7687502621824,      811P    927
25.530098445092,10.,68.7687502621824,29.030098445092,10.,            811P    928
72.2687502621824,29.030098445092,10.,75.7687502621824,               811P    929
29.030098445092,10.,75.7687502621824,25.530098445092,                811P    930
-3.14159265358979,0.,0.,0.,0.;                                       811P    931
126,4,2,0,0,0,0,-3.14159265358979,-3.14159265358979,                 813P    932
-3.14159265358979,-1.5707963267949,-1.5707963267949,0.,0.,0.,1.,     813P    933
0.707106781186543,1.,0.707106781186543,1.,10.,68.7687502621824,      813P    934
115.530098445092,10.,68.7687502621824,119.030098445092,10.,          813P    935
72.2687502621824,119.030098445092,10.,75.7687502621824,              813P    936
119.030098445092,10.,75.7687502621824,115.530098445092,              813P    937
-3.14159265358979,0.,0.,0.,0.;                                       813P    938
126,1,1,0,0,1,0,-0.699999939004883,-0.699999939004883,0.,0.,1.,      815P    939
1.,10.,75.7687502621824,115.530098445092,10.,75.7687502621824,       815P    940
108.530099055043,-0.699999939004883,0.,0.,0.,0.;                     815P    941
126,4,2,0,0,0,0,-3.14159265358979,-3.14159265358979,                 817P    942
-3.14159265358979,-1.5707963267949,-1.5707963267949,0.,0.,0.,1.,     817P    943
0.707106781186543,1.,0.707106781186543,1.,10.,75.7687502621824,      817P    944
108.530099055043,10.,75.7687502621824,105.030099055043,10.,          817P    945
72.2687502621824,105.030099055043,10.,68.7687502621824,              817P    946
105.030099055043,10.,68.7687502621824,108.530099055043,              817P    947
-3.14159265358979,0.,0.,0.,0.;                                       817P    948
126,1,1,0,0,1,0,-0.699999939004883,-0.699999939004883,               819P    949
-0.360112141823414,-0.360112141823414,1.,1.,10.,                     819P    950
68.7687502621824,108.530099055043,10.,68.7687502621824,              819P    951
111.928977026858,-0.699999939004883,-0.360112141823414,0.,0.,0.;     819P    952
126,2,2,0,0,0,0,-3.17048859557274,-3.17048859557274,                 821P    953
-3.17048859557274,-3.11269671160685,-3.11269671160685,               821P    954
-3.11269671160685,1.,0.999582541316826,1.,10.,68.7687502621824,      821P    955
111.928977026858,10.,68.7658274411954,112.030098750068,10.,          821P    956
68.7687502621824,112.131220473277,-3.17048859557274,                 821P    957
-3.11269671160685,0.,0.,0.;                                          821P    958
126,1,1,0,0,1,0,-0.339887797181468,-0.339887797181468,0.,0.,1.,      823P    959
1.,10.,68.7687502621824,112.131220473277,10.,68.7687502621824,       823P    960
115.530098445092,-0.339887797181468,0.,0.,0.,0.;                     823P    961
126,8,2,0,1,0,0,-3.14159265358979,-3.14159265358979,                 825P    962
-3.14159265358979,-1.5707963267949,-1.5707963267949,0.,0.,           825P    963
1.5707963267949,1.5707963267949,3.14159265358979,                    825P    964
3.14159265358979,3.14159265358979,1.,0.707106781186549,1.,           825P    965
0.707106781186549,1.,0.707106781186549,1.,0.707106781186549,1.,      825P    966
10.,68.867289156792,-75.4699012499324,10.,68.867289156792,           825P    967
-72.0699012499324,10.,72.267289156792,-72.0699012499324,10.,         825P    968
75.667289156792,-72.0699012499324,10.,75.667289156792,               825P    969
-75.4699012499324,10.,75.667289156792,-78.8699012499324,10.,         825P    970
72.267289156792,-78.8699012499324,10.,68.867289156792,               825P    971
-78.8699012499324,10.,68.867289156792,-75.4699012499324,             825P    972
-3.14159265358979,3.14159265358979,0.,0.,0.;                         825P    973
126,8,2,0,1,0,0,-3.14159265358979,-3.14159265358979,                 827P    974
-3.14159265358979,-1.5707963267949,-1.5707963267949,0.,0.,           827P    975
1.5707963267949,1.5707963267949,3.14159265358979,                    827P    976
3.14159265358979,3.14159265358979,1.,0.707106781186559,1.,           827P    977
0.707106781186559,1.,0.707106781186559,1.,0.707106781186559,1.,      827P    978
10.,113.867289156792,-120.469901249932,10.,113.867289156792,         827P    979
-117.069901249932,10.,117.267289156792,-117.069901249932,10.,        827P    980
120.667289156792,-117.069901249932,10.,120.667289156792,             827P    981
-120.469901249932,10.,120.667289156792,-123.869901249932,10.,        827P    982
117.267289156792,-123.869901249932,10.,113.867289156792,             827P    983
-123.869901249932,10.,113.867289156792,-120.469901249932,            827P    984
-3.14159265358979,3.14159265358979,0.,0.,0.;                         827P    985
126,4,2,0,0,0,0,-3.14159265358979,-3.14159265358979,                 829P    986
-3.14159265358979,-1.5707963267949,-1.5707963267949,0.,0.,0.,1.,     829P    987
0.707106781186552,1.,0.707106781186552,1.,10.,-20.9812497378175,     829P    988
-65.9699014871356,10.,-20.9812497378175,-62.4699014871356,10.,       829P    989
-17.4812497378175,-62.4699014871356,10.,-13.9812497378175,           829P    990
-62.4699014871356,10.,-13.9812497378175,-65.9699014871356,           829P    991
-3.14159265358979,0.,0.,0.,0.;                                       829P    992
126,1,1,0,0,1,0,-0.899999952559355,-0.899999952559355,0.,0.,1.,      831P    993
1.,10.,-13.9812497378175,-65.9699014871356,10.,                      831P    994
-13.9812497378175,-74.9699010127292,-0.899999952559355,0.,0.,0.,     831P    995
0.;                                                                  831P    996
126,4,2,0,0,0,0,-3.14159265358979,-3.14159265358979,                 833P    997
-3.14159265358979,-1.5707963267949,-1.5707963267949,0.,0.,0.,1.,     833P    998
0.707106781186552,1.,0.707106781186552,1.,10.,-13.9812497378175,     833P    999
-74.9699010127292,10.,-13.9812497378175,-78.4699010127292,10.,       833P   1000
-17.4812497378175,-78.4699010127292,10.,-20.9812497378175,           833P   1001
-78.4699010127292,10.,-20.9812497378175,-74.9699010127292,           833P   1002
-3.14159265358979,0.,0.,0.,0.;                                       833P   1003
126,1,1,0,0,1,0,-0.899999952559355,-0.899999952559355,0.,0.,1.,      835P   1004
1.,10.,-20.9812497378175,-74.9699010127292,10.,                      835P   1005
-20.9812497378175,-65.9699014871356,-0.899999952559355,0.,0.,0.,     835P   1006
0.;                                                                  835P   1007
126,4,2,0,0,0,0,-3.14159265358979,-3.14159265358979,                 837P   1008
-3.14159265358979,-1.5707963267949,-1.5707963267949,0.,0.,0.,1.,     837P   1009
0.707106781186545,1.,0.707106781186545,1.,10.,-13.9812497378175,     837P   1010
-119.969901012729,10.,-13.9812497378175,-123.469901012729,10.,       837P   1011
-17.4812497378175,-123.469901012729,10.,-20.9812497378175,           837P   1012
-123.469901012729,10.,-20.9812497378175,-119.969901012729,           837P   1013
-3.14159265358979,0.,0.,0.,0.;                                       837P   1014
126,1,1,0,0,1,0,-0.899999952559353,-0.899999952559353,0.,0.,1.,      839P   1015
1.,10.,-20.9812497378175,-119.969901012729,10.,                      839P   1016
-20.9812497378175,-110.969901487136,-0.899999952559353,0.,0.,0.,     839P   1017
0.;                                                                  839P   1018
126,4,2,0,0,0,0,-3.14159265358979,-3.14159265358979,                 841P   1019
-3.14159265358979,-1.5707963267949,-1.5707963267949,0.,0.,0.,1.,     841P   1020
0.70710678118655,1.,0.707106781186556,1.,10.,-20.9812497378175,      841P   1021
-110.969901487136,10.,-20.9812497378175,-107.469901487136,10.,       841P   1022
-17.4812497378175,-107.469901487136,10.,-13.9812497378175,           841P   1023
-107.469901487136,10.,-13.9812497378175,-110.969901487136,           841P   1024
-3.14159265358979,0.,0.,0.,0.;                                       841P   1025
126,1,1,0,0,1,0,-0.899999952559353,-0.899999952559353,0.,0.,1.,      843P   1026
1.,10.,-13.9812497378175,-110.969901487136,10.,                      843P   1027
-13.9812497378175,-119.969901012729,-0.899999952559353,0.,0.,0.,     843P   1028
0.;                                                                  843P   1029
126,4,2,0,0,0,0,-3.14159265358979,-3.14159265358979,                 845P   1030
-3.14159265358979,-1.5707963267949,-1.5707963267949,0.,0.,0.,1.,     845P   1031
0.707106781186552,1.,0.707106781186552,1.,10.,31.0187502621825,      845P   1032
-74.9699010127292,10.,31.0187502621825,-78.4699010127292,10.,        845P   1033
27.5187502621825,-78.4699010127292,10.,24.0187502621825,             845P   1034
-78.4699010127292,10.,24.0187502621825,-74.9699010127292,            845P   1035
-3.14159265358979,0.,0.,0.,0.;                                       845P   1036
126,1,1,0,0,1,0,-0.899999952559355,-0.899999952559355,0.,0.,1.,      847P   1037
1.,10.,24.0187502621825,-74.9699010127292,10.,24.0187502621825,      847P   1038
-65.9699014871356,-0.899999952559355,0.,0.,0.,0.;                    847P   1039
126,4,2,0,0,0,0,-3.14159265358979,-3.14159265358979,                 849P   1040
-3.14159265358979,-1.5707963267949,-1.5707963267949,0.,0.,0.,1.,     849P   1041
0.707106781186543,1.,0.707106781186547,1.,10.,24.0187502621825,      849P   1042
-65.9699014871356,10.,24.0187502621825,-62.4699014871356,10.,        849P   1043
27.5187502621825,-62.4699014871356,10.,31.0187502621825,             849P   1044
-62.4699014871356,10.,31.0187502621825,-65.9699014871356,            849P   1045
-3.14159265358979,0.,0.,0.,0.;                                       849P   1046
126,1,1,0,0,1,0,-0.899999952559355,-0.899999952559355,0.,0.,1.,      851P   1047
1.,10.,31.0187502621825,-65.9699014871356,10.,31.0187502621825,      851P   1048
-74.9699010127292,-0.899999952559355,0.,0.,0.,0.;                    851P   1049
126,4,2,0,0,0,0,-3.14159265358979,-3.14159265358979,                 853P   1050
-3.14159265358979,-1.5707963267949,-1.5707963267949,0.,0.,0.,1.,     853P   1051
0.707106781186545,1.,0.707106781186545,1.,10.,31.0187502621825,      853P   1052
-119.969901012729,10.,31.0187502621825,-123.469901012729,10.,        853P   1053
27.5187502621825,-123.469901012729,10.,24.0187502621825,             853P   1054
-123.469901012729,10.,24.0187502621825,-119.969901012729,            853P   1055
-3.14159265358979,0.,0.,0.,0.;                                       853P   1056
126,1,1,0,0,1,0,-0.899999952559353,-0.899999952559353,0.,0.,1.,      855P   1057
1.,10.,24.0187502621825,-119.969901012729,10.,24.0187502621825,      855P   1058
-110.969901487136,-0.899999952559353,0.,0.,0.,0.;                    855P   1059
126,4,2,0,0,0,0,-3.14159265358979,-3.14159265358979,                 857P   1060
-3.14159265358979,-1.5707963267949,-1.5707963267949,0.,0.,0.,1.,     857P   1061
0.707106781186551,1.,0.70710678118654,1.,10.,24.0187502621825,       857P   1062
-110.969901487136,10.,24.0187502621825,-107.469901487136,10.,        857P   1063
27.5187502621825,-107.469901487136,10.,31.0187502621825,             857P   1064
-107.469901487136,10.,31.0187502621825,-110.969901487136,            857P   1065
-3.14159265358979,0.,0.,0.,0.;                                       857P   1066
126,1,1,0,0,1,0,-0.899999952559353,-0.899999952559353,0.,0.,1.,      859P   1067
1.,10.,31.0187502621825,-110.969901487136,10.,31.0187502621825,      859P   1068
-119.969901012729,-0.899999952559353,0.,0.,0.,0.;                    859P   1069
126,1,1,0,0,1,0,-3.7125,-3.7125,-2.8625,-2.8625,1.,1.,10.,           861P   1070
85.2672891567922,-376.719901249932,10.,76.7672891567922,             861P   1071
-376.719901249932,-3.7125,-2.8625,0.,0.,0.;                          861P   1072
126,4,2,0,0,0,0,-3.14159265358979,-3.14159265358979,                 863P   1073
-3.14159265358979,-1.5707963267949,-1.5707963267949,0.,0.,0.,1.,     863P   1074
0.707106781186553,1.,0.707106781186553,1.,10.,76.7672891567922,      863P   1075
-376.719901249932,10.,72.5172891567921,-376.719901249932,10.,        863P   1076
72.5172891567921,-372.469901249932,10.,72.5172891567921,             863P   1077
-368.219901249932,10.,76.7672891567922,-368.219901249932,            863P   1078
-3.14159265358979,0.,0.,0.,0.;                                       863P   1079
126,1,1,0,0,1,0,3.2875,3.2875,4.1375,4.1375,1.,1.,10.,               865P   1080
76.7672891567922,-368.219901249932,10.,85.2672891567922,             865P   1081
-368.219901249932,3.2875,4.1375,0.,0.,0.;                            865P   1082
126,4,2,0,0,0,0,-3.14159265358979,-3.14159265358979,                 867P   1083
-3.14159265358979,-1.5707963267949,-1.5707963267949,0.,0.,0.,1.,     867P   1084
0.707106781186559,1.,0.707106781186559,1.,10.,85.2672891567922,      867P   1085
-368.219901249932,10.,89.5172891567922,-368.219901249932,10.,        867P   1086
89.5172891567922,-372.469901249932,10.,89.5172891567922,             867P   1087
-376.719901249932,10.,85.2672891567922,-376.719901249932,            867P   1088
-3.14159265358979,0.,0.,0.,0.;                                       867P   1089
126,4,2,0,0,0,0,-3.14159265358979,-3.14159265358979,                 869P   1090
-3.14159265358979,-1.5707963267949,-1.5707963267949,0.,0.,0.,1.,     869P   1091
0.707106781186559,1.,0.707106781186559,1.,10.,-99.7327108432078,     869P   1092
-368.219901249932,10.,-95.4827108432078,-368.219901249932,10.,       869P   1093
-95.4827108432078,-372.469901249932,10.,-95.4827108432078,           869P   1094
-376.719901249932,10.,-99.7327108432078,-376.719901249932,           869P   1095
-3.14159265358979,0.,0.,0.,0.;                                       869P   1096
126,1,1,0,0,1,0,5.5375,5.5375,6.3875,6.3875,1.,1.,10.,               871P   1097
-99.7327108432078,-376.719901249932,10.,-108.232710843208,           871P   1098
-376.719901249932,5.5375,6.3875,0.,0.,0.;                            871P   1099
126,4,2,0,0,0,0,-3.14159265358979,-3.14159265358979,                 873P   1100
-3.14159265358979,-1.5707963267949,-1.5707963267949,0.,0.,0.,1.,     873P   1101
0.707106781186559,1.,0.707106781186559,1.,10.,-108.232710843208,     873P   1102
-376.719901249932,10.,-112.482710843208,-376.719901249932,10.,       873P   1103
-112.482710843208,-372.469901249932,10.,-112.482710843208,           873P   1104
-368.219901249932,10.,-108.232710843208,-368.219901249932,           873P   1105
-3.14159265358979,0.,0.,0.,0.;                                       873P   1106
126,1,1,0,0,1,0,-5.9625,-5.9625,-5.1125,-5.1125,1.,1.,10.,           875P   1107
-108.232710843208,-368.219901249932,10.,-99.7327108432078,           875P   1108
-368.219901249932,-5.9625,-5.1125,0.,0.,0.;                          875P   1109
126,1,1,0,0,1,0,5.5375,5.5375,6.3875,6.3875,1.,1.,10.,               877P   1110
-99.7327108432078,-319.719901249932,10.,-108.232710843208,           877P   1111
-319.719901249932,5.5375,6.3875,0.,0.,0.;                            877P   1112
126,4,2,0,0,0,0,-3.14159265358979,-3.14159265358979,                 879P   1113
-3.14159265358979,-1.5707963267949,-1.5707963267949,0.,0.,0.,1.,     879P   1114
0.707106781186545,1.,0.707106781186545,1.,10.,-108.232710843208,     879P   1115
-319.719901249932,10.,-112.482710843208,-319.719901249932,10.,       879P   1116
-112.482710843208,-315.469901249932,10.,-112.482710843208,           879P   1117
-311.219901249932,10.,-108.232710843208,-311.219901249932,           879P   1118
-3.14159265358979,0.,0.,0.,0.;                                       879P   1119
126,1,1,0,0,1,0,-5.9625,-5.9625,-5.1125,-5.1125,1.,1.,10.,           881P   1120
-108.232710843208,-311.219901249932,10.,-99.7327108432078,           881P   1121
-311.219901249932,-5.9625,-5.1125,0.,0.,0.;                          881P   1122
126,4,2,0,0,0,0,-3.14159265358979,-3.14159265358979,                 883P   1123
-3.14159265358979,-1.5707963267949,-1.5707963267949,0.,0.,0.,1.,     883P   1124
0.707106781186545,1.,0.707106781186545,1.,10.,-99.7327108432078,     883P   1125
-311.219901249932,10.,-95.4827108432078,-311.219901249932,10.,       883P   1126
-95.4827108432078,-315.469901249932,10.,-95.4827108432078,           883P   1127
-319.719901249932,10.,-99.7327108432078,-319.719901249932,           883P   1128
-3.14159265358979,0.,0.,0.,0.;                                       883P   1129
126,4,2,0,0,0,0,-3.14159265358979,-3.14159265358979,                 885P   1130
-3.14159265358979,-1.5707963267949,-1.5707963267949,0.,0.,0.,1.,     885P   1131
0.707106781186545,1.,0.707106781186545,1.,10.,85.2672891567922,      885P   1132
-311.219901249932,10.,89.5172891567922,-311.219901249932,10.,        885P   1133
89.5172891567922,-315.469901249932,10.,89.5172891567922,             885P   1134
-319.719901249932,10.,85.2672891567922,-319.719901249932,            885P   1135
-3.14159265358979,0.,0.,0.,0.;                                       885P   1136
126,1,1,0,0,1,0,-3.7125,-3.7125,-2.8625,-2.8625,1.,1.,10.,           887P   1137
85.2672891567922,-319.719901249932,10.,76.7672891567922,             887P   1138
-319.719901249932,-3.7125,-2.8625,0.,0.,0.;                          887P   1139
126,4,2,0,0,0,0,-3.14159265358979,-3.14159265358979,                 889P   1140
-3.14159265358979,-1.5707963267949,-1.5707963267949,0.,0.,0.,1.,     889P   1141
0.707106781186545,1.,0.707106781186545,1.,10.,76.7672891567922,      889P   1142
-319.719901249932,10.,72.5172891567922,-319.719901249932,10.,        889P   1143
72.5172891567922,-315.469901249932,10.,72.5172891567922,             889P   1144
-311.219901249932,10.,76.7672891567922,-311.219901249932,            889P   1145
-3.14159265358979,0.,0.,0.,0.;                                       889P   1146
126,1,1,0,0,1,0,3.2875,3.2875,4.1375,4.1375,1.,1.,10.,               891P   1147
76.7672891567922,-311.219901249932,10.,85.2672891567922,             891P   1148
-311.219901249932,3.2875,4.1375,0.,0.,0.;                            891P   1149
126,1,1,0,0,1,0,5.5375,5.5375,6.3875,6.3875,1.,1.,10.,               893P   1150
121.767289156792,-368.219901249932,10.,130.267289156792,             893P   1151
-368.219901249932,5.5375,6.3875,0.,0.,0.;                            893P   1152
126,4,2,0,0,0,0,-3.14159265358979,-3.14159265358979,                 895P   1153
-3.14159265358979,-1.5707963267949,-1.5707963267949,0.,0.,0.,1.,     895P   1154
0.707106781186559,1.,0.707106781186559,1.,10.,130.267289156792,      895P   1155
-368.219901249932,10.,134.517289156792,-368.219901249932,10.,        895P   1156
134.517289156792,-372.469901249932,10.,134.517289156792,             895P   1157
-376.719901249932,10.,130.267289156792,-376.719901249932,            895P   1158
-3.14159265358979,0.,0.,0.,0.;                                       895P   1159
126,1,1,0,0,1,0,-5.9625,-5.9625,-5.1125,-5.1125,1.,1.,10.,           897P   1160
130.267289156792,-376.719901249932,10.,121.767289156792,             897P   1161
-376.719901249932,-5.9625,-5.1125,0.,0.,0.;                          897P   1162
126,4,2,0,0,0,0,-3.14159265358979,-3.14159265358979,                 899P   1163
-3.14159265358979,-1.5707963267949,-1.5707963267949,0.,0.,0.,1.,     899P   1164
0.707106781186559,1.,0.707106781186559,1.,10.,121.767289156792,      899P   1165
-376.719901249932,10.,117.517289156792,-376.719901249932,10.,        899P   1166
117.517289156792,-372.469901249932,10.,117.517289156792,             899P   1167
-368.219901249932,10.,121.767289156792,-368.219901249932,            899P   1168
-3.14159265358979,0.,0.,0.,0.;                                       899P   1169
126,4,2,0,0,0,0,-3.14159265358979,-3.14159265358979,                 901P   1170
-3.14159265358979,-1.5707963267949,-1.5707963267949,0.,0.,0.,1.,     901P   1171
0.707106781186553,1.,0.707106781186553,1.,10.,-54.7327108432078,     901P   1172
-368.219901249932,10.,-50.4827108432078,-368.219901249932,10.,       901P   1173
-50.4827108432078,-372.469901249932,10.,-50.4827108432078,           901P   1174
-376.719901249932,10.,-54.7327108432078,-376.719901249932,           901P   1175
-3.14159265358979,0.,0.,0.,0.;                                       901P   1176
126,1,1,0,0,1,0,3.2875,3.2875,4.1375,4.1375,1.,1.,10.,               903P   1177
-54.7327108432078,-376.719901249932,10.,-63.2327108432078,           903P   1178
-376.719901249932,3.2875,4.1375,0.,0.,0.;                            903P   1179
126,4,2,0,0,0,0,-3.14159265358979,-3.14159265358979,                 905P   1180
-3.14159265358979,-1.5707963267949,-1.5707963267949,0.,0.,0.,1.,     905P   1181
0.707106781186553,1.,0.707106781186553,1.,10.,-63.2327108432078,     905P   1182
-376.719901249932,10.,-67.4827108432079,-376.719901249932,10.,       905P   1183
-67.4827108432079,-372.469901249932,10.,-67.4827108432079,           905P   1184
-368.219901249932,10.,-63.2327108432078,-368.219901249932,           905P   1185
-3.14159265358979,0.,0.,0.,0.;                                       905P   1186
126,1,1,0,0,1,0,-3.7125,-3.7125,-2.8625,-2.8625,1.,1.,10.,           907P   1187
-63.2327108432078,-368.219901249932,10.,-54.7327108432078,           907P   1188
-368.219901249932,-3.7125,-2.8625,0.,0.,0.;                          907P   1189
126,4,2,0,0,0,0,-3.14159265358979,-3.14159265358979,                 909P   1190
-3.14159265358979,-1.5707963267949,-1.5707963267949,0.,0.,0.,1.,     909P   1191
0.707106781186545,1.,0.707106781186545,1.,10.,-54.7327108432078,     909P   1192
-311.219901249932,10.,-50.4827108432078,-311.219901249932,10.,       909P   1193
-50.4827108432078,-315.469901249932,10.,-50.4827108432078,           909P   1194
-319.719901249932,10.,-54.7327108432078,-319.719901249932,           909P   1195
-3.14159265358979,0.,0.,0.,0.;                                       909P   1196
126,1,1,0,0,1,0,3.2875,3.2875,4.1375,4.1375,1.,1.,10.,               911P   1197
-54.7327108432078,-319.719901249932,10.,-63.2327108432078,           911P   1198
-319.719901249932,3.2875,4.1375,0.,0.,0.;                            911P   1199
126,4,2,0,0,0,0,-3.14159265358979,-3.14159265358979,                 913P   1200
-3.14159265358979,-1.5707963267949,-1.5707963267949,0.,0.,0.,1.,     913P   1201
0.707106781186545,1.,0.707106781186545,1.,10.,-63.2327108432078,     913P   1202
-319.719901249932,10.,-67.4827108432078,-319.719901249932,10.,       913P   1203
-67.4827108432078,-315.469901249932,10.,-67.4827108432078,           913P   1204
-311.219901249932,10.,-63.2327108432078,-311.219901249932,           913P   1205
-3.14159265358979,0.,0.,0.,0.;                                       913P   1206
126,1,1,0,0,1,0,-3.7125,-3.7125,-2.8625,-2.8625,1.,1.,10.,           915P   1207
-63.2327108432078,-311.219901249932,10.,-54.7327108432078,           915P   1208
-311.219901249932,-3.7125,-2.8625,0.,0.,0.;                          915P   1209
126,4,2,0,0,0,0,-3.14159265358979,-3.14159265358979,                 917P   1210
-3.14159265358979,-1.5707963267949,-1.5707963267949,0.,0.,0.,1.,     917P   1211
0.707106781186545,1.,0.707106781186545,1.,10.,130.267289156792,      917P   1212
-311.219901249932,10.,134.517289156792,-311.219901249932,10.,        917P   1213
134.517289156792,-315.469901249932,10.,134.517289156792,             917P   1214
-319.719901249932,10.,130.267289156792,-319.719901249932,            917P   1215
-3.14159265358979,0.,0.,0.,0.;                                       917P   1216
126,1,1,0,0,1,0,-5.9625,-5.9625,-5.1125,-5.1125,1.,1.,10.,           919P   1217
130.267289156792,-319.719901249932,10.,121.767289156792,             919P   1218
-319.719901249932,-5.9625,-5.1125,0.,0.,0.;                          919P   1219
126,4,2,0,0,0,0,-3.14159265358979,-3.14159265358979,                 921P   1220
-3.14159265358979,-1.5707963267949,-1.5707963267949,0.,0.,0.,1.,     921P   1221
0.707106781186545,1.,0.707106781186545,1.,10.,121.767289156792,      921P   1222
-319.719901249932,10.,117.517289156792,-319.719901249932,10.,        921P   1223
117.517289156792,-315.469901249932,10.,117.517289156792,             921P   1224
-311.219901249932,10.,121.767289156792,-311.219901249932,            921P   1225
-3.14159265358979,0.,0.,0.,0.;                                       921P   1226
126,1,1,0,0,1,0,5.5375,5.5375,6.3875,6.3875,1.,1.,10.,               923P   1227
121.767289156792,-311.219901249932,10.,130.267289156792,             923P   1228
-311.219901249932,5.5375,6.3875,0.,0.,0.;                            923P   1229
126,8,2,0,1,0,0,-3.14159265358979,-3.14159265358979,                 925P   1230
-3.14159265358979,-1.5707963267949,-1.5707963267949,0.,0.,           925P   1231
1.5707963267949,1.5707963267949,3.14159265358979,                    925P   1232
3.14159265358979,3.14159265358979,1.,0.707106781186528,1.,           925P   1233
0.707106781186528,1.,0.707106781186528,1.,0.707106781186528,1.,      925P   1234
10.,-19.9077108432079,-360.469901249932,10.,-19.9077108432079,       925P   1235
-357.044901249932,10.,-16.4827108432079,-357.044901249932,10.,       925P   1236
-13.0577108432079,-357.044901249932,10.,-13.0577108432079,           925P   1237
-360.469901249932,10.,-13.0577108432079,-363.894901249932,10.,       925P   1238
-16.4827108432079,-363.894901249932,10.,-19.9077108432079,           925P   1239
-363.894901249932,10.,-19.9077108432079,-360.469901249932,           925P   1240
-3.14159265358979,3.14159265358979,0.,0.,0.;                         925P   1241
126,8,2,0,1,0,0,-3.14159265358979,-3.14159265358979,                 927P   1242
-3.14159265358979,-1.5707963267949,-1.5707963267949,0.,0.,           927P   1243
1.5707963267949,1.5707963267949,3.14159265358979,                    927P   1244
3.14159265358979,3.14159265358979,1.,0.707106781186558,1.,           927P   1245
0.707106781186558,1.,0.707106781186558,1.,0.707106781186558,1.,      927P   1246
10.,-19.9077108432079,-310.469901249932,10.,-19.9077108432079,       927P   1247
-307.044901249932,10.,-16.4827108432079,-307.044901249932,10.,       927P   1248
-13.0577108432079,-307.044901249932,10.,-13.0577108432079,           927P   1249
-310.469901249932,10.,-13.0577108432079,-313.894901249932,10.,       927P   1250
-16.4827108432079,-313.894901249932,10.,-19.9077108432079,           927P   1251
-313.894901249932,10.,-19.9077108432079,-310.469901249932,           927P   1252
-3.14159265358979,3.14159265358979,0.,0.,0.;                         927P   1253
126,8,2,0,1,0,0,-3.14159265358979,-3.14159265358979,                 929P   1254
-3.14159265358979,-1.5707963267949,-1.5707963267949,0.,0.,           929P   1255
1.5707963267949,1.5707963267949,3.14159265358979,                    929P   1256
3.14159265358979,3.14159265358979,1.,0.707106781186527,1.,           929P   1257
0.707106781186531,1.,0.707106781186531,1.,0.707106781186527,1.,      929P   1258
10.,35.0922891567921,-360.469901249932,10.,35.0922891567921,         929P   1259
-357.044901249932,10.,38.5172891567921,-357.044901249932,10.,        929P   1260
41.9422891567921,-357.044901249932,10.,41.9422891567921,             929P   1261
-360.469901249932,10.,41.9422891567921,-363.894901249932,10.,        929P   1262
38.5172891567921,-363.894901249932,10.,35.0922891567921,             929P   1263
-363.894901249932,10.,35.0922891567921,-360.469901249932,            929P   1264
-3.14159265358979,3.14159265358979,0.,0.,0.;                         929P   1265
126,8,2,0,1,0,0,-3.14159265358979,-3.14159265358979,                 931P   1266
-3.14159265358979,-1.5707963267949,-1.5707963267949,0.,0.,           931P   1267
1.5707963267949,1.5707963267949,3.14159265358979,                    931P   1268
3.14159265358979,3.14159265358979,1.,0.707106781186557,1.,           931P   1269
0.707106781186561,1.,0.707106781186561,1.,0.707106781186557,1.,      931P   1270
10.,35.0922891567921,-310.469901249932,10.,35.0922891567921,         931P   1271
-307.044901249932,10.,38.5172891567921,-307.044901249932,10.,        931P   1272
41.9422891567921,-307.044901249932,10.,41.9422891567921,             931P   1273
-310.469901249932,10.,41.9422891567921,-313.894901249932,10.,        931P   1274
38.5172891567921,-313.894901249932,10.,35.0922891567921,             931P   1275
-313.894901249932,10.,35.0922891567921,-310.469901249932,            931P   1276
-3.14159265358979,3.14159265358979,0.,0.,0.;                         931P   1277
126,1,1,0,0,1,0,-1.,-1.,0.,0.,1.,1.,10.,140.017289156792,            933P   1278
130.530098750068,0.,140.017289156792,130.530098750068,-1.,0.,0.,     933P   1279
0.,0.;                                                               933P   1280
126,2,2,0,0,0,0,-0.785398163397453,-0.785398163397453,               935P   1281
-0.785398163397453,0.785398163397448,0.785398163397448,              935P   1282
0.785398163397448,1.,0.707106781186547,1.,0.,140.017289156792,       935P   1283
130.530098750068,0.,140.017289156792,134.530098750068,0.,            935P   1284
136.017289156792,134.530098750068,-0.785398163397453,                935P   1285
0.785398163397448,0.,0.,0.;                                          935P   1286
126,1,1,0,0,1,0,0.,0.,1.,1.,1.,1.,0.,136.017289156792,               937P   1287
134.530098750068,10.,136.017289156792,134.530098750068,0.,1.,0.,     937P   1288
0.,0.;                                                               937P   1289
126,1,1,0,0,1,0,0.,0.,1.,1.,1.,1.,0.,140.017289156792,               939P   1290
-381.469901249932,10.,140.017289156792,-381.469901249932,0.,1.,      939P   1291
0.,0.,0.;                                                            939P   1292
126,1,1,0,0,1,0,0.400000000000002,0.400000000000002,51.6,51.6,       941P   1293
1.,1.,0.,140.017289156792,130.530098750068,0.,140.017289156792,      941P   1294
-381.469901249932,0.400000000000002,51.6,0.,0.,0.;                   941P   1295
126,1,1,0,0,1,0,-1.,-1.,0.,0.,1.,1.,10.,-117.982710843208,           943P   1296
-381.469901249932,0.,-117.982710843208,-381.469901249932,-1.,0.,     943P   1297
0.,0.,0.;                                                            943P   1298
126,2,2,0,0,0,0,-0.785398163397457,-0.785398163397457,               945P   1299
-0.785398163397457,0.78539816339744,0.78539816339744,                945P   1300
0.78539816339744,1.,0.707106781186545,1.,0.,-117.982710843208,       945P   1301
-381.469901249932,0.,-117.982710843208,-385.469901249932,0.,         945P   1302
-113.982710843208,-385.469901249932,-0.785398163397457,              945P   1303
0.78539816339744,0.,0.,0.;                                           945P   1304
126,1,1,0,0,1,0,0.,0.,1.,1.,1.,1.,0.,-113.982710843208,              947P   1305
-385.469901249932,10.,-113.982710843208,-385.469901249932,0.,1.,     947P   1306
0.,0.,0.;                                                            947P   1307
126,1,1,0,0,1,0,0.399999999999999,0.399999999999999,                 949P   1308
15.5925757667392,15.5925757667392,1.,1.,0.,-117.982710843208,        949P   1309
-381.469901249932,0.,-117.982710843208,-229.54414358254,             949P   1310
0.399999999999999,15.5925757667392,0.,0.,0.;                         949P   1311
126,1,1,0,0,1,0,-1.,-1.,0.,0.,1.,1.,10.,136.017289156792,            951P   1312
-385.469901249932,0.,136.017289156792,-385.469901249932,-1.,0.,      951P   1313
0.,0.,0.;                                                            951P   1314
126,2,2,0,0,0,0,-0.78539816339744,-0.78539816339744,                 953P   1315
-0.78539816339744,0.785398163397457,0.785398163397457,               953P   1316
0.785398163397457,1.,0.707106781186545,1.,0.,136.017289156792,       953P   1317
-385.469901249932,0.,140.017289156792,-385.469901249932,0.,          953P   1318
140.017289156792,-381.469901249932,-0.78539816339744,                953P   1319
0.785398163397457,0.,0.,0.;                                          953P   1320
126,1,1,0,0,1,0,0.,0.,9.,9.,1.,1.,0.,-39.982710843208,               955P   1321
-50.4699012499324,0.,50.017289156792,-50.4699012499324,0.,9.,0.,     955P   1322
0.,0.;                                                               955P   1323
126,1,1,0,0,1,0,0.,0.,18.5,18.5,1.,1.,0.,50.017289156792,            957P   1324
-50.4699012499324,0.,50.017289156792,134.530098750068,0.,18.5,       957P   1325
0.,0.,0.;                                                            957P   1326
126,1,1,0,0,1,0,0.,0.,8.6,8.6,1.,1.,0.,50.017289156792,              959P   1327
134.530098750068,0.,136.017289156792,134.530098750068,0.,8.6,0.,     959P   1328
0.,0.;                                                               959P   1329
126,1,1,0,0,1,0,0.399999999999999,0.399999999999999,                 961P   1330
6.59306920480845,6.59306920480845,1.,1.,0.,136.017289156792,         961P   1331
-385.469901249932,0.,74.0865971087078,-385.469901249932,             961P   1332
0.399999999999999,6.59306920480845,0.,0.,0.;                         961P   1333
126,2,2,0,0,0,0,-0.654498469497873,-0.654498469497873,               963P   1334
-0.654498469497873,0.654498469497878,0.654498469497878,              963P   1335
0.654498469497878,1.,0.793353340291222,1.,0.,70.2228938035515,       963P   1336
-382.505177430342,0.,71.0172891567919,-385.469901249932,0.,          963P   1337
74.0865971087078,-385.469901249932,-0.654498469497873,               963P   1338
0.654498469497878,0.,0.,0.;                                          963P   1339
126,1,1,0,0,1,0,-13.9583106442429,-13.9583106442429,                 965P   1340
-12.708675109888,-12.708675109888,1.,1.,0.,70.2228938035515,         965P   1341
-382.505177430342,0.,66.9885990462724,-370.434625069522,             965P   1342
-13.9583106442429,-12.708675109888,0.,0.,0.;                         965P   1343
126,2,2,0,0,0,0,-0.65449846949788,-0.65449846949788,                 967P   1344
-0.65449846949788,0.654498469497872,0.654498469497872,               967P   1345
0.654498469497872,1.,0.793353340291231,1.,0.,63.1248957411161,       967P   1346
-367.469901249932,0.,66.1942036930319,-367.469901249932,0.,          967P   1347
66.9885990462723,-370.434625069522,-0.65449846949788,                967P   1348
0.654498469497872,0.,0.,0.;                                          967P   1349
126,1,1,0,0,1,0,-7.96960638524438,-7.96960638524438,                 969P   1350
2.45191493162041,2.45191493162041,1.,1.,0.,63.1248957411161,         969P   1351
-367.469901249932,0.,-41.0903174275319,-367.469901249932,            969P   1352
-7.96960638524438,2.45191493162041,0.,0.,0.;                         969P   1353
126,2,2,0,0,0,0,-0.654498469497858,-0.654498469497858,               971P   1354
-0.654498469497858,0.654498469497876,0.654498469497876,              971P   1355
0.654498469497876,1.,0.793353340291294,1.,0.,-44.9540207326881,      971P   1356
-370.434625069522,0.,-44.1596253794477,-367.469901249932,0.,         971P   1357
-41.0903174275319,-367.469901249932,-0.654498469497858,              971P   1358
0.654498469497876,0.,0.,0.;                                          971P   1359
126,1,1,0,0,1,0,11.7769265475189,11.7769265475189,                   973P   1360
13.0265620818739,13.0265620818739,1.,1.,0.,-44.9540207326881,        973P   1361
-370.434625069522,0.,-48.1883154899676,-382.505177430343,            973P   1362
11.7769265475189,13.0265620818739,0.,0.,0.;                          973P   1363
126,2,2,0,0,0,0,-0.654498469497874,-0.654498469497874,               975P   1364
-0.654498469497874,0.654498469497856,0.654498469497856,              975P   1365
0.654498469497856,1.,0.793353340291201,1.,0.,-52.0520187951239,      975P   1366
-385.469901249932,0.,-48.9827108432081,-385.469901249932,0.,         975P   1367
-48.1883154899676,-382.505177430343,-0.654498469497874,              975P   1368
0.654498469497856,0.,0.,0.;                                          975P   1369
126,1,1,0,0,1,0,19.2069307951916,19.2069307951916,25.4,25.4,1.,      977P   1370
1.,0.,-52.0520187951239,-385.469901249932,0.,-113.982710843208,      977P   1371
-385.469901249932,19.2069307951916,25.4,0.,0.,0.;                    977P   1372
126,4,2,0,0,0,0,0.,0.,0.,1.5707963267949,1.5707963267949,            979P   1373
3.14159265358979,3.14159265358979,3.14159265358979,1.,               979P   1374
0.707106781186545,1.,0.707106781186545,1.,0.,130.267289156792,       979P   1375
-319.719901249932,0.,134.517289156792,-319.719901249932,0.,          979P   1376
134.517289156792,-315.469901249932,0.,134.517289156792,              979P   1377
-311.219901249932,0.,130.267289156792,-311.219901249932,0.,          979P   1378
3.14159265358979,0.,0.,0.;                                           979P   1379
126,1,1,0,0,1,0,-6.3875,-6.3875,-5.5375,-5.5375,1.,1.,0.,            981P   1380
130.267289156792,-311.219901249932,0.,121.767289156792,              981P   1381
-311.219901249932,-6.3875,-5.5375,0.,0.,0.;                          981P   1382
126,4,2,0,0,0,0,0.,0.,0.,1.5707963267949,1.5707963267949,            983P   1383
3.14159265358979,3.14159265358979,3.14159265358979,1.,               983P   1384
0.707106781186545,1.,0.707106781186545,1.,0.,121.767289156792,       983P   1385
-311.219901249932,0.,117.517289156792,-311.219901249932,0.,          983P   1386
117.517289156792,-315.469901249932,0.,117.517289156792,              983P   1387
-319.719901249932,0.,121.767289156792,-319.719901249932,0.,          983P   1388
3.14159265358979,0.,0.,0.;                                           983P   1389
126,1,1,0,0,1,0,5.1125,5.1125,5.9625,5.9625,1.,1.,0.,                985P   1390
121.767289156792,-319.719901249932,0.,130.267289156792,              985P   1391
-319.719901249932,5.1125,5.9625,0.,0.,0.;                            985P   1392
126,4,2,0,0,0,0,0.,0.,0.,1.5707963267949,1.5707963267949,            987P   1393
3.14159265358979,3.14159265358979,3.14159265358979,1.,               987P   1394
0.707106781186545,1.,0.707106781186545,1.,0.,-54.7327108432078,      987P   1395
-319.719901249932,0.,-50.4827108432078,-319.719901249932,0.,         987P   1396
-50.4827108432078,-315.469901249932,0.,-50.4827108432078,            987P   1397
-311.219901249932,0.,-54.7327108432078,-311.219901249932,0.,         987P   1398
3.14159265358979,0.,0.,0.;                                           987P   1399
126,1,1,0,0,1,0,2.8625,2.8625,3.7125,3.7125,1.,1.,0.,                989P   1400
-54.7327108432078,-311.219901249932,0.,-63.2327108432078,            989P   1401
-311.219901249932,2.8625,3.7125,0.,0.,0.;                            989P   1402
126,4,2,0,0,0,0,0.,0.,0.,1.5707963267949,1.5707963267949,            991P   1403
3.14159265358979,3.14159265358979,3.14159265358979,1.,               991P   1404
0.707106781186545,1.,0.707106781186545,1.,0.,-63.2327108432078,      991P   1405
-311.219901249932,0.,-67.4827108432078,-311.219901249932,0.,         991P   1406
-67.4827108432078,-315.469901249932,0.,-67.4827108432078,            991P   1407
-319.719901249932,0.,-63.2327108432078,-319.719901249932,0.,         991P   1408
3.14159265358979,0.,0.,0.;                                           991P   1409
126,1,1,0,0,1,0,-4.1375,-4.1375,-3.2875,-3.2875,1.,1.,0.,            993P   1410
-63.2327108432078,-319.719901249932,0.,-54.7327108432078,            993P   1411
-319.719901249932,-4.1375,-3.2875,0.,0.,0.;                          993P   1412
126,4,2,0,0,0,0,0.,0.,0.,1.5707963267949,1.5707963267949,            995P   1413
3.14159265358979,3.14159265358979,3.14159265358979,1.,               995P   1414
0.707106781186553,1.,0.707106781186553,1.,0.,-54.7327108432078,      995P   1415
-376.719901249932,0.,-50.4827108432078,-376.719901249932,0.,         995P   1416
-50.4827108432078,-372.469901249932,0.,-50.4827108432078,            995P   1417
-368.219901249932,0.,-54.7327108432078,-368.219901249932,0.,         995P   1418
3.14159265358979,0.,0.,0.;                                           995P   1419
126,1,1,0,0,1,0,2.8625,2.8625,3.7125,3.7125,1.,1.,0.,                997P   1420
-54.7327108432078,-368.219901249932,0.,-63.2327108432078,            997P   1421
-368.219901249932,2.8625,3.7125,0.,0.,0.;                            997P   1422
126,4,2,0,0,0,0,0.,0.,0.,1.5707963267949,1.5707963267949,            999P   1423
3.14159265358979,3.14159265358979,3.14159265358979,1.,               999P   1424
0.707106781186553,1.,0.707106781186553,1.,0.,-63.2327108432078,      999P   1425
-368.219901249932,0.,-67.4827108432079,-368.219901249932,0.,         999P   1426
-67.4827108432079,-372.469901249932,0.,-67.4827108432079,            999P   1427
-376.719901249932,0.,-63.2327108432078,-376.719901249932,0.,         999P   1428
3.14159265358979,0.,0.,0.;                                           999P   1429
126,1,1,0,0,1,0,-4.1375,-4.1375,-3.2875,-3.2875,1.,1.,0.,           1001P   1430
-63.2327108432078,-376.719901249932,0.,-54.7327108432078,           1001P   1431
-376.719901249932,-4.1375,-3.2875,0.,0.,0.;                         1001P   1432
126,1,1,0,0,1,0,-6.3875,-6.3875,-5.5375,-5.5375,1.,1.,0.,           1003P   1433
130.267289156792,-368.219901249932,0.,121.767289156792,             1003P   1434
-368.219901249932,-6.3875,-5.5375,0.,0.,0.;                         1003P   1435
126,4,2,0,0,0,0,0.,0.,0.,1.5707963267949,1.5707963267949,           1005P   1436
3.14159265358979,3.14159265358979,3.14159265358979,1.,              1005P   1437
0.707106781186559,1.,0.707106781186559,1.,0.,121.767289156792,      1005P   1438
-368.219901249932,0.,117.517289156792,-368.219901249932,0.,         1005P   1439
117.517289156792,-372.469901249932,0.,117.517289156792,             1005P   1440
-376.719901249932,0.,121.767289156792,-376.719901249932,0.,         1005P   1441
3.14159265358979,0.,0.,0.;                                          1005P   1442
126,1,1,0,0,1,0,5.1125,5.1125,5.9625,5.9625,1.,1.,0.,               1007P   1443
121.767289156792,-376.719901249932,0.,130.267289156792,             1007P   1444
-376.719901249932,5.1125,5.9625,0.,0.,0.;                           1007P   1445
126,4,2,0,0,0,0,0.,0.,0.,1.5707963267949,1.5707963267949,           1009P   1446
3.14159265358979,3.14159265358979,3.14159265358979,1.,              1009P   1447
0.707106781186559,1.,0.707106781186559,1.,0.,130.267289156792,      1009P   1448
-376.719901249932,0.,134.517289156792,-376.719901249932,0.,         1009P   1449
134.517289156792,-372.469901249932,0.,134.517289156792,             1009P   1450
-368.219901249932,0.,130.267289156792,-368.219901249932,0.,         1009P   1451
3.14159265358979,0.,0.,0.;                                          1009P   1452
126,4,2,0,0,0,0,0.,0.,0.,1.5707963267949,1.5707963267949,           1011P   1453
3.14159265358979,3.14159265358979,3.14159265358979,1.,              1011P   1454
0.707106781186545,1.,0.707106781186545,1.,0.,85.2672891567922,      1011P   1455
-319.719901249932,0.,89.5172891567922,-319.719901249932,0.,         1011P   1456
89.5172891567922,-315.469901249932,0.,89.5172891567922,             1011P   1457
-311.219901249932,0.,85.2672891567922,-311.219901249932,0.,         1011P   1458
3.14159265358979,0.,0.,0.;                                          1011P   1459
126,1,1,0,0,1,0,-4.1375,-4.1375,-3.2875,-3.2875,1.,1.,0.,           1013P   1460
85.2672891567922,-311.219901249932,0.,76.7672891567922,             1013P   1461
-311.219901249932,-4.1375,-3.2875,0.,0.,0.;                         1013P   1462
126,4,2,0,0,0,0,0.,0.,0.,1.5707963267949,1.5707963267949,           1015P   1463
3.14159265358979,3.14159265358979,3.14159265358979,1.,              1015P   1464
0.707106781186545,1.,0.707106781186545,1.,0.,76.7672891567922,      1015P   1465
-311.219901249932,0.,72.5172891567922,-311.219901249932,0.,         1015P   1466
72.5172891567922,-315.469901249932,0.,72.5172891567922,             1015P   1467
-319.719901249932,0.,76.7672891567922,-319.719901249932,0.,         1015P   1468
3.14159265358979,0.,0.,0.;                                          1015P   1469
126,1,1,0,0,1,0,2.8625,2.8625,3.7125,3.7125,1.,1.,0.,               1017P   1470
76.7672891567922,-319.719901249932,0.,85.2672891567922,             1017P   1471
-319.719901249932,2.8625,3.7125,0.,0.,0.;                           1017P   1472
126,1,1,0,0,1,0,-6.3875,-6.3875,-5.5375,-5.5375,1.,1.,0.,           1019P   1473
-108.232710843208,-319.719901249932,0.,-99.7327108432078,           1019P   1474
-319.719901249932,-6.3875,-5.5375,0.,0.,0.;                         1019P   1475
126,4,2,0,0,0,0,0.,0.,0.,1.5707963267949,1.5707963267949,           1021P   1476
3.14159265358979,3.14159265358979,3.14159265358979,1.,              1021P   1477
0.707106781186545,1.,0.707106781186545,1.,0.,-99.7327108432078,     1021P   1478
-319.719901249932,0.,-95.4827108432078,-319.719901249932,0.,        1021P   1479
-95.4827108432078,-315.469901249932,0.,-95.4827108432078,           1021P   1480
-311.219901249932,0.,-99.7327108432078,-311.219901249932,0.,        1021P   1481
3.14159265358979,0.,0.,0.;                                          1021P   1482
126,1,1,0,0,1,0,5.1125,5.1125,5.9625,5.9625,1.,1.,0.,               1023P   1483
-99.7327108432078,-311.219901249932,0.,-108.232710843208,           1023P   1484
-311.219901249932,5.1125,5.9625,0.,0.,0.;                           1023P   1485
126,4,2,0,0,0,0,0.,0.,0.,1.5707963267949,1.5707963267949,           1025P   1486
3.14159265358979,3.14159265358979,3.14159265358979,1.,              1025P   1487
0.707106781186545,1.,0.707106781186545,1.,0.,-108.232710843208,     1025P   1488
-311.219901249932,0.,-112.482710843208,-311.219901249932,0.,        1025P   1489
-112.482710843208,-315.469901249932,0.,-112.482710843208,           1025P   1490
-319.719901249932,0.,-108.232710843208,-319.719901249932,0.,        1025P   1491
3.14159265358979,0.,0.,0.;                                          1025P   1492
126,4,2,0,0,0,0,0.,0.,0.,1.5707963267949,1.5707963267949,           1027P   1493
3.14159265358979,3.14159265358979,3.14159265358979,1.,              1027P   1494
0.707106781186559,1.,0.707106781186559,1.,0.,-99.7327108432078,     1027P   1495
-376.719901249932,0.,-95.4827108432078,-376.719901249932,0.,        1027P   1496
-95.4827108432078,-372.469901249932,0.,-95.4827108432078,           1027P   1497
-368.219901249932,0.,-99.7327108432078,-368.219901249932,0.,        1027P   1498
3.14159265358979,0.,0.,0.;                                          1027P   1499
126,1,1,0,0,1,0,5.1125,5.1125,5.9625,5.9625,1.,1.,0.,               1029P   1500
-99.7327108432078,-368.219901249932,0.,-108.232710843208,           1029P   1501
-368.219901249932,5.1125,5.9625,0.,0.,0.;                           1029P   1502
126,4,2,0,0,0,0,0.,0.,0.,1.5707963267949,1.5707963267949,           1031P   1503
3.14159265358979,3.14159265358979,3.14159265358979,1.,              1031P   1504
0.707106781186559,1.,0.707106781186559,1.,0.,-108.232710843208,     1031P   1505
-368.219901249932,0.,-112.482710843208,-368.219901249932,0.,        1031P   1506
-112.482710843208,-372.469901249932,0.,-112.482710843208,           1031P   1507
-376.719901249932,0.,-108.232710843208,-376.719901249932,0.,        1031P   1508
3.14159265358979,0.,0.,0.;                                          1031P   1509
126,1,1,0,0,1,0,-6.3875,-6.3875,-5.5375,-5.5375,1.,1.,0.,           1033P   1510
-108.232710843208,-376.719901249932,0.,-99.7327108432078,           1033P   1511
-376.719901249932,-6.3875,-5.5375,0.,0.,0.;                         1033P   1512
126,1,1,0,0,1,0,2.8625,2.8625,3.7125,3.7125,1.,1.,0.,               1035P   1513
76.7672891567922,-376.719901249932,0.,85.2672891567922,             1035P   1514
-376.719901249932,2.8625,3.7125,0.,0.,0.;                           1035P   1515
126,4,2,0,0,0,0,0.,0.,0.,1.5707963267949,1.5707963267949,           1037P   1516
3.14159265358979,3.14159265358979,3.14159265358979,1.,              1037P   1517
0.707106781186559,1.,0.707106781186559,1.,0.,85.2672891567922,      1037P   1518
-376.719901249932,0.,89.5172891567922,-376.719901249932,0.,         1037P   1519
89.5172891567922,-372.469901249932,0.,89.5172891567922,             1037P   1520
-368.219901249932,0.,85.2672891567922,-368.219901249932,0.,         1037P   1521
3.14159265358979,0.,0.,0.;                                          1037P   1522
126,1,1,0,0,1,0,-4.1375,-4.1375,-3.2875,-3.2875,1.,1.,0.,           1039P   1523
85.2672891567922,-368.219901249932,0.,76.7672891567922,             1039P   1524
-368.219901249932,-4.1375,-3.2875,0.,0.,0.;                         1039P   1525
126,4,2,0,0,0,0,0.,0.,0.,1.5707963267949,1.5707963267949,           1041P   1526
3.14159265358979,3.14159265358979,3.14159265358979,1.,              1041P   1527
0.707106781186553,1.,0.707106781186553,1.,0.,76.7672891567922,      1041P   1528
-368.219901249932,0.,72.5172891567921,-368.219901249932,0.,         1041P   1529
72.5172891567921,-372.469901249932,0.,72.5172891567921,             1041P   1530
-376.719901249932,0.,76.7672891567922,-376.719901249932,0.,         1041P   1531
3.14159265358979,0.,0.,0.;                                          1041P   1532
126,4,2,0,0,0,0,-3.14159265358979,-3.14159265358979,                1043P   1533
-3.14159265358979,-1.5707963267949,-1.5707963267949,0.,0.,0.,1.,    1043P   1534
0.707106781186545,1.,0.707106781186545,1.,0.,31.0187502621825,      1043P   1535
-119.969901012729,0.,31.0187502621825,-123.469901012729,0.,         1043P   1536
27.5187502621825,-123.469901012729,0.,24.0187502621825,             1043P   1537
-123.469901012729,0.,24.0187502621825,-119.969901012729,            1043P   1538
-3.14159265358979,0.,0.,0.,0.;                                      1043P   1539
126,1,1,0,0,1,0,-0.899999952559353,-0.899999952559353,0.,0.,1.,     1045P   1540
1.,0.,31.0187502621825,-110.969901487136,0.,31.0187502621825,       1045P   1541
-119.969901012729,-0.899999952559353,0.,0.,0.,0.;                   1045P   1542
126,4,2,0,0,0,0,-3.14159265358979,-3.14159265358979,                1047P   1543
-3.14159265358979,-1.5707963267949,-1.5707963267949,0.,0.,0.,1.,    1047P   1544
0.707106781186551,1.,0.70710678118654,1.,0.,24.0187502621825,       1047P   1545
-110.969901487136,0.,24.0187502621825,-107.469901487136,0.,         1047P   1546
27.5187502621825,-107.469901487136,0.,31.0187502621825,             1047P   1547
-107.469901487136,0.,31.0187502621825,-110.969901487136,            1047P   1548
-3.14159265358979,0.,0.,0.,0.;                                      1047P   1549
126,1,1,0,0,1,0,-0.899999952559353,-0.899999952559353,0.,0.,1.,     1049P   1550
1.,0.,24.0187502621825,-119.969901012729,0.,24.0187502621825,       1049P   1551
-110.969901487136,-0.899999952559353,0.,0.,0.,0.;                   1049P   1552
126,4,2,0,0,0,0,-3.14159265358979,-3.14159265358979,                1051P   1553
-3.14159265358979,-1.5707963267949,-1.5707963267949,0.,0.,0.,1.,    1051P   1554
0.707106781186552,1.,0.707106781186552,1.,0.,31.0187502621825,      1051P   1555
-74.9699010127292,0.,31.0187502621825,-78.4699010127292,0.,         1051P   1556
27.5187502621825,-78.4699010127292,0.,24.0187502621825,             1051P   1557
-78.4699010127292,0.,24.0187502621825,-74.9699010127292,            1051P   1558
-3.14159265358979,0.,0.,0.,0.;                                      1051P   1559
126,1,1,0,0,1,0,-0.899999952559355,-0.899999952559355,0.,0.,1.,     1053P   1560
1.,0.,31.0187502621825,-65.9699014871356,0.,31.0187502621825,       1053P   1561
-74.9699010127292,-0.899999952559355,0.,0.,0.,0.;                   1053P   1562
126,4,2,0,0,0,0,-3.14159265358979,-3.14159265358979,                1055P   1563
-3.14159265358979,-1.5707963267949,-1.5707963267949,0.,0.,0.,1.,    1055P   1564
0.707106781186543,1.,0.707106781186547,1.,0.,24.0187502621825,      1055P   1565
-65.9699014871356,0.,24.0187502621825,-62.4699014871356,0.,         1055P   1566
27.5187502621825,-62.4699014871356,0.,31.0187502621825,             1055P   1567
-62.4699014871356,0.,31.0187502621825,-65.9699014871356,            1055P   1568
-3.14159265358979,0.,0.,0.,0.;                                      1055P   1569
126,1,1,0,0,1,0,-0.899999952559355,-0.899999952559355,0.,0.,1.,     1057P   1570
1.,0.,24.0187502621825,-74.9699010127292,0.,24.0187502621825,       1057P   1571
-65.9699014871356,-0.899999952559355,0.,0.,0.,0.;                   1057P   1572
126,4,2,0,0,0,0,-3.14159265358979,-3.14159265358979,                1059P   1573
-3.14159265358979,-1.5707963267949,-1.5707963267949,0.,0.,0.,1.,    1059P   1574
0.707106781186545,1.,0.707106781186545,1.,0.,-13.9812497378175,     1059P   1575
-119.969901012729,0.,-13.9812497378175,-123.469901012729,0.,        1059P   1576
-17.4812497378175,-123.469901012729,0.,-20.9812497378175,           1059P   1577
-123.469901012729,0.,-20.9812497378175,-119.969901012729,           1059P   1578
-3.14159265358979,0.,0.,0.,0.;                                      1059P   1579
126,1,1,0,0,1,0,-0.899999952559353,-0.899999952559353,0.,0.,1.,     1061P   1580
1.,0.,-13.9812497378175,-110.969901487136,0.,-13.9812497378175,     1061P   1581
-119.969901012729,-0.899999952559353,0.,0.,0.,0.;                   1061P   1582
126,4,2,0,0,0,0,-3.14159265358979,-3.14159265358979,                1063P   1583
-3.14159265358979,-1.5707963267949,-1.5707963267949,0.,0.,0.,1.,    1063P   1584
0.70710678118655,1.,0.707106781186556,1.,0.,-20.9812497378175,      1063P   1585
-110.969901487136,0.,-20.9812497378175,-107.469901487136,0.,        1063P   1586
-17.4812497378175,-107.469901487136,0.,-13.9812497378175,           1063P   1587
-107.469901487136,0.,-13.9812497378175,-110.969901487136,           1063P   1588
-3.14159265358979,0.,0.,0.,0.;                                      1063P   1589
126,1,1,0,0,1,0,-0.899999952559353,-0.899999952559353,0.,0.,1.,     1065P   1590
1.,0.,-20.9812497378175,-119.969901012729,0.,-20.9812497378175,     1065P   1591
-110.969901487136,-0.899999952559353,0.,0.,0.,0.;                   1065P   1592
126,4,2,0,0,0,0,-3.14159265358979,-3.14159265358979,                1067P   1593
-3.14159265358979,-1.5707963267949,-1.5707963267949,0.,0.,0.,1.,    1067P   1594
0.707106781186552,1.,0.707106781186552,1.,0.,-20.9812497378175,     1067P   1595
-65.9699014871356,0.,-20.9812497378175,-62.4699014871356,0.,        1067P   1596
-17.4812497378175,-62.4699014871356,0.,-13.9812497378175,           1067P   1597
-62.4699014871356,0.,-13.9812497378175,-65.9699014871356,           1067P   1598
-3.14159265358979,0.,0.,0.,0.;                                      1067P   1599
126,1,1,0,0,1,0,-0.899999952559355,-0.899999952559355,0.,0.,1.,     1069P   1600
1.,0.,-20.9812497378175,-74.9699010127292,0.,-20.9812497378175,     1069P   1601
-65.9699014871356,-0.899999952559355,0.,0.,0.,0.;                   1069P   1602
126,4,2,0,0,0,0,-3.14159265358979,-3.14159265358979,                1071P   1603
-3.14159265358979,-1.5707963267949,-1.5707963267949,0.,0.,0.,1.,    1071P   1604
0.707106781186552,1.,0.707106781186552,1.,0.,-13.9812497378175,     1071P   1605
-74.9699010127292,0.,-13.9812497378175,-78.4699010127292,0.,        1071P   1606
-17.4812497378175,-78.4699010127292,0.,-20.9812497378175,           1071P   1607
-78.4699010127292,0.,-20.9812497378175,-74.9699010127292,           1071P   1608
-3.14159265358979,0.,0.,0.,0.;                                      1071P   1609
126,1,1,0,0,1,0,-0.899999952559355,-0.899999952559355,0.,0.,1.,     1073P   1610
1.,0.,-13.9812497378175,-65.9699014871356,0.,-13.9812497378175,     1073P   1611
-74.9699010127292,-0.899999952559355,0.,0.,0.,0.;                   1073P   1612
126,8,2,0,1,0,0,-3.14159265358979,-3.14159265358979,                1075P   1613
-3.14159265358979,-1.5707963267949,-1.5707963267949,0.,0.,          1075P   1614
1.5707963267949,1.5707963267949,3.14159265358979,                   1075P   1615
3.14159265358979,3.14159265358979,1.,0.707106781186559,1.,          1075P   1616
0.707106781186559,1.,0.707106781186559,1.,0.707106781186559,1.,     1075P   1617
0.,113.867289156792,-120.469901249932,0.,113.867289156792,          1075P   1618
-117.069901249932,0.,117.267289156792,-117.069901249932,0.,         1075P   1619
120.667289156792,-117.069901249932,0.,120.667289156792,             1075P   1620
-120.469901249932,0.,120.667289156792,-123.869901249932,0.,         1075P   1621
117.267289156792,-123.869901249932,0.,113.867289156792,             1075P   1622
-123.869901249932,0.,113.867289156792,-120.469901249932,            1075P   1623
-3.14159265358979,3.14159265358979,0.,0.,0.;                        1075P   1624
126,8,2,0,1,0,0,-3.14159265358979,-3.14159265358979,                1077P   1625
-3.14159265358979,-1.5707963267949,-1.5707963267949,0.,0.,          1077P   1626
1.5707963267949,1.5707963267949,3.14159265358979,                   1077P   1627
3.14159265358979,3.14159265358979,1.,0.707106781186549,1.,          1077P   1628
0.707106781186549,1.,0.707106781186549,1.,0.707106781186549,1.,     1077P   1629
0.,68.867289156792,-75.4699012499324,0.,68.867289156792,            1077P   1630
-72.0699012499324,0.,72.267289156792,-72.0699012499324,0.,          1077P   1631
75.667289156792,-72.0699012499324,0.,75.667289156792,               1077P   1632
-75.4699012499324,0.,75.667289156792,-78.8699012499324,0.,          1077P   1633
72.267289156792,-78.8699012499324,0.,68.867289156792,               1077P   1634
-78.8699012499324,0.,68.867289156792,-75.4699012499324,             1077P   1635
-3.14159265358979,3.14159265358979,0.,0.,0.;                        1077P   1636
126,4,2,0,0,0,0,-3.14159265358979,-3.14159265358979,                1079P   1637
-3.14159265358979,-1.5707963267949,-1.5707963267949,0.,0.,0.,1.,    1079P   1638
0.707106781186543,1.,0.707106781186543,1.,0.,68.7687502621824,      1079P   1639
115.530098445092,0.,68.7687502621824,119.030098445092,0.,           1079P   1640
72.2687502621824,119.030098445092,0.,75.7687502621824,              1079P   1641
119.030098445092,0.,75.7687502621824,115.530098445092,              1079P   1642
-3.14159265358979,0.,0.,0.,0.;                                      1079P   1643
126,1,1,0,0,1,0,-0.339887797181468,-0.339887797181468,0.,0.,1.,     1081P   1644
1.,0.,68.7687502621824,112.131220473277,0.,68.7687502621824,        1081P   1645
115.530098445092,-0.339887797181468,0.,0.,0.,0.;                    1081P   1646
126,2,2,0,0,0,0,-3.17048859557274,-3.17048859557274,                1083P   1647
-3.17048859557274,-3.11269671160685,-3.11269671160685,              1083P   1648
-3.11269671160685,1.,0.999582541316826,1.,0.,68.7687502621824,      1083P   1649
111.928977026858,0.,68.7658274411954,112.030098750068,0.,           1083P   1650
68.7687502621824,112.131220473277,-3.17048859557274,                1083P   1651
-3.11269671160685,0.,0.,0.;                                         1083P   1652
126,1,1,0,0,1,0,-0.699999939004883,-0.699999939004883,              1085P   1653
-0.360112141823414,-0.360112141823414,1.,1.,0.,68.7687502621824,    1085P   1654
108.530099055043,0.,68.7687502621824,111.928977026858,              1085P   1655
-0.699999939004883,-0.360112141823414,0.,0.,0.;                     1085P   1656
126,4,2,0,0,0,0,-3.14159265358979,-3.14159265358979,                1087P   1657
-3.14159265358979,-1.5707963267949,-1.5707963267949,0.,0.,0.,1.,    1087P   1658
0.707106781186543,1.,0.707106781186543,1.,0.,75.7687502621824,      1087P   1659
108.530099055043,0.,75.7687502621824,105.030099055043,0.,           1087P   1660
72.2687502621824,105.030099055043,0.,68.7687502621824,              1087P   1661
105.030099055043,0.,68.7687502621824,108.530099055043,              1087P   1662
-3.14159265358979,0.,0.,0.,0.;                                      1087P   1663
126,1,1,0,0,1,0,-0.699999939004883,-0.699999939004883,0.,0.,1.,     1089P   1664
1.,0.,75.7687502621824,115.530098445092,0.,75.7687502621824,        1089P   1665
108.530099055043,-0.699999939004883,0.,0.,0.,0.;                    1089P   1666
126,1,1,0,0,1,0,-0.699999939004883,-0.699999939004883,0.,0.,1.,     1091P   1667
1.,0.,75.7687502621824,25.530098445092,0.,75.7687502621824,         1091P   1668
18.5300990550432,-0.699999939004883,0.,0.,0.,0.;                    1091P   1669
126,4,2,0,0,0,0,-3.14159265358979,-3.14159265358979,                1093P   1670
-3.14159265358979,-1.5707963267949,-1.5707963267949,0.,0.,0.,1.,    1093P   1671
0.707106781186547,1.,0.707106781186547,1.,0.,68.7687502621824,      1093P   1672
25.530098445092,0.,68.7687502621824,29.030098445092,0.,             1093P   1673
72.2687502621824,29.030098445092,0.,75.7687502621824,               1093P   1674
29.030098445092,0.,75.7687502621824,25.530098445092,                1093P   1675
-3.14159265358979,0.,0.,0.,0.;                                      1093P   1676
126,1,1,0,0,1,0,-0.339887797181469,-0.339887797181469,0.,0.,1.,     1095P   1677
1.,0.,68.7687502621824,22.1312204732773,0.,68.7687502621824,        1095P   1678
25.530098445092,-0.339887797181469,0.,0.,0.,0.;                     1095P   1679
126,2,2,0,0,0,0,-3.17048859557274,-3.17048859557274,                1097P   1680
-3.17048859557274,-3.11269671160685,-3.11269671160685,              1097P   1681
-3.11269671160685,1.,0.999582541316826,1.,0.,68.7687502621824,      1097P   1682
21.9289770268579,0.,68.7658274411954,22.0300987500676,0.,           1097P   1683
68.7687502621824,22.1312204732773,-3.17048859557274,                1097P   1684
-3.11269671160685,0.,0.,0.;                                         1097P   1685
126,1,1,0,0,1,0,-0.699999939004883,-0.699999939004883,              1099P   1686
-0.360112141823414,-0.360112141823414,1.,1.,0.,68.7687502621824,    1099P   1687
18.5300990550432,0.,68.7687502621824,21.9289770268579,              1099P   1688
-0.699999939004883,-0.360112141823414,0.,0.,0.;                     1099P   1689
126,4,2,0,0,0,0,-3.14159265358979,-3.14159265358979,                1101P   1690
-3.14159265358979,-1.5707963267949,-1.5707963267949,0.,0.,0.,1.,    1101P   1691
0.707106781186545,1.,0.707106781186545,1.,0.,75.7687502621824,      1101P   1692
18.5300990550432,0.,75.7687502621824,15.0300990550432,0.,           1101P   1693
72.2687502621824,15.0300990550432,0.,68.7687502621824,              1101P   1694
15.0300990550432,0.,68.7687502621824,18.5300990550432,              1101P   1695
-3.14159265358979,0.,0.,0.,0.;                                      1101P   1696
126,1,1,0,0,1,0,-0.699999939004883,-0.699999939004883,0.,0.,1.,     1103P   1697
1.,0.,120.768750262182,115.530098445092,0.,120.768750262182,        1103P   1698
108.530099055043,-0.699999939004883,0.,0.,0.,0.;                    1103P   1699
126,4,2,0,0,0,0,-3.14159265358979,-3.14159265358979,                1105P   1700
-3.14159265358979,-1.5707963267949,-1.5707963267949,0.,0.,0.,1.,    1105P   1701
0.707106781186543,1.,0.707106781186543,1.,0.,113.768750262182,      1105P   1702
115.530098445092,0.,113.768750262182,119.030098445092,0.,           1105P   1703
117.268750262182,119.030098445092,0.,120.768750262182,              1105P   1704
119.030098445092,0.,120.768750262182,115.530098445092,              1105P   1705
-3.14159265358979,0.,0.,0.,0.;                                      1105P   1706
126,1,1,0,0,1,0,-0.339887797181454,-0.339887797181454,0.,0.,1.,     1107P   1707
1.,0.,113.768750262182,112.131220473277,0.,113.768750262182,        1107P   1708
115.530098445092,-0.339887797181454,0.,0.,0.,0.;                    1107P   1709
126,2,2,0,0,0,0,-3.17048859557278,-3.17048859557278,                1109P   1710
-3.17048859557278,-3.11269671160681,-3.11269671160681,              1109P   1711
-3.11269671160681,1.,0.999582541322902,1.,0.,113.768750262182,      1109P   1712
111.928977026858,0.,113.765827441195,112.030098750068,0.,           1109P   1713
113.768750262182,112.131220473277,-3.17048859557278,                1109P   1714
-3.11269671160681,0.,0.,0.;                                         1109P   1715
126,1,1,0,0,1,0,-0.699999939004883,-0.699999939004883,              1111P   1716
-0.360112141823429,-0.360112141823429,1.,1.,0.,113.768750262182,    1111P   1717
108.530099055043,0.,113.768750262182,111.928977026858,              1111P   1718
-0.699999939004883,-0.360112141823429,0.,0.,0.;                     1111P   1719
126,4,2,0,0,0,0,-3.14159265358979,-3.14159265358979,                1113P   1720
-3.14159265358979,-1.5707963267949,-1.5707963267949,0.,0.,0.,1.,    1113P   1721
0.707106781186543,1.,0.707106781186543,1.,0.,120.768750262182,      1113P   1722
108.530099055043,0.,120.768750262182,105.030099055043,0.,           1113P   1723
117.268750262182,105.030099055043,0.,113.768750262182,              1113P   1724
105.030099055043,0.,113.768750262182,108.530099055043,              1113P   1725
-3.14159265358979,0.,0.,0.,0.;                                      1113P   1726
126,8,2,0,1,0,0,-3.14159265358979,-3.14159265358979,                1115P   1727
-3.14159265358979,-1.5707963267949,-1.5707963267949,0.,0.,          1115P   1728
1.5707963267949,1.5707963267949,3.14159265358979,                   1115P   1729
3.14159265358979,3.14159265358979,1.,0.707106781186543,1.,          1115P   1730
0.707106781186543,1.,0.707106781186543,1.,0.707106781186543,1.,     1115P   1731
0.,68.867289156792,-120.469901249932,0.,68.867289156792,            1115P   1732
-117.069901249932,0.,72.267289156792,-117.069901249932,0.,          1115P   1733
75.667289156792,-117.069901249932,0.,75.667289156792,               1115P   1734
-120.469901249932,0.,75.667289156792,-123.869901249932,0.,          1115P   1735
72.267289156792,-123.869901249932,0.,68.867289156792,               1115P   1736
-123.869901249932,0.,68.867289156792,-120.469901249932,             1115P   1737
-3.14159265358979,3.14159265358979,0.,0.,0.;                        1115P   1738
126,1,1,0,0,1,0,-0.699999939004883,-0.699999939004883,0.,0.,1.,     1117P   1739
1.,0.,75.7687502621824,70.530098445092,0.,75.7687502621824,         1117P   1740
63.5300990550432,-0.699999939004883,0.,0.,0.,0.;                    1117P   1741
126,4,2,0,0,0,0,-3.14159265358979,-3.14159265358979,                1119P   1742
-3.14159265358979,-1.5707963267949,-1.5707963267949,0.,0.,0.,1.,    1119P   1743
0.707106781186543,1.,0.707106781186543,1.,0.,68.7687502621824,      1119P   1744
70.530098445092,0.,68.7687502621824,74.030098445092,0.,             1119P   1745
72.2687502621824,74.030098445092,0.,75.7687502621824,               1119P   1746
74.030098445092,0.,75.7687502621824,70.530098445092,                1119P   1747
-3.14159265358979,0.,0.,0.,0.;                                      1119P   1748
126,1,1,0,0,1,0,-0.339887797181468,-0.339887797181468,0.,0.,1.,     1121P   1749
1.,0.,68.7687502621824,67.1312204732774,0.,68.7687502621824,        1121P   1750
70.530098445092,-0.339887797181468,0.,0.,0.,0.;                     1121P   1751
126,2,2,0,0,0,0,-3.17048859557274,-3.17048859557274,                1123P   1752
-3.17048859557274,-3.11269671160685,-3.11269671160685,              1123P   1753
-3.11269671160685,1.,0.999582541316826,1.,0.,68.7687502621824,      1123P   1754
66.9289770268579,0.,68.7658274411954,67.0300987500676,0.,           1123P   1755
68.7687502621824,67.1312204732774,-3.17048859557274,                1123P   1756
-3.11269671160685,0.,0.,0.;                                         1123P   1757
126,1,1,0,0,1,0,-0.699999939004883,-0.699999939004883,              1125P   1758
-0.360112141823414,-0.360112141823414,1.,1.,0.,68.7687502621824,    1125P   1759
63.5300990550432,0.,68.7687502621824,66.9289770268579,              1125P   1760
-0.699999939004883,-0.360112141823414,0.,0.,0.;                     1125P   1761
126,4,2,0,0,0,0,-3.14159265358979,-3.14159265358979,                1127P   1762
-3.14159265358979,-1.5707963267949,-1.5707963267949,0.,0.,0.,1.,    1127P   1763
0.707106781186543,1.,0.707106781186543,1.,0.,75.7687502621824,      1127P   1764
63.5300990550432,0.,75.7687502621824,60.0300990550432,0.,           1127P   1765
72.2687502621824,60.0300990550432,0.,68.7687502621824,              1127P   1766
60.0300990550432,0.,68.7687502621824,63.5300990550432,              1127P   1767
-3.14159265358979,0.,0.,0.,0.;                                      1127P   1768
126,1,1,0,0,1,0,-0.699999939004883,-0.699999939004883,0.,0.,1.,     1129P   1769
1.,0.,120.768750262182,70.530098445092,0.,120.768750262182,         1129P   1770
63.5300990550432,-0.699999939004883,0.,0.,0.,0.;                    1129P   1771
126,4,2,0,0,0,0,-3.14159265358979,-3.14159265358979,                1131P   1772
-3.14159265358979,-1.5707963267949,-1.5707963267949,0.,0.,0.,1.,    1131P   1773
0.707106781186543,1.,0.707106781186543,1.,0.,113.768750262182,      1131P   1774
70.530098445092,0.,113.768750262182,74.030098445092,0.,             1131P   1775
117.268750262182,74.030098445092,0.,120.768750262182,               1131P   1776
74.030098445092,0.,120.768750262182,70.530098445092,                1131P   1777
-3.14159265358979,0.,0.,0.,0.;                                      1131P   1778
126,1,1,0,0,1,0,-0.339887797181453,-0.339887797181453,0.,0.,1.,     1133P   1779
1.,0.,113.768750262182,67.1312204732775,0.,113.768750262182,        1133P   1780
70.530098445092,-0.339887797181453,0.,0.,0.,0.;                     1133P   1781
126,2,2,0,0,0,0,-3.17048859557278,-3.17048859557278,                1135P   1782
-3.17048859557278,-3.11269671160681,-3.11269671160681,              1135P   1783
-3.11269671160681,1.,0.999582541322902,1.,0.,113.768750262182,      1135P   1784
66.9289770268578,0.,113.765827441195,67.0300987500676,0.,           1135P   1785
113.768750262182,67.1312204732775,-3.17048859557278,                1135P   1786
-3.11269671160681,0.,0.,0.;                                         1135P   1787
126,1,1,0,0,1,0,-0.699999939004883,-0.699999939004883,              1137P   1788
-0.360112141823429,-0.360112141823429,1.,1.,0.,113.768750262182,    1137P   1789
63.5300990550432,0.,113.768750262182,66.9289770268577,              1137P   1790
-0.699999939004883,-0.360112141823429,0.,0.,0.;                     1137P   1791
126,4,2,0,0,0,0,-3.14159265358979,-3.14159265358979,                1139P   1792
-3.14159265358979,-1.5707963267949,-1.5707963267949,0.,0.,0.,1.,    1139P   1793
0.707106781186543,1.,0.707106781186543,1.,0.,120.768750262182,      1139P   1794
63.5300990550432,0.,120.768750262182,60.0300990550432,0.,           1139P   1795
117.268750262182,60.0300990550432,0.,113.768750262182,              1139P   1796
60.0300990550432,0.,113.768750262182,63.5300990550432,              1139P   1797
-3.14159265358979,0.,0.,0.,0.;                                      1139P   1798
126,8,2,0,1,0,0,-3.14159265358979,-3.14159265358979,                1141P   1799
-3.14159265358979,-1.5707963267949,-1.5707963267949,0.,0.,          1141P   1800
1.5707963267949,1.5707963267949,3.14159265358979,                   1141P   1801
3.14159265358979,3.14159265358979,1.,0.707106781186552,1.,          1141P   1802
0.707106781186552,1.,0.707106781186552,1.,0.707106781186552,1.,     1141P   1803
0.,113.867289156792,-75.4699012499324,0.,113.867289156792,          1141P   1804
-72.0699012499324,0.,117.267289156792,-72.0699012499324,0.,         1141P   1805
120.667289156792,-72.0699012499324,0.,120.667289156792,             1141P   1806
-75.4699012499324,0.,120.667289156792,-78.8699012499324,0.,         1141P   1807
117.267289156792,-78.8699012499324,0.,113.867289156792,             1141P   1808
-78.8699012499324,0.,113.867289156792,-75.4699012499324,            1141P   1809
-3.14159265358979,3.14159265358979,0.,0.,0.;                        1141P   1810
126,8,2,0,1,0,0,-3.14159265358979,-3.14159265358979,                1143P   1811
-3.14159265358979,-1.5707963267949,-1.5707963267949,0.,0.,          1143P   1812
1.5707963267949,1.5707963267949,3.14159265358979,                   1143P   1813
3.14159265358979,3.14159265358979,1.,0.707106781186544,1.,          1143P   1814
0.707106781186544,1.,0.707106781186544,1.,0.707106781186544,1.,     1143P   1815
0.,113.867289156792,-165.469901249932,0.,113.867289156792,          1143P   1816
-162.069901249932,0.,117.267289156792,-162.069901249932,0.,         1143P   1817
120.667289156792,-162.069901249932,0.,120.667289156792,             1143P   1818
-165.469901249932,0.,120.667289156792,-168.869901249932,0.,         1143P   1819
117.267289156792,-168.869901249932,0.,113.867289156792,             1143P   1820
-168.869901249932,0.,113.867289156792,-165.469901249932,            1143P   1821
-3.14159265358979,3.14159265358979,0.,0.,0.;                        1143P   1822
126,8,2,0,1,0,0,-3.14159265358979,-3.14159265358979,                1145P   1823
-3.14159265358979,-1.5707963267949,-1.5707963267949,0.,0.,          1145P   1824
1.5707963267949,1.5707963267949,3.14159265358979,                   1145P   1825
3.14159265358979,3.14159265358979,1.,0.707106781186539,1.,          1145P   1826
0.707106781186539,1.,0.707106781186539,1.,0.707106781186539,1.,     1145P   1827
0.,68.867289156792,-165.469901249932,0.,68.867289156792,            1145P   1828
-162.069901249932,0.,72.267289156792,-162.069901249932,0.,          1145P   1829
75.667289156792,-162.069901249932,0.,75.667289156792,               1145P   1830
-165.469901249932,0.,75.667289156792,-168.869901249932,0.,          1145P   1831
72.267289156792,-168.869901249932,0.,68.867289156792,               1145P   1832
-168.869901249932,0.,68.867289156792,-165.469901249932,             1145P   1833
-3.14159265358979,3.14159265358979,0.,0.,0.;                        1145P   1834
126,8,2,0,1,0,0,-3.14159265358979,-3.14159265358979,                1147P   1835
-3.14159265358979,-1.5707963267949,-1.5707963267949,0.,0.,          1147P   1836
1.5707963267949,1.5707963267949,3.14159265358979,                   1147P   1837
3.14159265358979,3.14159265358979,1.,0.707106781186544,1.,          1147P   1838
0.707106781186544,1.,0.707106781186544,1.,0.707106781186544,1.,     1147P   1839
0.,113.867289156792,-210.469901249932,0.,113.867289156792,          1147P   1840
-207.069901249932,0.,117.267289156792,-207.069901249932,0.,         1147P   1841
120.667289156792,-207.069901249932,0.,120.667289156792,             1147P   1842
-210.469901249932,0.,120.667289156792,-213.869901249932,0.,         1147P   1843
117.267289156792,-213.869901249932,0.,113.867289156792,             1147P   1844
-213.869901249932,0.,113.867289156792,-210.469901249932,            1147P   1845
-3.14159265358979,3.14159265358979,0.,0.,0.;                        1147P   1846
126,8,2,0,1,0,0,-3.14159265358979,-3.14159265358979,                1149P   1847
-3.14159265358979,-1.5707963267949,-1.5707963267949,0.,0.,          1149P   1848
1.5707963267949,1.5707963267949,3.14159265358979,                   1149P   1849
3.14159265358979,3.14159265358979,1.,0.707106781186539,1.,          1149P   1850
0.707106781186539,1.,0.707106781186539,1.,0.707106781186539,1.,     1149P   1851
0.,68.867289156792,-210.469901249932,0.,68.867289156792,            1149P   1852
-207.069901249932,0.,72.267289156792,-207.069901249932,0.,          1149P   1853
75.667289156792,-207.069901249932,0.,75.667289156792,               1149P   1854
-210.469901249932,0.,75.667289156792,-213.869901249932,0.,          1149P   1855
72.267289156792,-213.869901249932,0.,68.867289156792,               1149P   1856
-213.869901249932,0.,68.867289156792,-210.469901249932,             1149P   1857
-3.14159265358979,3.14159265358979,0.,0.,0.;                        1149P   1858
126,8,2,0,1,0,0,-3.14159265358979,-3.14159265358979,                1151P   1859
-3.14159265358979,-1.5707963267949,-1.5707963267949,0.,0.,          1151P   1860
1.5707963267949,1.5707963267949,3.14159265358979,                   1151P   1861
3.14159265358979,3.14159265358979,1.,0.707106781186544,1.,          1151P   1862
0.707106781186544,1.,0.707106781186544,1.,0.707106781186544,1.,     1151P   1863
0.,113.867289156792,-255.469901249932,0.,113.867289156792,          1151P   1864
-252.069901249932,0.,117.267289156792,-252.069901249932,0.,         1151P   1865
120.667289156792,-252.069901249932,0.,120.667289156792,             1151P   1866
-255.469901249932,0.,120.667289156792,-258.869901249932,0.,         1151P   1867
117.267289156792,-258.869901249932,0.,113.867289156792,             1151P   1868
-258.869901249932,0.,113.867289156792,-255.469901249932,            1151P   1869
-3.14159265358979,3.14159265358979,0.,0.,0.;                        1151P   1870
126,8,2,0,1,0,0,-3.14159265358979,-3.14159265358979,                1153P   1871
-3.14159265358979,-1.5707963267949,-1.5707963267949,0.,0.,          1153P   1872
1.5707963267949,1.5707963267949,3.14159265358979,                   1153P   1873
3.14159265358979,3.14159265358979,1.,0.707106781186539,1.,          1153P   1874
0.707106781186539,1.,0.707106781186539,1.,0.707106781186539,1.,     1153P   1875
0.,68.867289156792,-255.469901249932,0.,68.867289156792,            1153P   1876
-252.069901249932,0.,72.267289156792,-252.069901249932,0.,          1153P   1877
75.667289156792,-252.069901249932,0.,75.667289156792,               1153P   1878
-255.469901249932,0.,75.667289156792,-258.869901249932,0.,          1153P   1879
72.267289156792,-258.869901249932,0.,68.867289156792,               1153P   1880
-258.869901249932,0.,68.867289156792,-255.469901249932,             1153P   1881
-3.14159265358979,3.14159265358979,0.,0.,0.;                        1153P   1882
126,1,1,0,0,1,0,-0.699999939004883,-0.699999939004883,0.,0.,1.,     1155P   1883
1.,0.,75.7687502621824,-19.469901554908,0.,75.7687502621824,        1155P   1884
-26.4699009449568,-0.699999939004883,0.,0.,0.,0.;                   1155P   1885
126,4,2,0,0,0,0,-3.14159265358979,-3.14159265358979,                1157P   1886
-3.14159265358979,-1.5707963267949,-1.5707963267949,0.,0.,0.,1.,    1157P   1887
0.707106781186545,1.,0.707106781186545,1.,0.,68.7687502621824,      1157P   1888
-19.469901554908,0.,68.7687502621824,-15.969901554908,0.,           1157P   1889
72.2687502621824,-15.969901554908,0.,75.7687502621824,              1157P   1890
-15.969901554908,0.,75.7687502621824,-19.469901554908,              1157P   1891
-3.14159265358979,0.,0.,0.,0.;                                      1157P   1892
126,1,1,0,0,1,0,-0.339887797181469,-0.339887797181469,0.,0.,1.,     1159P   1893
1.,0.,68.7687502621824,-22.8687795267227,0.,68.7687502621824,       1159P   1894
-19.469901554908,-0.339887797181469,0.,0.,0.,0.;                    1159P   1895
126,2,2,0,0,0,0,-3.17048859557274,-3.17048859557274,                1161P   1896
-3.17048859557274,-3.11269671160685,-3.11269671160685,              1161P   1897
-3.11269671160685,1.,0.999582541316826,1.,0.,68.7687502621824,      1161P   1898
-23.0710229731421,0.,68.7658274411954,-22.9699012499324,0.,         1161P   1899
68.7687502621824,-22.8687795267227,-3.17048859557274,               1161P   1900
-3.11269671160685,0.,0.,0.;                                         1161P   1901
126,1,1,0,0,1,0,-0.699999939004883,-0.699999939004883,              1163P   1902
-0.360112141823414,-0.360112141823414,1.,1.,0.,68.7687502621824,    1163P   1903
-26.4699009449568,0.,68.7687502621824,-23.0710229731421,            1163P   1904
-0.699999939004883,-0.360112141823414,0.,0.,0.;                     1163P   1905
126,4,2,0,0,0,0,-3.14159265358979,-3.14159265358979,                1165P   1906
-3.14159265358979,-1.5707963267949,-1.5707963267949,0.,0.,0.,1.,    1165P   1907
0.707106781186547,1.,0.707106781186547,1.,0.,75.7687502621824,      1165P   1908
-26.4699009449568,0.,75.7687502621824,-29.9699009449568,0.,         1165P   1909
72.2687502621824,-29.9699009449568,0.,68.7687502621824,             1165P   1910
-29.9699009449568,0.,68.7687502621824,-26.4699009449568,            1165P   1911
-3.14159265358979,0.,0.,0.,0.;                                      1165P   1912
126,1,1,0,0,1,0,-0.699999939004883,-0.699999939004883,0.,0.,1.,     1167P   1913
1.,0.,120.768750262182,25.530098445092,0.,120.768750262182,         1167P   1914
18.5300990550432,-0.699999939004883,0.,0.,0.,0.;                    1167P   1915
126,4,2,0,0,0,0,-3.14159265358979,-3.14159265358979,                1169P   1916
-3.14159265358979,-1.5707963267949,-1.5707963267949,0.,0.,0.,1.,    1169P   1917
0.707106781186547,1.,0.707106781186547,1.,0.,113.768750262182,      1169P   1918
25.530098445092,0.,113.768750262182,29.030098445092,0.,             1169P   1919
117.268750262182,29.030098445092,0.,120.768750262182,               1169P   1920
29.030098445092,0.,120.768750262182,25.530098445092,                1169P   1921
-3.14159265358979,0.,0.,0.,0.;                                      1169P   1922
126,1,1,0,0,1,0,-0.339887797181454,-0.339887797181454,0.,0.,1.,     1171P   1923
1.,0.,113.768750262182,22.1312204732775,0.,113.768750262182,        1171P   1924
25.530098445092,-0.339887797181454,0.,0.,0.,0.;                     1171P   1925
126,2,2,0,0,0,0,-3.17048859557278,-3.17048859557278,                1173P   1926
-3.17048859557278,-3.11269671160681,-3.11269671160681,              1173P   1927
-3.11269671160681,1.,0.999582541322902,1.,0.,113.768750262182,      1173P   1928
21.9289770268577,0.,113.765827441195,22.0300987500676,0.,           1173P   1929
113.768750262182,22.1312204732775,-3.17048859557278,                1173P   1930
-3.11269671160681,0.,0.,0.;                                         1173P   1931
126,1,1,0,0,1,0,-0.699999939004883,-0.699999939004883,              1175P   1932
-0.360112141823429,-0.360112141823429,1.,1.,0.,113.768750262182,    1175P   1933
18.5300990550432,0.,113.768750262182,21.9289770268577,              1175P   1934
-0.699999939004883,-0.360112141823429,0.,0.,0.;                     1175P   1935
126,4,2,0,0,0,0,-3.14159265358979,-3.14159265358979,                1177P   1936
-3.14159265358979,-1.5707963267949,-1.5707963267949,0.,0.,0.,1.,    1177P   1937
0.707106781186545,1.,0.707106781186545,1.,0.,120.768750262182,      1177P   1938
18.5300990550432,0.,120.768750262182,15.0300990550432,0.,           1177P   1939
117.268750262182,15.0300990550432,0.,113.768750262182,              1177P   1940
15.0300990550432,0.,113.768750262182,18.5300990550432,              1177P   1941
-3.14159265358979,0.,0.,0.,0.;                                      1177P   1942
126,1,1,0,0,1,0,-0.699999939004883,-0.699999939004883,0.,0.,1.,     1179P   1943
1.,0.,120.768750262182,-19.469901554908,0.,120.768750262182,        1179P   1944
-26.4699009449568,-0.699999939004883,0.,0.,0.,0.;                   1179P   1945
126,4,2,0,0,0,0,-3.14159265358979,-3.14159265358979,                1181P   1946
-3.14159265358979,-1.5707963267949,-1.5707963267949,0.,0.,0.,1.,    1181P   1947
0.707106781186545,1.,0.707106781186545,1.,0.,113.768750262182,      1181P   1948
-19.469901554908,0.,113.768750262182,-15.969901554908,0.,           1181P   1949
117.268750262182,-15.969901554908,0.,120.768750262182,              1181P   1950
-15.969901554908,0.,120.768750262182,-19.469901554908,              1181P   1951
-3.14159265358979,0.,0.,0.,0.;                                      1181P   1952
126,1,1,0,0,1,0,-0.339887797181454,-0.339887797181454,0.,0.,1.,     1183P   1953
1.,0.,113.768750262182,-22.8687795267225,0.,113.768750262182,       1183P   1954
-19.469901554908,-0.339887797181454,0.,0.,0.,0.;                    1183P   1955
126,2,2,0,0,0,0,-3.17048859557278,-3.17048859557278,                1185P   1956
-3.17048859557278,-3.11269671160681,-3.11269671160681,              1185P   1957
-3.11269671160681,1.,0.999582541322902,1.,0.,113.768750262182,      1185P   1958
-23.0710229731423,0.,113.765827441195,-22.9699012499324,0.,         1185P   1959
113.768750262182,-22.8687795267225,-3.17048859557278,               1185P   1960
-3.11269671160681,0.,0.,0.;                                         1185P   1961
126,1,1,0,0,1,0,-0.699999939004883,-0.699999939004883,              1187P   1962
-0.360112141823429,-0.360112141823429,1.,1.,0.,113.768750262182,    1187P   1963
-26.4699009449568,0.,113.768750262182,-23.0710229731423,            1187P   1964
-0.699999939004883,-0.360112141823429,0.,0.,0.;                     1187P   1965
126,4,2,0,0,0,0,-3.14159265358979,-3.14159265358979,                1189P   1966
-3.14159265358979,-1.5707963267949,-1.5707963267949,0.,0.,0.,1.,    1189P   1967
0.707106781186547,1.,0.707106781186547,1.,0.,120.768750262182,      1189P   1968
-26.4699009449568,0.,120.768750262182,-29.9699009449568,0.,         1189P   1969
117.268750262182,-29.9699009449568,0.,113.768750262182,             1189P   1970
-29.9699009449568,0.,113.768750262182,-26.4699009449568,            1189P   1971
-3.14159265358979,0.,0.,0.,0.;                                      1189P   1972
126,8,2,0,1,0,0,-3.14159265358979,-3.14159265358979,                1191P   1973
-3.14159265358979,-1.5707963267949,-1.5707963267949,0.,0.,          1191P   1974
1.5707963267949,1.5707963267949,3.14159265358979,                   1191P   1975
3.14159265358979,3.14159265358979,1.,0.707106781186528,1.,          1191P   1976
0.707106781186528,1.,0.707106781186528,1.,0.707106781186528,1.,     1191P   1977
0.,-19.9077108432079,-360.469901249932,0.,-19.9077108432079,        1191P   1978
-363.894901249932,0.,-16.4827108432079,-363.894901249932,0.,        1191P   1979
-13.0577108432079,-363.894901249932,0.,-13.0577108432079,           1191P   1980
-360.469901249932,0.,-13.0577108432079,-357.044901249932,0.,        1191P   1981
-16.4827108432079,-357.044901249932,0.,-19.9077108432079,           1191P   1982
-357.044901249932,0.,-19.9077108432079,-360.469901249932,           1191P   1983
-3.14159265358979,3.14159265358979,0.,0.,0.;                        1191P   1984
126,8,2,0,1,0,0,-3.14159265358979,-3.14159265358979,                1193P   1985
-3.14159265358979,-1.5707963267949,-1.5707963267949,0.,0.,          1193P   1986
1.5707963267949,1.5707963267949,3.14159265358979,                   1193P   1987
3.14159265358979,3.14159265358979,1.,0.707106781186558,1.,          1193P   1988
0.707106781186558,1.,0.707106781186558,1.,0.707106781186558,1.,     1193P   1989
0.,-19.9077108432079,-310.469901249932,0.,-19.9077108432079,        1193P   1990
-313.894901249932,0.,-16.4827108432079,-313.894901249932,0.,        1193P   1991
-13.0577108432079,-313.894901249932,0.,-13.0577108432079,           1193P   1992
-310.469901249932,0.,-13.0577108432079,-307.044901249932,0.,        1193P   1993
-16.4827108432079,-307.044901249932,0.,-19.9077108432079,           1193P   1994
-307.044901249932,0.,-19.9077108432079,-310.469901249932,           1193P   1995
-3.14159265358979,3.14159265358979,0.,0.,0.;                        1193P   1996
126,8,2,0,1,0,0,-3.14159265358979,-3.14159265358979,                1195P   1997
-3.14159265358979,-1.5707963267949,-1.5707963267949,0.,0.,          1195P   1998
1.5707963267949,1.5707963267949,3.14159265358979,                   1195P   1999
3.14159265358979,3.14159265358979,1.,0.707106781186527,1.,          1195P   2000
0.707106781186531,1.,0.707106781186531,1.,0.707106781186527,1.,     1195P   2001
0.,35.0922891567921,-360.469901249932,0.,35.0922891567921,          1195P   2002
-363.894901249932,0.,38.5172891567921,-363.894901249932,0.,         1195P   2003
41.9422891567921,-363.894901249932,0.,41.9422891567921,             1195P   2004
-360.469901249932,0.,41.9422891567921,-357.044901249932,0.,         1195P   2005
38.5172891567921,-357.044901249932,0.,35.0922891567921,             1195P   2006
-357.044901249932,0.,35.0922891567921,-360.469901249932,            1195P   2007
-3.14159265358979,3.14159265358979,0.,0.,0.;                        1195P   2008
126,8,2,0,1,0,0,-3.14159265358979,-3.14159265358979,                1197P   2009
-3.14159265358979,-1.5707963267949,-1.5707963267949,0.,0.,          1197P   2010
1.5707963267949,1.5707963267949,3.14159265358979,                   1197P   2011
3.14159265358979,3.14159265358979,1.,0.707106781186557,1.,          1197P   2012
0.707106781186561,1.,0.707106781186561,1.,0.707106781186557,1.,     1197P   2013
0.,35.0922891567921,-310.469901249932,0.,35.0922891567921,          1197P   2014
-313.894901249932,0.,38.5172891567921,-313.894901249932,0.,         1197P   2015
41.9422891567921,-313.894901249932,0.,41.9422891567921,             1197P   2016
-310.469901249932,0.,41.9422891567921,-307.044901249932,0.,         1197P   2017
38.5172891567921,-307.044901249932,0.,35.0922891567921,             1197P   2018
-307.044901249932,0.,35.0922891567921,-310.469901249932,            1197P   2019
-3.14159265358979,3.14159265358979,0.,0.,0.;                        1197P   2020
126,1,1,0,0,1,0,0.,0.,1.,1.,1.,1.,10.,-44.9540207326881,            1199P   2021
-370.434625069522,0.,-44.9540207326881,-370.434625069522,0.,1.,     1199P   2022
0.,0.,0.;                                                           1199P   2023
126,1,1,0,0,1,0,-1.,-1.,0.,0.,1.,1.,0.,-41.0903174275319,           1201P   2024
-367.469901249932,10.,-41.0903174275319,-367.469901249932,-1.,      1201P   2025
0.,0.,0.,0.;                                                        1201P   2026
126,1,1,0,0,1,0,-0.5,-0.5,0.5,0.5,1.,1.,0.,-48.1883154899676,       1203P   2027
-382.505177430343,10.,-48.1883154899676,-382.505177430343,-0.5,     1203P   2028
0.5,0.,0.,0.;                                                       1203P   2029
126,1,1,0,0,1,0,0.,0.,1.,1.,1.,1.,10.,63.1248957411161,             1205P   2030
-367.469901249932,0.,63.1248957411161,-367.469901249932,0.,1.,      1205P   2031
0.,0.,0.;                                                           1205P   2032
126,1,1,0,0,1,0,-1.,-1.,0.,0.,1.,1.,0.,66.9885990462724,            1207P   2033
-370.434625069522,10.,66.9885990462724,-370.434625069522,-1.,0.,    1207P   2034
0.,0.,0.;                                                           1207P   2035
126,1,1,0,0,1,0,-0.5,-0.5,0.5,0.5,1.,1.,0.,74.0865971087078,        1209P   2036
-385.469901249932,10.,74.0865971087078,-385.469901249932,-0.5,      1209P   2037
0.5,0.,0.,0.;                                                       1209P   2038
126,1,1,0,0,1,0,-0.5,-0.5,0.5,0.5,1.,1.,10.,70.2228938035515,       1211P   2039
-382.505177430342,0.,70.2228938035515,-382.505177430342,-0.5,       1211P   2040
0.5,0.,0.,0.;                                                       1211P   2041
126,1,1,0,0,1,0,-0.5,-0.5,0.5,0.5,1.,1.,10.,-52.0520187951239,      1213P   2042
-385.469901249932,0.,-52.0520187951239,-385.469901249932,-0.5,      1213P   2043
0.5,0.,0.,0.;                                                       1213P   2044
126,1,1,0,0,1,0,0.,0.,2.91970802919707,2.91970802919707,1.,1.,      1215P   2045
10.,35.0922891567921,-310.469901249932,0.,35.0922891567921,         1215P   2046
-310.469901249932,0.,2.91970802919707,0.,0.,0.;                     1215P   2047
126,1,1,0,0,1,0,0.,0.,2.91970802919707,2.91970802919707,1.,1.,      1217P   2048
10.,35.0922891567921,-360.469901249932,0.,35.0922891567921,         1217P   2049
-360.469901249932,0.,2.91970802919707,0.,0.,0.;                     1217P   2050
126,1,1,0,0,1,0,0.,0.,2.91970802919707,2.91970802919707,1.,1.,      1219P   2051
10.,-19.9077108432079,-310.469901249932,0.,-19.9077108432079,       1219P   2052
-310.469901249932,0.,2.91970802919707,0.,0.,0.;                     1219P   2053
126,1,1,0,0,1,0,0.,0.,2.91970802919707,2.91970802919707,1.,1.,      1221P   2054
10.,-19.9077108432079,-360.469901249932,0.,-19.9077108432079,       1221P   2055
-360.469901249932,0.,2.91970802919707,0.,0.,0.;                     1221P   2056
126,1,1,0,0,1,0,0.,0.,1.,1.,1.,1.,10.,121.767289156792,             1223P   2057
-311.219901249932,0.,121.767289156792,-311.219901249932,0.,1.,      1223P   2058
0.,0.,0.;                                                           1223P   2059
126,1,1,0,0,1,0,0.,0.,1.,1.,1.,1.,10.,121.767289156792,             1225P   2060
-319.719901249932,0.,121.767289156792,-319.719901249932,0.,1.,      1225P   2061
0.,0.,0.;                                                           1225P   2062
126,1,1,0,0,1,0,0.,0.,1.,1.,1.,1.,10.,130.267289156792,             1227P   2063
-319.719901249932,0.,130.267289156792,-319.719901249932,0.,1.,      1227P   2064
0.,0.,0.;                                                           1227P   2065
126,1,1,0,0,1,0,0.,0.,1.,1.,1.,1.,10.,130.267289156792,             1229P   2066
-311.219901249932,0.,130.267289156792,-311.219901249932,0.,1.,      1229P   2067
0.,0.,0.;                                                           1229P   2068
126,1,1,0,0,1,0,0.,0.,1.,1.,1.,1.,10.,-63.2327108432078,            1231P   2069
-311.219901249932,0.,-63.2327108432078,-311.219901249932,0.,1.,     1231P   2070
0.,0.,0.;                                                           1231P   2071
126,1,1,0,0,1,0,0.,0.,1.,1.,1.,1.,10.,-63.2327108432078,            1233P   2072
-319.719901249932,0.,-63.2327108432078,-319.719901249932,0.,1.,     1233P   2073
0.,0.,0.;                                                           1233P   2074
126,1,1,0,0,1,0,0.,0.,1.,1.,1.,1.,10.,-54.7327108432078,            1235P   2075
-319.719901249932,0.,-54.7327108432078,-319.719901249932,0.,1.,     1235P   2076
0.,0.,0.;                                                           1235P   2077
126,1,1,0,0,1,0,0.,0.,1.,1.,1.,1.,10.,-54.7327108432078,            1237P   2078
-311.219901249932,0.,-54.7327108432078,-311.219901249932,0.,1.,     1237P   2079
0.,0.,0.;                                                           1237P   2080
126,1,1,0,0,1,0,0.,0.,1.,1.,1.,1.,10.,-63.2327108432078,            1239P   2081
-368.219901249932,0.,-63.2327108432078,-368.219901249932,0.,1.,     1239P   2082
0.,0.,0.;                                                           1239P   2083
126,1,1,0,0,1,0,0.,0.,1.,1.,1.,1.,10.,-63.2327108432078,            1241P   2084
-376.719901249932,0.,-63.2327108432078,-376.719901249932,0.,1.,     1241P   2085
0.,0.,0.;                                                           1241P   2086
126,1,1,0,0,1,0,0.,0.,1.,1.,1.,1.,10.,-54.7327108432078,            1243P   2087
-376.719901249932,0.,-54.7327108432078,-376.719901249932,0.,1.,     1243P   2088
0.,0.,0.;                                                           1243P   2089
126,1,1,0,0,1,0,0.,0.,1.,1.,1.,1.,10.,-54.7327108432078,            1245P   2090
-368.219901249932,0.,-54.7327108432078,-368.219901249932,0.,1.,     1245P   2091
0.,0.,0.;                                                           1245P   2092
126,1,1,0,0,1,0,0.,0.,1.,1.,1.,1.,10.,121.767289156792,             1247P   2093
-376.719901249932,0.,121.767289156792,-376.719901249932,0.,1.,      1247P   2094
0.,0.,0.;                                                           1247P   2095
126,1,1,0,0,1,0,0.,0.,1.,1.,1.,1.,10.,130.267289156792,             1249P   2096
-376.719901249932,0.,130.267289156792,-376.719901249932,0.,1.,      1249P   2097
0.,0.,0.;                                                           1249P   2098
126,1,1,0,0,1,0,0.,0.,1.,1.,1.,1.,10.,130.267289156792,             1251P   2099
-368.219901249932,0.,130.267289156792,-368.219901249932,0.,1.,      1251P   2100
0.,0.,0.;                                                           1251P   2101
126,1,1,0,0,1,0,0.,0.,1.,1.,1.,1.,10.,121.767289156792,             1253P   2102
-368.219901249932,0.,121.767289156792,-368.219901249932,0.,1.,      1253P   2103
0.,0.,0.;                                                           1253P   2104
126,1,1,0,0,1,0,0.,0.,1.,1.,1.,1.,10.,76.7672891567922,             1255P   2105
-311.219901249932,0.,76.7672891567922,-311.219901249932,0.,1.,      1255P   2106
0.,0.,0.;                                                           1255P   2107
126,1,1,0,0,1,0,0.,0.,1.,1.,1.,1.,10.,76.7672891567922,             1257P   2108
-319.719901249932,0.,76.7672891567922,-319.719901249932,0.,1.,      1257P   2109
0.,0.,0.;                                                           1257P   2110
126,1,1,0,0,1,0,0.,0.,1.,1.,1.,1.,10.,85.2672891567922,             1259P   2111
-319.719901249932,0.,85.2672891567922,-319.719901249932,0.,1.,      1259P   2112
0.,0.,0.;                                                           1259P   2113
126,1,1,0,0,1,0,0.,0.,1.,1.,1.,1.,10.,85.2672891567922,             1261P   2114
-311.219901249932,0.,85.2672891567922,-311.219901249932,0.,1.,      1261P   2115
0.,0.,0.;                                                           1261P   2116
126,1,1,0,0,1,0,0.,0.,1.,1.,1.,1.,10.,-99.7327108432078,            1263P   2117
-311.219901249932,0.,-99.7327108432078,-311.219901249932,0.,1.,     1263P   2118
0.,0.,0.;                                                           1263P   2119
126,1,1,0,0,1,0,0.,0.,1.,1.,1.,1.,10.,-108.232710843208,            1265P   2120
-311.219901249932,0.,-108.232710843208,-311.219901249932,0.,1.,     1265P   2121
0.,0.,0.;                                                           1265P   2122
126,1,1,0,0,1,0,0.,0.,1.,1.,1.,1.,10.,-108.232710843208,            1267P   2123
-319.719901249932,0.,-108.232710843208,-319.719901249932,0.,1.,     1267P   2124
0.,0.,0.;                                                           1267P   2125
126,1,1,0,0,1,0,0.,0.,1.,1.,1.,1.,10.,-99.7327108432078,            1269P   2126
-319.719901249932,0.,-99.7327108432078,-319.719901249932,0.,1.,     1269P   2127
0.,0.,0.;                                                           1269P   2128
126,1,1,0,0,1,0,0.,0.,1.,1.,1.,1.,10.,-108.232710843208,            1271P   2129
-368.219901249932,0.,-108.232710843208,-368.219901249932,0.,1.,     1271P   2130
0.,0.,0.;                                                           1271P   2131
126,1,1,0,0,1,0,0.,0.,1.,1.,1.,1.,10.,-108.232710843208,            1273P   2132
-376.719901249932,0.,-108.232710843208,-376.719901249932,0.,1.,     1273P   2133
0.,0.,0.;                                                           1273P   2134
126,1,1,0,0,1,0,0.,0.,1.,1.,1.,1.,10.,-99.7327108432078,            1275P   2135
-376.719901249932,0.,-99.7327108432078,-376.719901249932,0.,1.,     1275P   2136
0.,0.,0.;                                                           1275P   2137
126,1,1,0,0,1,0,0.,0.,1.,1.,1.,1.,10.,-99.7327108432078,            1277P   2138
-368.219901249932,0.,-99.7327108432078,-368.219901249932,0.,1.,     1277P   2139
0.,0.,0.;                                                           1277P   2140
126,1,1,0,0,1,0,0.,0.,1.,1.,1.,1.,10.,85.2672891567922,             1279P   2141
-368.219901249932,0.,85.2672891567922,-368.219901249932,0.,1.,      1279P   2142
0.,0.,0.;                                                           1279P   2143
126,1,1,0,0,1,0,0.,0.,1.,1.,1.,1.,10.,76.7672891567922,             1281P   2144
-368.219901249932,0.,76.7672891567922,-368.219901249932,0.,1.,      1281P   2145
0.,0.,0.;                                                           1281P   2146
126,1,1,0,0,1,0,0.,0.,1.,1.,1.,1.,10.,76.7672891567922,             1283P   2147
-376.719901249932,0.,76.7672891567922,-376.719901249932,0.,1.,      1283P   2148
0.,0.,0.;                                                           1283P   2149
126,1,1,0,0,1,0,0.,0.,1.,1.,1.,1.,10.,85.2672891567922,             1285P   2150
-376.719901249932,0.,85.2672891567922,-376.719901249932,0.,1.,      1285P   2151
0.,0.,0.;                                                           1285P   2152
126,1,1,0,0,1,0,0.,0.,1.,1.,1.,1.,0.,120.768750262182,              1287P   2153
-19.469901554908,10.,120.768750262182,-19.469901554908,0.,1.,0.,    1287P   2154
0.,0.;                                                              1287P   2155
126,1,1,0,0,1,0,0.,0.,1.,1.,1.,1.,0.,113.768750262182,              1289P   2156
-19.469901554908,10.,113.768750262182,-19.469901554908,0.,1.,0.,    1289P   2157
0.,0.;                                                              1289P   2158
126,1,1,0,0,1,0,0.,0.,1.,1.,1.,1.,0.,113.768750262182,              1291P   2159
-22.8687795267225,10.,113.768750262182,-22.8687795267225,0.,1.,     1291P   2160
0.,0.,0.;                                                           1291P   2161
126,1,1,0,0,1,0,0.,0.,1.,1.,1.,1.,0.,113.768750262182,              1293P   2162
-23.0710229731423,10.,113.768750262182,-23.0710229731423,0.,1.,     1293P   2163
0.,0.,0.;                                                           1293P   2164
126,1,1,0,0,1,0,0.,0.,1.,1.,1.,1.,0.,113.768750262182,              1295P   2165
-26.4699009449568,10.,113.768750262182,-26.4699009449568,0.,1.,     1295P   2166
0.,0.,0.;                                                           1295P   2167
126,1,1,0,0,1,0,0.,0.,1.,1.,1.,1.,0.,120.768750262182,              1297P   2168
-26.4699009449568,10.,120.768750262182,-26.4699009449568,0.,1.,     1297P   2169
0.,0.,0.;                                                           1297P   2170
126,1,1,0,0,1,0,0.,0.,1.,1.,1.,1.,0.,120.768750262182,              1299P   2171
25.530098445092,10.,120.768750262182,25.530098445092,0.,1.,0.,      1299P   2172
0.,0.;                                                              1299P   2173
126,1,1,0,0,1,0,0.,0.,1.,1.,1.,1.,0.,113.768750262182,              1301P   2174
25.530098445092,10.,113.768750262182,25.530098445092,0.,1.,0.,      1301P   2175
0.,0.;                                                              1301P   2176
126,1,1,0,0,1,0,0.,0.,1.,1.,1.,1.,0.,113.768750262182,              1303P   2177
22.1312204732775,10.,113.768750262182,22.1312204732775,0.,1.,0.,    1303P   2178
0.,0.;                                                              1303P   2179
126,1,1,0,0,1,0,0.,0.,1.,1.,1.,1.,0.,113.768750262182,              1305P   2180
21.9289770268577,10.,113.768750262182,21.9289770268577,0.,1.,0.,    1305P   2181
0.,0.;                                                              1305P   2182
126,1,1,0,0,1,0,0.,0.,1.,1.,1.,1.,0.,113.768750262182,              1307P   2183
18.5300990550432,10.,113.768750262182,18.5300990550432,0.,1.,0.,    1307P   2184
0.,0.;                                                              1307P   2185
126,1,1,0,0,1,0,0.,0.,1.,1.,1.,1.,0.,120.768750262182,              1309P   2186
18.5300990550432,10.,120.768750262182,18.5300990550432,0.,1.,0.,    1309P   2187
0.,0.;                                                              1309P   2188
126,1,1,0,0,1,0,0.,0.,1.,1.,1.,1.,0.,75.7687502621824,              1311P   2189
-19.469901554908,10.,75.7687502621824,-19.469901554908,0.,1.,0.,    1311P   2190
0.,0.;                                                              1311P   2191
126,1,1,0,0,1,0,0.,0.,1.,1.,1.,1.,0.,68.7687502621824,              1313P   2192
-19.469901554908,10.,68.7687502621824,-19.469901554908,0.,1.,0.,    1313P   2193
0.,0.;                                                              1313P   2194
126,1,1,0,0,1,0,0.,0.,1.,1.,1.,1.,0.,68.7687502621824,              1315P   2195
-22.8687795267227,10.,68.7687502621824,-22.8687795267227,0.,1.,     1315P   2196
0.,0.,0.;                                                           1315P   2197
126,1,1,0,0,1,0,0.,0.,1.,1.,1.,1.,0.,68.7687502621824,              1317P   2198
-23.0710229731421,10.,68.7687502621824,-23.0710229731421,0.,1.,     1317P   2199
0.,0.,0.;                                                           1317P   2200
126,1,1,0,0,1,0,0.,0.,1.,1.,1.,1.,0.,68.7687502621824,              1319P   2201
-26.4699009449568,10.,68.7687502621824,-26.4699009449568,0.,1.,     1319P   2202
0.,0.,0.;                                                           1319P   2203
126,1,1,0,0,1,0,0.,0.,1.,1.,1.,1.,0.,75.7687502621824,              1321P   2204
-26.4699009449568,10.,75.7687502621824,-26.4699009449568,0.,1.,     1321P   2205
0.,0.,0.;                                                           1321P   2206
126,1,1,0,0,1,0,-2.94117647058823,-2.94117647058823,0.,0.,1.,1.,    1323P   2207
10.,68.867289156792,-255.469901249932,0.,68.867289156792,           1323P   2208
-255.469901249932,-2.94117647058823,0.,0.,0.,0.;                    1323P   2209
126,1,1,0,0,1,0,-2.94117647058824,-2.94117647058824,0.,0.,1.,1.,    1325P   2210
10.,113.867289156792,-255.469901249932,0.,113.867289156792,         1325P   2211
-255.469901249932,-2.94117647058824,0.,0.,0.,0.;                    1325P   2212
126,1,1,0,0,1,0,-2.94117647058823,-2.94117647058823,0.,0.,1.,1.,    1327P   2213
10.,68.867289156792,-210.469901249932,0.,68.867289156792,           1327P   2214
-210.469901249932,-2.94117647058823,0.,0.,0.,0.;                    1327P   2215
126,1,1,0,0,1,0,-2.94117647058824,-2.94117647058824,0.,0.,1.,1.,    1329P   2216
10.,113.867289156792,-210.469901249932,0.,113.867289156792,         1329P   2217
-210.469901249932,-2.94117647058824,0.,0.,0.,0.;                    1329P   2218
126,1,1,0,0,1,0,-2.94117647058823,-2.94117647058823,0.,0.,1.,1.,    1331P   2219
10.,68.867289156792,-165.469901249932,0.,68.867289156792,           1331P   2220
-165.469901249932,-2.94117647058823,0.,0.,0.,0.;                    1331P   2221
126,1,1,0,0,1,0,-2.94117647058824,-2.94117647058824,0.,0.,1.,1.,    1333P   2222
10.,113.867289156792,-165.469901249932,0.,113.867289156792,         1333P   2223
-165.469901249932,-2.94117647058824,0.,0.,0.,0.;                    1333P   2224
126,1,1,0,0,1,0,-2.94117647058824,-2.94117647058824,0.,0.,1.,1.,    1335P   2225
10.,113.867289156792,-75.4699012499324,0.,113.867289156792,         1335P   2226
-75.4699012499324,-2.94117647058824,0.,0.,0.,0.;                    1335P   2227
126,1,1,0,0,1,0,0.,0.,1.,1.,1.,1.,0.,120.768750262182,              1337P   2228
70.530098445092,10.,120.768750262182,70.530098445092,0.,1.,0.,      1337P   2229
0.,0.;                                                              1337P   2230
126,1,1,0,0,1,0,0.,0.,1.,1.,1.,1.,0.,113.768750262182,              1339P   2231
70.530098445092,10.,113.768750262182,70.530098445092,0.,1.,0.,      1339P   2232
0.,0.;                                                              1339P   2233
126,1,1,0,0,1,0,0.,0.,1.,1.,1.,1.,0.,113.768750262182,              1341P   2234
67.1312204732775,10.,113.768750262182,67.1312204732775,0.,1.,0.,    1341P   2235
0.,0.;                                                              1341P   2236
126,1,1,0,0,1,0,0.,0.,1.,1.,1.,1.,0.,113.768750262182,              1343P   2237
66.9289770268577,10.,113.768750262182,66.9289770268577,0.,1.,0.,    1343P   2238
0.,0.;                                                              1343P   2239
126,1,1,0,0,1,0,0.,0.,1.,1.,1.,1.,0.,113.768750262182,              1345P   2240
63.5300990550432,10.,113.768750262182,63.5300990550432,0.,1.,0.,    1345P   2241
0.,0.;                                                              1345P   2242
126,1,1,0,0,1,0,0.,0.,1.,1.,1.,1.,0.,120.768750262182,              1347P   2243
63.5300990550432,10.,120.768750262182,63.5300990550432,0.,1.,0.,    1347P   2244
0.,0.;                                                              1347P   2245
126,1,1,0,0,1,0,0.,0.,1.,1.,1.,1.,0.,75.7687502621824,              1349P   2246
70.530098445092,10.,75.7687502621824,70.530098445092,0.,1.,0.,      1349P   2247
0.,0.;                                                              1349P   2248
126,1,1,0,0,1,0,0.,0.,1.,1.,1.,1.,0.,68.7687502621824,              1351P   2249
70.530098445092,10.,68.7687502621824,70.530098445092,0.,1.,0.,      1351P   2250
0.,0.;                                                              1351P   2251
126,1,1,0,0,1,0,0.,0.,1.,1.,1.,1.,0.,68.7687502621824,              1353P   2252
67.1312204732774,10.,68.7687502621824,67.1312204732774,0.,1.,0.,    1353P   2253
0.,0.;                                                              1353P   2254
126,1,1,0,0,1,0,0.,0.,1.,1.,1.,1.,0.,68.7687502621824,              1355P   2255
66.9289770268579,10.,68.7687502621824,66.9289770268579,0.,1.,0.,    1355P   2256
0.,0.;                                                              1355P   2257
126,1,1,0,0,1,0,0.,0.,1.,1.,1.,1.,0.,68.7687502621824,              1357P   2258
63.5300990550432,10.,68.7687502621824,63.5300990550432,0.,1.,0.,    1357P   2259
0.,0.;                                                              1357P   2260
126,1,1,0,0,1,0,0.,0.,1.,1.,1.,1.,0.,75.7687502621824,              1359P   2261
63.5300990550432,10.,75.7687502621824,63.5300990550432,0.,1.,0.,    1359P   2262
0.,0.;                                                              1359P   2263
126,1,1,0,0,1,0,-2.94117647058823,-2.94117647058823,0.,0.,1.,1.,    1361P   2264
10.,68.867289156792,-120.469901249932,0.,68.867289156792,           1361P   2265
-120.469901249932,-2.94117647058823,0.,0.,0.,0.;                    1361P   2266
126,1,1,0,0,1,0,0.,0.,1.,1.,1.,1.,0.,120.768750262182,              1363P   2267
115.530098445092,10.,120.768750262182,115.530098445092,0.,1.,0.,    1363P   2268
0.,0.;                                                              1363P   2269
126,1,1,0,0,1,0,0.,0.,1.,1.,1.,1.,0.,113.768750262182,              1365P   2270
115.530098445092,10.,113.768750262182,115.530098445092,0.,1.,0.,    1365P   2271
0.,0.;                                                              1365P   2272
126,1,1,0,0,1,0,0.,0.,1.,1.,1.,1.,0.,113.768750262182,              1367P   2273
112.131220473277,10.,113.768750262182,112.131220473277,0.,1.,0.,    1367P   2274
0.,0.;                                                              1367P   2275
126,1,1,0,0,1,0,0.,0.,1.,1.,1.,1.,0.,113.768750262182,              1369P   2276
111.928977026858,10.,113.768750262182,111.928977026858,0.,1.,0.,    1369P   2277
0.,0.;                                                              1369P   2278
126,1,1,0,0,1,0,0.,0.,1.,1.,1.,1.,0.,113.768750262182,              1371P   2279
108.530099055043,10.,113.768750262182,108.530099055043,0.,1.,0.,    1371P   2280
0.,0.;                                                              1371P   2281
126,1,1,0,0,1,0,0.,0.,1.,1.,1.,1.,0.,120.768750262182,              1373P   2282
108.530099055043,10.,120.768750262182,108.530099055043,0.,1.,0.,    1373P   2283
0.,0.;                                                              1373P   2284
126,1,1,0,0,1,0,0.,0.,1.,1.,1.,1.,0.,75.7687502621824,              1375P   2285
25.530098445092,10.,75.7687502621824,25.530098445092,0.,1.,0.,      1375P   2286
0.,0.;                                                              1375P   2287
126,1,1,0,0,1,0,0.,0.,1.,1.,1.,1.,0.,68.7687502621824,              1377P   2288
25.530098445092,10.,68.7687502621824,25.530098445092,0.,1.,0.,      1377P   2289
0.,0.;                                                              1377P   2290
126,1,1,0,0,1,0,0.,0.,1.,1.,1.,1.,0.,68.7687502621824,              1379P   2291
22.1312204732773,10.,68.7687502621824,22.1312204732773,0.,1.,0.,    1379P   2292
0.,0.;                                                              1379P   2293
126,1,1,0,0,1,0,0.,0.,1.,1.,1.,1.,0.,68.7687502621824,              1381P   2294
21.9289770268579,10.,68.7687502621824,21.9289770268579,0.,1.,0.,    1381P   2295
0.,0.;                                                              1381P   2296
126,1,1,0,0,1,0,0.,0.,1.,1.,1.,1.,0.,68.7687502621824,              1383P   2297
18.5300990550432,10.,68.7687502621824,18.5300990550432,0.,1.,0.,    1383P   2298
0.,0.;                                                              1383P   2299
126,1,1,0,0,1,0,0.,0.,1.,1.,1.,1.,0.,75.7687502621824,              1385P   2300
18.5300990550432,10.,75.7687502621824,18.5300990550432,0.,1.,0.,    1385P   2301
0.,0.;                                                              1385P   2302
126,1,1,0,0,1,0,0.,0.,1.,1.,1.,1.,0.,68.7687502621824,              1387P   2303
115.530098445092,10.,68.7687502621824,115.530098445092,0.,1.,0.,    1387P   2304
0.,0.;                                                              1387P   2305
126,1,1,0,0,1,0,0.,0.,1.,1.,1.,1.,0.,68.7687502621824,              1389P   2306
112.131220473277,10.,68.7687502621824,112.131220473277,0.,1.,0.,    1389P   2307
0.,0.;                                                              1389P   2308
126,1,1,0,0,1,0,0.,0.,1.,1.,1.,1.,0.,68.7687502621824,              1391P   2309
111.928977026858,10.,68.7687502621824,111.928977026858,0.,1.,0.,    1391P   2310
0.,0.;                                                              1391P   2311
126,1,1,0,0,1,0,0.,0.,1.,1.,1.,1.,0.,68.7687502621824,              1393P   2312
108.530099055043,10.,68.7687502621824,108.530099055043,0.,1.,0.,    1393P   2313
0.,0.;                                                              1393P   2314
126,1,1,0,0,1,0,0.,0.,1.,1.,1.,1.,0.,75.7687502621824,              1395P   2315
108.530099055043,10.,75.7687502621824,108.530099055043,0.,1.,0.,    1395P   2316
0.,0.;                                                              1395P   2317
126,1,1,0,0,1,0,0.,0.,1.,1.,1.,1.,0.,75.7687502621824,              1397P   2318
115.530098445092,10.,75.7687502621824,115.530098445092,0.,1.,0.,    1397P   2319
0.,0.;                                                              1397P   2320
126,1,1,0,0,1,0,-2.94117647058823,-2.94117647058823,0.,0.,1.,1.,    1399P   2321
10.,68.867289156792,-75.4699012499324,0.,68.867289156792,           1399P   2322
-75.4699012499324,-2.94117647058823,0.,0.,0.,0.;                    1399P   2323
126,1,1,0,0,1,0,-2.94117647058824,-2.94117647058824,0.,0.,1.,1.,    1401P   2324
10.,113.867289156792,-120.469901249932,0.,113.867289156792,         1401P   2325
-120.469901249932,-2.94117647058824,0.,0.,0.,0.;                    1401P   2326
126,1,1,0,0,1,0,0.,0.,1.,1.,1.,1.,0.,-20.9812497378175,             1403P   2327
-65.9699014871356,10.,-20.9812497378175,-65.9699014871356,0.,1.,    1403P   2328
0.,0.,0.;                                                           1403P   2329
126,1,1,0,0,1,0,0.,0.,1.,1.,1.,1.,0.,-20.9812497378175,             1405P   2330
-74.9699010127292,10.,-20.9812497378175,-74.9699010127292,0.,1.,    1405P   2331
0.,0.,0.;                                                           1405P   2332
126,1,1,0,0,1,0,0.,0.,1.,1.,1.,1.,0.,-13.9812497378175,             1407P   2333
-74.9699010127292,10.,-13.9812497378175,-74.9699010127292,0.,1.,    1407P   2334
0.,0.,0.;                                                           1407P   2335
126,1,1,0,0,1,0,0.,0.,1.,1.,1.,1.,0.,-13.9812497378175,             1409P   2336
-65.9699014871356,10.,-13.9812497378175,-65.9699014871356,0.,1.,    1409P   2337
0.,0.,0.;                                                           1409P   2338
126,1,1,0,0,1,0,0.,0.,1.,1.,1.,1.,0.,-13.9812497378175,             1411P   2339
-119.969901012729,10.,-13.9812497378175,-119.969901012729,0.,1.,    1411P   2340
0.,0.,0.;                                                           1411P   2341
126,1,1,0,0,1,0,0.,0.,1.,1.,1.,1.,0.,-13.9812497378175,             1413P   2342
-110.969901487136,10.,-13.9812497378175,-110.969901487136,0.,1.,    1413P   2343
0.,0.,0.;                                                           1413P   2344
126,1,1,0,0,1,0,0.,0.,1.,1.,1.,1.,0.,-20.9812497378175,             1415P   2345
-110.969901487136,10.,-20.9812497378175,-110.969901487136,0.,1.,    1415P   2346
0.,0.,0.;                                                           1415P   2347
126,1,1,0,0,1,0,0.,0.,1.,1.,1.,1.,0.,-20.9812497378175,             1417P   2348
-119.969901012729,10.,-20.9812497378175,-119.969901012729,0.,1.,    1417P   2349
0.,0.,0.;                                                           1417P   2350
126,1,1,0,0,1,0,0.,0.,1.,1.,1.,1.,0.,31.0187502621825,              1419P   2351
-74.9699010127292,10.,31.0187502621825,-74.9699010127292,0.,1.,     1419P   2352
0.,0.,0.;                                                           1419P   2353
126,1,1,0,0,1,0,0.,0.,1.,1.,1.,1.,0.,31.0187502621825,              1421P   2354
-65.9699014871356,10.,31.0187502621825,-65.9699014871356,0.,1.,     1421P   2355
0.,0.,0.;                                                           1421P   2356
126,1,1,0,0,1,0,0.,0.,1.,1.,1.,1.,0.,24.0187502621825,              1423P   2357
-65.9699014871356,10.,24.0187502621825,-65.9699014871356,0.,1.,     1423P   2358
0.,0.,0.;                                                           1423P   2359
126,1,1,0,0,1,0,0.,0.,1.,1.,1.,1.,0.,24.0187502621825,              1425P   2360
-74.9699010127292,10.,24.0187502621825,-74.9699010127292,0.,1.,     1425P   2361
0.,0.,0.;                                                           1425P   2362
126,1,1,0,0,1,0,0.,0.,1.,1.,1.,1.,0.,31.0187502621825,              1427P   2363
-119.969901012729,10.,31.0187502621825,-119.969901012729,0.,1.,     1427P   2364
0.,0.,0.;                                                           1427P   2365
126,1,1,0,0,1,0,0.,0.,1.,1.,1.,1.,0.,31.0187502621825,              1429P   2366
-110.969901487136,10.,31.0187502621825,-110.969901487136,0.,1.,     1429P   2367
0.,0.,0.;                                                           1429P   2368
126,1,1,0,0,1,0,0.,0.,1.,1.,1.,1.,0.,24.0187502621825,              1431P   2369
-110.969901487136,10.,24.0187502621825,-110.969901487136,0.,1.,     1431P   2370
0.,0.,0.;                                                           1431P   2371
126,1,1,0,0,1,0,0.,0.,1.,1.,1.,1.,0.,24.0187502621825,              1433P   2372
-119.969901012729,10.,24.0187502621825,-119.969901012729,0.,1.,     1433P   2373
0.,0.,0.;                                                           1433P   2374
126,1,1,0,0,1,0,0.,0.,1.,1.,1.,1.,0.,50.017289156792,               1435P   2375
-50.4699012499324,10.,50.017289156792,-50.4699012499324,0.,1.,      1435P   2376
0.,0.,0.;                                                           1435P   2377
126,1,1,0,0,1,0,0.,0.,1.,1.,1.,1.,0.,50.017289156792,               1437P   2378
134.530098750068,10.,50.017289156792,134.530098750068,0.,1.,0.,     1437P   2379
0.,0.;                                                              1437P   2380
128,1,2,1,2,0,0,0,0,0,0.,0.,0.125,0.125,-0.225960641803187,         1439P   2381
-0.225960641803187,-0.225960641803187,0.225960641803187,            1439P   2382
0.225960641803187,0.225960641803187,1.,1.,0.974579332017995,        1439P   2383
0.974579332017995,1.,1.,10.,-109.95149074667,-194.608564022342,     1439P   2384
0.,-109.95149074667,-194.608564022342,10.,-117.982710843208,        1439P   2385
-211.153219034806,0.,-117.982710843208,-211.153219034806,10.,       1439P   2386
-117.982710843208,-229.54414358254,0.,-117.982710843208,            1439P   2387
-229.54414358254,0.,0.125,-0.225960641803187,0.225960641803187;     1439P   2388
128,1,1,1,1,0,0,1,0,0,-0.001,-0.001,16.023354467118,                1441P   2389
16.023354467118,-0.001,-0.001,1.001,1.001,1.,1.,1.,1.,-0.01,        1441P   2390
-39.978343895763,-50.4609051524444,-0.01,-109.955857694115,         1441P   2391
-194.61756011983,10.01,-39.978343895763,-50.4609051524444,10.01,    1441P   2392
-109.955857694116,-194.61756011983,-0.001,16.023354467118,          1441P   2393
-0.001,1.001;                                                       1441P   2394
128,1,1,1,1,0,0,1,0,0,-12.901,-12.901,12.901,12.901,-26.001,        1443P   2395
-26.001,26.001,26.001,1.,1.,1.,1.,10.,-117.992710843208,            1443P   2396
-385.479901249932,10.,140.027289156792,-385.479901249932,10.,       1443P   2397
-117.992710843208,134.540098750068,10.,140.027289156792,            1443P   2398
134.540098750068,-12.901,12.901,-26.001,26.001;                     1443P   2399
128,1,2,1,2,0,0,0,0,0,0.,0.,2.5,2.5,-0.785398163397453,             1445P   2400
-0.785398163397453,-0.785398163397453,0.785398163397448,            1445P   2401
0.785398163397448,0.785398163397448,1.,1.,0.707106781186546,        1445P   2402
0.707106781186546,1.,1.,10.,140.017289156792,130.530098750068,      1445P   2403
0.,140.017289156792,130.530098750068,10.,140.017289156792,          1445P   2404
134.530098750068,0.,140.017289156792,134.530098750068,10.,          1445P   2405
136.017289156792,134.530098750068,0.,136.017289156792,              1445P   2406
134.530098750068,0.,2.5,-0.785398163397453,0.785398163397448;       1445P   2407
128,1,1,1,1,0,0,1,0,0,0.398999999999991,0.398999999999991,          1447P   2408
51.601,51.601,-0.001,-0.001,1.001,1.001,1.,1.,1.,1.,-0.01,          1447P   2409
140.017289156792,-381.479901249932,-0.01,140.017289156792,          1447P   2410
130.540098750068,10.01,140.017289156792,-381.479901249932,10.01,    1447P   2411
140.017289156792,130.540098750068,0.398999999999991,51.601,         1447P   2412
-0.001,1.001;                                                       1447P   2413
128,1,2,1,2,0,0,0,0,0,0.,0.,2.5,2.5,-0.785398163397457,             1449P   2414
-0.785398163397457,-0.785398163397457,0.78539816339744,             1449P   2415
0.78539816339744,0.78539816339744,1.,1.,0.707106781186547,          1449P   2416
0.707106781186547,1.,1.,10.,-117.982710843208,-381.469901249932,    1449P   2417
0.,-117.982710843208,-381.469901249932,10.,-117.982710843208,       1449P   2418
-385.469901249932,0.,-117.982710843208,-385.469901249932,10.,       1449P   2419
-113.982710843208,-385.469901249932,0.,-113.982710843208,           1449P   2420
-385.469901249932,0.,2.5,-0.785398163397457,0.78539816339744;       1449P   2421
128,1,1,1,1,0,0,1,0,0,1.83809245477345,1.83809245477345,            1451P   2422
17.0326682215127,17.0326682215127,-0.001,-0.001,1.001,1.001,1.,     1451P   2423
1.,1.,1.,-0.01,-117.982710843208,-229.53414358254,-0.01,            1451P   2424
-117.982710843208,-381.479901249932,10.01,-117.982710843208,        1451P   2425
-229.53414358254,10.01,-117.982710843208,-381.479901249932,         1451P   2426
1.83809245477345,17.0326682215127,-0.001,1.001;                     1451P   2427
128,1,2,1,2,0,0,0,0,0,0.,0.,2.5,2.5,-0.78539816339744,              1453P   2428
-0.78539816339744,-0.78539816339744,0.785398163397457,              1453P   2429
0.785398163397457,0.785398163397457,1.,1.,0.707106781186547,        1453P   2430
0.707106781186547,1.,1.,10.,136.017289156792,-385.469901249932,     1453P   2431
0.,136.017289156792,-385.469901249932,10.,140.017289156792,         1453P   2432
-385.469901249932,0.,140.017289156792,-385.469901249932,10.,        1453P   2433
140.017289156792,-381.469901249932,0.,140.017289156792,             1453P   2434
-381.469901249932,0.,2.5,-0.78539816339744,0.785398163397457;       1453P   2435
128,1,1,1,1,0,0,1,0,0,-12.901,-12.901,12.901,12.901,-26.001,        1455P   2436
-26.001,26.001,26.001,1.,1.,1.,1.,0.,140.027289156792,              1455P   2437
-385.479901249932,0.,-117.992710843208,-385.479901249932,0.,        1455P   2438
140.027289156792,134.540098750068,0.,-117.992710843208,             1455P   2439
134.540098750068,-12.901,12.901,-26.001,26.001;                     1455P   2440
128,1,2,1,2,0,0,0,0,0,0.,0.,2.5,2.5,-0.654498469497858,             1457P   2441
-0.654498469497858,-0.654498469497858,0.654498469497876,            1457P   2442
0.654498469497876,0.654498469497876,1.,1.,0.793353340291239,        1457P   2443
0.793353340291239,1.,1.,10.,-44.9540207326881,-370.434625069522,    1457P   2444
0.,-44.9540207326881,-370.434625069522,10.,-44.1596253794477,       1457P   2445
-367.469901249932,0.,-44.1596253794477,-367.469901249932,10.,       1457P   2446
-41.0903174275319,-367.469901249932,0.,-41.0903174275319,           1457P   2447
-367.469901249932,0.,2.5,-0.654498469497858,0.654498469497876;      1457P   2448
128,1,1,1,1,0,0,1,0,0,0.305930795191576,0.305930795191576,          1459P   2449
1.55756632954657,1.55756632954657,-0.001,-0.001,1.001,1.001,1.,     1459P   2450
1.,1.,1.,10.01,-44.9514325422371,-370.424965811259,10.01,           1459P   2451
-48.1909036804186,-382.514836688605,-0.0100000000000011,            1459P   2452
-44.9514325422371,-370.424965811259,-0.0100000000000011,            1459P   2453
-48.1909036804186,-382.514836688605,0.305930795191576,              1459P   2454
1.55756632954657,-0.001,1.001;                                      1459P   2455
128,1,2,1,2,0,0,0,0,0,0.,0.,2.5,2.5,-0.65449846949788,              1461P   2456
-0.65449846949788,-0.65449846949788,0.654498469497872,              1461P   2457
0.654498469497872,0.654498469497872,1.,1.,0.793353340291233,        1461P   2458
0.793353340291233,1.,1.,10.,63.1248957411161,-367.469901249932,     1461P   2459
0.,63.1248957411161,-367.469901249932,10.,66.1942036930319,         1461P   2460
-367.469901249932,0.,66.1942036930319,-367.469901249932,10.,        1461P   2461
66.9885990462723,-370.434625069522,0.,66.9885990462723,             1461P   2462
-370.434625069522,0.,2.5,-0.65449846949788,0.654498469497872;       1461P   2463
128,1,1,1,1,0,0,1,0,0,0.305930795191582,0.305930795191582,          1463P   2464
10.7294521120564,10.7294521120564,-0.001,-0.001,1.001,1.001,1.,     1463P   2465
1.,1.,1.,10.01,63.1348957411161,-367.469901249932,10.01,            1463P   2466
-41.1003174275319,-367.469901249932,-0.0099999999999989,            1463P   2467
63.1348957411161,-367.469901249932,-0.0099999999999989,             1463P   2468
-41.1003174275319,-367.469901249932,0.305930795191582,              1463P   2469
10.7294521120564,-0.001,1.001;                                      1463P   2470
128,1,2,1,2,0,0,0,0,0,-1.25,-1.25,1.25,1.25,-0.654498469497878,     1465P   2471
-0.654498469497878,-0.654498469497878,0.654498469497873,            1465P   2472
0.654498469497873,0.654498469497873,1.,1.,0.793353340291234,        1465P   2473
0.793353340291234,1.,1.,0.,74.0865971087078,-385.469901249932,      1465P   2474
10.,74.0865971087078,-385.469901249932,0.,71.0172891567919,         1465P   2475
-385.469901249932,10.,71.0172891567919,-385.469901249932,0.,        1465P   2476
70.2228938035515,-382.505177430342,10.,70.2228938035515,            1465P   2477
-382.505177430342,-1.25,1.25,-0.654498469497878,                    1465P   2478
0.654498469497873;                                                  1465P   2479
128,1,1,1,1,0,0,1,0,0,0.305930795191576,0.305930795191576,          1467P   2480
1.55756632954656,1.55756632954656,-0.001,-0.001,1.001,1.001,1.,     1467P   2481
1.,1.,1.,10.01,70.2254819940026,-382.514836688605,10.01,            1467P   2482
66.9860108558213,-370.424965811259,-0.0099999999999989,             1467P   2483
70.2254819940026,-382.514836688605,-0.0099999999999989,             1467P   2484
66.9860108558213,-370.424965811259,0.305930795191576,               1467P   2485
1.55756632954656,-0.001,1.001;                                      1467P   2486
128,1,2,1,2,0,0,0,0,0,-1.25,-1.25,1.25,1.25,-0.654498469497878,     1469P   2487
-0.654498469497878,-0.654498469497878,0.654498469497856,            1469P   2488
0.654498469497856,0.654498469497856,1.,1.,0.793353340291239,        1469P   2489
0.793353340291239,1.,1.,10.,-52.0520187951239,-385.469901249932,    1469P   2490
0.,-52.0520187951239,-385.469901249932,10.,-48.982710843208,        1469P   2491
-385.469901249932,0.,-48.982710843208,-385.469901249932,10.,        1469P   2492
-48.1883154899676,-382.505177430342,0.,-48.1883154899676,           1469P   2493
-382.505177430342,-1.25,1.25,-0.654498469497878,                    1469P   2494
0.654498469497856;                                                  1469P   2495
128,1,8,1,2,0,1,0,0,1,0.,0.,2.91970802919707,2.91970802919707,      1471P   2496
-3.14159265358979,-3.14159265358979,-3.14159265358979,              1471P   2497
-1.5707963267949,-1.5707963267949,0.,0.,1.5707963267949,            1471P   2498
1.5707963267949,3.14159265358979,3.14159265358979,                  1471P   2499
3.14159265358979,1.,1.,0.707106781186548,0.707106781186548,1.,      1471P   2500
1.,0.707106781186548,0.707106781186548,1.,1.,0.707106781186548,     1471P   2501
0.707106781186548,1.,1.,0.707106781186548,0.707106781186548,1.,     1471P   2502
1.,10.,35.0922891567921,-310.469901249932,0.,35.0922891567921,      1471P   2503
-310.469901249932,10.,35.0922891567921,-307.044901249932,0.,        1471P   2504
35.0922891567921,-307.044901249932,10.,38.5172891567921,            1471P   2505
-307.044901249932,0.,38.5172891567921,-307.044901249932,10.,        1471P   2506
41.9422891567921,-307.044901249932,0.,41.9422891567921,             1471P   2507
-307.044901249932,10.,41.9422891567921,-310.469901249932,0.,        1471P   2508
41.9422891567921,-310.469901249932,10.,41.9422891567921,            1471P   2509
-313.894901249932,0.,41.9422891567921,-313.894901249932,10.,        1471P   2510
38.5172891567921,-313.894901249932,0.,38.5172891567921,             1471P   2511
-313.894901249932,10.,35.0922891567921,-313.894901249932,0.,        1471P   2512
35.0922891567921,-313.894901249932,10.,35.0922891567921,            1471P   2513
-310.469901249932,0.,35.0922891567921,-310.469901249932,0.,         1471P   2514
2.91970802919707,-3.14159265358979,3.14159265358979;                1471P   2515
128,1,8,1,2,0,1,0,0,1,0.,0.,2.91970802919707,2.91970802919707,      1473P   2516
-3.14159265358979,-3.14159265358979,-3.14159265358979,              1473P   2517
-1.5707963267949,-1.5707963267949,0.,0.,1.5707963267949,            1473P   2518
1.5707963267949,3.14159265358979,3.14159265358979,                  1473P   2519
3.14159265358979,1.,1.,0.707106781186548,0.707106781186548,1.,      1473P   2520
1.,0.707106781186548,0.707106781186548,1.,1.,0.707106781186548,     1473P   2521
0.707106781186548,1.,1.,0.707106781186548,0.707106781186548,1.,     1473P   2522
1.,10.,35.0922891567921,-360.469901249932,0.,35.0922891567921,      1473P   2523
-360.469901249932,10.,35.0922891567921,-357.044901249932,0.,        1473P   2524
35.0922891567921,-357.044901249932,10.,38.5172891567921,            1473P   2525
-357.044901249932,0.,38.5172891567921,-357.044901249932,10.,        1473P   2526
41.9422891567921,-357.044901249932,0.,41.9422891567921,             1473P   2527
-357.044901249932,10.,41.9422891567921,-360.469901249932,0.,        1473P   2528
41.9422891567921,-360.469901249932,10.,41.9422891567921,            1473P   2529
-363.894901249932,0.,41.9422891567921,-363.894901249932,10.,        1473P   2530
38.5172891567921,-363.894901249932,0.,38.5172891567921,             1473P   2531
-363.894901249932,10.,35.0922891567921,-363.894901249932,0.,        1473P   2532
35.0922891567921,-363.894901249932,10.,35.0922891567921,            1473P   2533
-360.469901249932,0.,35.0922891567921,-360.469901249932,0.,         1473P   2534
2.91970802919707,-3.14159265358979,3.14159265358979;                1473P   2535
128,1,8,1,2,0,1,0,0,1,0.,0.,2.91970802919707,2.91970802919707,      1475P   2536
-3.14159265358979,-3.14159265358979,-3.14159265358979,              1475P   2537
-1.5707963267949,-1.5707963267949,0.,0.,1.5707963267949,            1475P   2538
1.5707963267949,3.14159265358979,3.14159265358979,                  1475P   2539
3.14159265358979,1.,1.,0.707106781186548,0.707106781186548,1.,      1475P   2540
1.,0.707106781186548,0.707106781186548,1.,1.,0.707106781186548,     1475P   2541
0.707106781186548,1.,1.,0.707106781186548,0.707106781186548,1.,     1475P   2542
1.,10.,-19.9077108432079,-310.469901249932,0.,-19.9077108432079,    1475P   2543
-310.469901249932,10.,-19.9077108432079,-307.044901249932,0.,       1475P   2544
-19.9077108432079,-307.044901249932,10.,-16.4827108432079,          1475P   2545
-307.044901249932,0.,-16.4827108432079,-307.044901249932,10.,       1475P   2546
-13.0577108432079,-307.044901249932,0.,-13.0577108432079,           1475P   2547
-307.044901249932,10.,-13.0577108432079,-310.469901249932,0.,       1475P   2548
-13.0577108432079,-310.469901249932,10.,-13.0577108432079,          1475P   2549
-313.894901249932,0.,-13.0577108432079,-313.894901249932,10.,       1475P   2550
-16.4827108432079,-313.894901249932,0.,-16.4827108432079,           1475P   2551
-313.894901249932,10.,-19.9077108432079,-313.894901249932,0.,       1475P   2552
-19.9077108432079,-313.894901249932,10.,-19.9077108432079,          1475P   2553
-310.469901249932,0.,-19.9077108432079,-310.469901249932,0.,        1475P   2554
2.91970802919707,-3.14159265358979,3.14159265358979;                1475P   2555
128,1,8,1,2,0,1,0,0,1,0.,0.,2.91970802919707,2.91970802919707,      1477P   2556
-3.14159265358979,-3.14159265358979,-3.14159265358979,              1477P   2557
-1.5707963267949,-1.5707963267949,0.,0.,1.5707963267949,            1477P   2558
1.5707963267949,3.14159265358979,3.14159265358979,                  1477P   2559
3.14159265358979,1.,1.,0.707106781186548,0.707106781186548,1.,      1477P   2560
1.,0.707106781186548,0.707106781186548,1.,1.,0.707106781186548,     1477P   2561
0.707106781186548,1.,1.,0.707106781186548,0.707106781186548,1.,     1477P   2562
1.,10.,-19.9077108432079,-360.469901249932,0.,-19.9077108432079,    1477P   2563
-360.469901249932,10.,-19.9077108432079,-357.044901249932,0.,       1477P   2564
-19.9077108432079,-357.044901249932,10.,-16.4827108432079,          1477P   2565
-357.044901249932,0.,-16.4827108432079,-357.044901249932,10.,       1477P   2566
-13.0577108432079,-357.044901249932,0.,-13.0577108432079,           1477P   2567
-357.044901249932,10.,-13.0577108432079,-360.469901249932,0.,       1477P   2568
-13.0577108432079,-360.469901249932,10.,-13.0577108432079,          1477P   2569
-363.894901249932,0.,-13.0577108432079,-363.894901249932,10.,       1477P   2570
-16.4827108432079,-363.894901249932,0.,-16.4827108432079,           1477P   2571
-363.894901249932,10.,-19.9077108432079,-363.894901249932,0.,       1477P   2572
-19.9077108432079,-363.894901249932,10.,-19.9077108432079,          1477P   2573
-360.469901249932,0.,-19.9077108432079,-360.469901249932,0.,        1477P   2574
2.91970802919707,-3.14159265358979,3.14159265358979;                1477P   2575
128,1,1,1,1,0,0,1,0,0,0.398999999999999,0.398999999999999,          1479P   2576
6.59406920480842,6.59406920480842,-0.001,-0.001,1.001,1.001,1.,     1479P   2577
1.,1.,1.,-0.01,-113.992710843208,-385.469901249932,-0.01,           1479P   2578
-52.0420187951239,-385.469901249932,10.01,-113.992710843208,        1479P   2579
-385.469901249932,10.01,-52.0420187951239,-385.469901249932,        1479P   2580
0.398999999999999,6.59406920480842,-0.001,1.001;                    1479P   2581
128,1,4,1,2,0,0,0,0,0,0.,0.,2.35294117647058,2.35294117647058,      1481P   2582
-3.14159265358979,-3.14159265358979,-3.14159265358979,              1481P   2583
-1.5707963267949,-1.5707963267949,0.,0.,0.,1.,1.,                   1481P   2584
0.707106781186548,0.707106781186548,1.,1.,0.707106781186548,        1481P   2585
0.707106781186548,1.,1.,10.,121.767289156792,-319.719901249932,     1481P   2586
0.,121.767289156792,-319.719901249932,10.,117.517289156792,         1481P   2587
-319.719901249932,0.,117.517289156792,-319.719901249932,10.,        1481P   2588
117.517289156792,-315.469901249932,0.,117.517289156792,             1481P   2589
-315.469901249932,10.,117.517289156792,-311.219901249932,0.,        1481P   2590
117.517289156792,-311.219901249932,10.,121.767289156792,            1481P   2591
-311.219901249932,0.,121.767289156792,-311.219901249932,0.,         1481P   2592
2.35294117647058,-3.14159265358979,0.;                              1481P   2593
128,1,1,1,1,0,0,1,0,0,-0.001,-0.001,0.851000000000001,              1483P   2594
0.851000000000001,-0.001,-0.001,1.001,1.001,1.,1.,1.,1.,10.01,      1483P   2595
121.757289156792,-319.719901249932,10.01,130.277289156792,          1483P   2596
-319.719901249932,-0.0099999999999989,121.757289156792,             1483P   2597
-319.719901249932,-0.0099999999999989,130.277289156792,             1483P   2598
-319.719901249932,-0.001,0.851000000000001,-0.001,1.001;            1483P   2599
128,1,4,1,2,0,0,0,0,0,0.,0.,2.35294117647058,2.35294117647058,      1485P   2600
-3.14159265358979,-3.14159265358979,-3.14159265358979,              1485P   2601
-1.5707963267949,-1.5707963267949,0.,0.,0.,1.,1.,                   1485P   2602
0.707106781186548,0.707106781186548,1.,1.,0.707106781186548,        1485P   2603
0.707106781186548,1.,1.,10.,130.267289156792,-311.219901249932,     1485P   2604
0.,130.267289156792,-311.219901249932,10.,134.517289156792,         1485P   2605
-311.219901249932,0.,134.517289156792,-311.219901249932,10.,        1485P   2606
134.517289156792,-315.469901249932,0.,134.517289156792,             1485P   2607
-315.469901249932,10.,134.517289156792,-319.719901249932,0.,        1485P   2608
134.517289156792,-319.719901249932,10.,130.267289156792,            1485P   2609
-319.719901249932,0.,130.267289156792,-319.719901249932,0.,         1485P   2610
2.35294117647058,-3.14159265358979,0.;                              1485P   2611
128,1,1,1,1,0,0,1,0,0,-0.001,-0.001,0.851000000000001,              1487P   2612
0.851000000000001,-0.001,-0.001,1.001,1.001,1.,1.,1.,1.,10.01,      1487P   2613
130.277289156792,-311.219901249932,10.01,121.757289156792,          1487P   2614
-311.219901249932,-0.0099999999999989,130.277289156792,             1487P   2615
-311.219901249932,-0.0099999999999989,121.757289156792,             1487P   2616
-311.219901249932,-0.001,0.851000000000001,-0.001,1.001;            1487P   2617
128,1,4,1,2,0,0,0,0,0,0.,0.,2.35294117647058,2.35294117647058,      1489P   2618
-3.14159265358979,-3.14159265358979,-3.14159265358979,              1489P   2619
-1.5707963267949,-1.5707963267949,0.,0.,0.,1.,1.,                   1489P   2620
0.707106781186548,0.707106781186548,1.,1.,0.707106781186548,        1489P   2621
0.707106781186548,1.,1.,10.,-63.2327108432078,-319.719901249932,    1489P   2622
0.,-63.2327108432078,-319.719901249932,10.,-67.4827108432078,       1489P   2623
-319.719901249932,0.,-67.4827108432078,-319.719901249932,10.,       1489P   2624
-67.4827108432078,-315.469901249932,0.,-67.4827108432078,           1489P   2625
-315.469901249932,10.,-67.4827108432078,-311.219901249932,0.,       1489P   2626
-67.4827108432078,-311.219901249932,10.,-63.2327108432078,          1489P   2627
-311.219901249932,0.,-63.2327108432078,-311.219901249932,0.,        1489P   2628
2.35294117647058,-3.14159265358979,0.;                              1489P   2629
128,1,1,1,1,0,0,1,0,0,-0.001,-0.001,0.851000000000001,              1491P   2630
0.851000000000001,-0.001,-0.001,1.001,1.001,1.,1.,1.,1.,10.01,      1491P   2631
-63.2427108432078,-319.719901249932,10.01,-54.7227108432078,        1491P   2632
-319.719901249932,-0.0099999999999989,-63.2427108432078,            1491P   2633
-319.719901249932,-0.0099999999999989,-54.7227108432078,            1491P   2634
-319.719901249932,-0.001,0.851000000000001,-0.001,1.001;            1491P   2635
128,1,4,1,2,0,0,0,0,0,0.,0.,2.35294117647058,2.35294117647058,      1493P   2636
-3.14159265358979,-3.14159265358979,-3.14159265358979,              1493P   2637
-1.5707963267949,-1.5707963267949,0.,0.,0.,1.,1.,                   1493P   2638
0.707106781186548,0.707106781186548,1.,1.,0.707106781186548,        1493P   2639
0.707106781186548,1.,1.,10.,-54.7327108432078,-311.219901249932,    1493P   2640
0.,-54.7327108432078,-311.219901249932,10.,-50.4827108432078,       1493P   2641
-311.219901249932,0.,-50.4827108432078,-311.219901249932,10.,       1493P   2642
-50.4827108432078,-315.469901249932,0.,-50.4827108432078,           1493P   2643
-315.469901249932,10.,-50.4827108432078,-319.719901249932,0.,       1493P   2644
-50.4827108432078,-319.719901249932,10.,-54.7327108432078,          1493P   2645
-319.719901249932,0.,-54.7327108432078,-319.719901249932,0.,        1493P   2646
2.35294117647058,-3.14159265358979,0.;                              1493P   2647
128,1,1,1,1,0,0,1,0,0,-0.001,-0.001,0.851000000000001,              1495P   2648
0.851000000000001,-0.001,-0.001,1.001,1.001,1.,1.,1.,1.,10.01,      1495P   2649
-54.7227108432078,-311.219901249932,10.01,-63.2427108432078,        1495P   2650
-311.219901249932,-0.0099999999999989,-54.7227108432078,            1495P   2651
-311.219901249932,-0.0099999999999989,-63.2427108432078,            1495P   2652
-311.219901249932,-0.001,0.851000000000001,-0.001,1.001;            1495P   2653
128,1,4,1,2,0,0,0,0,0,0.,0.,2.35294117647056,2.35294117647056,      1497P   2654
-3.14159265358979,-3.14159265358979,-3.14159265358979,              1497P   2655
-1.5707963267949,-1.5707963267949,0.,0.,0.,1.,1.,                   1497P   2656
0.707106781186548,0.707106781186548,1.,1.,0.707106781186548,        1497P   2657
0.707106781186548,1.,1.,10.,-63.2327108432078,-376.719901249932,    1497P   2658
0.,-63.2327108432078,-376.719901249932,10.,-67.4827108432079,       1497P   2659
-376.719901249932,0.,-67.4827108432079,-376.719901249932,10.,       1497P   2660
-67.4827108432079,-372.469901249932,0.,-67.4827108432079,           1497P   2661
-372.469901249932,10.,-67.4827108432079,-368.219901249932,0.,       1497P   2662
-67.4827108432079,-368.219901249932,10.,-63.2327108432078,          1497P   2663
-368.219901249932,0.,-63.2327108432078,-368.219901249932,0.,        1497P   2664
2.35294117647056,-3.14159265358979,0.;                              1497P   2665
128,1,1,1,1,0,0,1,0,0,-0.001,-0.001,0.851000000000001,              1499P   2666
0.851000000000001,-0.001,-0.001,1.001,1.001,1.,1.,1.,1.,10.01,      1499P   2667
-63.2427108432078,-376.719901249932,10.01,-54.7227108432078,        1499P   2668
-376.719901249932,-0.0099999999999989,-63.2427108432078,            1499P   2669
-376.719901249932,-0.0099999999999989,-54.7227108432078,            1499P   2670
-376.719901249932,-0.001,0.851000000000001,-0.001,1.001;            1499P   2671
128,1,4,1,2,0,0,0,0,0,0.,0.,2.35294117647056,2.35294117647056,      1501P   2672
-3.14159265358979,-3.14159265358979,-3.14159265358979,              1501P   2673
-1.5707963267949,-1.5707963267949,0.,0.,0.,1.,1.,                   1501P   2674
0.707106781186548,0.707106781186548,1.,1.,0.707106781186548,        1501P   2675
0.707106781186548,1.,1.,10.,-54.7327108432078,-368.219901249932,    1501P   2676
0.,-54.7327108432078,-368.219901249932,10.,-50.4827108432078,       1501P   2677
-368.219901249932,0.,-50.4827108432078,-368.219901249932,10.,       1501P   2678
-50.4827108432078,-372.469901249932,0.,-50.4827108432078,           1501P   2679
-372.469901249932,10.,-50.4827108432078,-376.719901249932,0.,       1501P   2680
-50.4827108432078,-376.719901249932,10.,-54.7327108432078,          1501P   2681
-376.719901249932,0.,-54.7327108432078,-376.719901249932,0.,        1501P   2682
2.35294117647056,-3.14159265358979,0.;                              1501P   2683
128,1,1,1,1,0,0,1,0,0,-0.001,-0.001,0.851000000000001,              1503P   2684
0.851000000000001,-0.001,-0.001,1.001,1.001,1.,1.,1.,1.,10.01,      1503P   2685
-54.7227108432078,-368.219901249932,10.01,-63.2427108432078,        1503P   2686
-368.219901249932,-0.0099999999999989,-54.7227108432078,            1503P   2687
-368.219901249932,-0.0099999999999989,-63.2427108432078,            1503P   2688
-368.219901249932,-0.001,0.851000000000001,-0.001,1.001;            1503P   2689
128,1,1,1,1,0,0,1,0,0,-0.001,-0.001,0.851000000000001,              1505P   2690
0.851000000000001,-0.001,-0.001,1.001,1.001,1.,1.,1.,1.,10.01,      1505P   2691
121.757289156792,-376.719901249932,10.01,130.277289156792,          1505P   2692
-376.719901249932,-0.0099999999999989,121.757289156792,             1505P   2693
-376.719901249932,-0.0099999999999989,130.277289156792,             1505P   2694
-376.719901249932,-0.001,0.851000000000001,-0.001,1.001;            1505P   2695
128,1,4,1,2,0,0,0,0,0,0.,0.,2.35294117647056,2.35294117647056,      1507P   2696
-3.14159265358979,-3.14159265358979,-3.14159265358979,              1507P   2697
-1.5707963267949,-1.5707963267949,0.,0.,0.,1.,1.,                   1507P   2698
0.707106781186548,0.707106781186548,1.,1.,0.707106781186548,        1507P   2699
0.707106781186548,1.,1.,10.,130.267289156792,-368.219901249932,     1507P   2700
0.,130.267289156792,-368.219901249932,10.,134.517289156792,         1507P   2701
-368.219901249932,0.,134.517289156792,-368.219901249932,10.,        1507P   2702
134.517289156792,-372.469901249932,0.,134.517289156792,             1507P   2703
-372.469901249932,10.,134.517289156792,-376.719901249932,0.,        1507P   2704
134.517289156792,-376.719901249932,10.,130.267289156792,            1507P   2705
-376.719901249932,0.,130.267289156792,-376.719901249932,0.,         1507P   2706
2.35294117647056,-3.14159265358979,0.;                              1507P   2707
128,1,1,1,1,0,0,1,0,0,-0.001,-0.001,0.851000000000001,              1509P   2708
0.851000000000001,-0.001,-0.001,1.001,1.001,1.,1.,1.,1.,10.01,      1509P   2709
130.277289156792,-368.219901249932,10.01,121.757289156792,          1509P   2710
-368.219901249932,-0.0099999999999989,130.277289156792,             1509P   2711
-368.219901249932,-0.0099999999999989,121.757289156792,             1509P   2712
-368.219901249932,-0.001,0.851000000000001,-0.001,1.001;            1509P   2713
128,1,4,1,2,0,0,0,0,0,0.,0.,2.35294117647056,2.35294117647056,      1511P   2714
-3.14159265358979,-3.14159265358979,-3.14159265358979,              1511P   2715
-1.5707963267949,-1.5707963267949,0.,0.,0.,1.,1.,                   1511P   2716
0.707106781186548,0.707106781186548,1.,1.,0.707106781186548,        1511P   2717
0.707106781186548,1.,1.,10.,121.767289156792,-376.719901249932,     1511P   2718
0.,121.767289156792,-376.719901249932,10.,117.517289156792,         1511P   2719
-376.719901249932,0.,117.517289156792,-376.719901249932,10.,        1511P   2720
117.517289156792,-372.469901249932,0.,117.517289156792,             1511P   2721
-372.469901249932,10.,117.517289156792,-368.219901249932,0.,        1511P   2722
117.517289156792,-368.219901249932,10.,121.767289156792,            1511P   2723
-368.219901249932,0.,121.767289156792,-368.219901249932,0.,         1511P   2724
2.35294117647056,-3.14159265358979,0.;                              1511P   2725
128,1,4,1,2,0,0,0,0,0,0.,0.,2.35294117647058,2.35294117647058,      1513P   2726
-3.14159265358979,-3.14159265358979,-3.14159265358979,              1513P   2727
-1.5707963267949,-1.5707963267949,0.,0.,0.,1.,1.,                   1513P   2728
0.707106781186548,0.707106781186548,1.,1.,0.707106781186548,        1513P   2729
0.707106781186548,1.,1.,10.,76.7672891567922,-319.719901249932,     1513P   2730
0.,76.7672891567922,-319.719901249932,10.,72.5172891567922,         1513P   2731
-319.719901249932,0.,72.5172891567922,-319.719901249932,10.,        1513P   2732
72.5172891567922,-315.469901249932,0.,72.5172891567922,             1513P   2733
-315.469901249932,10.,72.5172891567922,-311.219901249932,0.,        1513P   2734
72.5172891567922,-311.219901249932,10.,76.7672891567922,            1513P   2735
-311.219901249932,0.,76.7672891567922,-311.219901249932,0.,         1513P   2736
2.35294117647058,-3.14159265358979,0.;                              1513P   2737
128,1,1,1,1,0,0,1,0,0,-0.001,-0.001,0.851000000000001,              1515P   2738
0.851000000000001,-0.001,-0.001,1.001,1.001,1.,1.,1.,1.,10.01,      1515P   2739
76.7572891567922,-319.719901249932,10.01,85.2772891567922,          1515P   2740
-319.719901249932,-0.0099999999999989,76.7572891567922,             1515P   2741
-319.719901249932,-0.0099999999999989,85.2772891567922,             1515P   2742
-319.719901249932,-0.001,0.851000000000001,-0.001,1.001;            1515P   2743
128,1,4,1,2,0,0,0,0,0,0.,0.,2.35294117647058,2.35294117647058,      1517P   2744
-3.14159265358979,-3.14159265358979,-3.14159265358979,              1517P   2745
-1.5707963267949,-1.5707963267949,0.,0.,0.,1.,1.,                   1517P   2746
0.707106781186548,0.707106781186548,1.,1.,0.707106781186548,        1517P   2747
0.707106781186548,1.,1.,10.,85.2672891567922,-311.219901249932,     1517P   2748
0.,85.2672891567922,-311.219901249932,10.,89.5172891567922,         1517P   2749
-311.219901249932,0.,89.5172891567922,-311.219901249932,10.,        1517P   2750
89.5172891567922,-315.469901249932,0.,89.5172891567922,             1517P   2751
-315.469901249932,10.,89.5172891567922,-319.719901249932,0.,        1517P   2752
89.5172891567922,-319.719901249932,10.,85.2672891567922,            1517P   2753
-319.719901249932,0.,85.2672891567922,-319.719901249932,0.,         1517P   2754
2.35294117647058,-3.14159265358979,0.;                              1517P   2755
128,1,1,1,1,0,0,1,0,0,-0.001,-0.001,0.851000000000001,              1519P   2756
0.851000000000001,-0.001,-0.001,1.001,1.001,1.,1.,1.,1.,10.01,      1519P   2757
85.2772891567922,-311.219901249932,10.01,76.7572891567922,          1519P   2758
-311.219901249932,-0.0099999999999989,85.2772891567922,             1519P   2759
-311.219901249932,-0.0099999999999989,76.7572891567922,             1519P   2760
-311.219901249932,-0.001,0.851000000000001,-0.001,1.001;            1519P   2761
128,1,1,1,1,0,0,1,0,0,-0.001,-0.001,0.851000000000001,              1521P   2762
0.851000000000001,-0.001,-0.001,1.001,1.001,1.,1.,1.,1.,10.01,      1521P   2763
-99.7227108432078,-311.219901249932,10.01,-108.242710843208,        1521P   2764
-311.219901249932,-0.0099999999999989,-99.7227108432078,            1521P   2765
-311.219901249932,-0.0099999999999989,-108.242710843208,            1521P   2766
-311.219901249932,-0.001,0.851000000000001,-0.001,1.001;            1521P   2767
128,1,4,1,2,0,0,0,0,0,0.,0.,2.35294117647058,2.35294117647058,      1523P   2768
-3.14159265358979,-3.14159265358979,-3.14159265358979,              1523P   2769
-1.5707963267949,-1.5707963267949,0.,0.,0.,1.,1.,                   1523P   2770
0.707106781186548,0.707106781186548,1.,1.,0.707106781186548,        1523P   2771
0.707106781186548,1.,1.,10.,-108.232710843208,-319.719901249932,    1523P   2772
0.,-108.232710843208,-319.719901249932,10.,-112.482710843208,       1523P   2773
-319.719901249932,0.,-112.482710843208,-319.719901249932,10.,       1523P   2774
-112.482710843208,-315.469901249932,0.,-112.482710843208,           1523P   2775
-315.469901249932,10.,-112.482710843208,-311.219901249932,0.,       1523P   2776
-112.482710843208,-311.219901249932,10.,-108.232710843208,          1523P   2777
-311.219901249932,0.,-108.232710843208,-311.219901249932,0.,        1523P   2778
2.35294117647058,-3.14159265358979,0.;                              1523P   2779
128,1,1,1,1,0,0,1,0,0,-0.001,-0.001,0.851000000000001,              1525P   2780
0.851000000000001,-0.001,-0.001,1.001,1.001,1.,1.,1.,1.,10.01,      1525P   2781
-108.242710843208,-319.719901249932,10.01,-99.7227108432078,        1525P   2782
-319.719901249932,-0.0099999999999989,-108.242710843208,            1525P   2783
-319.719901249932,-0.0099999999999989,-99.7227108432078,            1525P   2784
-319.719901249932,-0.001,0.851000000000001,-0.001,1.001;            1525P   2785
128,1,4,1,2,0,0,0,0,0,0.,0.,2.35294117647058,2.35294117647058,      1527P   2786
-3.14159265358979,-3.14159265358979,-3.14159265358979,              1527P   2787
-1.5707963267949,-1.5707963267949,0.,0.,0.,1.,1.,                   1527P   2788
0.707106781186548,0.707106781186548,1.,1.,0.707106781186548,        1527P   2789
0.707106781186548,1.,1.,10.,-99.7327108432078,-311.219901249932,    1527P   2790
0.,-99.7327108432078,-311.219901249932,10.,-95.4827108432078,       1527P   2791
-311.219901249932,0.,-95.4827108432078,-311.219901249932,10.,       1527P   2792
-95.4827108432078,-315.469901249932,0.,-95.4827108432078,           1527P   2793
-315.469901249932,10.,-95.4827108432078,-319.719901249932,0.,       1527P   2794
-95.4827108432078,-319.719901249932,10.,-99.7327108432078,          1527P   2795
-319.719901249932,0.,-99.7327108432078,-319.719901249932,0.,        1527P   2796
2.35294117647058,-3.14159265358979,0.;                              1527P   2797
128,1,4,1,2,0,0,0,0,0,0.,0.,2.35294117647056,2.35294117647056,      1529P   2798
-3.14159265358979,-3.14159265358979,-3.14159265358979,              1529P   2799
-1.5707963267949,-1.5707963267949,0.,0.,0.,1.,1.,                   1529P   2800
0.707106781186548,0.707106781186548,1.,1.,0.707106781186548,        1529P   2801
0.707106781186548,1.,1.,10.,-108.232710843208,-376.719901249932,    1529P   2802
0.,-108.232710843208,-376.719901249932,10.,-112.482710843208,       1529P   2803
-376.719901249932,0.,-112.482710843208,-376.719901249932,10.,       1529P   2804
-112.482710843208,-372.469901249932,0.,-112.482710843208,           1529P   2805
-372.469901249932,10.,-112.482710843208,-368.219901249932,0.,       1529P   2806
-112.482710843208,-368.219901249932,10.,-108.232710843208,          1529P   2807
-368.219901249932,0.,-108.232710843208,-368.219901249932,0.,        1529P   2808
2.35294117647056,-3.14159265358979,0.;                              1529P   2809
128,1,1,1,1,0,0,1,0,0,-0.001,-0.001,0.851000000000001,              1531P   2810
0.851000000000001,-0.001,-0.001,1.001,1.001,1.,1.,1.,1.,10.01,      1531P   2811
-108.242710843208,-376.719901249932,10.01,-99.7227108432078,        1531P   2812
-376.719901249932,-0.0099999999999989,-108.242710843208,            1531P   2813
-376.719901249932,-0.0099999999999989,-99.7227108432078,            1531P   2814
-376.719901249932,-0.001,0.851000000000001,-0.001,1.001;            1531P   2815
128,1,4,1,2,0,0,0,0,0,0.,0.,2.35294117647056,2.35294117647056,      1533P   2816
-3.14159265358979,-3.14159265358979,-3.14159265358979,              1533P   2817
-1.5707963267949,-1.5707963267949,0.,0.,0.,1.,1.,                   1533P   2818
0.707106781186548,0.707106781186548,1.,1.,0.707106781186548,        1533P   2819
0.707106781186548,1.,1.,10.,-99.7327108432078,-368.219901249932,    1533P   2820
0.,-99.7327108432078,-368.219901249932,10.,-95.4827108432078,       1533P   2821
-368.219901249932,0.,-95.4827108432078,-368.219901249932,10.,       1533P   2822
-95.4827108432078,-372.469901249932,0.,-95.4827108432078,           1533P   2823
-372.469901249932,10.,-95.4827108432078,-376.719901249932,0.,       1533P   2824
-95.4827108432078,-376.719901249932,10.,-99.7327108432078,          1533P   2825
-376.719901249932,0.,-99.7327108432078,-376.719901249932,0.,        1533P   2826
2.35294117647056,-3.14159265358979,0.;                              1533P   2827
128,1,1,1,1,0,0,1,0,0,-0.001,-0.001,0.851000000000001,              1535P   2828
0.851000000000001,-0.001,-0.001,1.001,1.001,1.,1.,1.,1.,10.01,      1535P   2829
-99.7227108432078,-368.219901249932,10.01,-108.242710843208,        1535P   2830
-368.219901249932,-0.0099999999999989,-99.7227108432078,            1535P   2831
-368.219901249932,-0.0099999999999989,-108.242710843208,            1535P   2832
-368.219901249932,-0.001,0.851000000000001,-0.001,1.001;            1535P   2833
128,1,1,1,1,0,0,1,0,0,-0.001,-0.001,0.851000000000001,              1537P   2834
0.851000000000001,-0.001,-0.001,1.001,1.001,1.,1.,1.,1.,10.01,      1537P   2835
85.2772891567922,-368.219901249932,10.01,76.7572891567922,          1537P   2836
-368.219901249932,-0.0099999999999989,85.2772891567922,             1537P   2837
-368.219901249932,-0.0099999999999989,76.7572891567922,             1537P   2838
-368.219901249932,-0.001,0.851000000000001,-0.001,1.001;            1537P   2839
128,1,4,1,2,0,0,0,0,0,0.,0.,2.35294117647056,2.35294117647056,      1539P   2840
-3.14159265358979,-3.14159265358979,-3.14159265358979,              1539P   2841
-1.5707963267949,-1.5707963267949,0.,0.,0.,1.,1.,                   1539P   2842
0.707106781186548,0.707106781186548,1.,1.,0.707106781186548,        1539P   2843
0.707106781186548,1.,1.,10.,76.7672891567922,-376.719901249932,     1539P   2844
0.,76.7672891567922,-376.719901249932,10.,72.5172891567921,         1539P   2845
-376.719901249932,0.,72.5172891567921,-376.719901249932,10.,        1539P   2846
72.5172891567921,-372.469901249932,0.,72.5172891567921,             1539P   2847
-372.469901249932,10.,72.5172891567921,-368.219901249932,0.,        1539P   2848
72.5172891567921,-368.219901249932,10.,76.7672891567922,            1539P   2849
-368.219901249932,0.,76.7672891567922,-368.219901249932,0.,         1539P   2850
2.35294117647056,-3.14159265358979,0.;                              1539P   2851
128,1,1,1,1,0,0,1,0,0,-0.001,-0.001,0.851000000000001,              1541P   2852
0.851000000000001,-0.001,-0.001,1.001,1.001,1.,1.,1.,1.,10.01,      1541P   2853
76.7572891567922,-376.719901249932,10.01,85.2772891567922,          1541P   2854
-376.719901249932,-0.0099999999999989,76.7572891567922,             1541P   2855
-376.719901249932,-0.0099999999999989,85.2772891567922,             1541P   2856
-376.719901249932,-0.001,0.851000000000001,-0.001,1.001;            1541P   2857
128,1,4,1,2,0,0,0,0,0,0.,0.,2.35294117647056,2.35294117647056,      1543P   2858
-3.14159265358979,-3.14159265358979,-3.14159265358979,              1543P   2859
-1.5707963267949,-1.5707963267949,0.,0.,0.,1.,1.,                   1543P   2860
0.707106781186548,0.707106781186548,1.,1.,0.707106781186548,        1543P   2861
0.707106781186548,1.,1.,10.,85.2672891567922,-368.219901249932,     1543P   2862
0.,85.2672891567922,-368.219901249932,10.,89.5172891567922,         1543P   2863
-368.219901249932,0.,89.5172891567922,-368.219901249932,10.,        1543P   2864
89.5172891567922,-372.469901249932,0.,89.5172891567922,             1543P   2865
-372.469901249932,10.,89.5172891567922,-376.719901249932,0.,        1543P   2866
89.5172891567922,-376.719901249932,10.,85.2672891567922,            1543P   2867
-376.719901249932,0.,85.2672891567922,-376.719901249932,0.,         1543P   2868
2.35294117647056,-3.14159265358979,0.;                              1543P   2869
128,1,4,1,2,0,0,0,0,0,0.,0.,2.85714285714286,2.85714285714286,      1545P   2870
0.,0.,0.,1.5707963267949,1.5707963267949,3.14159265358979,          1545P   2871
3.14159265358979,3.14159265358979,1.,1.,0.707106781186548,          1545P   2872
0.707106781186548,1.,1.,0.707106781186548,0.707106781186548,1.,     1545P   2873
1.,0.,120.768750262182,-19.469901554908,10.,120.768750262182,       1545P   2874
-19.469901554908,0.,120.768750262182,-15.969901554908,10.,          1545P   2875
120.768750262182,-15.969901554908,0.,117.268750262182,              1545P   2876
-15.969901554908,10.,117.268750262182,-15.969901554908,0.,          1545P   2877
113.768750262182,-15.969901554908,10.,113.768750262182,             1545P   2878
-15.969901554908,0.,113.768750262182,-19.469901554908,10.,          1545P   2879
113.768750262182,-19.469901554908,0.,2.85714285714286,0.,           1545P   2880
3.14159265358979;                                                   1545P   2881
128,1,1,1,1,0,0,1,0,0,-0.001,-0.001,0.340887797181454,              1547P   2882
0.340887797181454,-0.001,-0.001,1.001,1.001,1.,1.,1.,1.,-0.01,      1547P   2883
113.768750262182,-22.8787795267225,-0.01,113.768750262182,          1547P   2884
-19.459901554908,10.01,113.768750262182,-22.8787795267225,10.01,    1547P   2885
113.768750262182,-19.459901554908,-0.001,0.340887797181454,         1547P   2886
-0.001,1.001;                                                       1547P   2887
128,1,2,1,2,0,0,0,0,0,0.,0.,2.85714285714286,2.85714285714286,      1549P   2888
3.11269671160681,3.11269671160681,3.11269671160681,                 1549P   2889
3.17048859557278,3.17048859557278,3.17048859557278,1.,1.,           1549P   2890
0.999582541316984,0.999582541316984,1.,1.,0.,113.768750262182,      1549P   2891
-22.8687795267225,10.,113.768750262182,-22.8687795267225,0.,        1549P   2892
113.765827441195,-22.9699012499324,10.,113.765827441195,            1549P   2893
-22.9699012499324,0.,113.768750262182,-23.0710229731423,10.,        1549P   2894
113.768750262182,-23.0710229731423,0.,2.85714285714286,             1549P   2895
3.11269671160681,3.17048859557278;                                  1549P   2896
128,1,1,1,1,0,0,1,0,0,-0.001,-0.001,0.340887797181454,              1551P   2897
0.340887797181454,-0.001,-0.001,1.001,1.001,1.,1.,1.,1.,-0.01,      1551P   2898
113.768750262182,-26.4799009449568,-0.01,113.768750262182,          1551P   2899
-23.0610229731423,10.01,113.768750262182,-26.4799009449568,         1551P   2900
10.01,113.768750262182,-23.0610229731423,-0.001,                    1551P   2901
0.340887797181454,-0.001,1.001;                                     1551P   2902
128,1,4,1,2,0,0,0,0,0,0.,0.,2.85714285714286,2.85714285714286,      1553P   2903
0.,0.,0.,1.5707963267949,1.5707963267949,3.14159265358979,          1553P   2904
3.14159265358979,3.14159265358979,1.,1.,0.707106781186548,          1553P   2905
0.707106781186548,1.,1.,0.707106781186548,0.707106781186548,1.,     1553P   2906
1.,0.,113.768750262182,-26.4699009449568,10.,113.768750262182,      1553P   2907
-26.4699009449568,0.,113.768750262182,-29.9699009449568,10.,        1553P   2908
113.768750262182,-29.9699009449568,0.,117.268750262182,             1553P   2909
-29.9699009449568,10.,117.268750262182,-29.9699009449568,0.,        1553P   2910
120.768750262182,-29.9699009449568,10.,120.768750262182,            1553P   2911
-29.9699009449568,0.,120.768750262182,-26.4699009449568,10.,        1553P   2912
120.768750262182,-26.4699009449568,0.,2.85714285714286,0.,          1553P   2913
3.14159265358979;                                                   1553P   2914
128,1,1,1,1,0,0,1,0,0,-0.001,-0.001,0.700999939004883,              1555P   2915
0.700999939004883,-0.001,-0.001,1.001,1.001,1.,1.,1.,1.,-0.01,      1555P   2916
120.768750262182,-19.459901554908,-0.01,120.768750262182,           1555P   2917
-26.4799009449568,10.01,120.768750262182,-19.459901554908,10.01,    1555P   2918
120.768750262182,-26.4799009449568,-0.001,0.700999939004883,        1555P   2919
-0.001,1.001;                                                       1555P   2920
128,1,4,1,2,0,0,0,0,0,0.,0.,2.85714285714286,2.85714285714286,      1557P   2921
0.,0.,0.,1.5707963267949,1.5707963267949,3.14159265358979,          1557P   2922
3.14159265358979,3.14159265358979,1.,1.,0.707106781186548,          1557P   2923
0.707106781186548,1.,1.,0.707106781186548,0.707106781186548,1.,     1557P   2924
1.,0.,120.768750262182,25.530098445092,10.,120.768750262182,        1557P   2925
25.530098445092,0.,120.768750262182,29.030098445092,10.,            1557P   2926
120.768750262182,29.030098445092,0.,117.268750262182,               1557P   2927
29.030098445092,10.,117.268750262182,29.030098445092,0.,            1557P   2928
113.768750262182,29.030098445092,10.,113.768750262182,              1557P   2929
29.030098445092,0.,113.768750262182,25.530098445092,10.,            1557P   2930
113.768750262182,25.530098445092,0.,2.85714285714286,0.,            1557P   2931
3.14159265358979;                                                   1557P   2932
128,1,1,1,1,0,0,1,0,0,-0.001,-0.001,0.340887797181454,              1559P   2933
0.340887797181454,-0.001,-0.001,1.001,1.001,1.,1.,1.,1.,-0.01,      1559P   2934
113.768750262182,22.1212204732775,-0.01,113.768750262182,           1559P   2935
25.540098445092,10.01,113.768750262182,22.1212204732775,10.01,      1559P   2936
113.768750262182,25.540098445092,-0.001,0.340887797181454,          1559P   2937
-0.001,1.001;                                                       1559P   2938
128,1,2,1,2,0,0,0,0,0,0.,0.,2.85714285714286,2.85714285714286,      1561P   2939
3.11269671160681,3.11269671160681,3.11269671160681,                 1561P   2940
3.17048859557278,3.17048859557278,3.17048859557278,1.,1.,           1561P   2941
0.999582541316984,0.999582541316984,1.,1.,0.,113.768750262182,      1561P   2942
22.1312204732775,10.,113.768750262182,22.1312204732775,0.,          1561P   2943
113.765827441195,22.0300987500676,10.,113.765827441195,             1561P   2944
22.0300987500676,0.,113.768750262182,21.9289770268577,10.,          1561P   2945
113.768750262182,21.9289770268577,0.,2.85714285714286,              1561P   2946
3.11269671160681,3.17048859557278;                                  1561P   2947
128,1,1,1,1,0,0,1,0,0,-0.001,-0.001,0.340887797181454,              1563P   2948
0.340887797181454,-0.001,-0.001,1.001,1.001,1.,1.,1.,1.,-0.01,      1563P   2949
113.768750262182,18.5200990550432,-0.01,113.768750262182,           1563P   2950
21.9389770268577,10.01,113.768750262182,18.5200990550432,10.01,     1563P   2951
113.768750262182,21.9389770268577,-0.001,0.340887797181454,         1563P   2952
-0.001,1.001;                                                       1563P   2953
128,1,4,1,2,0,0,0,0,0,0.,0.,2.85714285714286,2.85714285714286,      1565P   2954
0.,0.,0.,1.5707963267949,1.5707963267949,3.14159265358979,          1565P   2955
3.14159265358979,3.14159265358979,1.,1.,0.707106781186548,          1565P   2956
0.707106781186548,1.,1.,0.707106781186548,0.707106781186548,1.,     1565P   2957
1.,0.,113.768750262182,18.5300990550432,10.,113.768750262182,       1565P   2958
18.5300990550432,0.,113.768750262182,15.0300990550432,10.,          1565P   2959
113.768750262182,15.0300990550432,0.,117.268750262182,              1565P   2960
15.0300990550432,10.,117.268750262182,15.0300990550432,0.,          1565P   2961
120.768750262182,15.0300990550432,10.,120.768750262182,             1565P   2962
15.0300990550432,0.,120.768750262182,18.5300990550432,10.,          1565P   2963
120.768750262182,18.5300990550432,0.,2.85714285714286,0.,           1565P   2964
3.14159265358979;                                                   1565P   2965
128,1,1,1,1,0,0,1,0,0,-0.001,-0.001,0.700999939004883,              1567P   2966
0.700999939004883,-0.001,-0.001,1.001,1.001,1.,1.,1.,1.,-0.01,      1567P   2967
120.768750262182,25.540098445092,-0.01,120.768750262182,            1567P   2968
18.5200990550432,10.01,120.768750262182,25.540098445092,10.01,      1567P   2969
120.768750262182,18.5200990550432,-0.001,0.700999939004883,         1567P   2970
-0.001,1.001;                                                       1567P   2971
128,1,4,1,2,0,0,0,0,0,0.,0.,2.85714285714286,2.85714285714286,      1569P   2972
0.,0.,0.,1.5707963267949,1.5707963267949,3.14159265358979,          1569P   2973
3.14159265358979,3.14159265358979,1.,1.,0.707106781186548,          1569P   2974
0.707106781186548,1.,1.,0.707106781186548,0.707106781186548,1.,     1569P   2975
1.,0.,75.7687502621824,-19.469901554908,10.,75.7687502621824,       1569P   2976
-19.469901554908,0.,75.7687502621824,-15.969901554908,10.,          1569P   2977
75.7687502621824,-15.969901554908,0.,72.2687502621824,              1569P   2978
-15.969901554908,10.,72.2687502621824,-15.969901554908,0.,          1569P   2979
68.7687502621824,-15.969901554908,10.,68.7687502621824,             1569P   2980
-15.969901554908,0.,68.7687502621824,-19.469901554908,10.,          1569P   2981
68.7687502621824,-19.469901554908,0.,2.85714285714286,0.,           1569P   2982
3.14159265358979;                                                   1569P   2983
128,1,1,1,1,0,0,1,0,0,-0.001,-0.001,0.340887797181469,              1571P   2984
0.340887797181469,-0.001,-0.001,1.001,1.001,1.,1.,1.,1.,-0.01,      1571P   2985
68.7687502621824,-22.8787795267227,-0.01,68.7687502621824,          1571P   2986
-19.459901554908,10.01,68.7687502621824,-22.8787795267227,10.01,    1571P   2987
68.7687502621824,-19.459901554908,-0.001,0.340887797181469,         1571P   2988
-0.001,1.001;                                                       1571P   2989
128,1,2,1,2,0,0,0,0,0,0.,0.,2.85714285714286,2.85714285714286,      1573P   2990
3.11269671160685,3.11269671160685,3.11269671160685,                 1573P   2991
3.17048859557274,3.17048859557274,3.17048859557274,1.,1.,           1573P   2992
0.999582541316985,0.999582541316985,1.,1.,0.,68.7687502621824,      1573P   2993
-22.8687795267227,10.,68.7687502621824,-22.8687795267227,0.,        1573P   2994
68.7658274411954,-22.9699012499324,10.,68.7658274411954,            1573P   2995
-22.9699012499324,0.,68.7687502621824,-23.0710229731421,10.,        1573P   2996
68.7687502621824,-23.0710229731421,0.,2.85714285714286,             1573P   2997
3.11269671160685,3.17048859557274;                                  1573P   2998
128,1,1,1,1,0,0,1,0,0,-0.001,-0.001,0.340887797181469,              1575P   2999
0.340887797181469,-0.001,-0.001,1.001,1.001,1.,1.,1.,1.,-0.01,      1575P   3000
68.7687502621824,-26.4799009449568,-0.01,68.7687502621824,          1575P   3001
-23.0610229731421,10.01,68.7687502621824,-26.4799009449568,         1575P   3002
10.01,68.7687502621824,-23.0610229731421,-0.001,                    1575P   3003
0.340887797181469,-0.001,1.001;                                     1575P   3004
128,1,4,1,2,0,0,0,0,0,0.,0.,2.85714285714286,2.85714285714286,      1577P   3005
0.,0.,0.,1.5707963267949,1.5707963267949,3.14159265358979,          1577P   3006
3.14159265358979,3.14159265358979,1.,1.,0.707106781186548,          1577P   3007
0.707106781186548,1.,1.,0.707106781186548,0.707106781186548,1.,     1577P   3008
1.,0.,68.7687502621824,-26.4699009449568,10.,68.7687502621824,      1577P   3009
-26.4699009449568,0.,68.7687502621824,-29.9699009449568,10.,        1577P   3010
68.7687502621824,-29.9699009449568,0.,72.2687502621824,             1577P   3011
-29.9699009449568,10.,72.2687502621824,-29.9699009449568,0.,        1577P   3012
75.7687502621824,-29.9699009449568,10.,75.7687502621824,            1577P   3013
-29.9699009449568,0.,75.7687502621824,-26.4699009449568,10.,        1577P   3014
75.7687502621824,-26.4699009449568,0.,2.85714285714286,0.,          1577P   3015
3.14159265358979;                                                   1577P   3016
128,1,1,1,1,0,0,1,0,0,-0.001,-0.001,0.700999939004883,              1579P   3017
0.700999939004883,-0.001,-0.001,1.001,1.001,1.,1.,1.,1.,-0.01,      1579P   3018
75.7687502621824,-19.459901554908,-0.01,75.7687502621824,           1579P   3019
-26.4799009449568,10.01,75.7687502621824,-19.459901554908,10.01,    1579P   3020
75.7687502621824,-26.4799009449568,-0.001,0.700999939004883,        1579P   3021
-0.001,1.001;                                                       1579P   3022
128,1,8,1,2,0,1,0,0,1,0.,0.,2.94117647058823,2.94117647058823,      1581P   3023
-3.14159265358979,-3.14159265358979,-3.14159265358979,              1581P   3024
-1.5707963267949,-1.5707963267949,0.,0.,1.5707963267949,            1581P   3025
1.5707963267949,3.14159265358979,3.14159265358979,                  1581P   3026
3.14159265358979,1.,1.,0.707106781186548,0.707106781186548,1.,      1581P   3027
1.,0.707106781186548,0.707106781186548,1.,1.,0.707106781186548,     1581P   3028
0.707106781186548,1.,1.,0.707106781186548,0.707106781186548,1.,     1581P   3029
1.,0.,68.867289156792,-255.469901249932,10.,68.867289156792,        1581P   3030
-255.469901249932,0.,68.867289156792,-258.869901249932,10.,         1581P   3031
68.867289156792,-258.869901249932,0.,72.267289156792,               1581P   3032
-258.869901249932,10.,72.267289156792,-258.869901249932,0.,         1581P   3033
75.667289156792,-258.869901249932,10.,75.667289156792,              1581P   3034
-258.869901249932,0.,75.667289156792,-255.469901249932,10.,         1581P   3035
75.667289156792,-255.469901249932,0.,75.667289156792,               1581P   3036
-252.069901249932,10.,75.667289156792,-252.069901249932,0.,         1581P   3037
72.267289156792,-252.069901249932,10.,72.267289156792,              1581P   3038
-252.069901249932,0.,68.867289156792,-252.069901249932,10.,         1581P   3039
68.867289156792,-252.069901249932,0.,68.867289156792,               1581P   3040
-255.469901249932,10.,68.867289156792,-255.469901249932,0.,         1581P   3041
2.94117647058823,-3.14159265358979,3.14159265358979;                1581P   3042
128,1,8,1,2,0,1,0,0,1,0.,0.,2.94117647058824,2.94117647058824,      1583P   3043
-3.14159265358979,-3.14159265358979,-3.14159265358979,              1583P   3044
-1.5707963267949,-1.5707963267949,0.,0.,1.5707963267949,            1583P   3045
1.5707963267949,3.14159265358979,3.14159265358979,                  1583P   3046
3.14159265358979,1.,1.,0.707106781186548,0.707106781186548,1.,      1583P   3047
1.,0.707106781186548,0.707106781186548,1.,1.,0.707106781186548,     1583P   3048
0.707106781186548,1.,1.,0.707106781186548,0.707106781186548,1.,     1583P   3049
1.,0.,113.867289156792,-255.469901249932,10.,113.867289156792,      1583P   3050
-255.469901249932,0.,113.867289156792,-258.869901249932,10.,        1583P   3051
113.867289156792,-258.869901249932,0.,117.267289156792,             1583P   3052
-258.869901249932,10.,117.267289156792,-258.869901249932,0.,        1583P   3053
120.667289156792,-258.869901249932,10.,120.667289156792,            1583P   3054
-258.869901249932,0.,120.667289156792,-255.469901249932,10.,        1583P   3055
120.667289156792,-255.469901249932,0.,120.667289156792,             1583P   3056
-252.069901249932,10.,120.667289156792,-252.069901249932,0.,        1583P   3057
117.267289156792,-252.069901249932,10.,117.267289156792,            1583P   3058
-252.069901249932,0.,113.867289156792,-252.069901249932,10.,        1583P   3059
113.867289156792,-252.069901249932,0.,113.867289156792,             1583P   3060
-255.469901249932,10.,113.867289156792,-255.469901249932,0.,        1583P   3061
2.94117647058824,-3.14159265358979,3.14159265358979;                1583P   3062
128,1,8,1,2,0,1,0,0,1,0.,0.,2.94117647058823,2.94117647058823,      1585P   3063
-3.14159265358979,-3.14159265358979,-3.14159265358979,              1585P   3064
-1.5707963267949,-1.5707963267949,0.,0.,1.5707963267949,            1585P   3065
1.5707963267949,3.14159265358979,3.14159265358979,                  1585P   3066
3.14159265358979,1.,1.,0.707106781186548,0.707106781186548,1.,      1585P   3067
1.,0.707106781186548,0.707106781186548,1.,1.,0.707106781186548,     1585P   3068
0.707106781186548,1.,1.,0.707106781186548,0.707106781186548,1.,     1585P   3069
1.,0.,68.867289156792,-210.469901249932,10.,68.867289156792,        1585P   3070
-210.469901249932,0.,68.867289156792,-213.869901249932,10.,         1585P   3071
68.867289156792,-213.869901249932,0.,72.267289156792,               1585P   3072
-213.869901249932,10.,72.267289156792,-213.869901249932,0.,         1585P   3073
75.667289156792,-213.869901249932,10.,75.667289156792,              1585P   3074
-213.869901249932,0.,75.667289156792,-210.469901249932,10.,         1585P   3075
75.667289156792,-210.469901249932,0.,75.667289156792,               1585P   3076
-207.069901249932,10.,75.667289156792,-207.069901249932,0.,         1585P   3077
72.267289156792,-207.069901249932,10.,72.267289156792,              1585P   3078
-207.069901249932,0.,68.867289156792,-207.069901249932,10.,         1585P   3079
68.867289156792,-207.069901249932,0.,68.867289156792,               1585P   3080
-210.469901249932,10.,68.867289156792,-210.469901249932,0.,         1585P   3081
2.94117647058823,-3.14159265358979,3.14159265358979;                1585P   3082
128,1,8,1,2,0,1,0,0,1,0.,0.,2.94117647058824,2.94117647058824,      1587P   3083
-3.14159265358979,-3.14159265358979,-3.14159265358979,              1587P   3084
-1.5707963267949,-1.5707963267949,0.,0.,1.5707963267949,            1587P   3085
1.5707963267949,3.14159265358979,3.14159265358979,                  1587P   3086
3.14159265358979,1.,1.,0.707106781186548,0.707106781186548,1.,      1587P   3087
1.,0.707106781186548,0.707106781186548,1.,1.,0.707106781186548,     1587P   3088
0.707106781186548,1.,1.,0.707106781186548,0.707106781186548,1.,     1587P   3089
1.,0.,113.867289156792,-210.469901249932,10.,113.867289156792,      1587P   3090
-210.469901249932,0.,113.867289156792,-213.869901249932,10.,        1587P   3091
113.867289156792,-213.869901249932,0.,117.267289156792,             1587P   3092
-213.869901249932,10.,117.267289156792,-213.869901249932,0.,        1587P   3093
120.667289156792,-213.869901249932,10.,120.667289156792,            1587P   3094
-213.869901249932,0.,120.667289156792,-210.469901249932,10.,        1587P   3095
120.667289156792,-210.469901249932,0.,120.667289156792,             1587P   3096
-207.069901249932,10.,120.667289156792,-207.069901249932,0.,        1587P   3097
117.267289156792,-207.069901249932,10.,117.267289156792,            1587P   3098
-207.069901249932,0.,113.867289156792,-207.069901249932,10.,        1587P   3099
113.867289156792,-207.069901249932,0.,113.867289156792,             1587P   3100
-210.469901249932,10.,113.867289156792,-210.469901249932,0.,        1587P   3101
2.94117647058824,-3.14159265358979,3.14159265358979;                1587P   3102
128,1,8,1,2,0,1,0,0,1,0.,0.,2.94117647058823,2.94117647058823,      1589P   3103
-3.14159265358979,-3.14159265358979,-3.14159265358979,              1589P   3104
-1.5707963267949,-1.5707963267949,0.,0.,1.5707963267949,            1589P   3105
1.5707963267949,3.14159265358979,3.14159265358979,                  1589P   3106
3.14159265358979,1.,1.,0.707106781186548,0.707106781186548,1.,      1589P   3107
1.,0.707106781186548,0.707106781186548,1.,1.,0.707106781186548,     1589P   3108
0.707106781186548,1.,1.,0.707106781186548,0.707106781186548,1.,     1589P   3109
1.,0.,68.867289156792,-165.469901249932,10.,68.867289156792,        1589P   3110
-165.469901249932,0.,68.867289156792,-168.869901249932,10.,         1589P   3111
68.867289156792,-168.869901249932,0.,72.267289156792,               1589P   3112
-168.869901249932,10.,72.267289156792,-168.869901249932,0.,         1589P   3113
75.667289156792,-168.869901249932,10.,75.667289156792,              1589P   3114
-168.869901249932,0.,75.667289156792,-165.469901249932,10.,         1589P   3115
75.667289156792,-165.469901249932,0.,75.667289156792,               1589P   3116
-162.069901249932,10.,75.667289156792,-162.069901249932,0.,         1589P   3117
72.267289156792,-162.069901249932,10.,72.267289156792,              1589P   3118
-162.069901249932,0.,68.867289156792,-162.069901249932,10.,         1589P   3119
68.867289156792,-162.069901249932,0.,68.867289156792,               1589P   3120
-165.469901249932,10.,68.867289156792,-165.469901249932,0.,         1589P   3121
2.94117647058823,-3.14159265358979,3.14159265358979;                1589P   3122
128,1,8,1,2,0,1,0,0,1,0.,0.,2.94117647058824,2.94117647058824,      1591P   3123
-3.14159265358979,-3.14159265358979,-3.14159265358979,              1591P   3124
-1.5707963267949,-1.5707963267949,0.,0.,1.5707963267949,            1591P   3125
1.5707963267949,3.14159265358979,3.14159265358979,                  1591P   3126
3.14159265358979,1.,1.,0.707106781186548,0.707106781186548,1.,      1591P   3127
1.,0.707106781186548,0.707106781186548,1.,1.,0.707106781186548,     1591P   3128
0.707106781186548,1.,1.,0.707106781186548,0.707106781186548,1.,     1591P   3129
1.,0.,113.867289156792,-165.469901249932,10.,113.867289156792,      1591P   3130
-165.469901249932,0.,113.867289156792,-168.869901249932,10.,        1591P   3131
113.867289156792,-168.869901249932,0.,117.267289156792,             1591P   3132
-168.869901249932,10.,117.267289156792,-168.869901249932,0.,        1591P   3133
120.667289156792,-168.869901249932,10.,120.667289156792,            1591P   3134
-168.869901249932,0.,120.667289156792,-165.469901249932,10.,        1591P   3135
120.667289156792,-165.469901249932,0.,120.667289156792,             1591P   3136
-162.069901249932,10.,120.667289156792,-162.069901249932,0.,        1591P   3137
117.267289156792,-162.069901249932,10.,117.267289156792,            1591P   3138
-162.069901249932,0.,113.867289156792,-162.069901249932,10.,        1591P   3139
113.867289156792,-162.069901249932,0.,113.867289156792,             1591P   3140
-165.469901249932,10.,113.867289156792,-165.469901249932,0.,        1591P   3141
2.94117647058824,-3.14159265358979,3.14159265358979;                1591P   3142
128,1,8,1,2,0,1,0,0,1,0.,0.,2.94117647058824,2.94117647058824,      1593P   3143
-3.14159265358979,-3.14159265358979,-3.14159265358979,              1593P   3144
-1.5707963267949,-1.5707963267949,0.,0.,1.5707963267949,            1593P   3145
1.5707963267949,3.14159265358979,3.14159265358979,                  1593P   3146
3.14159265358979,1.,1.,0.707106781186548,0.707106781186548,1.,      1593P   3147
1.,0.707106781186548,0.707106781186548,1.,1.,0.707106781186548,     1593P   3148
0.707106781186548,1.,1.,0.707106781186548,0.707106781186548,1.,     1593P   3149
1.,0.,113.867289156792,-75.4699012499324,10.,113.867289156792,      1593P   3150
-75.4699012499324,0.,113.867289156792,-78.8699012499324,10.,        1593P   3151
113.867289156792,-78.8699012499324,0.,117.267289156792,             1593P   3152
-78.8699012499324,10.,117.267289156792,-78.8699012499324,0.,        1593P   3153
120.667289156792,-78.8699012499324,10.,120.667289156792,            1593P   3154
-78.8699012499324,0.,120.667289156792,-75.4699012499324,10.,        1593P   3155
120.667289156792,-75.4699012499324,0.,120.667289156792,             1593P   3156
-72.0699012499324,10.,120.667289156792,-72.0699012499324,0.,        1593P   3157
117.267289156792,-72.0699012499324,10.,117.267289156792,            1593P   3158
-72.0699012499324,0.,113.867289156792,-72.0699012499324,10.,        1593P   3159
113.867289156792,-72.0699012499324,0.,113.867289156792,             1593P   3160
-75.4699012499324,10.,113.867289156792,-75.4699012499324,0.,        1593P   3161
2.94117647058824,-3.14159265358979,3.14159265358979;                1593P   3162
128,1,4,1,2,0,0,0,0,0,0.,0.,2.85714285714286,2.85714285714286,      1595P   3163
0.,0.,0.,1.5707963267949,1.5707963267949,3.14159265358979,          1595P   3164
3.14159265358979,3.14159265358979,1.,1.,0.707106781186548,          1595P   3165
0.707106781186548,1.,1.,0.707106781186548,0.707106781186548,1.,     1595P   3166
1.,0.,120.768750262182,70.530098445092,10.,120.768750262182,        1595P   3167
70.530098445092,0.,120.768750262182,74.030098445092,10.,            1595P   3168
120.768750262182,74.030098445092,0.,117.268750262182,               1595P   3169
74.030098445092,10.,117.268750262182,74.030098445092,0.,            1595P   3170
113.768750262182,74.030098445092,10.,113.768750262182,              1595P   3171
74.030098445092,0.,113.768750262182,70.530098445092,10.,            1595P   3172
113.768750262182,70.530098445092,0.,2.85714285714286,0.,            1595P   3173
3.14159265358979;                                                   1595P   3174
128,1,1,1,1,0,0,1,0,0,-0.001,-0.001,0.340887797181453,              1597P   3175
0.340887797181453,-0.001,-0.001,1.001,1.001,1.,1.,1.,1.,-0.01,      1597P   3176
113.768750262182,67.1212204732775,-0.01,113.768750262182,           1597P   3177
70.540098445092,10.01,113.768750262182,67.1212204732775,10.01,      1597P   3178
113.768750262182,70.540098445092,-0.001,0.340887797181453,          1597P   3179
-0.001,1.001;                                                       1597P   3180
128,1,2,1,2,0,0,0,0,0,0.,0.,2.85714285714286,2.85714285714286,      1599P   3181
3.11269671160681,3.11269671160681,3.11269671160681,                 1599P   3182
3.17048859557278,3.17048859557278,3.17048859557278,1.,1.,           1599P   3183
0.999582541316984,0.999582541316984,1.,1.,0.,113.768750262182,      1599P   3184
67.1312204732775,10.,113.768750262182,67.1312204732775,0.,          1599P   3185
113.765827441195,67.0300987500676,10.,113.765827441195,             1599P   3186
67.0300987500676,0.,113.768750262182,66.9289770268577,10.,          1599P   3187
113.768750262182,66.9289770268577,0.,2.85714285714286,              1599P   3188
3.11269671160681,3.17048859557278;                                  1599P   3189
128,1,1,1,1,0,0,1,0,0,-0.001,-0.001,0.340887797181453,              1601P   3190
0.340887797181453,-0.001,-0.001,1.001,1.001,1.,1.,1.,1.,-0.01,      1601P   3191
113.768750262182,63.5200990550432,-0.01,113.768750262182,           1601P   3192
66.9389770268577,10.01,113.768750262182,63.5200990550432,10.01,     1601P   3193
113.768750262182,66.9389770268578,-0.001,0.340887797181453,         1601P   3194
-0.001,1.001;                                                       1601P   3195
128,1,4,1,2,0,0,0,0,0,0.,0.,2.85714285714286,2.85714285714286,      1603P   3196
0.,0.,0.,1.5707963267949,1.5707963267949,3.14159265358979,          1603P   3197
3.14159265358979,3.14159265358979,1.,1.,0.707106781186548,          1603P   3198
0.707106781186548,1.,1.,0.707106781186548,0.707106781186548,1.,     1603P   3199
1.,0.,113.768750262182,63.5300990550432,10.,113.768750262182,       1603P   3200
63.5300990550432,0.,113.768750262182,60.0300990550432,10.,          1603P   3201
113.768750262182,60.0300990550432,0.,117.268750262182,              1603P   3202
60.0300990550432,10.,117.268750262182,60.0300990550432,0.,          1603P   3203
120.768750262182,60.0300990550432,10.,120.768750262182,             1603P   3204
60.0300990550432,0.,120.768750262182,63.5300990550432,10.,          1603P   3205
120.768750262182,63.5300990550432,0.,2.85714285714286,0.,           1603P   3206
3.14159265358979;                                                   1603P   3207
128,1,1,1,1,0,0,1,0,0,-0.001,-0.001,0.700999939004883,              1605P   3208
0.700999939004883,-0.001,-0.001,1.001,1.001,1.,1.,1.,1.,-0.01,      1605P   3209
120.768750262182,70.540098445092,-0.01,120.768750262182,            1605P   3210
63.5200990550432,10.01,120.768750262182,70.540098445092,10.01,      1605P   3211
120.768750262182,63.5200990550432,-0.001,0.700999939004883,         1605P   3212
-0.001,1.001;                                                       1605P   3213
128,1,4,1,2,0,0,0,0,0,0.,0.,2.85714285714286,2.85714285714286,      1607P   3214
0.,0.,0.,1.5707963267949,1.5707963267949,3.14159265358979,          1607P   3215
3.14159265358979,3.14159265358979,1.,1.,0.707106781186548,          1607P   3216
0.707106781186548,1.,1.,0.707106781186548,0.707106781186548,1.,     1607P   3217
1.,0.,75.7687502621824,70.530098445092,10.,75.7687502621824,        1607P   3218
70.530098445092,0.,75.7687502621824,74.030098445092,10.,            1607P   3219
75.7687502621824,74.030098445092,0.,72.2687502621824,               1607P   3220
74.030098445092,10.,72.2687502621824,74.030098445092,0.,            1607P   3221
68.7687502621824,74.030098445092,10.,68.7687502621824,              1607P   3222
74.030098445092,0.,68.7687502621824,70.530098445092,10.,            1607P   3223
68.7687502621824,70.530098445092,0.,2.85714285714286,0.,            1607P   3224
3.14159265358979;                                                   1607P   3225
128,1,1,1,1,0,0,1,0,0,-0.001,-0.001,0.340887797181468,              1609P   3226
0.340887797181468,-0.001,-0.001,1.001,1.001,1.,1.,1.,1.,-0.01,      1609P   3227
68.7687502621824,67.1212204732773,-0.01,68.7687502621824,           1609P   3228
70.540098445092,10.01,68.7687502621824,67.1212204732773,10.01,      1609P   3229
68.7687502621824,70.540098445092,-0.001,0.340887797181468,          1609P   3230
-0.001,1.001;                                                       1609P   3231
128,1,2,1,2,0,0,0,0,0,0.,0.,2.85714285714286,2.85714285714286,      1611P   3232
3.11269671160685,3.11269671160685,3.11269671160685,                 1611P   3233
3.17048859557274,3.17048859557274,3.17048859557274,1.,1.,           1611P   3234
0.999582541316985,0.999582541316985,1.,1.,0.,68.7687502621824,      1611P   3235
67.1312204732774,10.,68.7687502621824,67.1312204732774,0.,          1611P   3236
68.7658274411954,67.0300987500676,10.,68.7658274411954,             1611P   3237
67.0300987500676,0.,68.7687502621824,66.9289770268579,10.,          1611P   3238
68.7687502621824,66.9289770268579,0.,2.85714285714286,              1611P   3239
3.11269671160685,3.17048859557274;                                  1611P   3240
128,1,1,1,1,0,0,1,0,0,-0.001,-0.001,0.340887797181468,              1613P   3241
0.340887797181468,-0.001,-0.001,1.001,1.001,1.,1.,1.,1.,-0.01,      1613P   3242
68.7687502621824,63.5200990550432,-0.01,68.7687502621824,           1613P   3243
66.9389770268579,10.01,68.7687502621824,63.5200990550432,10.01,     1613P   3244
68.7687502621824,66.9389770268579,-0.001,0.340887797181468,         1613P   3245
-0.001,1.001;                                                       1613P   3246
128,1,4,1,2,0,0,0,0,0,0.,0.,2.85714285714286,2.85714285714286,      1615P   3247
0.,0.,0.,1.5707963267949,1.5707963267949,3.14159265358979,          1615P   3248
3.14159265358979,3.14159265358979,1.,1.,0.707106781186548,          1615P   3249
0.707106781186548,1.,1.,0.707106781186548,0.707106781186548,1.,     1615P   3250
1.,0.,68.7687502621824,63.5300990550432,10.,68.7687502621824,       1615P   3251
63.5300990550432,0.,68.7687502621824,60.0300990550432,10.,          1615P   3252
68.7687502621824,60.0300990550432,0.,72.2687502621824,              1615P   3253
60.0300990550432,10.,72.2687502621824,60.0300990550432,0.,          1615P   3254
75.7687502621824,60.0300990550432,10.,75.7687502621824,             1615P   3255
60.0300990550432,0.,75.7687502621824,63.5300990550432,10.,          1615P   3256
75.7687502621824,63.5300990550432,0.,2.85714285714286,0.,           1615P   3257
3.14159265358979;                                                   1615P   3258
128,1,1,1,1,0,0,1,0,0,-0.001,-0.001,0.700999939004883,              1617P   3259
0.700999939004883,-0.001,-0.001,1.001,1.001,1.,1.,1.,1.,-0.01,      1617P   3260
75.7687502621824,70.540098445092,-0.01,75.7687502621824,            1617P   3261
63.5200990550432,10.01,75.7687502621824,70.540098445092,10.01,      1617P   3262
75.7687502621824,63.5200990550432,-0.001,0.700999939004883,         1617P   3263
-0.001,1.001;                                                       1617P   3264
128,1,8,1,2,0,1,0,0,1,0.,0.,2.94117647058823,2.94117647058823,      1619P   3265
-3.14159265358979,-3.14159265358979,-3.14159265358979,              1619P   3266
-1.5707963267949,-1.5707963267949,0.,0.,1.5707963267949,            1619P   3267
1.5707963267949,3.14159265358979,3.14159265358979,                  1619P   3268
3.14159265358979,1.,1.,0.707106781186548,0.707106781186548,1.,      1619P   3269
1.,0.707106781186548,0.707106781186548,1.,1.,0.707106781186548,     1619P   3270
0.707106781186548,1.,1.,0.707106781186548,0.707106781186548,1.,     1619P   3271
1.,0.,68.867289156792,-120.469901249932,10.,68.867289156792,        1619P   3272
-120.469901249932,0.,68.867289156792,-123.869901249932,10.,         1619P   3273
68.867289156792,-123.869901249932,0.,72.267289156792,               1619P   3274
-123.869901249932,10.,72.267289156792,-123.869901249932,0.,         1619P   3275
75.667289156792,-123.869901249932,10.,75.667289156792,              1619P   3276
-123.869901249932,0.,75.667289156792,-120.469901249932,10.,         1619P   3277
75.667289156792,-120.469901249932,0.,75.667289156792,               1619P   3278
-117.069901249932,10.,75.667289156792,-117.069901249932,0.,         1619P   3279
72.267289156792,-117.069901249932,10.,72.267289156792,              1619P   3280
-117.069901249932,0.,68.867289156792,-117.069901249932,10.,         1619P   3281
68.867289156792,-117.069901249932,0.,68.867289156792,               1619P   3282
-120.469901249932,10.,68.867289156792,-120.469901249932,0.,         1619P   3283
2.94117647058823,-3.14159265358979,3.14159265358979;                1619P   3284
128,1,4,1,2,0,0,0,0,0,0.,0.,2.85714285714286,2.85714285714286,      1621P   3285
0.,0.,0.,1.5707963267949,1.5707963267949,3.14159265358979,          1621P   3286
3.14159265358979,3.14159265358979,1.,1.,0.707106781186548,          1621P   3287
0.707106781186548,1.,1.,0.707106781186548,0.707106781186548,1.,     1621P   3288
1.,0.,120.768750262182,115.530098445092,10.,120.768750262182,       1621P   3289
115.530098445092,0.,120.768750262182,119.030098445092,10.,          1621P   3290
120.768750262182,119.030098445092,0.,117.268750262182,              1621P   3291
119.030098445092,10.,117.268750262182,119.030098445092,0.,          1621P   3292
113.768750262182,119.030098445092,10.,113.768750262182,             1621P   3293
119.030098445092,0.,113.768750262182,115.530098445092,10.,          1621P   3294
113.768750262182,115.530098445092,0.,2.85714285714286,0.,           1621P   3295
3.14159265358979;                                                   1621P   3296
128,1,1,1,1,0,0,1,0,0,-0.001,-0.001,0.340887797181454,              1623P   3297
0.340887797181454,-0.001,-0.001,1.001,1.001,1.,1.,1.,1.,-0.01,      1623P   3298
113.768750262182,112.121220473278,-0.01,113.768750262182,           1623P   3299
115.540098445092,10.01,113.768750262182,112.121220473278,10.01,     1623P   3300
113.768750262182,115.540098445092,-0.001,0.340887797181454,         1623P   3301
-0.001,1.001;                                                       1623P   3302
128,1,2,1,2,0,0,0,0,0,0.,0.,2.85714285714286,2.85714285714286,      1625P   3303
3.11269671160681,3.11269671160681,3.11269671160681,                 1625P   3304
3.17048859557278,3.17048859557278,3.17048859557278,1.,1.,           1625P   3305
0.999582541316984,0.999582541316984,1.,1.,0.,113.768750262182,      1625P   3306
112.131220473277,10.,113.768750262182,112.131220473277,0.,          1625P   3307
113.765827441195,112.030098750068,10.,113.765827441195,             1625P   3308
112.030098750068,0.,113.768750262182,111.928977026858,10.,          1625P   3309
113.768750262182,111.928977026858,0.,2.85714285714286,              1625P   3310
3.11269671160681,3.17048859557278;                                  1625P   3311
128,1,1,1,1,0,0,1,0,0,-0.001,-0.001,0.340887797181454,              1627P   3312
0.340887797181454,-0.001,-0.001,1.001,1.001,1.,1.,1.,1.,-0.01,      1627P   3313
113.768750262182,108.520099055043,-0.01,113.768750262182,           1627P   3314
111.938977026858,10.01,113.768750262182,108.520099055043,10.01,     1627P   3315
113.768750262182,111.938977026858,-0.001,0.340887797181454,         1627P   3316
-0.001,1.001;                                                       1627P   3317
128,1,4,1,2,0,0,0,0,0,0.,0.,2.85714285714286,2.85714285714286,      1629P   3318
0.,0.,0.,1.5707963267949,1.5707963267949,3.14159265358979,          1629P   3319
3.14159265358979,3.14159265358979,1.,1.,0.707106781186548,          1629P   3320
0.707106781186548,1.,1.,0.707106781186548,0.707106781186548,1.,     1629P   3321
1.,0.,113.768750262182,108.530099055043,10.,113.768750262182,       1629P   3322
108.530099055043,0.,113.768750262182,105.030099055043,10.,          1629P   3323
113.768750262182,105.030099055043,0.,117.268750262182,              1629P   3324
105.030099055043,10.,117.268750262182,105.030099055043,0.,          1629P   3325
120.768750262182,105.030099055043,10.,120.768750262182,             1629P   3326
105.030099055043,0.,120.768750262182,108.530099055043,10.,          1629P   3327
120.768750262182,108.530099055043,0.,2.85714285714286,0.,           1629P   3328
3.14159265358979;                                                   1629P   3329
128,1,1,1,1,0,0,1,0,0,-0.001,-0.001,0.700999939004883,              1631P   3330
0.700999939004883,-0.001,-0.001,1.001,1.001,1.,1.,1.,1.,-0.01,      1631P   3331
120.768750262182,115.540098445092,-0.01,120.768750262182,           1631P   3332
108.520099055043,10.01,120.768750262182,115.540098445092,10.01,     1631P   3333
120.768750262182,108.520099055043,-0.001,0.700999939004883,         1631P   3334
-0.001,1.001;                                                       1631P   3335
128,1,4,1,2,0,0,0,0,0,0.,0.,2.85714285714286,2.85714285714286,      1633P   3336
0.,0.,0.,1.5707963267949,1.5707963267949,3.14159265358979,          1633P   3337
3.14159265358979,3.14159265358979,1.,1.,0.707106781186548,          1633P   3338
0.707106781186548,1.,1.,0.707106781186548,0.707106781186548,1.,     1633P   3339
1.,0.,75.7687502621824,25.530098445092,10.,75.7687502621824,        1633P   3340
25.530098445092,0.,75.7687502621824,29.030098445092,10.,            1633P   3341
75.7687502621824,29.030098445092,0.,72.2687502621824,               1633P   3342
29.030098445092,10.,72.2687502621824,29.030098445092,0.,            1633P   3343
68.7687502621824,29.030098445092,10.,68.7687502621824,              1633P   3344
29.030098445092,0.,68.7687502621824,25.530098445092,10.,            1633P   3345
68.7687502621824,25.530098445092,0.,2.85714285714286,0.,            1633P   3346
3.14159265358979;                                                   1633P   3347
128,1,1,1,1,0,0,1,0,0,-0.001,-0.001,0.340887797181469,              1635P   3348
0.340887797181469,-0.001,-0.001,1.001,1.001,1.,1.,1.,1.,-0.01,      1635P   3349
68.7687502621824,22.1212204732773,-0.01,68.7687502621824,           1635P   3350
25.540098445092,10.01,68.7687502621824,22.1212204732773,10.01,      1635P   3351
68.7687502621824,25.540098445092,-0.001,0.340887797181469,          1635P   3352
-0.001,1.001;                                                       1635P   3353
128,1,2,1,2,0,0,0,0,0,0.,0.,2.85714285714286,2.85714285714286,      1637P   3354
3.11269671160685,3.11269671160685,3.11269671160685,                 1637P   3355
3.17048859557274,3.17048859557274,3.17048859557274,1.,1.,           1637P   3356
0.999582541316985,0.999582541316985,1.,1.,0.,68.7687502621824,      1637P   3357
22.1312204732773,10.,68.7687502621824,22.1312204732773,0.,          1637P   3358
68.7658274411954,22.0300987500676,10.,68.7658274411954,             1637P   3359
22.0300987500676,0.,68.7687502621824,21.9289770268579,10.,          1637P   3360
68.7687502621824,21.9289770268579,0.,2.85714285714286,              1637P   3361
3.11269671160685,3.17048859557274;                                  1637P   3362
128,1,1,1,1,0,0,1,0,0,-0.001,-0.001,0.340887797181469,              1639P   3363
0.340887797181469,-0.001,-0.001,1.001,1.001,1.,1.,1.,1.,-0.01,      1639P   3364
68.7687502621824,18.5200990550432,-0.01,68.7687502621824,           1639P   3365
21.9389770268579,10.01,68.7687502621824,18.5200990550432,10.01,     1639P   3366
68.7687502621824,21.9389770268579,-0.001,0.340887797181469,         1639P   3367
-0.001,1.001;                                                       1639P   3368
128,1,4,1,2,0,0,0,0,0,0.,0.,2.85714285714286,2.85714285714286,      1641P   3369
0.,0.,0.,1.5707963267949,1.5707963267949,3.14159265358979,          1641P   3370
3.14159265358979,3.14159265358979,1.,1.,0.707106781186548,          1641P   3371
0.707106781186548,1.,1.,0.707106781186548,0.707106781186548,1.,     1641P   3372
1.,0.,68.7687502621824,18.5300990550432,10.,68.7687502621824,       1641P   3373
18.5300990550432,0.,68.7687502621824,15.0300990550432,10.,          1641P   3374
68.7687502621824,15.0300990550432,0.,72.2687502621824,              1641P   3375
15.0300990550432,10.,72.2687502621824,15.0300990550432,0.,          1641P   3376
75.7687502621824,15.0300990550432,10.,75.7687502621824,             1641P   3377
15.0300990550432,0.,75.7687502621824,18.5300990550432,10.,          1641P   3378
75.7687502621824,18.5300990550432,0.,2.85714285714286,0.,           1641P   3379
3.14159265358979;                                                   1641P   3380
128,1,1,1,1,0,0,1,0,0,-0.001,-0.001,0.700999939004883,              1643P   3381
0.700999939004883,-0.001,-0.001,1.001,1.001,1.,1.,1.,1.,-0.01,      1643P   3382
75.7687502621824,25.540098445092,-0.01,75.7687502621824,            1643P   3383
18.5200990550432,10.01,75.7687502621824,25.540098445092,10.01,      1643P   3384
75.7687502621824,18.5200990550432,-0.001,0.700999939004883,         1643P   3385
-0.001,1.001;                                                       1643P   3386
128,1,1,1,1,0,0,1,0,0,-0.001,-0.001,0.340887797181468,              1645P   3387
0.340887797181468,-0.001,-0.001,1.001,1.001,1.,1.,1.,1.,-0.01,      1645P   3388
68.7687502621824,112.121220473277,-0.01,68.7687502621824,           1645P   3389
115.540098445092,10.01,68.7687502621824,112.121220473277,10.01,     1645P   3390
68.7687502621824,115.540098445092,-0.001,0.340887797181468,         1645P   3391
-0.001,1.001;                                                       1645P   3392
128,1,2,1,2,0,0,0,0,0,0.,0.,2.85714285714286,2.85714285714286,      1647P   3393
3.11269671160685,3.11269671160685,3.11269671160685,                 1647P   3394
3.17048859557274,3.17048859557274,3.17048859557274,1.,1.,           1647P   3395
0.999582541316985,0.999582541316985,1.,1.,0.,68.7687502621824,      1647P   3396
112.131220473277,10.,68.7687502621824,112.131220473277,0.,          1647P   3397
68.7658274411954,112.030098750068,10.,68.7658274411954,             1647P   3398
112.030098750068,0.,68.7687502621824,111.928977026858,10.,          1647P   3399
68.7687502621824,111.928977026858,0.,2.85714285714286,              1647P   3400
3.11269671160685,3.17048859557274;                                  1647P   3401
128,1,1,1,1,0,0,1,0,0,-0.001,-0.001,0.340887797181468,              1649P   3402
0.340887797181468,-0.001,-0.001,1.001,1.001,1.,1.,1.,1.,-0.01,      1649P   3403
68.7687502621824,108.520099055043,-0.01,68.7687502621824,           1649P   3404
111.938977026858,10.01,68.7687502621824,108.520099055043,10.01,     1649P   3405
68.7687502621824,111.938977026858,-0.001,0.340887797181468,         1649P   3406
-0.001,1.001;                                                       1649P   3407
128,1,4,1,2,0,0,0,0,0,0.,0.,2.85714285714286,2.85714285714286,      1651P   3408
0.,0.,0.,1.5707963267949,1.5707963267949,3.14159265358979,          1651P   3409
3.14159265358979,3.14159265358979,1.,1.,0.707106781186548,          1651P   3410
0.707106781186548,1.,1.,0.707106781186548,0.707106781186548,1.,     1651P   3411
1.,0.,68.7687502621824,108.530099055043,10.,68.7687502621824,       1651P   3412
108.530099055043,0.,68.7687502621824,105.030099055043,10.,          1651P   3413
68.7687502621824,105.030099055043,0.,72.2687502621824,              1651P   3414
105.030099055043,10.,72.2687502621824,105.030099055043,0.,          1651P   3415
75.7687502621824,105.030099055043,10.,75.7687502621824,             1651P   3416
105.030099055043,0.,75.7687502621824,108.530099055043,10.,          1651P   3417
75.7687502621824,108.530099055043,0.,2.85714285714286,0.,           1651P   3418
3.14159265358979;                                                   1651P   3419
128,1,1,1,1,0,0,1,0,0,-0.001,-0.001,0.700999939004883,              1653P   3420
0.700999939004883,-0.001,-0.001,1.001,1.001,1.,1.,1.,1.,-0.01,      1653P   3421
75.7687502621824,115.540098445092,-0.01,75.7687502621824,           1653P   3422
108.520099055043,10.01,75.7687502621824,115.540098445092,10.01,     1653P   3423
75.7687502621824,108.520099055043,-0.001,0.700999939004883,         1653P   3424
-0.001,1.001;                                                       1653P   3425
128,1,4,1,2,0,0,0,0,0,0.,0.,2.85714285714286,2.85714285714286,      1655P   3426
0.,0.,0.,1.5707963267949,1.5707963267949,3.14159265358979,          1655P   3427
3.14159265358979,3.14159265358979,1.,1.,0.707106781186548,          1655P   3428
0.707106781186548,1.,1.,0.707106781186548,0.707106781186548,1.,     1655P   3429
1.,0.,75.7687502621824,115.530098445092,10.,75.7687502621824,       1655P   3430
115.530098445092,0.,75.7687502621824,119.030098445092,10.,          1655P   3431
75.7687502621824,119.030098445092,0.,72.2687502621824,              1655P   3432
119.030098445092,10.,72.2687502621824,119.030098445092,0.,          1655P   3433
68.7687502621824,119.030098445092,10.,68.7687502621824,             1655P   3434
119.030098445092,0.,68.7687502621824,115.530098445092,10.,          1655P   3435
68.7687502621824,115.530098445092,0.,2.85714285714286,0.,           1655P   3436
3.14159265358979;                                                   1655P   3437
128,1,8,1,2,0,1,0,0,1,0.,0.,2.94117647058823,2.94117647058823,      1657P   3438
-3.14159265358979,-3.14159265358979,-3.14159265358979,              1657P   3439
-1.5707963267949,-1.5707963267949,0.,0.,1.5707963267949,            1657P   3440
1.5707963267949,3.14159265358979,3.14159265358979,                  1657P   3441
3.14159265358979,1.,1.,0.707106781186548,0.707106781186548,1.,      1657P   3442
1.,0.707106781186548,0.707106781186548,1.,1.,0.707106781186548,     1657P   3443
0.707106781186548,1.,1.,0.707106781186548,0.707106781186548,1.,     1657P   3444
1.,0.,68.867289156792,-75.4699012499324,10.,68.867289156792,        1657P   3445
-75.4699012499324,0.,68.867289156792,-78.8699012499324,10.,         1657P   3446
68.867289156792,-78.8699012499324,0.,72.267289156792,               1657P   3447
-78.8699012499324,10.,72.267289156792,-78.8699012499324,0.,         1657P   3448
75.667289156792,-78.8699012499324,10.,75.667289156792,              1657P   3449
-78.8699012499324,0.,75.667289156792,-75.4699012499324,10.,         1657P   3450
75.667289156792,-75.4699012499324,0.,75.667289156792,               1657P   3451
-72.0699012499324,10.,75.667289156792,-72.0699012499324,0.,         1657P   3452
72.267289156792,-72.0699012499324,10.,72.267289156792,              1657P   3453
-72.0699012499324,0.,68.867289156792,-72.0699012499324,10.,         1657P   3454
68.867289156792,-72.0699012499324,0.,68.867289156792,               1657P   3455
-75.4699012499324,10.,68.867289156792,-75.4699012499324,0.,         1657P   3456
2.94117647058823,-3.14159265358979,3.14159265358979;                1657P   3457
128,1,8,1,2,0,1,0,0,1,0.,0.,2.94117647058824,2.94117647058824,      1659P   3458
-3.14159265358979,-3.14159265358979,-3.14159265358979,              1659P   3459
-1.5707963267949,-1.5707963267949,0.,0.,1.5707963267949,            1659P   3460
1.5707963267949,3.14159265358979,3.14159265358979,                  1659P   3461
3.14159265358979,1.,1.,0.707106781186548,0.707106781186548,1.,      1659P   3462
1.,0.707106781186548,0.707106781186548,1.,1.,0.707106781186548,     1659P   3463
0.707106781186548,1.,1.,0.707106781186548,0.707106781186548,1.,     1659P   3464
1.,0.,113.867289156792,-120.469901249932,10.,113.867289156792,      1659P   3465
-120.469901249932,0.,113.867289156792,-123.869901249932,10.,        1659P   3466
113.867289156792,-123.869901249932,0.,117.267289156792,             1659P   3467
-123.869901249932,10.,117.267289156792,-123.869901249932,0.,        1659P   3468
120.667289156792,-123.869901249932,10.,120.667289156792,            1659P   3469
-123.869901249932,0.,120.667289156792,-120.469901249932,10.,        1659P   3470
120.667289156792,-120.469901249932,0.,120.667289156792,             1659P   3471
-117.069901249932,10.,120.667289156792,-117.069901249932,0.,        1659P   3472
117.267289156792,-117.069901249932,10.,117.267289156792,            1659P   3473
-117.069901249932,0.,113.867289156792,-117.069901249932,10.,        1659P   3474
113.867289156792,-117.069901249932,0.,113.867289156792,             1659P   3475
-120.469901249932,10.,113.867289156792,-120.469901249932,0.,        1659P   3476
2.94117647058824,-3.14159265358979,3.14159265358979;                1659P   3477
128,1,1,1,1,0,0,1,0,0,-0.001,-0.001,0.900999952559355,              1661P   3478
0.900999952559355,-0.001,-0.001,1.001,1.001,1.,1.,1.,1.,-0.01,      1661P   3479
-20.9812497378175,-74.9799010127292,-0.01,-20.9812497378175,        1661P   3480
-65.9599014871356,10.01,-20.9812497378175,-74.9799010127292,        1661P   3481
10.01,-20.9812497378175,-65.9599014871356,-0.001,                   1661P   3482
0.900999952559355,-0.001,1.001;                                     1661P   3483
128,1,4,1,2,0,0,0,0,0,0.,0.,2.85714285714286,2.85714285714286,      1663P   3484
0.,0.,0.,1.5707963267949,1.5707963267949,3.14159265358979,          1663P   3485
3.14159265358979,3.14159265358979,1.,1.,0.707106781186548,          1663P   3486
0.707106781186548,1.,1.,0.707106781186548,0.707106781186548,1.,     1663P   3487
1.,0.,-20.9812497378175,-74.9699010127292,10.,-20.9812497378175,    1663P   3488
-74.9699010127292,0.,-20.9812497378175,-78.4699010127292,10.,       1663P   3489
-20.9812497378175,-78.4699010127292,0.,-17.4812497378175,           1663P   3490
-78.4699010127292,10.,-17.4812497378175,-78.4699010127292,0.,       1663P   3491
-13.9812497378175,-78.4699010127292,10.,-13.9812497378175,          1663P   3492
-78.4699010127292,0.,-13.9812497378175,-74.9699010127292,10.,       1663P   3493
-13.9812497378175,-74.9699010127292,0.,2.85714285714286,0.,         1663P   3494
3.14159265358979;                                                   1663P   3495
128,1,1,1,1,0,0,1,0,0,-0.001,-0.001,0.900999952559355,              1665P   3496
0.900999952559355,-0.001,-0.001,1.001,1.001,1.,1.,1.,1.,-0.01,      1665P   3497
-13.9812497378175,-65.9599014871356,-0.01,-13.9812497378175,        1665P   3498
-74.9799010127292,10.01,-13.9812497378175,-65.9599014871356,        1665P   3499
10.01,-13.9812497378175,-74.9799010127292,-0.001,                   1665P   3500
0.900999952559355,-0.001,1.001;                                     1665P   3501
128,1,4,1,2,0,0,0,0,0,0.,0.,2.85714285714286,2.85714285714286,      1667P   3502
0.,0.,0.,1.5707963267949,1.5707963267949,3.14159265358979,          1667P   3503
3.14159265358979,3.14159265358979,1.,1.,0.707106781186548,          1667P   3504
0.707106781186548,1.,1.,0.707106781186548,0.707106781186548,1.,     1667P   3505
1.,0.,-13.9812497378175,-65.9699014871356,10.,-13.9812497378175,    1667P   3506
-65.9699014871356,0.,-13.9812497378175,-62.4699014871356,10.,       1667P   3507
-13.9812497378175,-62.4699014871356,0.,-17.4812497378175,           1667P   3508
-62.4699014871356,10.,-17.4812497378175,-62.4699014871356,0.,       1667P   3509
-20.9812497378175,-62.4699014871356,10.,-20.9812497378175,          1667P   3510
-62.4699014871356,0.,-20.9812497378175,-65.9699014871356,10.,       1667P   3511
-20.9812497378175,-65.9699014871356,0.,2.85714285714286,0.,         1667P   3512
3.14159265358979;                                                   1667P   3513
128,1,1,1,1,0,0,1,0,0,-0.001,-0.001,0.900999952559354,              1669P   3514
0.900999952559354,-0.001,-0.001,1.001,1.001,1.,1.,1.,1.,-0.01,      1669P   3515
-13.9812497378175,-110.959901487136,-0.01,-13.9812497378175,        1669P   3516
-119.979901012729,10.01,-13.9812497378175,-110.959901487136,        1669P   3517
10.01,-13.9812497378175,-119.979901012729,-0.001,                   1669P   3518
0.900999952559354,-0.001,1.001;                                     1669P   3519
128,1,4,1,2,0,0,0,0,0,0.,0.,2.85714285714286,2.85714285714286,      1671P   3520
0.,0.,0.,1.5707963267949,1.5707963267949,3.1415926535898,           1671P   3521
3.1415926535898,3.1415926535898,1.,1.,0.707106781186546,            1671P   3522
0.707106781186546,1.,1.,0.707106781186546,0.707106781186546,1.,     1671P   3523
1.,0.,-13.9812497378175,-110.969901487136,10.,-13.9812497378175,    1671P   3524
-110.969901487136,0.,-13.9812497378175,-107.469901487136,10.,       1671P   3525
-13.9812497378175,-107.469901487136,0.,-17.4812497378175,           1671P   3526
-107.469901487136,10.,-17.4812497378175,-107.469901487136,0.,       1671P   3527
-20.9812497378175,-107.469901487136,10.,-20.9812497378175,          1671P   3528
-107.469901487136,0.,-20.9812497378175,-110.969901487136,10.,       1671P   3529
-20.9812497378175,-110.969901487136,0.,2.85714285714286,0.,         1671P   3530
3.1415926535898;                                                    1671P   3531
128,1,1,1,1,0,0,1,0,0,-0.001,-0.001,0.900999952559354,              1673P   3532
0.900999952559354,-0.001,-0.001,1.001,1.001,1.,1.,1.,1.,-0.01,      1673P   3533
-20.9812497378175,-119.979901012729,-0.01,-20.9812497378175,        1673P   3534
-110.959901487136,10.01,-20.9812497378175,-119.979901012729,        1673P   3535
10.01,-20.9812497378175,-110.959901487136,-0.001,                   1673P   3536
0.900999952559354,-0.001,1.001;                                     1673P   3537
128,1,4,1,2,0,0,0,0,0,0.,0.,2.85714285714286,2.85714285714286,      1675P   3538
0.,0.,0.,1.5707963267949,1.5707963267949,3.14159265358979,          1675P   3539
3.14159265358979,3.14159265358979,1.,1.,0.707106781186548,          1675P   3540
0.707106781186548,1.,1.,0.707106781186548,0.707106781186548,1.,     1675P   3541
1.,0.,-20.9812497378175,-119.969901012729,10.,-20.9812497378175,    1675P   3542
-119.969901012729,0.,-20.9812497378175,-123.469901012729,10.,       1675P   3543
-20.9812497378175,-123.469901012729,0.,-17.4812497378175,           1675P   3544
-123.469901012729,10.,-17.4812497378175,-123.469901012729,0.,       1675P   3545
-13.9812497378175,-123.469901012729,10.,-13.9812497378175,          1675P   3546
-123.469901012729,0.,-13.9812497378175,-119.969901012729,10.,       1675P   3547
-13.9812497378175,-119.969901012729,0.,2.85714285714286,0.,         1675P   3548
3.14159265358979;                                                   1675P   3549
128,1,1,1,1,0,0,1,0,0,-0.001,-0.001,0.900999952559355,              1677P   3550
0.900999952559355,-0.001,-0.001,1.001,1.001,1.,1.,1.,1.,-0.01,      1677P   3551
31.0187502621825,-65.9599014871356,-0.01,31.0187502621825,          1677P   3552
-74.9799010127292,10.01,31.0187502621825,-65.9599014871356,         1677P   3553
10.01,31.0187502621825,-74.9799010127292,-0.001,                    1677P   3554
0.900999952559355,-0.001,1.001;                                     1677P   3555
128,1,4,1,2,0,0,0,0,0,0.,0.,2.85714285714286,2.85714285714286,      1679P   3556
0.,0.,0.,1.5707963267949,1.5707963267949,3.14159265358979,          1679P   3557
3.14159265358979,3.14159265358979,1.,1.,0.707106781186548,          1679P   3558
0.707106781186548,1.,1.,0.707106781186548,0.707106781186548,1.,     1679P   3559
1.,0.,31.0187502621825,-65.9699014871356,10.,31.0187502621825,      1679P   3560
-65.9699014871356,0.,31.0187502621825,-62.4699014871356,10.,        1679P   3561
31.0187502621825,-62.4699014871356,0.,27.5187502621825,             1679P   3562
-62.4699014871356,10.,27.5187502621825,-62.4699014871356,0.,        1679P   3563
24.0187502621825,-62.4699014871356,10.,24.0187502621825,            1679P   3564
-62.4699014871356,0.,24.0187502621825,-65.9699014871356,10.,        1679P   3565
24.0187502621825,-65.9699014871356,0.,2.85714285714286,0.,          1679P   3566
3.14159265358979;                                                   1679P   3567
128,1,1,1,1,0,0,1,0,0,-0.001,-0.001,0.900999952559355,              1681P   3568
0.900999952559355,-0.001,-0.001,1.001,1.001,1.,1.,1.,1.,-0.01,      1681P   3569
24.0187502621825,-74.9799010127292,-0.01,24.0187502621825,          1681P   3570
-65.9599014871356,10.01,24.0187502621825,-74.9799010127292,         1681P   3571
10.01,24.0187502621825,-65.9599014871356,-0.001,                    1681P   3572
0.900999952559355,-0.001,1.001;                                     1681P   3573
128,1,4,1,2,0,0,0,0,0,0.,0.,2.85714285714286,2.85714285714286,      1683P   3574
0.,0.,0.,1.5707963267949,1.5707963267949,3.14159265358979,          1683P   3575
3.14159265358979,3.14159265358979,1.,1.,0.707106781186548,          1683P   3576
0.707106781186548,1.,1.,0.707106781186548,0.707106781186548,1.,     1683P   3577
1.,0.,24.0187502621825,-74.9699010127292,10.,24.0187502621825,      1683P   3578
-74.9699010127292,0.,24.0187502621825,-78.4699010127292,10.,        1683P   3579
24.0187502621825,-78.4699010127292,0.,27.5187502621825,             1683P   3580
-78.4699010127292,10.,27.5187502621825,-78.4699010127292,0.,        1683P   3581
31.0187502621825,-78.4699010127292,10.,31.0187502621825,            1683P   3582
-78.4699010127292,0.,31.0187502621825,-74.9699010127292,10.,        1683P   3583
31.0187502621825,-74.9699010127292,0.,2.85714285714286,0.,          1683P   3584
3.14159265358979;                                                   1683P   3585
128,1,1,1,1,0,0,1,0,0,-0.001,-0.001,0.900999952559354,              1685P   3586
0.900999952559354,-0.001,-0.001,1.001,1.001,1.,1.,1.,1.,-0.01,      1685P   3587
31.0187502621825,-110.959901487136,-0.01,31.0187502621825,          1685P   3588
-119.979901012729,10.01,31.0187502621825,-110.959901487136,         1685P   3589
10.01,31.0187502621825,-119.979901012729,-0.001,                    1685P   3590
0.900999952559354,-0.001,1.001;                                     1685P   3591
128,1,4,1,2,0,0,0,0,0,0.,0.,2.85714285714286,2.85714285714286,      1687P   3592
-5.63472075157866D-31,-5.63472075157866D-31,                        1687P   3593
-5.63472075157866D-31,1.5707963267949,1.5707963267949,              1687P   3594
3.1415926535898,3.1415926535898,3.1415926535898,1.,1.,              1687P   3595
0.707106781186546,0.707106781186546,1.,1.,0.707106781186546,        1687P   3596
0.707106781186546,1.,1.,0.,31.0187502621825,-110.969901487136,      1687P   3597
10.,31.0187502621825,-110.969901487136,0.,31.0187502621825,         1687P   3598
-107.469901487136,10.,31.0187502621825,-107.469901487136,0.,        1687P   3599
27.5187502621825,-107.469901487136,10.,27.5187502621825,            1687P   3600
-107.469901487136,0.,24.0187502621825,-107.469901487136,10.,        1687P   3601
24.0187502621825,-107.469901487136,0.,24.0187502621825,             1687P   3602
-110.969901487136,10.,24.0187502621825,-110.969901487136,0.,        1687P   3603
2.85714285714286,-5.63472075157866D-31,3.1415926535898;             1687P   3604
128,1,1,1,1,0,0,1,0,0,-0.001,-0.001,0.900999952559354,              1689P   3605
0.900999952559354,-0.001,-0.001,1.001,1.001,1.,1.,1.,1.,-0.01,      1689P   3606
24.0187502621825,-119.979901012729,-0.01,24.0187502621825,          1689P   3607
-110.959901487136,10.01,24.0187502621825,-119.979901012729,         1689P   3608
10.01,24.0187502621825,-110.959901487136,-0.001,                    1689P   3609
0.900999952559354,-0.001,1.001;                                     1689P   3610
128,1,4,1,2,0,0,0,0,0,0.,0.,2.85714285714286,2.85714285714286,      1691P   3611
0.,0.,0.,1.5707963267949,1.5707963267949,3.14159265358979,          1691P   3612
3.14159265358979,3.14159265358979,1.,1.,0.707106781186548,          1691P   3613
0.707106781186548,1.,1.,0.707106781186548,0.707106781186548,1.,     1691P   3614
1.,0.,24.0187502621825,-119.969901012729,10.,24.0187502621825,      1691P   3615
-119.969901012729,0.,24.0187502621825,-123.469901012729,10.,        1691P   3616
24.0187502621825,-123.469901012729,0.,27.5187502621825,             1691P   3617
-123.469901012729,10.,27.5187502621825,-123.469901012729,0.,        1691P   3618
31.0187502621825,-123.469901012729,10.,31.0187502621825,            1691P   3619
-123.469901012729,0.,31.0187502621825,-119.969901012729,10.,        1691P   3620
31.0187502621825,-119.969901012729,0.,2.85714285714286,0.,          1691P   3621
3.14159265358979;                                                   1691P   3622
128,1,1,1,1,0,0,1,0,0,19.2059307951916,19.2059307951916,25.401,     1693P   3623
25.401,-0.001,-0.001,1.001,1.001,1.,1.,1.,1.,-0.01,                 1693P   3624
74.0765971087078,-385.469901249932,-0.01,136.027289156792,          1693P   3625
-385.469901249932,10.01,74.0765971087078,-385.469901249932,         1693P   3626
10.01,136.027289156792,-385.469901249932,19.2059307951916,          1693P   3627
25.401,-0.001,1.001;                                                1693P   3628
128,1,1,1,1,0,0,1,0,0,-0.001,-0.001,9.001,9.001,-0.001,-0.001,      1695P   3629
1.001,1.001,1.,1.,1.,1.,-0.01,50.027289156792,-50.4699012499324,    1695P   3630
-0.01,-39.992710843208,-50.4699012499324,10.01,50.027289156792,     1695P   3631
-50.4699012499324,10.01,-39.992710843208,-50.4699012499324,         1695P   3632
-0.001,9.001,-0.001,1.001;                                          1695P   3633
128,1,1,1,1,0,0,1,0,0,-0.001,-0.001,18.501,18.501,-0.001,-0.001,    1697P   3634
1.001,1.001,1.,1.,1.,1.,-0.01,50.017289156792,134.540098750068,     1697P   3635
-0.01,50.017289156792,-50.4799012499324,10.01,50.017289156792,      1697P   3636
134.540098750068,10.01,50.017289156792,-50.4799012499324,-0.001,    1697P   3637
18.501,-0.001,1.001;                                                1697P   3638
128,1,1,1,1,0,0,1,0,0,0.398999999999997,0.398999999999997,9.001,    1699P   3639
9.001,-0.001,-0.001,1.001,1.001,1.,1.,1.,1.,-0.01,                  1699P   3640
136.027289156792,134.530098750068,-0.01,50.007289156792,            1699P   3641
134.530098750068,10.01,136.027289156792,134.530098750068,10.01,     1699P   3642
50.007289156792,134.530098750068,0.398999999999997,9.001,-0.001,    1699P   3643
1.001;                                                              1699P   3644
502,258,10.,-117.982710843208,-229.54414358254,10.,                 1701P   3645
-109.95149074667,-194.608564022342,0.,-109.95149074667,             1701P   3646
-194.608564022342,0.,-117.982710843208,-229.54414358254,10.,        1701P   3647
-39.982710843208,-50.4699012499324,0.,-39.982710843208,             1701P   3648
-50.4699012499324,10.,-117.982710843208,-381.469901249932,10.,      1701P   3649
-113.982710843208,-385.469901249932,10.,-52.0520187951239,          1701P   3650
-385.469901249932,10.,-48.1883154899676,-382.505177430343,10.,      1701P   3651
-44.9540207326881,-370.434625069522,10.,-41.0903174275319,          1701P   3652
-367.469901249932,10.,63.1248957411161,-367.469901249932,10.,       1701P   3653
66.9885990462724,-370.434625069522,10.,70.2228938035515,            1701P   3654
-382.505177430342,10.,74.0865971087078,-385.469901249932,10.,       1701P   3655
136.017289156792,-385.469901249932,10.,140.017289156792,            1701P   3656
-381.469901249932,10.,140.017289156792,130.530098750068,10.,        1701P   3657
136.017289156792,134.530098750068,10.,50.017289156792,              1701P   3658
134.530098750068,10.,50.017289156792,-50.4699012499324,10.,         1701P   3659
120.768750262182,-19.469901554908,10.,120.768750262182,             1701P   3660
-26.4699009449568,10.,113.768750262182,-26.4699009449568,10.,       1701P   3661
113.768750262182,-23.0710229731423,10.,113.768750262182,            1701P   3662
-22.8687795267225,10.,113.768750262182,-19.469901554908,10.,        1701P   3663
120.768750262182,25.530098445092,10.,120.768750262182,              1701P   3664
18.5300990550432,10.,113.768750262182,18.5300990550432,10.,         1701P   3665
113.768750262182,21.9289770268577,10.,113.768750262182,             1701P   3666
22.1312204732775,10.,113.768750262182,25.530098445092,10.,          1701P   3667
75.7687502621824,-19.469901554908,10.,75.7687502621824,             1701P   3668
-26.4699009449568,10.,68.7687502621824,-26.4699009449568,10.,       1701P   3669
68.7687502621824,-23.0710229731421,10.,68.7687502621824,            1701P   3670
-22.8687795267227,10.,68.7687502621824,-19.469901554908,10.,        1701P   3671
68.867289156792,-255.469901249932,10.,113.867289156792,             1701P   3672
-255.469901249932,10.,68.867289156792,-210.469901249932,10.,        1701P   3673
113.867289156792,-210.469901249932,10.,68.867289156792,             1701P   3674
-165.469901249932,10.,113.867289156792,-165.469901249932,10.,       1701P   3675
113.867289156792,-75.4699012499324,10.,120.768750262182,            1701P   3676
70.530098445092,10.,120.768750262182,63.5300990550432,10.,          1701P   3677
113.768750262182,63.5300990550432,10.,113.768750262182,             1701P   3678
66.9289770268578,10.,113.768750262182,67.1312204732775,10.,         1701P   3679
113.768750262182,70.530098445092,10.,75.7687502621824,              1701P   3680
70.530098445092,10.,75.7687502621824,63.5300990550432,10.,          1701P   3681
68.7687502621824,63.5300990550432,10.,68.7687502621824,             1701P   3682
66.9289770268579,10.,68.7687502621824,67.1312204732774,10.,         1701P   3683
68.7687502621824,70.530098445092,10.,68.867289156792,               1701P   3684
-120.469901249932,10.,120.768750262182,115.530098445092,10.,        1701P   3685
120.768750262182,108.530099055043,10.,113.768750262182,             1701P   3686
108.530099055043,10.,113.768750262182,111.928977026858,10.,         1701P   3687
113.768750262182,112.131220473277,10.,113.768750262182,             1701P   3688
115.530098445092,10.,75.7687502621824,25.530098445092,10.,          1701P   3689
75.7687502621824,18.5300990550432,10.,68.7687502621824,             1701P   3690
18.5300990550432,10.,68.7687502621824,21.9289770268579,10.,         1701P   3691
68.7687502621824,22.1312204732773,10.,68.7687502621824,             1701P   3692
25.530098445092,10.,68.7687502621824,115.530098445092,10.,          1701P   3693
75.7687502621824,115.530098445092,10.,75.7687502621824,             1701P   3694
108.530099055043,10.,68.7687502621824,108.530099055043,10.,         1701P   3695
68.7687502621824,111.928977026858,10.,68.7687502621824,             1701P   3696
112.131220473277,10.,68.867289156792,-75.4699012499324,10.,         1701P   3697
113.867289156792,-120.469901249932,10.,-20.9812497378175,           1701P   3698
-65.9699014871356,10.,-13.9812497378175,-65.9699014871356,10.,      1701P   3699
-13.9812497378175,-74.9699010127292,10.,-20.9812497378175,          1701P   3700
-74.9699010127292,10.,-13.9812497378175,-119.969901012729,10.,      1701P   3701
-20.9812497378175,-119.969901012729,10.,-20.9812497378175,          1701P   3702
-110.969901487136,10.,-13.9812497378175,-110.969901487136,10.,      1701P   3703
31.0187502621825,-74.9699010127292,10.,24.0187502621825,            1701P   3704
-74.9699010127292,10.,24.0187502621825,-65.9699014871356,10.,       1701P   3705
31.0187502621825,-65.9699014871356,10.,31.0187502621825,            1701P   3706
-119.969901012729,10.,24.0187502621825,-119.969901012729,10.,       1701P   3707
24.0187502621825,-110.969901487136,10.,31.0187502621825,            1701P   3708
-110.969901487136,10.,85.2672891567922,-376.719901249932,10.,       1701P   3709
76.7672891567922,-376.719901249932,10.,76.7672891567922,            1701P   3710
-368.219901249932,10.,85.2672891567922,-368.219901249932,10.,       1701P   3711
-99.7327108432078,-368.219901249932,10.,-99.7327108432078,          1701P   3712
-376.719901249932,10.,-108.232710843208,-376.719901249932,10.,      1701P   3713
-108.232710843208,-368.219901249932,10.,-99.7327108432078,          1701P   3714
-319.719901249932,10.,-108.232710843208,-319.719901249932,10.,      1701P   3715
-108.232710843208,-311.219901249932,10.,-99.7327108432078,          1701P   3716
-311.219901249932,10.,85.2672891567922,-311.219901249932,10.,       1701P   3717
85.2672891567922,-319.719901249932,10.,76.7672891567922,            1701P   3718
-319.719901249932,10.,76.7672891567922,-311.219901249932,10.,       1701P   3719
121.767289156792,-368.219901249932,10.,130.267289156792,            1701P   3720
-368.219901249932,10.,130.267289156792,-376.719901249932,10.,       1701P   3721
121.767289156792,-376.719901249932,10.,-54.7327108432078,           1701P   3722
-368.219901249932,10.,-54.7327108432078,-376.719901249932,10.,      1701P   3723
-63.2327108432078,-376.719901249932,10.,-63.2327108432078,          1701P   3724
-368.219901249932,10.,-54.7327108432078,-311.219901249932,10.,      1701P   3725
-54.7327108432078,-319.719901249932,10.,-63.2327108432078,          1701P   3726
-319.719901249932,10.,-63.2327108432078,-311.219901249932,10.,      1701P   3727
130.267289156792,-311.219901249932,10.,130.267289156792,            1701P   3728
-319.719901249932,10.,121.767289156792,-319.719901249932,10.,       1701P   3729
121.767289156792,-311.219901249932,10.,-19.9077108432079,           1701P   3730
-360.469901249932,10.,-19.9077108432079,-310.469901249932,10.,      1701P   3731
35.0922891567921,-360.469901249932,10.,35.0922891567921,            1701P   3732
-310.469901249932,0.,140.017289156792,130.530098750068,0.,          1701P   3733
136.017289156792,134.530098750068,0.,140.017289156792,              1701P   3734
-381.469901249932,0.,-117.982710843208,-381.469901249932,0.,        1701P   3735
-113.982710843208,-385.469901249932,0.,136.017289156792,            1701P   3736
-385.469901249932,0.,50.017289156792,-50.4699012499324,0.,          1701P   3737
50.017289156792,134.530098750068,0.,74.0865971087078,               1701P   3738
-385.469901249932,0.,70.2228938035515,-382.505177430342,0.,         1701P   3739
66.9885990462724,-370.434625069522,0.,63.1248957411161,             1701P   3740
-367.469901249932,0.,-41.0903174275319,-367.469901249932,0.,        1701P   3741
-44.9540207326881,-370.434625069522,0.,-48.1883154899676,           1701P   3742
-382.505177430343,0.,-52.0520187951239,-385.469901249932,0.,        1701P   3743
130.267289156792,-319.719901249932,0.,130.267289156792,             1701P   3744
-311.219901249932,0.,121.767289156792,-311.219901249932,0.,         1701P   3745
121.767289156792,-319.719901249932,0.,-54.7327108432078,            1701P   3746
-319.719901249932,0.,-54.7327108432078,-311.219901249932,0.,        1701P   3747
-63.2327108432078,-311.219901249932,0.,-63.2327108432078,           1701P   3748
-319.719901249932,0.,-54.7327108432078,-376.719901249932,0.,        1701P   3749
-54.7327108432078,-368.219901249932,0.,-63.2327108432078,           1701P   3750
-368.219901249932,0.,-63.2327108432078,-376.719901249932,0.,        1701P   3751
130.267289156792,-368.219901249932,0.,121.767289156792,             1701P   3752
-368.219901249932,0.,121.767289156792,-376.719901249932,0.,         1701P   3753
130.267289156792,-376.719901249932,0.,85.2672891567922,             1701P   3754
-319.719901249932,0.,85.2672891567922,-311.219901249932,0.,         1701P   3755
76.7672891567922,-311.219901249932,0.,76.7672891567922,             1701P   3756
-319.719901249932,0.,-108.232710843208,-319.719901249932,0.,        1701P   3757
-99.7327108432078,-319.719901249932,0.,-99.7327108432078,           1701P   3758
-311.219901249932,0.,-108.232710843208,-311.219901249932,0.,        1701P   3759
-99.7327108432078,-376.719901249932,0.,-99.7327108432078,           1701P   3760
-368.219901249932,0.,-108.232710843208,-368.219901249932,0.,        1701P   3761
-108.232710843208,-376.719901249932,0.,76.7672891567922,            1701P   3762
-376.719901249932,0.,85.2672891567922,-376.719901249932,0.,         1701P   3763
85.2672891567922,-368.219901249932,0.,76.7672891567922,             1701P   3764
-368.219901249932,0.,31.0187502621825,-119.969901012729,0.,         1701P   3765
24.0187502621825,-119.969901012729,0.,31.0187502621825,             1701P   3766
-110.969901487136,0.,24.0187502621825,-110.969901487136,0.,         1701P   3767
31.0187502621825,-74.9699010127292,0.,24.0187502621825,             1701P   3768
-74.9699010127292,0.,31.0187502621825,-65.9699014871356,0.,         1701P   3769
24.0187502621825,-65.9699014871356,0.,-13.9812497378175,            1701P   3770
-119.969901012729,0.,-20.9812497378175,-119.969901012729,0.,        1701P   3771
-13.9812497378175,-110.969901487136,0.,-20.9812497378175,           1701P   3772
-110.969901487136,0.,-20.9812497378175,-65.9699014871356,0.,        1701P   3773
-13.9812497378175,-65.9699014871356,0.,-20.9812497378175,           1701P   3774
-74.9699010127292,0.,-13.9812497378175,-74.9699010127292,0.,        1701P   3775
113.867289156792,-120.469901249932,0.,68.867289156792,              1701P   3776
-75.4699012499324,0.,68.7687502621824,115.530098445092,0.,          1701P   3777
75.7687502621824,115.530098445092,0.,68.7687502621824,              1701P   3778
112.131220473277,0.,68.7687502621824,111.928977026858,0.,           1701P   3779
68.7687502621824,108.530099055043,0.,75.7687502621824,              1701P   3780
108.530099055043,0.,75.7687502621824,25.530098445092,0.,            1701P   3781
75.7687502621824,18.5300990550432,0.,68.7687502621824,              1701P   3782
25.530098445092,0.,68.7687502621824,22.1312204732773,0.,            1701P   3783
68.7687502621824,21.9289770268579,0.,68.7687502621824,              1701P   3784
18.5300990550432,0.,120.768750262182,115.530098445092,0.,           1701P   3785
120.768750262182,108.530099055043,0.,113.768750262182,              1701P   3786
115.530098445092,0.,113.768750262182,112.131220473277,0.,           1701P   3787
113.768750262182,111.928977026858,0.,113.768750262182,              1701P   3788
108.530099055043,0.,68.867289156792,-120.469901249932,0.,           1701P   3789
75.7687502621824,70.530098445092,0.,75.7687502621824,               1701P   3790
63.5300990550432,0.,68.7687502621824,70.530098445092,0.,            1701P   3791
68.7687502621824,67.1312204732774,0.,68.7687502621824,              1701P   3792
66.9289770268579,0.,68.7687502621824,63.5300990550432,0.,           1701P   3793
120.768750262182,70.530098445092,0.,120.768750262182,               1701P   3794
63.5300990550432,0.,113.768750262182,70.530098445092,0.,            1701P   3795
113.768750262182,67.1312204732775,0.,113.768750262182,              1701P   3796
66.9289770268577,0.,113.768750262182,63.5300990550432,0.,           1701P   3797
113.867289156792,-75.4699012499324,0.,113.867289156792,             1701P   3798
-165.469901249932,0.,68.867289156792,-165.469901249932,0.,          1701P   3799
113.867289156792,-210.469901249932,0.,68.867289156792,              1701P   3800
-210.469901249932,0.,113.867289156792,-255.469901249932,0.,         1701P   3801
68.867289156792,-255.469901249932,0.,75.7687502621824,              1701P   3802
-19.469901554908,0.,75.7687502621824,-26.4699009449568,0.,          1701P   3803
68.7687502621824,-19.469901554908,0.,68.7687502621824,              1701P   3804
-22.8687795267227,0.,68.7687502621824,-23.0710229731421,0.,         1701P   3805
68.7687502621824,-26.4699009449568,0.,120.768750262182,             1701P   3806
25.530098445092,0.,120.768750262182,18.5300990550432,0.,            1701P   3807
113.768750262182,25.530098445092,0.,113.768750262182,               1701P   3808
22.1312204732775,0.,113.768750262182,21.9289770268577,0.,           1701P   3809
113.768750262182,18.5300990550432,0.,120.768750262182,              1701P   3810
-19.469901554908,0.,120.768750262182,-26.4699009449568,0.,          1701P   3811
113.768750262182,-19.469901554908,0.,113.768750262182,              1701P   3812
-22.8687795267225,0.,113.768750262182,-23.0710229731423,0.,         1701P   3813
113.768750262182,-26.4699009449568,0.,-19.9077108432079,            1701P   3814
-360.469901249932,0.,-19.9077108432079,-310.469901249932,0.,        1701P   3815
35.0922891567921,-360.469901249932,0.,35.0922891567921,             1701P   3816
-310.469901249932;                                                  1701P   3817
504,387,665,1701,1,1701,2,667,1701,2,1701,3,669,1701,3,1701,4,      1703P   3818
671,1701,4,1701,1,673,1701,5,1701,2,675,1701,6,1701,5,677,1701,     1703P   3819
3,1701,6,679,1701,1,1701,7,681,1701,8,1701,7,683,1701,8,1701,9,     1703P   3820
685,1701,10,1701,9,687,1701,10,1701,11,689,1701,12,1701,11,691,     1703P   3821
1701,12,1701,13,693,1701,14,1701,13,695,1701,14,1701,15,697,        1703P   3822
1701,16,1701,15,699,1701,16,1701,17,701,1701,18,1701,17,703,        1703P   3823
1701,18,1701,19,705,1701,20,1701,19,707,1701,20,1701,21,709,        1703P   3824
1701,21,1701,22,711,1701,22,1701,5,713,1701,23,1701,24,715,1701,    1703P   3825
24,1701,25,717,1701,25,1701,26,719,1701,26,1701,27,721,1701,27,     1703P   3826
1701,28,723,1701,28,1701,23,725,1701,29,1701,30,727,1701,30,        1703P   3827
1701,31,729,1701,31,1701,32,731,1701,32,1701,33,733,1701,33,        1703P   3828
1701,34,735,1701,34,1701,29,737,1701,35,1701,36,739,1701,36,        1703P   3829
1701,37,741,1701,37,1701,38,743,1701,38,1701,39,745,1701,39,        1703P   3830
1701,40,747,1701,40,1701,35,749,1701,41,1701,41,751,1701,42,        1703P   3831
1701,42,753,1701,43,1701,43,755,1701,44,1701,44,757,1701,45,        1703P   3832
1701,45,759,1701,46,1701,46,761,1701,47,1701,47,763,1701,48,        1703P   3833
1701,49,765,1701,49,1701,50,767,1701,50,1701,51,769,1701,51,        1703P   3834
1701,52,771,1701,52,1701,53,773,1701,53,1701,48,775,1701,54,        1703P   3835
1701,55,777,1701,55,1701,56,779,1701,56,1701,57,781,1701,57,        1703P   3836
1701,58,783,1701,58,1701,59,785,1701,59,1701,54,787,1701,60,        1703P   3837
1701,60,789,1701,61,1701,62,791,1701,62,1701,63,793,1701,63,        1703P   3838
1701,64,795,1701,64,1701,65,797,1701,65,1701,66,799,1701,66,        1703P   3839
1701,61,801,1701,67,1701,68,803,1701,68,1701,69,805,1701,69,        1703P   3840
1701,70,807,1701,70,1701,71,809,1701,71,1701,72,811,1701,72,        1703P   3841
1701,67,813,1701,73,1701,74,815,1701,74,1701,75,817,1701,75,        1703P   3842
1701,76,819,1701,76,1701,77,821,1701,77,1701,78,823,1701,78,        1703P   3843
1701,73,825,1701,79,1701,79,827,1701,80,1701,80,829,1701,81,        1703P   3844
1701,82,831,1701,82,1701,83,833,1701,83,1701,84,835,1701,84,        1703P   3845
1701,81,837,1701,85,1701,86,839,1701,86,1701,87,841,1701,87,        1703P   3846
1701,88,843,1701,88,1701,85,845,1701,89,1701,90,847,1701,90,        1703P   3847
1701,91,849,1701,91,1701,92,851,1701,92,1701,89,853,1701,93,        1703P   3848
1701,94,855,1701,94,1701,95,857,1701,95,1701,96,859,1701,96,        1703P   3849
1701,93,861,1701,97,1701,98,863,1701,98,1701,99,865,1701,99,        1703P   3850
1701,100,867,1701,100,1701,97,869,1701,101,1701,102,871,1701,       1703P   3851
102,1701,103,873,1701,103,1701,104,875,1701,104,1701,101,877,       1703P   3852
1701,105,1701,106,879,1701,106,1701,107,881,1701,107,1701,108,      1703P   3853
883,1701,108,1701,105,885,1701,109,1701,110,887,1701,110,1701,      1703P   3854
111,889,1701,111,1701,112,891,1701,112,1701,109,893,1701,113,       1703P   3855
1701,114,895,1701,114,1701,115,897,1701,115,1701,116,899,1701,      1703P   3856
116,1701,113,901,1701,117,1701,118,903,1701,118,1701,119,905,       1703P   3857
1701,119,1701,120,907,1701,120,1701,117,909,1701,121,1701,122,      1703P   3858
911,1701,122,1701,123,913,1701,123,1701,124,915,1701,124,1701,      1703P   3859
121,917,1701,125,1701,126,919,1701,126,1701,127,921,1701,127,       1703P   3860
1701,128,923,1701,128,1701,125,925,1701,129,1701,129,927,1701,      1703P   3861
130,1701,130,929,1701,131,1701,131,931,1701,132,1701,132,933,       1703P   3862
1701,19,1701,133,935,1701,133,1701,134,937,1701,134,1701,20,939,    1703P   3863
1701,135,1701,18,941,1701,133,1701,135,943,1701,7,1701,136,945,     1703P   3864
1701,136,1701,137,947,1701,137,1701,8,949,1701,136,1701,4,951,      1703P   3865
1701,17,1701,138,953,1701,138,1701,135,955,1701,6,1701,139,957,     1703P   3866
1701,139,1701,140,959,1701,140,1701,134,961,1701,138,1701,141,      1703P   3867
963,1701,142,1701,141,965,1701,142,1701,143,967,1701,144,1701,      1703P   3868
143,969,1701,144,1701,145,971,1701,146,1701,145,973,1701,146,       1703P   3869
1701,147,975,1701,148,1701,147,977,1701,148,1701,137,979,1701,      1703P   3870
149,1701,150,981,1701,150,1701,151,983,1701,151,1701,152,985,       1703P   3871
1701,152,1701,149,987,1701,153,1701,154,989,1701,154,1701,155,      1703P   3872
991,1701,155,1701,156,993,1701,156,1701,153,995,1701,157,1701,      1703P   3873
158,997,1701,158,1701,159,999,1701,159,1701,160,1001,1701,160,      1703P   3874
1701,157,1003,1701,161,1701,162,1005,1701,162,1701,163,1007,        1703P   3875
1701,163,1701,164,1009,1701,164,1701,161,1011,1701,165,1701,166,    1703P   3876
1013,1701,166,1701,167,1015,1701,167,1701,168,1017,1701,168,        1703P   3877
1701,165,1019,1701,169,1701,170,1021,1701,170,1701,171,1023,        1703P   3878
1701,171,1701,172,1025,1701,172,1701,169,1027,1701,173,1701,174,    1703P   3879
1029,1701,174,1701,175,1031,1701,175,1701,176,1033,1701,176,        1703P   3880
1701,173,1035,1701,177,1701,178,1037,1701,178,1701,179,1039,        1703P   3881
1701,179,1701,180,1041,1701,180,1701,177,1043,1701,181,1701,182,    1703P   3882
1045,1701,183,1701,181,1047,1701,184,1701,183,1049,1701,182,        1703P   3883
1701,184,1051,1701,185,1701,186,1053,1701,187,1701,185,1055,        1703P   3884
1701,188,1701,187,1057,1701,186,1701,188,1059,1701,189,1701,190,    1703P   3885
1061,1701,191,1701,189,1063,1701,192,1701,191,1065,1701,190,        1703P   3886
1701,192,1067,1701,193,1701,194,1069,1701,195,1701,193,1071,        1703P   3887
1701,196,1701,195,1073,1701,194,1701,196,1075,1701,197,1701,197,    1703P   3888
1077,1701,198,1701,198,1079,1701,199,1701,200,1081,1701,201,        1703P   3889
1701,199,1083,1701,202,1701,201,1085,1701,203,1701,202,1087,        1703P   3890
1701,204,1701,203,1089,1701,200,1701,204,1091,1701,205,1701,206,    1703P   3891
1093,1701,207,1701,205,1095,1701,208,1701,207,1097,1701,209,        1703P   3892
1701,208,1099,1701,210,1701,209,1101,1701,206,1701,210,1103,        1703P   3893
1701,211,1701,212,1105,1701,213,1701,211,1107,1701,214,1701,213,    1703P   3894
1109,1701,215,1701,214,1111,1701,216,1701,215,1113,1701,212,        1703P   3895
1701,216,1115,1701,217,1701,217,1117,1701,218,1701,219,1119,        1703P   3896
1701,220,1701,218,1121,1701,221,1701,220,1123,1701,222,1701,221,    1703P   3897
1125,1701,223,1701,222,1127,1701,219,1701,223,1129,1701,224,        1703P   3898
1701,225,1131,1701,226,1701,224,1133,1701,227,1701,226,1135,        1703P   3899
1701,228,1701,227,1137,1701,229,1701,228,1139,1701,225,1701,229,    1703P   3900
1141,1701,230,1701,230,1143,1701,231,1701,231,1145,1701,232,        1703P   3901
1701,232,1147,1701,233,1701,233,1149,1701,234,1701,234,1151,        1703P   3902
1701,235,1701,235,1153,1701,236,1701,236,1155,1701,237,1701,238,    1703P   3903
1157,1701,239,1701,237,1159,1701,240,1701,239,1161,1701,241,        1703P   3904
1701,240,1163,1701,242,1701,241,1165,1701,238,1701,242,1167,        1703P   3905
1701,243,1701,244,1169,1701,245,1701,243,1171,1701,246,1701,245,    1703P   3906
1173,1701,247,1701,246,1175,1701,248,1701,247,1177,1701,244,        1703P   3907
1701,248,1179,1701,249,1701,250,1181,1701,251,1701,249,1183,        1703P   3908
1701,252,1701,251,1185,1701,253,1701,252,1187,1701,254,1701,253,    1703P   3909
1189,1701,250,1701,254,1191,1701,255,1701,255,1193,1701,256,        1703P   3910
1701,256,1195,1701,257,1701,257,1197,1701,258,1701,258,1199,        1703P   3911
1701,11,1701,146,1201,1701,145,1701,12,1203,1701,147,1701,10,       1703P   3912
1205,1701,13,1701,144,1207,1701,143,1701,14,1209,1701,141,1701,     1703P   3913
16,1211,1701,15,1701,142,1213,1701,9,1701,148,1215,1701,132,        1703P   3914
1701,258,1217,1701,131,1701,257,1219,1701,130,1701,256,1221,        1703P   3915
1701,129,1701,255,1223,1701,128,1701,151,1225,1701,127,1701,152,    1703P   3916
1227,1701,126,1701,149,1229,1701,125,1701,150,1231,1701,124,        1703P   3917
1701,155,1233,1701,123,1701,156,1235,1701,122,1701,153,1237,        1703P   3918
1701,121,1701,154,1239,1701,120,1701,159,1241,1701,119,1701,160,    1703P   3919
1243,1701,118,1701,157,1245,1701,117,1701,158,1247,1701,116,        1703P   3920
1701,163,1249,1701,115,1701,164,1251,1701,114,1701,161,1253,        1703P   3921
1701,113,1701,162,1255,1701,112,1701,167,1257,1701,111,1701,168,    1703P   3922
1259,1701,110,1701,165,1261,1701,109,1701,166,1263,1701,108,        1703P   3923
1701,171,1265,1701,107,1701,172,1267,1701,106,1701,169,1269,        1703P   3924
1701,105,1701,170,1271,1701,104,1701,175,1273,1701,103,1701,176,    1703P   3925
1275,1701,102,1701,173,1277,1701,101,1701,174,1279,1701,100,        1703P   3926
1701,179,1281,1701,99,1701,180,1283,1701,98,1701,177,1285,1701,     1703P   3927
97,1701,178,1287,1701,249,1701,23,1289,1701,251,1701,28,1291,       1703P   3928
1701,252,1701,27,1293,1701,253,1701,26,1295,1701,254,1701,25,       1703P   3929
1297,1701,250,1701,24,1299,1701,243,1701,29,1301,1701,245,1701,     1703P   3930
34,1303,1701,246,1701,33,1305,1701,247,1701,32,1307,1701,248,       1703P   3931
1701,31,1309,1701,244,1701,30,1311,1701,237,1701,35,1313,1701,      1703P   3932
239,1701,40,1315,1701,240,1701,39,1317,1701,241,1701,38,1319,       1703P   3933
1701,242,1701,37,1321,1701,238,1701,36,1323,1701,41,1701,236,       1703P   3934
1325,1701,42,1701,235,1327,1701,43,1701,234,1329,1701,44,1701,      1703P   3935
233,1331,1701,45,1701,232,1333,1701,46,1701,231,1335,1701,47,       1703P   3936
1701,230,1337,1701,224,1701,48,1339,1701,226,1701,53,1341,1701,     1703P   3937
227,1701,52,1343,1701,228,1701,51,1345,1701,229,1701,50,1347,       1703P   3938
1701,225,1701,49,1349,1701,218,1701,54,1351,1701,220,1701,59,       1703P   3939
1353,1701,221,1701,58,1355,1701,222,1701,57,1357,1701,223,1701,     1703P   3940
56,1359,1701,219,1701,55,1361,1701,60,1701,217,1363,1701,211,       1703P   3941
1701,61,1365,1701,213,1701,66,1367,1701,214,1701,65,1369,1701,      1703P   3942
215,1701,64,1371,1701,216,1701,63,1373,1701,212,1701,62,1375,       1703P   3943
1701,205,1701,67,1377,1701,207,1701,72,1379,1701,208,1701,71,       1703P   3944
1381,1701,209,1701,70,1383,1701,210,1701,69,1385,1701,206,1701,     1703P   3945
68,1387,1701,199,1701,73,1389,1701,201,1701,78,1391,1701,202,       1703P   3946
1701,77,1393,1701,203,1701,76,1395,1701,204,1701,75,1397,1701,      1703P   3947
200,1701,74,1399,1701,79,1701,198,1401,1701,80,1701,197,1403,       1703P   3948
1701,193,1701,81,1405,1701,195,1701,84,1407,1701,196,1701,83,       1703P   3949
1409,1701,194,1701,82,1411,1701,189,1701,85,1413,1701,191,1701,     1703P   3950
88,1415,1701,192,1701,87,1417,1701,190,1701,86,1419,1701,185,       1703P   3951
1701,89,1421,1701,187,1701,92,1423,1701,188,1701,91,1425,1701,      1703P   3952
186,1701,90,1427,1701,181,1701,93,1429,1701,183,1701,96,1431,       1703P   3953
1701,184,1701,95,1433,1701,182,1701,94,1435,1701,139,1701,22,       1703P   3954
1437,1701,140,1701,21;                                              1703P   3955
406,1,5HBody2;                                                      1705P   3956
314,96.078431372549,96.078431372549,96.4705882352941,16HAluminum    1707P   3957
 - Satin;                                                           1707P   3958
S      1G      3D   1708P   3958                                        T      1
