                                                                        S      1
,,26Hx z flansı - laser 8mm v5,26Hx z flansı - laser 8mm v5,7Hunknown,G      1
7Hunknown,32,38,7,99,15,,1.,2,2HMM,1,0.08,15H20181125.005537,0.01,      G      2
10000.,9Hlimitness,7Hunknown,11,0,15H20180906.113245;                   G      3
     186       1                                                00000000D      1
     186            -727       1       0                               0D      2
     514       2                                                00010000D      3
     514                       4       1                               0D      4
     510       6                                                00010000D      5
     510            -727       1       1                               0D      6
     510       7                                                00010000D      7
     510            -727       1       1                               0D      8
     510       8                                                00010000D      9
     510            -727       1       1                               0D     10
     510       9                                                00010000D     11
     510            -727       1       1                               0D     12
     510      10                                                00010000D     13
     510            -727       1       1                               0D     14
     510      11                                                00010000D     15
     510            -727       1       1                               0D     16
     510      12                                                00010000D     17
     510            -727       1       1                               0D     18
     510      13                                                00010000D     19
     510            -727       1       1                               0D     20
     510      14                                                00010000D     21
     510            -727       1       1                               0D     22
     510      15                                                00010000D     23
     510            -727       1       1                               0D     24
     510      16                                                00010000D     25
     510            -727       1       1                               0D     26
     510      17                                                00010000D     27
     510            -727       1       1                               0D     28
     510      18                                                00010000D     29
     510            -727       1       1                               0D     30
     510      19                                                00010000D     31
     510            -727       1       1                               0D     32
     510      20                                                00010000D     33
     510            -727       1       1                               0D     34
     510      21                                                00010000D     35
     510            -727       1       1                               0D     36
     510      22                                                00010000D     37
     510            -727       1       1                               0D     38
     510      23                                                00010000D     39
     510            -727       1       1                               0D     40
     510      24                                                00010000D     41
     510            -727       1       1                               0D     42
     510      25                                                00010000D     43
     510            -727       1       1                               0D     44
     510      26                                                00010000D     45
     510            -727       1       1                               0D     46
     510      27                                                00010000D     47
     510            -727       1       1                               0D     48
     510      28                                                00010000D     49
     510            -727       1       1                               0D     50
     510      29                                                00010000D     51
     510            -727       1       1                               0D     52
     510      30                                                00010000D     53
     510            -727       1       1                               0D     54
     510      31                                                00010000D     55
     510            -727       1       1                               0D     56
     510      32                                                00010000D     57
     510            -727       1       1                               0D     58
     510      33                                                00010000D     59
     510            -727       1       1                               0D     60
     510      34                                                00010000D     61
     510            -727       1       1                               0D     62
     510      35                                                00010000D     63
     510            -727       1       1                               0D     64
     510      36                                                00010000D     65
     510            -727       1       1                               0D     66
     510      37                                                00010000D     67
     510            -727       1       1                               0D     68
     510      38                                                00010000D     69
     510            -727       1       1                               0D     70
     510      39                                                00010000D     71
     510            -727       1       1                               0D     72
     510      40                                                00010000D     73
     510            -727       1       1                               0D     74
     510      41                                                00010000D     75
     510            -727       1       1                               0D     76
     510      42                                                00010000D     77
     510            -727       1       1                               0D     78
     510      43                                                00010000D     79
     510            -727       1       1                               0D     80
     510      44                                                00010000D     81
     510            -727       1       1                               0D     82
     510      45                                                00010000D     83
     510            -727       1       1                               0D     84
     510      46                                                00010000D     85
     510            -727       1       1                               0D     86
     510      47                                                00010000D     87
     510            -727       1       1                               0D     88
     510      48                                                00010000D     89
     510            -727       1       1                               0D     90
     510      49                                                00010000D     91
     510            -727       1       1                               0D     92
     510      50                                                00010000D     93
     510            -727       1       1                               0D     94
     510      51                                                00010000D     95
     510            -727       1       1                               0D     96
     510      52                                                00010000D     97
     510            -727       1       1                               0D     98
     510      53                                                00010000D     99
     510            -727       3       1                               0D    100
     510      56                                                00010000D    101
     510            -727       3       1                               0D    102
     508      59                                                00010000D    103
     508                       1       1                               0D    104
     508      60                                                00010000D    105
     508                       1       1                               0D    106
     508      61                                                00010000D    107
     508                       1       1                               0D    108
     508      62                                                00010000D    109
     508                       1       1                               0D    110
     508      63                                                00010000D    111
     508                       1       1                               0D    112
     508      64                                                00010000D    113
     508                       1       1                               0D    114
     508      65                                                00010000D    115
     508                       1       1                               0D    116
     508      66                                                00010000D    117
     508                       1       1                               0D    118
     508      67                                                00010000D    119
     508                       1       1                               0D    120
     508      68                                                00010000D    121
     508                       1       1                               0D    122
     508      69                                                00010000D    123
     508                       1       1                               0D    124
     508      70                                                00010000D    125
     508                       1       1                               0D    126
     508      71                                                00010000D    127
     508                       1       1                               0D    128
     508      72                                                00010000D    129
     508                       1       1                               0D    130
     508      73                                                00010000D    131
     508                       1       1                               0D    132
     508      74                                                00010000D    133
     508                       1       1                               0D    134
     508      75                                                00010000D    135
     508                       1       1                               0D    136
     508      76                                                00010000D    137
     508                       1       1                               0D    138
     508      77                                                00010000D    139
     508                       1       1                               0D    140
     508      78                                                00010000D    141
     508                       1       1                               0D    142
     508      79                                                00010000D    143
     508                       1       1                               0D    144
     508      80                                                00010000D    145
     508                       1       1                               0D    146
     508      81                                                00010000D    147
     508                       1       1                               0D    148
     508      82                                                00010000D    149
     508                       1       1                               0D    150
     508      83                                                00010000D    151
     508                       1       1                               0D    152
     508      84                                                00010000D    153
     508                       1       1                               0D    154
     508      85                                                00010000D    155
     508                       1       1                               0D    156
     508      86                                                00010000D    157
     508                       1       1                               0D    158
     508      87                                                00010000D    159
     508                       1       1                               0D    160
     508      88                                                00010000D    161
     508                       1       1                               0D    162
     508      89                                                00010000D    163
     508                       1       1                               0D    164
     508      90                                                00010000D    165
     508                       1       1                               0D    166
     508      91                                                00010000D    167
     508                       1       1                               0D    168
     508      92                                                00010000D    169
     508                       1       1                               0D    170
     508      93                                                00010000D    171
     508                       1       1                               0D    172
     508      94                                                00010000D    173
     508                       1       1                               0D    174
     508      95                                                00010000D    175
     508                       1       1                               0D    176
     508      96                                                00010000D    177
     508                       1       1                               0D    178
     508      97                                                00010000D    179
     508                       1       1                               0D    180
     508      98                                                00010000D    181
     508                       1       1                               0D    182
     508      99                                                00010000D    183
     508                       1       1                               0D    184
     508     100                                                00010000D    185
     508                       1       1                               0D    186
     508     101                                                00010000D    187
     508                       1       1                               0D    188
     508     102                                                00010000D    189
     508                       1       1                               0D    190
     508     103                                                00010000D    191
     508                       1       1                               0D    192
     508     104                                                00010000D    193
     508                       1       1                               0D    194
     508     105                                                00010000D    195
     508                       1       1                               0D    196
     508     106                                                00010000D    197
     508                       3       1                               0D    198
     508     109                                                00010000D    199
     508                       1       1                               0D    200
     508     110                                                00010000D    201
     508                       1       1                               0D    202
     508     111                                                00010000D    203
     508                       1       1                               0D    204
     508     112                                                00010000D    205
     508                       1       1                               0D    206
     508     113                                                00010000D    207
     508                       1       1                               0D    208
     508     114                                                00010000D    209
     508                       1       1                               0D    210
     508     115                                                00010000D    211
     508                       1       1                               0D    212
     508     116                                                00010000D    213
     508                       1       1                               0D    214
     508     117                                                00010000D    215
     508                       1       1                               0D    216
     508     118                                                00010000D    217
     508                       1       1                               0D    218
     508     119                                                00010000D    219
     508                       1       1                               0D    220
     508     120                                                00010000D    221
     508                       1       1                               0D    222
     508     121                                                00010000D    223
     508                       1       1                               0D    224
     508     122                                                00010000D    225
     508                       1       1                               0D    226
     508     123                                                00010000D    227
     508                       1       1                               0D    228
     508     124                                                00010000D    229
     508                       1       1                               0D    230
     508     125                                                00010000D    231
     508                       1       1                               0D    232
     508     126                                                00010000D    233
     508                       1       1                               0D    234
     508     127                                                00010000D    235
     508                       1       1                               0D    236
     508     128                                                00010000D    237
     508                       1       1                               0D    238
     508     129                                                00010000D    239
     508                       1       1                               0D    240
     508     130                                                00010000D    241
     508                       1       1                               0D    242
     508     131                                                00010000D    243
     508                       1       1                               0D    244
     508     132                                                00010000D    245
     508                       1       1                               0D    246
     508     133                                                00010000D    247
     508                       1       1                               0D    248
     508     134                                                00010000D    249
     508                       1       1                               0D    250
     508     135                                                00010000D    251
     508                       1       1                               0D    252
     508     136                                                00010000D    253
     508                       1       1                               0D    254
     508     137                                                00010000D    255
     508                       1       1                               0D    256
     508     138                                                00010000D    257
     508                       1       1                               0D    258
     508     139                                                00010000D    259
     508                       1       1                               0D    260
     508     140                                                00010000D    261
     508                       1       1                               0D    262
     508     141                                                00010000D    263
     508                       1       1                               0D    264
     508     142                                                00010000D    265
     508                       1       1                               0D    266
     508     143                                                00010000D    267
     508                       1       1                               0D    268
     508     144                                                00010000D    269
     508                       3       1                               0D    270
     508     147                                                00010000D    271
     508                       1       1                               0D    272
     508     148                                                00010000D    273
     508                       1       1                               0D    274
     508     149                                                00010000D    275
     508                       1       1                               0D    276
     508     150                                                00010000D    277
     508                       1       1                               0D    278
     508     151                                                00010000D    279
     508                       1       1                               0D    280
     508     152                                                00010000D    281
     508                       1       1                               0D    282
     508     153                                                00010000D    283
     508                       1       1                               0D    284
     508     154                                                00010000D    285
     508                       1       1                               0D    286
     508     155                                                00010000D    287
     508                       1       1                               0D    288
     508     156                                                00010000D    289
     508                       1       1                               0D    290
     508     157                                                00010000D    291
     508                       1       1                               0D    292
     508     158                                                00010000D    293
     508                       1       1                               0D    294
     508     159                                                00010000D    295
     508                       1       1                               0D    296
     508     160                                                00010000D    297
     508                       1       1                               0D    298
     508     161                                                00010000D    299
     508                       1       1                               0D    300
     508     162                                                00010000D    301
     508                       1       1                               0D    302
     508     163                                                00010000D    303
     508                       1       1                               0D    304
     508     164                                                00010000D    305
     508                       1       1                               0D    306
     508     165                                                00010000D    307
     508                       1       1                               0D    308
     508     166                                                00010000D    309
     508                       1       1                               0D    310
     508     167                                                00010000D    311
     508                       1       1                               0D    312
     508     168                                                00010000D    313
     508                       1       1                               0D    314
     508     169                                                00010000D    315
     508                       1       1                               0D    316
     508     170                                                00010000D    317
     508                       1       1                               0D    318
     508     171                                                00010000D    319
     508                       1       1                               0D    320
     508     172                                                00010000D    321
     508                       1       1                               0D    322
     508     173                                                00010000D    323
     508                       1       1                               0D    324
     508     174                                                00010000D    325
     508                       1       1                               0D    326
     508     175                                                00010000D    327
     508                       1       1                               0D    328
     508     176                                                00010000D    329
     508                       1       1                               0D    330
     508     177                                                00010000D    331
     508                       1       1                               0D    332
     508     178                                                00010000D    333
     508                       1       1                               0D    334
     508     179                                                00010000D    335
     508                       1       1                               0D    336
     508     180                                                00010000D    337
     508                       1       1                               0D    338
     508     181                                                00010000D    339
     508                       1       1                               0D    340
     126     182                                                00010000D    341
     126       0               8       0                               0D    342
     126     190                                                00010000D    343
     126       0               2       0                               0D    344
     126     192                                                00010000D    345
     126       0               8       0                               0D    346
     126     200                                                00010000D    347
     126       0               8       0                               0D    348
     126     208                                                00010000D    349
     126       0               2       0                               0D    350
     126     210                                                00010000D    351
     126       0               8       0                               0D    352
     126     218                                                00010000D    353
     126       0               8       0                               0D    354
     126     226                                                00010000D    355
     126       0               2       0                               0D    356
     126     228                                                00010000D    357
     126       0               8       0                               0D    358
     126     236                                                00010000D    359
     126       0              11       0                               0D    360
     126     247                                                00010000D    361
     126       0               3       0                               0D    362
     126     250                                                00010000D    363
     126       0              11       0                               0D    364
     126     261                                                00010000D    365
     126       0               8       0                               0D    366
     126     269                                                00010000D    367
     126       0               2       0                               0D    368
     126     271                                                00010000D    369
     126       0               8       0                               0D    370
     126     279                                                00010000D    371
     126       0               8       0                               0D    372
     126     287                                                00010000D    373
     126       0               2       0                               0D    374
     126     289                                                00010000D    375
     126       0               8       0                               0D    376
     126     297                                                00010000D    377
     126       0               8       0                               0D    378
     126     305                                                00010000D    379
     126       0               2       0                               0D    380
     126     307                                                00010000D    381
     126       0               8       0                               0D    382
     126     315                                                00010000D    383
     126       0               8       0                               0D    384
     126     323                                                00010000D    385
     126       0               2       0                               0D    386
     126     325                                                00010000D    387
     126       0               8       0                               0D    388
     126     333                                                00010000D    389
     126       0               8       0                               0D    390
     126     341                                                00010000D    391
     126       0               2       0                               0D    392
     126     343                                                00010000D    393
     126       0               8       0                               0D    394
     126     351                                                00010000D    395
     126       0               8       0                               0D    396
     126     359                                                00010000D    397
     126       0               2       0                               0D    398
     126     361                                                00010000D    399
     126       0               8       0                               0D    400
     126     369                                                00010000D    401
     126       0              11       0                               0D    402
     126     380                                                00010000D    403
     126       0               3       0                               0D    404
     126     383                                                00010000D    405
     126       0              11       0                               0D    406
     126     394                                                00010000D    407
     126       0               8       0                               0D    408
     126     402                                                00010000D    409
     126       0               2       0                               0D    410
     126     404                                                00010000D    411
     126       0               8       0                               0D    412
     126     412                                                00010000D    413
     126       0              11       0                               0D    414
     126     423                                                00010000D    415
     126       0               3       0                               0D    416
     126     426                                                00010000D    417
     126       0              11       0                               0D    418
     126     437                                                00010000D    419
     126       0               8       0                               0D    420
     126     445                                                00010000D    421
     126       0               2       0                               0D    422
     126     447                                                00010000D    423
     126       0               8       0                               0D    424
     126     455                                                00010000D    425
     126       0              11       0                               0D    426
     126     466                                                00010000D    427
     126       0               3       0                               0D    428
     126     469                                                00010000D    429
     126       0              11       0                               0D    430
     126     480                                                00010000D    431
     126       0              12       0                               0D    432
     126     492                                                00010000D    433
     126       0               3       0                               0D    434
     126     495                                                00010000D    435
     126       0              12       0                               0D    436
     126     507                                                00010000D    437
     126       0               8       0                               0D    438
     126     515                                                00010000D    439
     126       0               2       0                               0D    440
     126     517                                                00010000D    441
     126       0               8       0                               0D    442
     126     525                                                00010000D    443
     126       0              11       0                               0D    444
     126     536                                                00010000D    445
     126       0               3       0                               0D    446
     126     539                                                00010000D    447
     126       0              11       0                               0D    448
     126     550                                                00010000D    449
     126       0              11       0                               0D    450
     126     561                                                00010000D    451
     126       0               3       0                               0D    452
     126     564                                                00010000D    453
     126       0              11       0                               0D    454
     126     575                                                00010000D    455
     126       0               8       0                               0D    456
     126     583                                                00010000D    457
     126       0               2       0                               0D    458
     126     585                                                00010000D    459
     126       0               8       0                               0D    460
     126     593                                                00010000D    461
     126       0               8       0                               0D    462
     126     601                                                00010000D    463
     126       0               2       0                               0D    464
     126     603                                                00010000D    465
     126       0               8       0                               0D    466
     126     611                                                00010000D    467
     126       0              11       0                               0D    468
     126     622                                                00010000D    469
     126       0               3       0                               0D    470
     126     625                                                00010000D    471
     126       0              11       0                               0D    472
     126     636                                                00010000D    473
     126       0               8       0                               0D    474
     126     644                                                00010000D    475
     126       0               2       0                               0D    476
     126     646                                                00010000D    477
     126       0               8       0                               0D    478
     126     654                                                00010000D    479
     126       0              11       0                               0D    480
     126     665                                                00010000D    481
     126       0               3       0                               0D    482
     126     668                                                00010000D    483
     126       0              11       0                               0D    484
     126     679                                                00010000D    485
     126       0              12       0                               0D    486
     126     691                                                00010000D    487
     126       0               3       0                               0D    488
     126     694                                                00010000D    489
     126       0              12       0                               0D    490
     126     706                                                00010000D    491
     126       0               8       0                               0D    492
     126     714                                                00010000D    493
     126       0               2       0                               0D    494
     126     716                                                00010000D    495
     126       0               8       0                               0D    496
     126     724                                                00010000D    497
     126       0               8       0                               0D    498
     126     732                                                00010000D    499
     126       0               2       0                               0D    500
     126     734                                                00010000D    501
     126       0               8       0                               0D    502
     126     742                                                00010000D    503
     126       0              12       0                               0D    504
     126     754                                                00010000D    505
     126       0               3       0                               0D    506
     126     757                                                00010000D    507
     126       0              12       0                               0D    508
     126     769                                                00010000D    509
     126       0               8       0                               0D    510
     126     777                                                00010000D    511
     126       0               2       0                               0D    512
     126     779                                                00010000D    513
     126       0               8       0                               0D    514
     126     787                                                00010000D    515
     126       0               8       0                               0D    516
     126     795                                                00010000D    517
     126       0               2       0                               0D    518
     126     797                                                00010000D    519
     126       0               8       0                               0D    520
     126     805                                                00010000D    521
     126       0               8       0                               0D    522
     126     813                                                00010000D    523
     126       0               2       0                               0D    524
     126     815                                                00010000D    525
     126       0               8       0                               0D    526
     126     823                                                00010000D    527
     126       0               8       0                               0D    528
     126     831                                                00010000D    529
     126       0               2       0                               0D    530
     126     833                                                00010000D    531
     126       0               8       0                               0D    532
     126     841                                                00010000D    533
     126       0               8       0                               0D    534
     126     849                                                00010000D    535
     126       0               2       0                               0D    536
     126     851                                                00010000D    537
     126       0               8       0                               0D    538
     126     859                                                00010000D    539
     126       0               8       0                               0D    540
     126     867                                                00010000D    541
     126       0               2       0                               0D    542
     126     869                                                00010000D    543
     126       0               8       0                               0D    544
     126     877                                                00010000D    545
     126       0               8       0                               0D    546
     126     885                                                00010000D    547
     126       0               2       0                               0D    548
     126     887                                                00010000D    549
     126       0               8       0                               0D    550
     126     895                                                00010000D    551
     126       0               3       0                               0D    552
     126     898                                                00010000D    553
     126       0               3       0                               0D    554
     126     901                                                00010000D    555
     126       0               3       0                               0D    556
     126     904                                                00010000D    557
     126       0               3       0                               0D    558
     126     907                                                00010000D    559
     126       0               5       0                               0D    560
     126     912                                                00010000D    561
     126       0               5       0                               0D    562
     126     917                                                00010000D    563
     126       0               3       0                               0D    564
     126     920                                                00010000D    565
     126       0               3       0                               0D    566
     126     923                                                00010000D    567
     126       0               3       0                               0D    568
     126     926                                                00010000D    569
     126       0               3       0                               0D    570
     126     929                                                00010000D    571
     126       0               4       0                               0D    572
     126     933                                                00010000D    573
     126       0               4       0                               0D    574
     126     937                                                00010000D    575
     126       0               2       0                               0D    576
     126     939                                                00010000D    577
     126       0               3       0                               0D    578
     126     942                                                00010000D    579
     126       0               3       0                               0D    580
     126     945                                                00010000D    581
     126       0               2       0                               0D    582
     126     947                                                00010000D    583
     126       0               3       0                               0D    584
     126     950                                                00010000D    585
     126       0               3       0                               0D    586
     126     953                                                00010000D    587
     126       0               2       0                               0D    588
     126     955                                                00010000D    589
     126       0               2       0                               0D    590
     126     957                                                00010000D    591
     126       0               2       0                               0D    592
     126     959                                                00010000D    593
     126       0               2       0                               0D    594
     126     961                                                00010000D    595
     126       0               4       0                               0D    596
     126     965                                                00010000D    597
     126       0               4       0                               0D    598
     126     969                                                00010000D    599
     126       0               3       0                               0D    600
     126     972                                                00010000D    601
     126       0               3       0                               0D    602
     126     975                                                00010000D    603
     126       0               3       0                               0D    604
     126     978                                                00010000D    605
     126       0               2       0                               0D    606
     126     980                                                00010000D    607
     126       0               4       0                               0D    608
     126     984                                                00010000D    609
     126       0               4       0                               0D    610
     126     988                                                00010000D    611
     126       0               3       0                               0D    612
     126     991                                                00010000D    613
     126       0               3       0                               0D    614
     126     994                                                00010000D    615
     126       0               3       0                               0D    616
     126     997                                                00010000D    617
     126       0               3       0                               0D    618
     126    1000                                                00010000D    619
     126       0               5       0                               0D    620
     126    1005                                                00010000D    621
     126       0               5       0                               0D    622
     128    1010                                                00010000D    623
     128       0    -727      12       0                               0D    624
     128    1022                                                00010000D    625
     128       0    -727      12       0                               0D    626
     128    1034                                                00010000D    627
     128       0    -727      12       0                               0D    628
     128    1046                                                00010000D    629
     128       0    -727      17       0                               0D    630
     128    1063                                                00010000D    631
     128       0    -727      12       0                               0D    632
     128    1075                                                00010000D    633
     128       0    -727      12       0                               0D    634
     128    1087                                                00010000D    635
     128       0    -727      12       0                               0D    636
     128    1099                                                00010000D    637
     128       0    -727      12       0                               0D    638
     128    1111                                                00010000D    639
     128       0    -727      12       0                               0D    640
     128    1123                                                00010000D    641
     128       0    -727      12       0                               0D    642
     128    1135                                                00010000D    643
     128       0    -727      17       0                               0D    644
     128    1152                                                00010000D    645
     128       0    -727      12       0                               0D    646
     128    1164                                                00010000D    647
     128       0    -727      17       0                               0D    648
     128    1181                                                00010000D    649
     128       0    -727      12       0                               0D    650
     128    1193                                                00010000D    651
     128       0    -727      17       0                               0D    652
     128    1210                                                00010000D    653
     128       0    -727      20       0                               0D    654
     128    1230                                                00010000D    655
     128       0    -727      12       0                               0D    656
     128    1242                                                00010000D    657
     128       0    -727      17       0                               0D    658
     128    1259                                                00010000D    659
     128       0    -727      19       0                               0D    660
     128    1278                                                00010000D    661
     128       0    -727      12       0                               0D    662
     128    1290                                                00010000D    663
     128       0    -727      12       0                               0D    664
     128    1302                                                00010000D    665
     128       0    -727      17       0                               0D    666
     128    1319                                                00010000D    667
     128       0    -727      12       0                               0D    668
     128    1331                                                00010000D    669
     128       0    -727      17       0                               0D    670
     128    1348                                                00010000D    671
     128       0    -727      20       0                               0D    672
     128    1368                                                00010000D    673
     128       0    -727      11       0                               0D    674
     128    1379                                                00010000D    675
     128       0    -727      12       0                               0D    676
     128    1391                                                00010000D    677
     128       0    -727      20       0                               0D    678
     128    1411                                                00010000D    679
     128       0    -727      12       0                               0D    680
     128    1423                                                00010000D    681
     128       0    -727      12       0                               0D    682
     128    1435                                                00010000D    683
     128       0    -727      12       0                               0D    684
     128    1447                                                00010000D    685
     128       0    -727      12       0                               0D    686
     128    1459                                                00010000D    687
     128       0    -727      12       0                               0D    688
     128    1471                                                00010000D    689
     128       0    -727      12       0                               0D    690
     128    1483                                                00010000D    691
     128       0    -727      12       0                               0D    692
     128    1495                                                00010000D    693
     128       0    -727       6       0                               0D    694
     128    1501                                                00010000D    695
     128       0    -727       8       0                               0D    696
     128    1509                                                00010000D    697
     128       0    -727       6       0                               0D    698
     128    1515                                                00010000D    699
     128       0    -727       8       0                               0D    700
     128    1523                                                00010000D    701
     128       0    -727       5       0                               0D    702
     128    1528                                                00010000D    703
     128       0    -727       5       0                               0D    704
     128    1533                                                00010000D    705
     128       0    -727       3       0                               0D    706
     128    1536                                                00010000D    707
     128       0    -727       6       0                               0D    708
     128    1542                                                00010000D    709
     128       0    -727       5       0                               0D    710
     128    1547                                                00010000D    711
     128       0    -727       7       0                               0D    712
     128    1554                                                00010000D    713
     128       0    -727       6       0                               0D    714
     128    1560                                                00010000D    715
     128       0    -727       8       0                               0D    716
     128    1568                                                00010000D    717
     128       0    -727       6       0                               0D    718
     128    1574                                                00010000D    719
     128       0    -727       6       0                               0D    720
     502    1580                                                00010000D    721
     502                      34       1                               0D    722
     504    1614                                                00010001D    723
     504                      40       1                               0D    724
     406    1654                                                00000000D    725
     406                       1      15                               0D    726
     314    1655                                                00000200D    727
     314                       2       0                               0D    728
186,3,1,0,0,1,725;                                                     1P      1
514,49,5,1,7,1,9,1,11,1,13,1,15,1,17,1,19,1,21,1,23,1,25,1,27,1,       3P      2
29,1,31,1,33,1,35,1,37,1,39,1,41,1,43,1,45,1,47,1,49,1,51,1,53,        3P      3
1,55,1,57,1,59,1,61,1,63,1,65,1,67,1,69,1,71,1,73,1,75,1,77,1,         3P      4
79,1,81,1,83,1,85,1,87,1,89,1,91,1,93,1,95,1,97,1,99,1,101,1;          3P      5
510,623,1,1,103;                                                       5P      6
510,625,1,1,105;                                                       7P      7
510,627,1,1,107;                                                       9P      8
510,629,1,1,109;                                                      11P      9
510,631,1,1,111;                                                      13P     10
510,633,1,1,113;                                                      15P     11
510,635,1,1,115;                                                      17P     12
510,637,1,1,117;                                                      19P     13
510,639,1,1,119;                                                      21P     14
510,641,1,1,121;                                                      23P     15
510,643,1,1,123;                                                      25P     16
510,645,1,1,125;                                                      27P     17
510,647,1,1,127;                                                      29P     18
510,649,1,1,129;                                                      31P     19
510,651,1,1,131;                                                      33P     20
510,653,1,1,133;                                                      35P     21
510,655,1,1,135;                                                      37P     22
510,657,1,1,137;                                                      39P     23
510,659,1,1,139;                                                      41P     24
510,661,1,1,141;                                                      43P     25
510,663,1,1,143;                                                      45P     26
510,665,1,1,145;                                                      47P     27
510,667,1,1,147;                                                      49P     28
510,669,1,1,149;                                                      51P     29
510,671,1,1,151;                                                      53P     30
510,673,1,1,153;                                                      55P     31
510,675,1,1,155;                                                      57P     32
510,677,1,1,157;                                                      59P     33
510,679,1,1,159;                                                      61P     34
510,681,1,1,161;                                                      63P     35
510,683,1,1,163;                                                      65P     36
510,685,1,1,165;                                                      67P     37
510,687,1,1,167;                                                      69P     38
510,689,1,1,169;                                                      71P     39
510,691,1,1,171;                                                      73P     40
510,693,1,1,173;                                                      75P     41
510,695,1,1,175;                                                      77P     42
510,697,1,1,177;                                                      79P     43
510,699,1,1,179;                                                      81P     44
510,701,1,1,181;                                                      83P     45
510,703,1,1,183;                                                      85P     46
510,705,1,1,185;                                                      87P     47
510,707,1,1,187;                                                      89P     48
510,709,1,1,189;                                                      91P     49
510,711,1,1,191;                                                      93P     50
510,713,1,1,193;                                                      95P     51
510,715,1,1,195;                                                      97P     52
510,717,36,1,197,199,201,203,205,207,209,211,213,215,217,219,         99P     53
221,223,225,227,229,231,233,235,237,239,241,243,245,247,249,251,      99P     54
253,255,257,259,261,263,265,267;                                      99P     55
510,719,36,1,269,271,273,275,277,279,281,283,285,287,289,291,        101P     56
293,295,297,299,301,303,305,307,309,311,313,315,317,319,321,323,     101P     57
325,327,329,331,333,335,337,339;                                     101P     58
508,4,0,723,1,0,0,0,723,2,1,0,0,723,3,1,0,0,723,2,0,0;               103P     59
508,4,0,723,4,0,0,0,723,5,1,0,0,723,6,1,0,0,723,5,0,0;               105P     60
508,4,0,723,7,0,0,0,723,8,1,0,0,723,9,1,0,0,723,8,0,0;               107P     61
508,4,0,723,10,0,0,0,723,11,1,0,0,723,12,1,0,0,723,11,0,0;           109P     62
508,4,0,723,13,0,0,0,723,14,1,0,0,723,15,1,0,0,723,14,0,0;           111P     63
508,4,0,723,16,0,0,0,723,17,1,0,0,723,18,1,0,0,723,17,0,0;           113P     64
508,4,0,723,19,0,0,0,723,20,1,0,0,723,21,1,0,0,723,20,0,0;           115P     65
508,4,0,723,22,0,0,0,723,23,1,0,0,723,24,1,0,0,723,23,0,0;           117P     66
508,4,0,723,25,0,0,0,723,26,1,0,0,723,27,1,0,0,723,26,0,0;           119P     67
508,4,0,723,28,0,0,0,723,29,1,0,0,723,30,1,0,0,723,29,0,0;           121P     68
508,4,0,723,31,0,0,0,723,32,1,0,0,723,33,1,0,0,723,32,0,0;           123P     69
508,4,0,723,34,0,0,0,723,35,1,0,0,723,36,1,0,0,723,35,0,0;           125P     70
508,4,0,723,37,0,0,0,723,38,1,0,0,723,39,1,0,0,723,38,0,0;           127P     71
508,4,0,723,40,0,0,0,723,41,1,0,0,723,42,1,0,0,723,41,0,0;           129P     72
508,4,0,723,43,0,0,0,723,44,1,0,0,723,45,1,0,0,723,44,0,0;           131P     73
508,4,0,723,46,0,0,0,723,47,1,0,0,723,48,1,0,0,723,47,0,0;           133P     74
508,4,0,723,49,0,0,0,723,50,1,0,0,723,51,1,0,0,723,50,0,0;           135P     75
508,4,0,723,52,0,0,0,723,53,1,0,0,723,54,1,0,0,723,53,0,0;           137P     76
508,4,0,723,55,0,0,0,723,56,1,0,0,723,57,1,0,0,723,56,0,0;           139P     77
508,4,0,723,58,0,0,0,723,59,1,0,0,723,60,1,0,0,723,59,0,0;           141P     78
508,4,0,723,61,0,0,0,723,62,1,0,0,723,63,1,0,0,723,62,0,0;           143P     79
508,4,0,723,64,0,0,0,723,65,1,0,0,723,66,1,0,0,723,65,0,0;           145P     80
508,4,0,723,67,0,0,0,723,68,1,0,0,723,69,1,0,0,723,68,0,0;           147P     81
508,4,0,723,70,0,0,0,723,71,1,0,0,723,72,1,0,0,723,71,0,0;           149P     82
508,4,0,723,73,0,0,0,723,74,1,0,0,723,75,1,0,0,723,74,0,0;           151P     83
508,4,0,723,76,0,0,0,723,77,1,0,0,723,78,1,0,0,723,77,0,0;           153P     84
508,4,0,723,79,0,0,0,723,80,1,0,0,723,81,1,0,0,723,80,0,0;           155P     85
508,4,0,723,82,0,0,0,723,83,1,0,0,723,84,1,0,0,723,83,0,0;           157P     86
508,4,0,723,85,0,0,0,723,86,1,0,0,723,87,1,0,0,723,86,0,0;           159P     87
508,4,0,723,88,0,0,0,723,89,1,0,0,723,90,1,0,0,723,89,0,0;           161P     88
508,4,0,723,91,0,0,0,723,92,1,0,0,723,93,1,0,0,723,92,0,0;           163P     89
508,4,0,723,94,0,0,0,723,95,1,0,0,723,96,1,0,0,723,95,0,0;           165P     90
508,4,0,723,97,0,0,0,723,98,1,0,0,723,99,1,0,0,723,98,0,0;           167P     91
508,4,0,723,100,0,0,0,723,101,1,0,0,723,102,1,0,0,723,101,0,0;       169P     92
508,4,0,723,103,0,0,0,723,104,1,0,0,723,105,1,0,0,723,104,0,0;       171P     93
508,4,0,723,106,0,0,0,723,107,1,0,0,723,108,0,0,0,723,109,0,0;       173P     94
508,4,0,723,110,1,0,0,723,109,1,0,0,723,111,0,0,0,723,112,0,0;       175P     95
508,4,0,723,113,0,0,0,723,112,1,0,0,723,114,0,0,0,723,115,0,0;       177P     96
508,4,0,723,116,1,0,0,723,115,1,0,0,723,117,0,0,0,723,118,0,0;       179P     97
508,4,0,723,119,0,0,0,723,118,1,0,0,723,120,0,0,0,723,121,0,0;       181P     98
508,4,0,723,122,1,0,0,723,121,1,0,0,723,123,0,0,0,723,124,0,0;       183P     99
508,4,0,723,125,0,0,0,723,124,1,0,0,723,126,0,0,0,723,127,0,0;       185P    100
508,4,0,723,128,1,0,0,723,127,1,0,0,723,129,0,0,0,723,130,0,0;       187P    101
508,4,0,723,131,0,0,0,723,130,1,0,0,723,132,0,0,0,723,133,0,0;       189P    102
508,4,0,723,134,1,0,0,723,133,1,0,0,723,135,0,0,0,723,136,0,0;       191P    103
508,4,0,723,137,0,0,0,723,136,1,0,0,723,138,0,0,0,723,139,0,0;       193P    104
508,4,0,723,140,1,0,0,723,139,1,0,0,723,141,0,0,0,723,107,0,0;       195P    105
508,12,0,723,141,1,0,0,723,138,1,0,0,723,135,1,0,0,723,132,1,0,      197P    106
0,723,129,1,0,0,723,126,1,0,0,723,123,1,0,0,723,120,1,0,0,723,       197P    107
117,1,0,0,723,114,1,0,0,723,111,1,0,0,723,108,1,0;                   197P    108
508,1,0,723,103,1,0;                                                 199P    109
508,1,0,723,100,1,0;                                                 201P    110
508,1,0,723,97,1,0;                                                  203P    111
508,1,0,723,94,1,0;                                                  205P    112
508,1,0,723,91,1,0;                                                  207P    113
508,1,0,723,88,1,0;                                                  209P    114
508,1,0,723,85,1,0;                                                  211P    115
508,1,0,723,82,1,0;                                                  213P    116
508,1,0,723,79,1,0;                                                  215P    117
508,1,0,723,76,1,0;                                                  217P    118
508,1,0,723,73,1,0;                                                  219P    119
508,1,0,723,70,1,0;                                                  221P    120
508,1,0,723,67,1,0;                                                  223P    121
508,1,0,723,64,1,0;                                                  225P    122
508,1,0,723,61,1,0;                                                  227P    123
508,1,0,723,58,1,0;                                                  229P    124
508,1,0,723,55,1,0;                                                  231P    125
508,1,0,723,52,1,0;                                                  233P    126
508,1,0,723,49,1,0;                                                  235P    127
508,1,0,723,46,1,0;                                                  237P    128
508,1,0,723,43,1,0;                                                  239P    129
508,1,0,723,40,1,0;                                                  241P    130
508,1,0,723,37,1,0;                                                  243P    131
508,1,0,723,34,1,0;                                                  245P    132
508,1,0,723,31,1,0;                                                  247P    133
508,1,0,723,28,1,0;                                                  249P    134
508,1,0,723,25,1,0;                                                  251P    135
508,1,0,723,22,1,0;                                                  253P    136
508,1,0,723,19,1,0;                                                  255P    137
508,1,0,723,16,1,0;                                                  257P    138
508,1,0,723,13,1,0;                                                  259P    139
508,1,0,723,10,1,0;                                                  261P    140
508,1,0,723,7,1,0;                                                   263P    141
508,1,0,723,4,1,0;                                                   265P    142
508,1,0,723,1,1,0;                                                   267P    143
508,12,0,723,140,0,0,0,723,106,1,0,0,723,110,0,0,0,723,113,1,0,      269P    144
0,723,116,0,0,0,723,119,1,0,0,723,122,0,0,0,723,125,1,0,0,723,       269P    145
128,0,0,0,723,131,1,0,0,723,134,0,0,0,723,137,1,0;                   269P    146
508,1,0,723,105,0,0;                                                 271P    147
508,1,0,723,102,0,0;                                                 273P    148
508,1,0,723,99,0,0;                                                  275P    149
508,1,0,723,96,0,0;                                                  277P    150
508,1,0,723,93,0,0;                                                  279P    151
508,1,0,723,90,0,0;                                                  281P    152
508,1,0,723,87,0,0;                                                  283P    153
508,1,0,723,84,0,0;                                                  285P    154
508,1,0,723,81,0,0;                                                  287P    155
508,1,0,723,78,0,0;                                                  289P    156
508,1,0,723,75,0,0;                                                  291P    157
508,1,0,723,72,0,0;                                                  293P    158
508,1,0,723,69,0,0;                                                  295P    159
508,1,0,723,66,0,0;                                                  297P    160
508,1,0,723,63,0,0;                                                  299P    161
508,1,0,723,60,0,0;                                                  301P    162
508,1,0,723,57,0,0;                                                  303P    163
508,1,0,723,54,0,0;                                                  305P    164
508,1,0,723,51,0,0;                                                  307P    165
508,1,0,723,48,0,0;                                                  309P    166
508,1,0,723,45,0,0;                                                  311P    167
508,1,0,723,42,0,0;                                                  313P    168
508,1,0,723,39,0,0;                                                  315P    169
508,1,0,723,36,0,0;                                                  317P    170
508,1,0,723,33,0,0;                                                  319P    171
508,1,0,723,30,0,0;                                                  321P    172
508,1,0,723,27,0,0;                                                  323P    173
508,1,0,723,24,0,0;                                                  325P    174
508,1,0,723,21,0,0;                                                  327P    175
508,1,0,723,18,0,0;                                                  329P    176
508,1,0,723,15,0,0;                                                  331P    177
508,1,0,723,12,0,0;                                                  333P    178
508,1,0,723,9,0,0;                                                   335P    179
508,1,0,723,6,0,0;                                                   337P    180
508,1,0,723,3,0,0;                                                   339P    181
126,8,2,0,1,0,0,-3.14159265358979,-3.14159265358979,                 341P    182
-3.14159265358979,-1.5707963267949,-1.5707963267949,0.,0.,           341P    183
1.5707963267949,1.5707963267949,3.14159265358979,                    341P    184
3.14159265358979,3.14159265358979,1.,0.707106781186536,1.,           341P    185
0.70710678118654,1.,0.70710678118654,1.,0.707106781186536,1.,        341P    186
-45.,8.,83.5,-45.,8.,80.5,-42.,8.,80.5,-39.,8.,80.5,-39.,8.,         341P    187
83.5,-39.,8.,86.5,-42.,8.,86.5,-45.,8.,86.5,-45.,8.,83.5,            341P    188
-3.14159265358979,3.14159265358979,0.,0.,0.;                         341P    189
126,1,1,0,0,1,0,-2.66666666666667,-2.66666666666667,0.,0.,1.,1.,     343P    190
-45.,8.,83.5,-45.,0.,83.5,-2.66666666666667,0.,0.,0.,0.;             343P    191
126,8,2,0,1,0,0,-3.14159265358979,-3.14159265358979,                 345P    192
-3.14159265358979,-1.5707963267949,-1.5707963267949,0.,0.,           345P    193
1.5707963267949,1.5707963267949,3.14159265358979,                    345P    194
3.14159265358979,3.14159265358979,1.,0.707106781186536,1.,           345P    195
0.70710678118654,1.,0.70710678118654,1.,0.707106781186536,1.,        345P    196
-45.,0.,83.5,-45.,0.,80.5,-42.,0.,80.5,-39.,0.,80.5,-39.,0.,         345P    197
83.5,-39.,0.,86.5,-42.,0.,86.5,-45.,0.,86.5,-45.,0.,83.5,            345P    198
-3.14159265358979,3.14159265358979,0.,0.,0.;                         345P    199
126,8,2,0,1,0,0,-3.14159265358979,-3.14159265358979,                 347P    200
-3.14159265358979,-1.5707963267949,-1.5707963267949,0.,0.,           347P    201
1.5707963267949,1.5707963267949,3.14159265358979,                    347P    202
3.14159265358979,3.14159265358979,1.,0.707106781186542,1.,           347P    203
0.707106781186546,1.,0.707106781186546,1.,0.707106781186542,1.,      347P    204
-45.,8.,-51.5,-45.,8.,-54.5,-42.,8.,-54.5,-39.,8.,-54.5,-39.,8.,     347P    205
-51.5,-39.,8.,-48.5,-42.,8.,-48.5,-45.,8.,-48.5,-45.,8.,-51.5,       347P    206
-3.14159265358979,3.14159265358979,0.,0.,0.;                         347P    207
126,1,1,0,0,1,0,-2.66666666666667,-2.66666666666667,0.,0.,1.,1.,     349P    208
-45.,8.,-51.5,-45.,0.,-51.5,-2.66666666666667,0.,0.,0.,0.;           349P    209
126,8,2,0,1,0,0,-3.14159265358979,-3.14159265358979,                 351P    210
-3.14159265358979,-1.5707963267949,-1.5707963267949,0.,0.,           351P    211
1.5707963267949,1.5707963267949,3.14159265358979,                    351P    212
3.14159265358979,3.14159265358979,1.,0.707106781186542,1.,           351P    213
0.707106781186546,1.,0.707106781186546,1.,0.707106781186542,1.,      351P    214
-45.,0.,-51.5,-45.,0.,-54.5,-42.,0.,-54.5,-39.,0.,-54.5,-39.,0.,     351P    215
-51.5,-39.,0.,-48.5,-42.,0.,-48.5,-45.,0.,-48.5,-45.,0.,-51.5,       351P    216
-3.14159265358979,3.14159265358979,0.,0.,0.;                         351P    217
126,8,2,0,1,0,0,-3.14159265358979,-3.14159265358979,                 353P    218
-3.14159265358979,-1.5707963267949,-1.5707963267949,0.,0.,           353P    219
1.5707963267949,1.5707963267949,3.14159265358979,                    353P    220
3.14159265358979,3.14159265358979,1.,0.707106781186542,1.,           353P    221
0.707106781186546,1.,0.707106781186546,1.,0.707106781186542,1.,      353P    222
-45.,8.,51.5,-45.,8.,48.5,-42.,8.,48.5,-39.,8.,48.5,-39.,8.,         353P    223
51.5,-39.,8.,54.5,-42.,8.,54.5,-45.,8.,54.5,-45.,8.,51.5,            353P    224
-3.14159265358979,3.14159265358979,0.,0.,0.;                         353P    225
126,1,1,0,0,1,0,-2.66666666666667,-2.66666666666667,0.,0.,1.,1.,     355P    226
-45.,8.,51.5,-45.,0.,51.5,-2.66666666666667,0.,0.,0.,0.;             355P    227
126,8,2,0,1,0,0,-3.14159265358979,-3.14159265358979,                 357P    228
-3.14159265358979,-1.5707963267949,-1.5707963267949,0.,0.,           357P    229
1.5707963267949,1.5707963267949,3.14159265358979,                    357P    230
3.14159265358979,3.14159265358979,1.,0.707106781186542,1.,           357P    231
0.707106781186546,1.,0.707106781186546,1.,0.707106781186542,1.,      357P    232
-45.,0.,51.5,-45.,0.,48.5,-42.,0.,48.5,-39.,0.,48.5,-39.,0.,         357P    233
51.5,-39.,0.,54.5,-42.,0.,54.5,-45.,0.,54.5,-45.,0.,51.5,            357P    234
-3.14159265358979,3.14159265358979,0.,0.,0.;                         357P    235
126,8,2,0,1,0,0,-3.14159265358979,-3.14159265358979,                 359P    236
-3.14159265358979,-1.5707963267949,-1.5707963267949,0.,0.,           359P    237
1.5707963267949,1.5707963267949,3.14159265358979,                    359P    238
3.14159265358979,3.14159265358979,1.,0.707106781186551,1.,           359P    239
0.707106781186551,1.,0.707106781186551,1.,0.707106781186551,1.,      359P    240
-77.0999999999999,8.,-92.5,-77.0999999999999,8.,-94.6,               359P    241
-74.9999999999999,8.,-94.6,-72.8999999999999,8.,-94.6,               359P    242
-72.8999999999999,8.,-92.5,-72.8999999999999,8.,-90.4,               359P    243
-74.9999999999999,8.,-90.4,-77.0999999999999,8.,-90.4,               359P    244
-77.0999999999999,8.,-92.5,-3.14159265358979,3.14159265358979,       359P    245
0.,0.,0.;                                                            359P    246
126,1,1,0,0,1,0,-3.80952380952381,-3.80952380952381,0.,0.,1.,1.,     361P    247
-77.0999999999999,8.,-92.5,-77.0999999999999,0.,-92.5,               361P    248
-3.80952380952381,0.,0.,0.,0.;                                       361P    249
126,8,2,0,1,0,0,-3.14159265358979,-3.14159265358979,                 363P    250
-3.14159265358979,-1.5707963267949,-1.5707963267949,0.,0.,           363P    251
1.5707963267949,1.5707963267949,3.14159265358979,                    363P    252
3.14159265358979,3.14159265358979,1.,0.707106781186551,1.,           363P    253
0.707106781186551,1.,0.707106781186551,1.,0.707106781186551,1.,      363P    254
-77.0999999999999,0.,-92.5,-77.0999999999999,0.,-94.6,               363P    255
-74.9999999999999,0.,-94.6,-72.8999999999999,0.,-94.6,               363P    256
-72.8999999999999,0.,-92.5,-72.8999999999999,0.,-90.4,               363P    257
-74.9999999999999,0.,-90.4,-77.0999999999999,0.,-90.4,               363P    258
-77.0999999999999,0.,-92.5,-3.14159265358979,3.14159265358979,       363P    259
0.,0.,0.;                                                            363P    260
126,8,2,0,1,0,0,-3.14159265358979,-3.14159265358979,                 365P    261
-3.14159265358979,-1.5707963267949,-1.5707963267949,0.,0.,           365P    262
1.5707963267949,1.5707963267949,3.14159265358979,                    365P    263
3.14159265358979,3.14159265358979,1.,0.707106781186554,1.,           365P    264
0.707106781186554,1.,0.707106781186554,1.,0.707106781186554,1.,      365P    265
75.,8.,51.5,75.,8.,48.5,78.,8.,48.5,81.,8.,48.5,81.,8.,51.5,81.,     365P    266
8.,54.5,78.,8.,54.5,75.,8.,54.5,75.,8.,51.5,-3.14159265358979,       365P    267
3.14159265358979,0.,0.,0.;                                           365P    268
126,1,1,0,0,1,0,-2.66666666666668,-2.66666666666668,0.,0.,1.,1.,     367P    269
75.,8.,51.5,75.,0.,51.5,-2.66666666666668,0.,0.,0.,0.;               367P    270
126,8,2,0,1,0,0,-3.14159265358979,-3.14159265358979,                 369P    271
-3.14159265358979,-1.5707963267949,-1.5707963267949,0.,0.,           369P    272
1.5707963267949,1.5707963267949,3.14159265358979,                    369P    273
3.14159265358979,3.14159265358979,1.,0.707106781186554,1.,           369P    274
0.707106781186554,1.,0.707106781186554,1.,0.707106781186554,1.,      369P    275
75.,0.,51.5,75.,0.,48.5,78.,0.,48.5,81.,0.,48.5,81.,0.,51.5,81.,     369P    276
0.,54.5,78.,0.,54.5,75.,0.,54.5,75.,0.,51.5,-3.14159265358979,       369P    277
3.14159265358979,0.,0.,0.;                                           369P    278
126,8,2,0,1,0,0,-3.14159265358979,-3.14159265358979,                 371P    279
-3.14159265358979,-1.5707963267949,-1.5707963267949,0.,0.,           371P    280
1.5707963267949,1.5707963267949,3.14159265358979,                    371P    281
3.14159265358979,3.14159265358979,1.,0.707106781186554,1.,           371P    282
0.707106781186554,1.,0.707106781186554,1.,0.707106781186554,1.,      371P    283
75.,8.,83.5,75.,8.,80.5,78.,8.,80.5,81.,8.,80.5,81.,8.,83.5,81.,     371P    284
8.,86.5,78.,8.,86.5,75.,8.,86.5,75.,8.,83.5,-3.14159265358979,       371P    285
3.14159265358979,0.,0.,0.;                                           371P    286
126,1,1,0,0,1,0,-2.66666666666668,-2.66666666666668,0.,0.,1.,1.,     373P    287
75.,8.,83.5,75.,0.,83.5,-2.66666666666668,0.,0.,0.,0.;               373P    288
126,8,2,0,1,0,0,-3.14159265358979,-3.14159265358979,                 375P    289
-3.14159265358979,-1.5707963267949,-1.5707963267949,0.,0.,           375P    290
1.5707963267949,1.5707963267949,3.14159265358979,                    375P    291
3.14159265358979,3.14159265358979,1.,0.707106781186554,1.,           375P    292
0.707106781186554,1.,0.707106781186554,1.,0.707106781186554,1.,      375P    293
75.,0.,83.5,75.,0.,80.5,78.,0.,80.5,81.,0.,80.5,81.,0.,83.5,81.,     375P    294
0.,86.5,78.,0.,86.5,75.,0.,86.5,75.,0.,83.5,-3.14159265358979,       375P    295
3.14159265358979,0.,0.,0.;                                           375P    296
126,8,2,0,1,0,0,-3.14159265358979,-3.14159265358979,                 377P    297
-3.14159265358979,-1.5707963267949,-1.5707963267949,0.,0.,           377P    298
1.5707963267949,1.5707963267949,3.14159265358979,                    377P    299
3.14159265358979,3.14159265358979,1.,0.70710678118654,1.,            377P    300
0.707106781186536,1.,0.707106781186536,1.,0.70710678118654,1.,       377P    301
39.,8.,83.5,39.,8.,80.5,42.,8.,80.5,45.,8.,80.5,45.,8.,83.5,45.,     377P    302
8.,86.5,42.,8.,86.5,39.,8.,86.5,39.,8.,83.5,-3.14159265358979,       377P    303
3.14159265358979,0.,0.,0.;                                           377P    304
126,1,1,0,0,1,0,-2.66666666666667,-2.66666666666667,0.,0.,1.,1.,     379P    305
39.,8.,83.5,39.,0.,83.5,-2.66666666666667,0.,0.,0.,0.;               379P    306
126,8,2,0,1,0,0,-3.14159265358979,-3.14159265358979,                 381P    307
-3.14159265358979,-1.5707963267949,-1.5707963267949,0.,0.,           381P    308
1.5707963267949,1.5707963267949,3.14159265358979,                    381P    309
3.14159265358979,3.14159265358979,1.,0.70710678118654,1.,            381P    310
0.707106781186536,1.,0.707106781186536,1.,0.70710678118654,1.,       381P    311
39.,0.,83.5,39.,0.,80.5,42.,0.,80.5,45.,0.,80.5,45.,0.,83.5,45.,     381P    312
0.,86.5,42.,0.,86.5,39.,0.,86.5,39.,0.,83.5,-3.14159265358979,       381P    313
3.14159265358979,0.,0.,0.;                                           381P    314
126,8,2,0,1,0,0,-3.14159265358979,-3.14159265358979,                 383P    315
-3.14159265358979,-1.5707963267949,-1.5707963267949,0.,0.,           383P    316
1.5707963267949,1.5707963267949,3.14159265358979,                    383P    317
3.14159265358979,3.14159265358979,1.,0.707106781186542,1.,           383P    318
0.707106781186536,1.,0.707106781186536,1.,0.707106781186542,1.,      383P    319
-81.,8.,-83.5,-81.,8.,-86.5,-78.,8.,-86.5,-75.,8.,-86.5,-75.,8.,     383P    320
-83.5,-75.,8.,-80.5,-78.,8.,-80.5,-81.,8.,-80.5,-81.,8.,-83.5,       383P    321
-3.14159265358979,3.14159265358979,0.,0.,0.;                         383P    322
126,1,1,0,0,1,0,-2.66666666666667,-2.66666666666667,0.,0.,1.,1.,     385P    323
-81.,8.,-83.5,-81.,0.,-83.5,-2.66666666666667,0.,0.,0.,0.;           385P    324
126,8,2,0,1,0,0,-3.14159265358979,-3.14159265358979,                 387P    325
-3.14159265358979,-1.5707963267949,-1.5707963267949,0.,0.,           387P    326
1.5707963267949,1.5707963267949,3.14159265358979,                    387P    327
3.14159265358979,3.14159265358979,1.,0.707106781186542,1.,           387P    328
0.707106781186536,1.,0.707106781186536,1.,0.707106781186542,1.,      387P    329
-81.,0.,-83.5,-81.,0.,-86.5,-78.,0.,-86.5,-75.,0.,-86.5,-75.,0.,     387P    330
-83.5,-75.,0.,-80.5,-78.,0.,-80.5,-81.,0.,-80.5,-81.,0.,-83.5,       387P    331
-3.14159265358979,3.14159265358979,0.,0.,0.;                         387P    332
126,8,2,0,1,0,0,-3.14159265358979,-3.14159265358979,                 389P    333
-3.14159265358979,-1.5707963267949,-1.5707963267949,0.,0.,           389P    334
1.5707963267949,1.5707963267949,3.14159265358979,                    389P    335
3.14159265358979,3.14159265358979,1.,0.707106781186546,1.,           389P    336
0.707106781186542,1.,0.707106781186542,1.,0.707106781186546,1.,      389P    337
39.,8.,51.5,39.,8.,48.5,42.,8.,48.5,45.,8.,48.5,45.,8.,51.5,45.,     389P    338
8.,54.5,42.,8.,54.5,39.,8.,54.5,39.,8.,51.5,-3.14159265358979,       389P    339
3.14159265358979,0.,0.,0.;                                           389P    340
126,1,1,0,0,1,0,-2.66666666666667,-2.66666666666667,0.,0.,1.,1.,     391P    341
39.,8.,51.5,39.,0.,51.5,-2.66666666666667,0.,0.,0.,0.;               391P    342
126,8,2,0,1,0,0,-3.14159265358979,-3.14159265358979,                 393P    343
-3.14159265358979,-1.5707963267949,-1.5707963267949,0.,0.,           393P    344
1.5707963267949,1.5707963267949,3.14159265358979,                    393P    345
3.14159265358979,3.14159265358979,1.,0.707106781186546,1.,           393P    346
0.707106781186542,1.,0.707106781186542,1.,0.707106781186546,1.,      393P    347
39.,0.,51.5,39.,0.,48.5,42.,0.,48.5,45.,0.,48.5,45.,0.,51.5,45.,     393P    348
0.,54.5,42.,0.,54.5,39.,0.,54.5,39.,0.,51.5,-3.14159265358979,       393P    349
3.14159265358979,0.,0.,0.;                                           393P    350
126,8,2,0,1,0,0,-3.14159265358979,-3.14159265358979,                 395P    351
-3.14159265358979,-1.5707963267949,-1.5707963267949,0.,0.,           395P    352
1.5707963267949,1.5707963267949,3.14159265358979,                    395P    353
3.14159265358979,3.14159265358979,1.,0.707106781186542,1.,           395P    354
0.707106781186536,1.,0.707106781186536,1.,0.707106781186542,1.,      395P    355
-81.,8.,83.5,-81.,8.,80.5,-78.,8.,80.5,-75.,8.,80.5,-75.,8.,         395P    356
83.5,-75.,8.,86.5,-78.,8.,86.5,-81.,8.,86.5,-81.,8.,83.5,            395P    357
-3.14159265358979,3.14159265358979,0.,0.,0.;                         395P    358
126,1,1,0,0,1,0,-2.66666666666667,-2.66666666666667,0.,0.,1.,1.,     397P    359
-81.,8.,83.5,-81.,0.,83.5,-2.66666666666667,0.,0.,0.,0.;             397P    360
126,8,2,0,1,0,0,-3.14159265358979,-3.14159265358979,                 399P    361
-3.14159265358979,-1.5707963267949,-1.5707963267949,0.,0.,           399P    362
1.5707963267949,1.5707963267949,3.14159265358979,                    399P    363
3.14159265358979,3.14159265358979,1.,0.707106781186542,1.,           399P    364
0.707106781186536,1.,0.707106781186536,1.,0.707106781186542,1.,      399P    365
-81.,0.,83.5,-81.,0.,80.5,-78.,0.,80.5,-75.,0.,80.5,-75.,0.,         399P    366
83.5,-75.,0.,86.5,-78.,0.,86.5,-81.,0.,86.5,-81.,0.,83.5,            399P    367
-3.14159265358979,3.14159265358979,0.,0.,0.;                         399P    368
126,8,2,0,1,0,0,-3.14159265358979,-3.14159265358979,                 401P    369
-3.14159265358979,-1.5707963267949,-1.5707963267949,0.,0.,           401P    370
1.5707963267949,1.5707963267949,3.14159265358979,                    401P    371
3.14159265358979,3.14159265358979,1.,0.707106781186554,1.,           401P    372
0.707106781186554,1.,0.707106781186554,1.,0.707106781186554,1.,      401P    373
-77.0999999999999,8.,7.5,-77.0999999999999,8.,5.4,                   401P    374
-74.9999999999999,8.,5.4,-72.8999999999999,8.,5.4,                   401P    375
-72.8999999999999,8.,7.5,-72.8999999999999,8.,9.6,                   401P    376
-74.9999999999999,8.,9.6,-77.0999999999999,8.,9.6,                   401P    377
-77.0999999999999,8.,7.5,-3.14159265358979,3.14159265358979,0.,      401P    378
0.,0.;                                                               401P    379
126,1,1,0,0,1,0,-3.80952380952381,-3.80952380952381,0.,0.,1.,1.,     403P    380
-77.0999999999999,8.,7.5,-77.0999999999999,0.,7.5,                   403P    381
-3.80952380952381,0.,0.,0.,0.;                                       403P    382
126,8,2,0,1,0,0,-3.14159265358979,-3.14159265358979,                 405P    383
-3.14159265358979,-1.5707963267949,-1.5707963267949,0.,0.,           405P    384
1.5707963267949,1.5707963267949,3.14159265358979,                    405P    385
3.14159265358979,3.14159265358979,1.,0.707106781186554,1.,           405P    386
0.707106781186554,1.,0.707106781186554,1.,0.707106781186554,1.,      405P    387
-77.0999999999999,0.,7.5,-77.0999999999999,0.,5.4,                   405P    388
-74.9999999999999,0.,5.4,-72.8999999999999,0.,5.4,                   405P    389
-72.8999999999999,0.,7.5,-72.8999999999999,0.,9.6,                   405P    390
-74.9999999999999,0.,9.6,-77.0999999999999,0.,9.6,                   405P    391
-77.0999999999999,0.,7.5,-3.14159265358979,3.14159265358979,0.,      405P    392
0.,0.;                                                               405P    393
126,8,2,0,1,0,0,-3.14159265358979,-3.14159265358979,                 407P    394
-3.14159265358979,-1.5707963267949,-1.5707963267949,0.,0.,           407P    395
1.5707963267949,1.5707963267949,3.14159265358979,                    407P    396
3.14159265358979,3.14159265358979,1.,0.707106781186554,1.,           407P    397
0.707106781186554,1.,0.707106781186554,1.,0.707106781186554,1.,      407P    398
75.,8.,-51.5,75.,8.,-54.5,78.,8.,-54.5,81.,8.,-54.5,81.,8.,          407P    399
-51.5,81.,8.,-48.5,78.,8.,-48.5,75.,8.,-48.5,75.,8.,-51.5,           407P    400
-3.14159265358979,3.14159265358979,0.,0.,0.;                         407P    401
126,1,1,0,0,1,0,-2.66666666666668,-2.66666666666668,0.,0.,1.,1.,     409P    402
75.,8.,-51.5,75.,0.,-51.5,-2.66666666666668,0.,0.,0.,0.;             409P    403
126,8,2,0,1,0,0,-3.14159265358979,-3.14159265358979,                 411P    404
-3.14159265358979,-1.5707963267949,-1.5707963267949,0.,0.,           411P    405
1.5707963267949,1.5707963267949,3.14159265358979,                    411P    406
3.14159265358979,3.14159265358979,1.,0.707106781186554,1.,           411P    407
0.707106781186554,1.,0.707106781186554,1.,0.707106781186554,1.,      411P    408
75.,0.,-51.5,75.,0.,-54.5,78.,0.,-54.5,81.,0.,-54.5,81.,0.,          411P    409
-51.5,81.,0.,-48.5,78.,0.,-48.5,75.,0.,-48.5,75.,0.,-51.5,           411P    410
-3.14159265358979,3.14159265358979,0.,0.,0.;                         411P    411
126,8,2,0,1,0,0,-3.14159265358979,-3.14159265358979,                 413P    412
-3.14159265358979,-1.5707963267949,-1.5707963267949,0.,0.,           413P    413
1.5707963267949,1.5707963267949,3.14159265358979,                    413P    414
3.14159265358979,3.14159265358979,1.,0.707106781186538,1.,           413P    415
0.707106781186538,1.,0.707106781186538,1.,0.707106781186538,1.,      413P    416
39.6473592578559,8.,174.5,39.6473592578559,8.,171.5,                 413P    417
42.6473592578559,8.,171.5,45.6473592578559,8.,171.5,                 413P    418
45.6473592578559,8.,174.5,45.6473592578559,8.,177.5,                 413P    419
42.6473592578559,8.,177.5,39.6473592578559,8.,177.5,                 413P    420
39.6473592578559,8.,174.5,-3.14159265358979,3.14159265358979,0.,     413P    421
0.,0.;                                                               413P    422
126,1,1,0,0,1,0,-2.66666666666666,-2.66666666666666,0.,0.,1.,1.,     415P    423
39.6473592578559,8.,174.5,39.6473592578559,0.,174.5,                 415P    424
-2.66666666666666,0.,0.,0.,0.;                                       415P    425
126,8,2,0,1,0,0,-3.14159265358979,-3.14159265358979,                 417P    426
-3.14159265358979,-1.5707963267949,-1.5707963267949,0.,0.,           417P    427
1.5707963267949,1.5707963267949,3.14159265358979,                    417P    428
3.14159265358979,3.14159265358979,1.,0.707106781186538,1.,           417P    429
0.707106781186538,1.,0.707106781186538,1.,0.707106781186538,1.,      417P    430
39.6473592578559,0.,174.5,39.6473592578559,0.,171.5,                 417P    431
42.6473592578559,0.,171.5,45.6473592578559,0.,171.5,                 417P    432
45.6473592578559,0.,174.5,45.6473592578559,0.,177.5,                 417P    433
42.6473592578559,0.,177.5,39.6473592578559,0.,177.5,                 417P    434
39.6473592578559,0.,174.5,-3.14159265358979,3.14159265358979,0.,     417P    435
0.,0.;                                                               417P    436
126,8,2,0,1,0,0,-3.14159265358979,-3.14159265358979,                 419P    437
-3.14159265358979,-1.5707963267949,-1.5707963267949,0.,0.,           419P    438
1.5707963267949,1.5707963267949,3.14159265358979,                    419P    439
3.14159265358979,3.14159265358979,1.,0.707106781186543,1.,           419P    440
0.707106781186543,1.,0.707106781186543,1.,0.707106781186543,1.,      419P    441
17.5,8.,46.5,17.5,8.,44.,20.,8.,44.,22.5,8.,44.,22.5,8.,46.5,        419P    442
22.5,8.,49.,20.,8.,49.,17.5,8.,49.,17.5,8.,46.5,                     419P    443
-3.14159265358979,3.14159265358979,0.,0.,0.;                         419P    444
126,1,1,0,0,1,0,-3.20000000000001,-3.20000000000001,0.,0.,1.,1.,     421P    445
17.5,8.,46.5,17.5,0.,46.5,-3.20000000000001,0.,0.,0.,0.;             421P    446
126,8,2,0,1,0,0,-3.14159265358979,-3.14159265358979,                 423P    447
-3.14159265358979,-1.5707963267949,-1.5707963267949,0.,0.,           423P    448
1.5707963267949,1.5707963267949,3.14159265358979,                    423P    449
3.14159265358979,3.14159265358979,1.,0.707106781186543,1.,           423P    450
0.707106781186543,1.,0.707106781186543,1.,0.707106781186543,1.,      423P    451
17.5,0.,46.5,17.5,0.,44.,20.,0.,44.,22.5,0.,44.,22.5,0.,46.5,        423P    452
22.5,0.,49.,20.,0.,49.,17.5,0.,49.,17.5,0.,46.5,                     423P    453
-3.14159265358979,3.14159265358979,0.,0.,0.;                         423P    454
126,8,2,0,1,0,0,-3.14159265358979,-3.14159265358979,                 425P    455
-3.14159265358979,-1.5707963267949,-1.5707963267949,0.,0.,           425P    456
1.5707963267949,1.5707963267949,3.14159265358979,                    425P    457
3.14159265358979,3.14159265358979,1.,0.707106781186551,1.,           425P    458
0.707106781186551,1.,0.707106781186551,1.,0.707106781186551,1.,      425P    459
-77.0999999999999,8.,107.5,-77.0999999999999,8.,105.4,               425P    460
-74.9999999999999,8.,105.4,-72.8999999999999,8.,105.4,               425P    461
-72.8999999999999,8.,107.5,-72.8999999999999,8.,109.6,               425P    462
-74.9999999999999,8.,109.6,-77.0999999999999,8.,109.6,               425P    463
-77.0999999999999,8.,107.5,-3.14159265358979,3.14159265358979,       425P    464
0.,0.,0.;                                                            425P    465
126,1,1,0,0,1,0,-3.80952380952381,-3.80952380952381,0.,0.,1.,1.,     427P    466
-77.0999999999999,8.,107.5,-77.0999999999999,0.,107.5,               427P    467
-3.80952380952381,0.,0.,0.,0.;                                       427P    468
126,8,2,0,1,0,0,-3.14159265358979,-3.14159265358979,                 429P    469
-3.14159265358979,-1.5707963267949,-1.5707963267949,0.,0.,           429P    470
1.5707963267949,1.5707963267949,3.14159265358979,                    429P    471
3.14159265358979,3.14159265358979,1.,0.707106781186551,1.,           429P    472
0.707106781186551,1.,0.707106781186551,1.,0.707106781186551,1.,      429P    473
-77.0999999999999,0.,107.5,-77.0999999999999,0.,105.4,               429P    474
-74.9999999999999,0.,105.4,-72.8999999999999,0.,105.4,               429P    475
-72.8999999999999,0.,107.5,-72.8999999999999,0.,109.6,               429P    476
-74.9999999999999,0.,109.6,-77.0999999999999,0.,109.6,               429P    477
-77.0999999999999,0.,107.5,-3.14159265358979,3.14159265358979,       429P    478
0.,0.,0.;                                                            429P    479
126,8,2,0,1,0,0,-3.14159265358979,-3.14159265358979,                 431P    480
-3.14159265358979,-1.5707963267949,-1.5707963267949,0.,0.,           431P    481
1.5707963267949,1.5707963267949,3.14159265358979,                    431P    482
3.14159265358979,3.14159265358979,1.,0.707106781186552,1.,           431P    483
0.707106781186552,1.,0.707106781186552,1.,0.707106781186552,1.,      431P    484
56.6000000000001,8.,121.639997772373,56.6000000000001,8.,            431P    485
118.239997772373,60.0000000000001,8.,118.239997772373,               431P    486
63.4000000000001,8.,118.239997772373,63.4000000000001,8.,            431P    487
121.639997772373,63.4000000000001,8.,125.039997772373,               431P    488
60.0000000000001,8.,125.039997772373,56.6000000000001,8.,            431P    489
125.039997772373,56.6000000000001,8.,121.639997772373,               431P    490
-3.14159265358979,3.14159265358979,0.,0.,0.;                         431P    491
126,1,1,0,0,1,0,-2.35294117647059,-2.35294117647059,0.,0.,1.,1.,     433P    492
56.6000000000001,8.,121.639997772373,56.6000000000001,0.,            433P    493
121.639997772373,-2.35294117647059,0.,0.,0.,0.;                      433P    494
126,8,2,0,1,0,0,-3.14159265358979,-3.14159265358979,                 435P    495
-3.14159265358979,-1.5707963267949,-1.5707963267949,0.,0.,           435P    496
1.5707963267949,1.5707963267949,3.14159265358979,                    435P    497
3.14159265358979,3.14159265358979,1.,0.707106781186552,1.,           435P    498
0.707106781186552,1.,0.707106781186552,1.,0.707106781186552,1.,      435P    499
56.6000000000001,0.,121.639997772373,56.6000000000001,0.,            435P    500
118.239997772373,60.0000000000001,0.,118.239997772373,               435P    501
63.4000000000001,0.,118.239997772373,63.4000000000001,0.,            435P    502
121.639997772373,63.4000000000001,0.,125.039997772373,               435P    503
60.0000000000001,0.,125.039997772373,56.6000000000001,0.,            435P    504
125.039997772373,56.6000000000001,0.,121.639997772373,               435P    505
-3.14159265358979,3.14159265358979,0.,0.,0.;                         435P    506
126,8,2,0,1,0,0,-3.14159265358979,-3.14159265358979,                 437P    507
-3.14159265358979,-1.5707963267949,-1.5707963267949,0.,0.,           437P    508
1.5707963267949,1.5707963267949,3.14159265358979,                    437P    509
3.14159265358979,3.14159265358979,1.,0.707106781186543,1.,           437P    510
0.707106781186543,1.,0.707106781186543,1.,0.707106781186543,1.,      437P    511
-22.5,8.,-48.5,-22.5,8.,-51.,-20.,8.,-51.,-17.5,8.,-51.,-17.5,       437P    512
8.,-48.5,-17.5,8.,-46.,-20.,8.,-46.,-22.5,8.,-46.,-22.5,8.,          437P    513
-48.5,-3.14159265358979,3.14159265358979,0.,0.,0.;                   437P    514
126,1,1,0,0,1,0,-3.20000000000001,-3.20000000000001,0.,0.,1.,1.,     439P    515
-22.5,8.,-48.5,-22.5,0.,-48.5,-3.20000000000001,0.,0.,0.,0.;         439P    516
126,8,2,0,1,0,0,-3.14159265358979,-3.14159265358979,                 441P    517
-3.14159265358979,-1.5707963267949,-1.5707963267949,0.,0.,           441P    518
1.5707963267949,1.5707963267949,3.14159265358979,                    441P    519
3.14159265358979,3.14159265358979,1.,0.707106781186543,1.,           441P    520
0.707106781186543,1.,0.707106781186543,1.,0.707106781186543,1.,      441P    521
-22.5,0.,-48.5,-22.5,0.,-51.,-20.,0.,-51.,-17.5,0.,-51.,-17.5,       441P    522
0.,-48.5,-17.5,0.,-46.,-20.,0.,-46.,-22.5,0.,-46.,-22.5,0.,          441P    523
-48.5,-3.14159265358979,3.14159265358979,0.,0.,0.;                   441P    524
126,8,2,0,1,0,0,-3.14159265358979,-3.14159265358979,                 443P    525
-3.14159265358979,-1.5707963267949,-1.5707963267949,0.,0.,           443P    526
1.5707963267949,1.5707963267949,3.14159265358979,                    443P    527
3.14159265358979,3.14159265358979,1.,0.707106781186538,1.,           443P    528
0.707106781186538,1.,0.707106781186538,1.,0.707106781186538,1.,      443P    529
-45.3526407421441,8.,174.5,-45.3526407421441,8.,171.5,               443P    530
-42.3526407421441,8.,171.5,-39.3526407421441,8.,171.5,               443P    531
-39.3526407421441,8.,174.5,-39.3526407421441,8.,177.5,               443P    532
-42.3526407421441,8.,177.5,-45.3526407421441,8.,177.5,               443P    533
-45.3526407421441,8.,174.5,-3.14159265358979,3.14159265358979,       443P    534
0.,0.,0.;                                                            443P    535
126,1,1,0,0,1,0,-2.66666666666666,-2.66666666666666,0.,0.,1.,1.,     445P    536
-45.3526407421441,8.,174.5,-45.3526407421441,0.,174.5,               445P    537
-2.66666666666666,0.,0.,0.,0.;                                       445P    538
126,8,2,0,1,0,0,-3.14159265358979,-3.14159265358979,                 447P    539
-3.14159265358979,-1.5707963267949,-1.5707963267949,0.,0.,           447P    540
1.5707963267949,1.5707963267949,3.14159265358979,                    447P    541
3.14159265358979,3.14159265358979,1.,0.707106781186538,1.,           447P    542
0.707106781186538,1.,0.707106781186538,1.,0.707106781186538,1.,      447P    543
-45.3526407421441,0.,174.5,-45.3526407421441,0.,171.5,               447P    544
-42.3526407421441,0.,171.5,-39.3526407421441,0.,171.5,               447P    545
-39.3526407421441,0.,174.5,-39.3526407421441,0.,177.5,               447P    546
-42.3526407421441,0.,177.5,-45.3526407421441,0.,177.5,               447P    547
-45.3526407421441,0.,174.5,-3.14159265358979,3.14159265358979,       447P    548
0.,0.,0.;                                                            447P    549
126,8,2,0,1,0,0,-3.14159265358979,-3.14159265358979,                 449P    550
-3.14159265358979,-1.5707963267949,-1.5707963267949,0.,0.,           449P    551
1.5707963267949,1.5707963267949,3.14159265358979,                    449P    552
3.14159265358979,3.14159265358979,1.,0.707106781186545,1.,           449P    553
0.707106781186545,1.,0.707106781186545,1.,0.707106781186545,1.,      449P    554
72.9000000000001,8.,7.5,72.9000000000001,8.,5.39999999999999,        449P    555
75.0000000000001,8.,5.39999999999999,77.1000000000001,8.,            449P    556
5.39999999999999,77.1000000000001,8.,7.5,77.1000000000001,8.,        449P    557
9.60000000000001,75.0000000000001,8.,9.60000000000001,               449P    558
72.9000000000001,8.,9.60000000000001,72.9000000000001,8.,7.5,        449P    559
-3.14159265358979,3.14159265358979,0.,0.,0.;                         449P    560
126,1,1,0,0,1,0,-3.80952380952379,-3.80952380952379,0.,0.,1.,1.,     451P    561
72.9000000000001,8.,7.5,72.9000000000001,0.,7.5,                     451P    562
-3.80952380952379,0.,0.,0.,0.;                                       451P    563
126,8,2,0,1,0,0,-3.14159265358979,-3.14159265358979,                 453P    564
-3.14159265358979,-1.5707963267949,-1.5707963267949,0.,0.,           453P    565
1.5707963267949,1.5707963267949,3.14159265358979,                    453P    566
3.14159265358979,3.14159265358979,1.,0.707106781186545,1.,           453P    567
0.707106781186545,1.,0.707106781186545,1.,0.707106781186545,1.,      453P    568
72.9000000000001,0.,7.5,72.9000000000001,0.,5.39999999999999,        453P    569
75.0000000000001,0.,5.39999999999999,77.1000000000001,0.,            453P    570
5.39999999999999,77.1000000000001,0.,7.5,77.1000000000001,0.,        453P    571
9.60000000000001,75.0000000000001,0.,9.60000000000001,               453P    572
72.9000000000001,0.,9.60000000000001,72.9000000000001,0.,7.5,        453P    573
-3.14159265358979,3.14159265358979,0.,0.,0.;                         453P    574
126,8,2,0,1,0,0,-3.14159265358979,-3.14159265358979,                 455P    575
-3.14159265358979,-1.5707963267949,-1.5707963267949,0.,0.,           455P    576
1.5707963267949,1.5707963267949,3.14159265358979,                    455P    577
3.14159265358979,3.14159265358979,1.,0.707106781186543,1.,           455P    578
0.707106781186543,1.,0.707106781186543,1.,0.707106781186543,1.,      455P    579
-22.5,8.,-88.5,-22.5,8.,-91.,-20.,8.,-91.,-17.5,8.,-91.,-17.5,       455P    580
8.,-88.5,-17.5,8.,-86.,-20.,8.,-86.,-22.5,8.,-86.,-22.5,8.,          455P    581
-88.5,-3.14159265358979,3.14159265358979,0.,0.,0.;                   455P    582
126,1,1,0,0,1,0,-3.20000000000001,-3.20000000000001,0.,0.,1.,1.,     457P    583
-22.5,8.,-88.5,-22.5,0.,-88.5,-3.20000000000001,0.,0.,0.,0.;         457P    584
126,8,2,0,1,0,0,-3.14159265358979,-3.14159265358979,                 459P    585
-3.14159265358979,-1.5707963267949,-1.5707963267949,0.,0.,           459P    586
1.5707963267949,1.5707963267949,3.14159265358979,                    459P    587
3.14159265358979,3.14159265358979,1.,0.707106781186543,1.,           459P    588
0.707106781186543,1.,0.707106781186543,1.,0.707106781186543,1.,      459P    589
-22.5,0.,-88.5,-22.5,0.,-91.,-20.,0.,-91.,-17.5,0.,-91.,-17.5,       459P    590
0.,-88.5,-17.5,0.,-86.,-20.,0.,-86.,-22.5,0.,-86.,-22.5,0.,          459P    591
-88.5,-3.14159265358979,3.14159265358979,0.,0.,0.;                   459P    592
126,8,2,0,1,0,0,-3.14159265358979,-3.14159265358979,                 461P    593
-3.14159265358979,-1.5707963267949,-1.5707963267949,0.,0.,           461P    594
1.5707963267949,1.5707963267949,3.14159265358979,                    461P    595
3.14159265358979,3.14159265358979,1.,0.707106781186536,1.,           461P    596
0.70710678118654,1.,0.70710678118654,1.,0.707106781186536,1.,        461P    597
-45.,8.,-83.5,-45.,8.,-86.5,-42.,8.,-86.5,-39.,8.,-86.5,-39.,8.,     461P    598
-83.5,-39.,8.,-80.5,-42.,8.,-80.5,-45.,8.,-80.5,-45.,8.,-83.5,       461P    599
-3.14159265358979,3.14159265358979,0.,0.,0.;                         461P    600
126,1,1,0,0,1,0,-2.66666666666667,-2.66666666666667,0.,0.,1.,1.,     463P    601
-45.,8.,-83.5,-45.,0.,-83.5,-2.66666666666667,0.,0.,0.,0.;           463P    602
126,8,2,0,1,0,0,-3.14159265358979,-3.14159265358979,                 465P    603
-3.14159265358979,-1.5707963267949,-1.5707963267949,0.,0.,           465P    604
1.5707963267949,1.5707963267949,3.14159265358979,                    465P    605
3.14159265358979,3.14159265358979,1.,0.707106781186536,1.,           465P    606
0.70710678118654,1.,0.70710678118654,1.,0.707106781186536,1.,        465P    607
-45.,0.,-83.5,-45.,0.,-86.5,-42.,0.,-86.5,-39.,0.,-86.5,-39.,0.,     465P    608
-83.5,-39.,0.,-80.5,-42.,0.,-80.5,-45.,0.,-80.5,-45.,0.,-83.5,       465P    609
-3.14159265358979,3.14159265358979,0.,0.,0.;                         465P    610
126,8,2,0,1,0,0,-3.14159265358979,-3.14159265358979,                 467P    611
-3.14159265358979,-1.5707963267949,-1.5707963267949,0.,0.,           467P    612
1.5707963267949,1.5707963267949,3.14159265358979,                    467P    613
3.14159265358979,3.14159265358979,1.,0.707106781186542,1.,           467P    614
0.707106781186542,1.,0.707106781186542,1.,0.707106781186542,1.,      467P    615
72.9000000000001,8.,107.5,72.9000000000001,8.,105.4,                 467P    616
75.0000000000001,8.,105.4,77.1000000000001,8.,105.4,                 467P    617
77.1000000000001,8.,107.5,77.1000000000001,8.,109.6,                 467P    618
75.0000000000001,8.,109.6,72.9000000000001,8.,109.6,                 467P    619
72.9000000000001,8.,107.5,-3.14159265358979,3.14159265358979,0.,     467P    620
0.,0.;                                                               467P    621
126,1,1,0,0,1,0,-3.80952380952379,-3.80952380952379,0.,0.,1.,1.,     469P    622
72.9000000000001,8.,107.5,72.9000000000001,0.,107.5,                 469P    623
-3.80952380952379,0.,0.,0.,0.;                                       469P    624
126,8,2,0,1,0,0,-3.14159265358979,-3.14159265358979,                 471P    625
-3.14159265358979,-1.5707963267949,-1.5707963267949,0.,0.,           471P    626
1.5707963267949,1.5707963267949,3.14159265358979,                    471P    627
3.14159265358979,3.14159265358979,1.,0.707106781186542,1.,           471P    628
0.707106781186542,1.,0.707106781186542,1.,0.707106781186542,1.,      471P    629
72.9000000000001,0.,107.5,72.9000000000001,0.,105.4,                 471P    630
75.0000000000001,0.,105.4,77.1000000000001,0.,105.4,                 471P    631
77.1000000000001,0.,107.5,77.1000000000001,0.,109.6,                 471P    632
75.0000000000001,0.,109.6,72.9000000000001,0.,109.6,                 471P    633
72.9000000000001,0.,107.5,-3.14159265358979,3.14159265358979,0.,     471P    634
0.,0.;                                                               471P    635
126,8,2,0,1,0,0,-3.14159265358979,-3.14159265358979,                 473P    636
-3.14159265358979,-1.5707963267949,-1.5707963267949,0.,0.,           473P    637
1.5707963267949,1.5707963267949,3.14159265358979,                    473P    638
3.14159265358979,3.14159265358979,1.,0.707106781186548,1.,           473P    639
0.707106781186542,1.,0.707106781186542,1.,0.707106781186548,1.,      473P    640
-81.,8.,-51.5,-81.,8.,-54.5,-78.,8.,-54.5,-75.,8.,-54.5,-75.,8.,     473P    641
-51.5,-75.,8.,-48.5,-78.,8.,-48.5,-81.,8.,-48.5,-81.,8.,-51.5,       473P    642
-3.14159265358979,3.14159265358979,0.,0.,0.;                         473P    643
126,1,1,0,0,1,0,-2.66666666666667,-2.66666666666667,0.,0.,1.,1.,     475P    644
-81.,8.,-51.5,-81.,0.,-51.5,-2.66666666666667,0.,0.,0.,0.;           475P    645
126,8,2,0,1,0,0,-3.14159265358979,-3.14159265358979,                 477P    646
-3.14159265358979,-1.5707963267949,-1.5707963267949,0.,0.,           477P    647
1.5707963267949,1.5707963267949,3.14159265358979,                    477P    648
3.14159265358979,3.14159265358979,1.,0.707106781186548,1.,           477P    649
0.707106781186542,1.,0.707106781186542,1.,0.707106781186548,1.,      477P    650
-81.,0.,-51.5,-81.,0.,-54.5,-78.,0.,-54.5,-75.,0.,-54.5,-75.,0.,     477P    651
-51.5,-75.,0.,-48.5,-78.,0.,-48.5,-81.,0.,-48.5,-81.,0.,-51.5,       477P    652
-3.14159265358979,3.14159265358979,0.,0.,0.;                         477P    653
126,8,2,0,1,0,0,-3.14159265358979,-3.14159265358979,                 479P    654
-3.14159265358979,-1.5707963267949,-1.5707963267949,0.,0.,           479P    655
1.5707963267949,1.5707963267949,3.14159265358979,                    479P    656
3.14159265358979,3.14159265358979,1.,0.707106781186542,1.,           479P    657
0.707106781186542,1.,0.707106781186542,1.,0.707106781186542,1.,      479P    658
72.9000000000001,8.,-92.5,72.9000000000001,8.,-94.6,                 479P    659
75.0000000000001,8.,-94.6,77.1000000000001,8.,-94.6,                 479P    660
77.1000000000001,8.,-92.5,77.1000000000001,8.,-90.4,                 479P    661
75.0000000000001,8.,-90.4,72.9000000000001,8.,-90.4,                 479P    662
72.9000000000001,8.,-92.5,-3.14159265358979,3.14159265358979,0.,     479P    663
0.,0.;                                                               479P    664
126,1,1,0,0,1,0,-3.80952380952379,-3.80952380952379,0.,0.,1.,1.,     481P    665
72.9000000000001,8.,-92.5,72.9000000000001,0.,-92.5,                 481P    666
-3.80952380952379,0.,0.,0.,0.;                                       481P    667
126,8,2,0,1,0,0,-3.14159265358979,-3.14159265358979,                 483P    668
-3.14159265358979,-1.5707963267949,-1.5707963267949,0.,0.,           483P    669
1.5707963267949,1.5707963267949,3.14159265358979,                    483P    670
3.14159265358979,3.14159265358979,1.,0.707106781186542,1.,           483P    671
0.707106781186542,1.,0.707106781186542,1.,0.707106781186542,1.,      483P    672
72.9000000000001,0.,-92.5,72.9000000000001,0.,-94.6,                 483P    673
75.0000000000001,0.,-94.6,77.1000000000001,0.,-94.6,                 483P    674
77.1000000000001,0.,-92.5,77.1000000000001,0.,-90.4,                 483P    675
75.0000000000001,0.,-90.4,72.9000000000001,0.,-90.4,                 483P    676
72.9000000000001,0.,-92.5,-3.14159265358979,3.14159265358979,0.,     483P    677
0.,0.;                                                               483P    678
126,8,2,0,1,0,0,-3.14159265358979,-3.14159265358979,                 485P    679
-3.14159265358979,-1.5707963267949,-1.5707963267949,0.,0.,           485P    680
1.5707963267949,1.5707963267949,3.14159265358979,                    485P    681
3.14159265358979,3.14159265358979,1.,0.707106781186552,1.,           485P    682
0.707106781186552,1.,0.707106781186552,1.,0.707106781186552,1.,      485P    683
-63.3999999999999,8.,121.639997772373,-63.3999999999999,8.,          485P    684
118.239997772373,-59.9999999999999,8.,118.239997772373,              485P    685
-56.5999999999999,8.,118.239997772373,-56.5999999999999,8.,          485P    686
121.639997772373,-56.5999999999999,8.,125.039997772373,              485P    687
-59.9999999999999,8.,125.039997772373,-63.3999999999999,8.,          485P    688
125.039997772373,-63.3999999999999,8.,121.639997772373,              485P    689
-3.14159265358979,3.14159265358979,0.,0.,0.;                         485P    690
126,1,1,0,0,1,0,-2.35294117647059,-2.35294117647059,0.,0.,1.,1.,     487P    691
-63.3999999999999,8.,121.639997772373,-63.3999999999999,0.,          487P    692
121.639997772373,-2.35294117647059,0.,0.,0.,0.;                      487P    693
126,8,2,0,1,0,0,-3.14159265358979,-3.14159265358979,                 489P    694
-3.14159265358979,-1.5707963267949,-1.5707963267949,0.,0.,           489P    695
1.5707963267949,1.5707963267949,3.14159265358979,                    489P    696
3.14159265358979,3.14159265358979,1.,0.707106781186552,1.,           489P    697
0.707106781186552,1.,0.707106781186552,1.,0.707106781186552,1.,      489P    698
-63.3999999999999,0.,121.639997772373,-63.3999999999999,0.,          489P    699
118.239997772373,-59.9999999999999,0.,118.239997772373,              489P    700
-56.5999999999999,0.,118.239997772373,-56.5999999999999,0.,          489P    701
121.639997772373,-56.5999999999999,0.,125.039997772373,              489P    702
-59.9999999999999,0.,125.039997772373,-63.3999999999999,0.,          489P    703
125.039997772373,-63.3999999999999,0.,121.639997772373,              489P    704
-3.14159265358979,3.14159265358979,0.,0.,0.;                         489P    705
126,8,2,0,1,0,0,-3.14159265358979,-3.14159265358979,                 491P    706
-3.14159265358979,-1.5707963267949,-1.5707963267949,0.,0.,           491P    707
1.5707963267949,1.5707963267949,3.14159265358979,                    491P    708
3.14159265358979,3.14159265358979,1.,0.707106781186545,1.,           491P    709
0.707106781186545,1.,0.707106781186545,1.,0.707106781186545,1.,      491P    710
17.5,8.,86.5,17.5,8.,84.,20.,8.,84.,22.5,8.,84.,22.5,8.,86.5,        491P    711
22.5,8.,89.,20.,8.,89.,17.5,8.,89.,17.5,8.,86.5,                     491P    712
-3.14159265358979,3.14159265358979,0.,0.,0.;                         491P    713
126,1,1,0,0,1,0,-3.2,-3.2,0.,0.,1.,1.,17.5,8.,86.5,17.5,0.,86.5,     493P    714
-3.2,0.,0.,0.,0.;                                                    493P    715
126,8,2,0,1,0,0,-3.14159265358979,-3.14159265358979,                 495P    716
-3.14159265358979,-1.5707963267949,-1.5707963267949,0.,0.,           495P    717
1.5707963267949,1.5707963267949,3.14159265358979,                    495P    718
3.14159265358979,3.14159265358979,1.,0.707106781186545,1.,           495P    719
0.707106781186545,1.,0.707106781186545,1.,0.707106781186545,1.,      495P    720
17.5,0.,86.5,17.5,0.,84.,20.,0.,84.,22.5,0.,84.,22.5,0.,86.5,        495P    721
22.5,0.,89.,20.,0.,89.,17.5,0.,89.,17.5,0.,86.5,                     495P    722
-3.14159265358979,3.14159265358979,0.,0.,0.;                         495P    723
126,8,2,0,1,0,0,-3.14159265358979,-3.14159265358979,                 497P    724
-3.14159265358979,-1.5707963267949,-1.5707963267949,0.,0.,           497P    725
1.5707963267949,1.5707963267949,3.14159265358979,                    497P    726
3.14159265358979,3.14159265358979,1.,0.70710678118654,1.,            497P    727
0.707106781186536,1.,0.707106781186536,1.,0.70710678118654,1.,       497P    728
39.,8.,-83.5,39.,8.,-86.5,42.,8.,-86.5,45.,8.,-86.5,45.,8.,          497P    729
-83.5,45.,8.,-80.5,42.,8.,-80.5,39.,8.,-80.5,39.,8.,-83.5,           497P    730
-3.14159265358979,3.14159265358979,0.,0.,0.;                         497P    731
126,1,1,0,0,1,0,-2.66666666666667,-2.66666666666667,0.,0.,1.,1.,     499P    732
39.,8.,-83.5,39.,0.,-83.5,-2.66666666666667,0.,0.,0.,0.;             499P    733
126,8,2,0,1,0,0,-3.14159265358979,-3.14159265358979,                 501P    734
-3.14159265358979,-1.5707963267949,-1.5707963267949,0.,0.,           501P    735
1.5707963267949,1.5707963267949,3.14159265358979,                    501P    736
3.14159265358979,3.14159265358979,1.,0.70710678118654,1.,            501P    737
0.707106781186536,1.,0.707106781186536,1.,0.70710678118654,1.,       501P    738
39.,0.,-83.5,39.,0.,-86.5,42.,0.,-86.5,45.,0.,-86.5,45.,0.,          501P    739
-83.5,45.,0.,-80.5,42.,0.,-80.5,39.,0.,-80.5,39.,0.,-83.5,           501P    740
-3.14159265358979,3.14159265358979,0.,0.,0.;                         501P    741
126,8,2,0,1,0,0,-3.14159265358979,-3.14159265358979,                 503P    742
-3.14159265358979,-1.5707963267949,-1.5707963267949,0.,0.,           503P    743
1.5707963267949,1.5707963267949,3.14159265358979,                    503P    744
3.14159265358979,3.14159265358979,1.,0.707106781186553,1.,           503P    745
0.707106781186554,1.,0.707106781186554,1.,0.707106781186553,1.,      503P    746
-3.39999999999992,8.,121.639997772373,-3.39999999999992,8.,          503P    747
118.239997772373,8.90260319258676D-14,8.,118.239997772373,           503P    748
3.40000000000009,8.,118.239997772373,3.40000000000009,8.,            503P    749
121.639997772373,3.40000000000009,8.,125.039997772373,               503P    750
8.90260319258676D-14,8.,125.039997772373,-3.39999999999992,8.,       503P    751
125.039997772373,-3.39999999999992,8.,121.639997772373,              503P    752
-3.14159265358979,3.14159265358979,0.,0.,0.;                         503P    753
126,1,1,0,0,1,0,-2.35294117647058,-2.35294117647058,0.,0.,1.,1.,     505P    754
-3.39999999999992,8.,121.639997772373,-3.39999999999992,0.,          505P    755
121.639997772373,-2.35294117647058,0.,0.,0.,0.;                      505P    756
126,8,2,0,1,0,0,-3.14159265358979,-3.14159265358979,                 507P    757
-3.14159265358979,-1.5707963267949,-1.5707963267949,0.,0.,           507P    758
1.5707963267949,1.5707963267949,3.14159265358979,                    507P    759
3.14159265358979,3.14159265358979,1.,0.707106781186553,1.,           507P    760
0.707106781186554,1.,0.707106781186554,1.,0.707106781186553,1.,      507P    761
-3.39999999999992,0.,121.639997772373,-3.39999999999992,0.,          507P    762
118.239997772373,8.90260319258676D-14,0.,118.239997772373,           507P    763
3.40000000000009,0.,118.239997772373,3.40000000000009,0.,            507P    764
121.639997772373,3.40000000000009,0.,125.039997772373,               507P    765
8.90260319258676D-14,0.,125.039997772373,-3.39999999999992,0.,       507P    766
125.039997772373,-3.39999999999992,0.,121.639997772373,              507P    767
-3.14159265358979,3.14159265358979,0.,0.,0.;                         507P    768
126,8,2,0,1,0,0,-3.14159265358979,-3.14159265358979,                 509P    769
-3.14159265358979,-1.5707963267949,-1.5707963267949,0.,0.,           509P    770
1.5707963267949,1.5707963267949,3.14159265358979,                    509P    771
3.14159265358979,3.14159265358979,1.,0.707106781186543,1.,           509P    772
0.707106781186543,1.,0.707106781186543,1.,0.707106781186543,1.,      509P    773
17.5,8.,-88.5,17.5,8.,-91.,20.,8.,-91.,22.5,8.,-91.,22.5,8.,         509P    774
-88.5,22.5,8.,-86.,20.,8.,-86.,17.5,8.,-86.,17.5,8.,-88.5,           509P    775
-3.14159265358979,3.14159265358979,0.,0.,0.;                         509P    776
126,1,1,0,0,1,0,-3.20000000000001,-3.20000000000001,0.,0.,1.,1.,     511P    777
17.5,8.,-88.5,17.5,0.,-88.5,-3.20000000000001,0.,0.,0.,0.;           511P    778
126,8,2,0,1,0,0,-3.14159265358979,-3.14159265358979,                 513P    779
-3.14159265358979,-1.5707963267949,-1.5707963267949,0.,0.,           513P    780
1.5707963267949,1.5707963267949,3.14159265358979,                    513P    781
3.14159265358979,3.14159265358979,1.,0.707106781186543,1.,           513P    782
0.707106781186543,1.,0.707106781186543,1.,0.707106781186543,1.,      513P    783
17.5,0.,-88.5,17.5,0.,-91.,20.,0.,-91.,22.5,0.,-91.,22.5,0.,         513P    784
-88.5,22.5,0.,-86.,20.,0.,-86.,17.5,0.,-86.,17.5,0.,-88.5,           513P    785
-3.14159265358979,3.14159265358979,0.,0.,0.;                         513P    786
126,8,2,0,1,0,0,-3.14159265358979,-3.14159265358979,                 515P    787
-3.14159265358979,-1.5707963267949,-1.5707963267949,0.,0.,           515P    788
1.5707963267949,1.5707963267949,3.14159265358979,                    515P    789
3.14159265358979,3.14159265358979,1.,0.707106781186543,1.,           515P    790
0.707106781186543,1.,0.707106781186543,1.,0.707106781186543,1.,      515P    791
-22.5,8.,46.5,-22.5,8.,44.,-20.,8.,44.,-17.5,8.,44.,-17.5,8.,        515P    792
46.5,-17.5,8.,49.,-20.,8.,49.,-22.5,8.,49.,-22.5,8.,46.5,            515P    793
-3.14159265358979,3.14159265358979,0.,0.,0.;                         515P    794
126,1,1,0,0,1,0,-3.20000000000001,-3.20000000000001,0.,0.,1.,1.,     517P    795
-22.5,8.,46.5,-22.5,0.,46.5,-3.20000000000001,0.,0.,0.,0.;           517P    796
126,8,2,0,1,0,0,-3.14159265358979,-3.14159265358979,                 519P    797
-3.14159265358979,-1.5707963267949,-1.5707963267949,0.,0.,           519P    798
1.5707963267949,1.5707963267949,3.14159265358979,                    519P    799
3.14159265358979,3.14159265358979,1.,0.707106781186543,1.,           519P    800
0.707106781186543,1.,0.707106781186543,1.,0.707106781186543,1.,      519P    801
-22.5,0.,46.5,-22.5,0.,44.,-20.,0.,44.,-17.5,0.,44.,-17.5,0.,        519P    802
46.5,-17.5,0.,49.,-20.,0.,49.,-22.5,0.,49.,-22.5,0.,46.5,            519P    803
-3.14159265358979,3.14159265358979,0.,0.,0.;                         519P    804
126,8,2,0,1,0,0,-3.14159265358979,-3.14159265358979,                 521P    805
-3.14159265358979,-1.5707963267949,-1.5707963267949,0.,0.,           521P    806
1.5707963267949,1.5707963267949,3.14159265358979,                    521P    807
3.14159265358979,3.14159265358979,1.,0.707106781186543,1.,           521P    808
0.707106781186543,1.,0.707106781186543,1.,0.707106781186543,1.,      521P    809
17.5,8.,-48.5,17.5,8.,-51.,20.,8.,-51.,22.5,8.,-51.,22.5,8.,         521P    810
-48.5,22.5,8.,-46.,20.,8.,-46.,17.5,8.,-46.,17.5,8.,-48.5,           521P    811
-3.14159265358979,3.14159265358979,0.,0.,0.;                         521P    812
126,1,1,0,0,1,0,-3.20000000000001,-3.20000000000001,0.,0.,1.,1.,     523P    813
17.5,8.,-48.5,17.5,0.,-48.5,-3.20000000000001,0.,0.,0.,0.;           523P    814
126,8,2,0,1,0,0,-3.14159265358979,-3.14159265358979,                 525P    815
-3.14159265358979,-1.5707963267949,-1.5707963267949,0.,0.,           525P    816
1.5707963267949,1.5707963267949,3.14159265358979,                    525P    817
3.14159265358979,3.14159265358979,1.,0.707106781186543,1.,           525P    818
0.707106781186543,1.,0.707106781186543,1.,0.707106781186543,1.,      525P    819
17.5,0.,-48.5,17.5,0.,-51.,20.,0.,-51.,22.5,0.,-51.,22.5,0.,         525P    820
-48.5,22.5,0.,-46.,20.,0.,-46.,17.5,0.,-46.,17.5,0.,-48.5,           525P    821
-3.14159265358979,3.14159265358979,0.,0.,0.;                         525P    822
126,8,2,0,1,0,0,-3.14159265358979,-3.14159265358979,                 527P    823
-3.14159265358979,-1.5707963267949,-1.5707963267949,0.,0.,           527P    824
1.5707963267949,1.5707963267949,3.14159265358979,                    527P    825
3.14159265358979,3.14159265358979,1.,0.707106781186546,1.,           527P    826
0.707106781186542,1.,0.707106781186542,1.,0.707106781186546,1.,      527P    827
39.,8.,-51.5,39.,8.,-54.5,42.,8.,-54.5,45.,8.,-54.5,45.,8.,          527P    828
-51.5,45.,8.,-48.5,42.,8.,-48.5,39.,8.,-48.5,39.,8.,-51.5,           527P    829
-3.14159265358979,3.14159265358979,0.,0.,0.;                         527P    830
126,1,1,0,0,1,0,-2.66666666666667,-2.66666666666667,0.,0.,1.,1.,     529P    831
39.,8.,-51.5,39.,0.,-51.5,-2.66666666666667,0.,0.,0.,0.;             529P    832
126,8,2,0,1,0,0,-3.14159265358979,-3.14159265358979,                 531P    833
-3.14159265358979,-1.5707963267949,-1.5707963267949,0.,0.,           531P    834
1.5707963267949,1.5707963267949,3.14159265358979,                    531P    835
3.14159265358979,3.14159265358979,1.,0.707106781186546,1.,           531P    836
0.707106781186542,1.,0.707106781186542,1.,0.707106781186546,1.,      531P    837
39.,0.,-51.5,39.,0.,-54.5,42.,0.,-54.5,45.,0.,-54.5,45.,0.,          531P    838
-51.5,45.,0.,-48.5,42.,0.,-48.5,39.,0.,-48.5,39.,0.,-51.5,           531P    839
-3.14159265358979,3.14159265358979,0.,0.,0.;                         531P    840
126,8,2,0,1,0,0,-3.14159265358979,-3.14159265358979,                 533P    841
-3.14159265358979,-1.5707963267949,-1.5707963267949,0.,0.,           533P    842
1.5707963267949,1.5707963267949,3.14159265358979,                    533P    843
3.14159265358979,3.14159265358979,1.,0.707106781186554,1.,           533P    844
0.707106781186554,1.,0.707106781186554,1.,0.707106781186554,1.,      533P    845
75.,8.,-83.5,75.,8.,-86.5,78.,8.,-86.5,81.,8.,-86.5,81.,8.,          533P    846
-83.5,81.,8.,-80.5,78.,8.,-80.5,75.,8.,-80.5,75.,8.,-83.5,           533P    847
-3.14159265358979,3.14159265358979,0.,0.,0.;                         533P    848
126,1,1,0,0,1,0,-2.66666666666668,-2.66666666666668,0.,0.,1.,1.,     535P    849
75.,8.,-83.5,75.,0.,-83.5,-2.66666666666668,0.,0.,0.,0.;             535P    850
126,8,2,0,1,0,0,-3.14159265358979,-3.14159265358979,                 537P    851
-3.14159265358979,-1.5707963267949,-1.5707963267949,0.,0.,           537P    852
1.5707963267949,1.5707963267949,3.14159265358979,                    537P    853
3.14159265358979,3.14159265358979,1.,0.707106781186554,1.,           537P    854
0.707106781186554,1.,0.707106781186554,1.,0.707106781186554,1.,      537P    855
75.,0.,-83.5,75.,0.,-86.5,78.,0.,-86.5,81.,0.,-86.5,81.,0.,          537P    856
-83.5,81.,0.,-80.5,78.,0.,-80.5,75.,0.,-80.5,75.,0.,-83.5,           537P    857
-3.14159265358979,3.14159265358979,0.,0.,0.;                         537P    858
126,8,2,0,1,0,0,-3.14159265358979,-3.14159265358979,                 539P    859
-3.14159265358979,-1.5707963267949,-1.5707963267949,0.,0.,           539P    860
1.5707963267949,1.5707963267949,3.14159265358979,                    539P    861
3.14159265358979,3.14159265358979,1.,0.707106781186545,1.,           539P    862
0.707106781186545,1.,0.707106781186545,1.,0.707106781186545,1.,      539P    863
-22.5,8.,86.5,-22.5,8.,84.,-20.,8.,84.,-17.5,8.,84.,-17.5,8.,        539P    864
86.5,-17.5,8.,89.,-20.,8.,89.,-22.5,8.,89.,-22.5,8.,86.5,            539P    865
-3.14159265358979,3.14159265358979,0.,0.,0.;                         539P    866
126,1,1,0,0,1,0,-3.2,-3.2,0.,0.,1.,1.,-22.5,8.,86.5,-22.5,0.,        541P    867
86.5,-3.2,0.,0.,0.,0.;                                               541P    868
126,8,2,0,1,0,0,-3.14159265358979,-3.14159265358979,                 543P    869
-3.14159265358979,-1.5707963267949,-1.5707963267949,0.,0.,           543P    870
1.5707963267949,1.5707963267949,3.14159265358979,                    543P    871
3.14159265358979,3.14159265358979,1.,0.707106781186545,1.,           543P    872
0.707106781186545,1.,0.707106781186545,1.,0.707106781186545,1.,      543P    873
-22.5,0.,86.5,-22.5,0.,84.,-20.,0.,84.,-17.5,0.,84.,-17.5,0.,        543P    874
86.5,-17.5,0.,89.,-20.,0.,89.,-22.5,0.,89.,-22.5,0.,86.5,            543P    875
-3.14159265358979,3.14159265358979,0.,0.,0.;                         543P    876
126,8,2,0,1,0,0,-3.14159265358979,-3.14159265358979,                 545P    877
-3.14159265358979,-1.5707963267949,-1.5707963267949,0.,0.,           545P    878
1.5707963267949,1.5707963267949,3.14159265358979,                    545P    879
3.14159265358979,3.14159265358979,1.,0.707106781186548,1.,           545P    880
0.707106781186542,1.,0.707106781186542,1.,0.707106781186548,1.,      545P    881
-81.,8.,51.5,-81.,8.,48.5,-78.,8.,48.5,-75.,8.,48.5,-75.,8.,         545P    882
51.5,-75.,8.,54.5,-78.,8.,54.5,-81.,8.,54.5,-81.,8.,51.5,            545P    883
-3.14159265358979,3.14159265358979,0.,0.,0.;                         545P    884
126,1,1,0,0,1,0,-2.66666666666667,-2.66666666666667,0.,0.,1.,1.,     547P    885
-81.,8.,51.5,-81.,0.,51.5,-2.66666666666667,0.,0.,0.,0.;             547P    886
126,8,2,0,1,0,0,-3.14159265358979,-3.14159265358979,                 549P    887
-3.14159265358979,-1.5707963267949,-1.5707963267949,0.,0.,           549P    888
1.5707963267949,1.5707963267949,3.14159265358979,                    549P    889
3.14159265358979,3.14159265358979,1.,0.707106781186548,1.,           549P    890
0.707106781186542,1.,0.707106781186542,1.,0.707106781186548,1.,      549P    891
-81.,0.,51.5,-81.,0.,48.5,-78.,0.,48.5,-75.,0.,48.5,-75.,0.,         549P    892
51.5,-75.,0.,54.5,-78.,0.,54.5,-81.,0.,54.5,-81.,0.,51.5,            549P    893
-3.14159265358979,3.14159265358979,0.,0.,0.;                         549P    894
126,1,1,0,0,1,0,0.,0.,9.62280765221302,9.62280765221302,1.,1.,       551P    895
48.2613975189211,0.,181.639997772373,-47.9666790032092,0.,           551P    896
181.639997772373,0.,9.62280765221302,0.,0.,0.;                       551P    897
126,1,1,0,0,1,0,0.,0.,0.8,0.8,1.,1.,48.2613975189211,0.,             553P    898
181.639997772373,48.2613975189211,8.,181.639997772373,0.,0.8,0.,     553P    899
0.,0.;                                                               553P    900
126,1,1,0,0,1,0,-9.62280765221302,-9.62280765221302,0.,0.,1.,1.,     555P    901
-47.9666790032092,8.,181.639997772373,48.2613975189211,8.,           555P    902
181.639997772373,-9.62280765221302,0.,0.,0.,0.;                      555P    903
126,1,1,0,0,1,0,0.,0.,0.8,0.8,1.,1.,-47.9666790032092,0.,            557P    904
181.639997772373,-47.9666790032092,8.,181.639997772373,0.,0.8,       557P    905
0.,0.,0.;                                                            557P    906
126,2,2,0,0,0,0,0.,0.,0.,1.04719755119659,1.04719755119659,          559P    907
1.04719755119659,1.,0.866025403784458,1.,-54.8948822334847,0.,       559P    908
177.639997772373,-52.5854811567262,0.,181.639997772373,              559P    909
-47.9666790032092,0.,181.639997772373,0.,1.04719755119659,0.,0.,     559P    910
0.;                                                                  559P    911
126,2,2,0,0,0,0,0.,0.,0.,1.04719755119659,1.04719755119659,          561P    912
1.04719755119659,1.,0.866025403784458,1.,-54.8948822334847,8.,       561P    913
177.639997772373,-52.5854811567262,8.,181.639997772373,              561P    914
-47.9666790032092,8.,181.639997772373,0.,1.04719755119659,0.,0.,     561P    915
0.;                                                                  561P    916
126,1,1,0,0,1,0,0.,0.,0.8,0.8,1.,1.,-54.8948822334847,0.,            563P    917
177.639997772373,-54.8948822334847,8.,177.639997772373,0.,0.8,       563P    918
0.,0.,0.;                                                            563P    919
126,1,1,0,0,1,0,0.,0.,7.40666419935816,7.40666419935816,1.,1.,       565P    920
-54.8948822334847,0.,177.639997772373,-91.9282032302755,0.,          565P    921
113.496404232924,0.,7.40666419935816,0.,0.,0.;                       565P    922
126,1,1,0,0,1,0,-7.40666419935816,-7.40666419935816,0.,0.,1.,1.,     567P    923
-91.9282032302755,8.,113.496404232924,-54.8948822334847,8.,          567P    924
177.639997772373,-7.40666419935816,0.,0.,0.,0.;                      567P    925
126,1,1,0,0,1,0,0.,0.,0.8,0.8,1.,1.,-91.9282032302755,0.,            569P    926
113.496404232924,-91.9282032302755,8.,113.496404232924,0.,0.8,       569P    927
0.,0.,0.;                                                            569P    928
126,2,2,0,0,0,0,0.,0.,0.,0.523598775598264,0.523598775598264,        571P    929
0.523598775598264,1.,0.965925826289021,1.,-93.,0.,                   571P    930
109.496404232924,-93.,0.,111.639997772373,-91.9282032302755,0.,      571P    931
113.496404232924,0.,0.523598775598264,0.,0.,0.;                      571P    932
126,2,2,0,0,0,0,0.,0.,0.,0.523598775598264,0.523598775598264,        573P    933
0.523598775598264,1.,0.965925826289021,1.,-93.,8.,                   573P    934
109.496404232924,-93.,8.,111.639997772373,-91.9282032302755,8.,      573P    935
113.496404232924,0.,0.523598775598264,0.,0.,0.;                      573P    936
126,1,1,0,0,1,0,0.,0.,0.8,0.8,1.,1.,-93.,0.,109.496404232924,        575P    937
-93.,8.,109.496404232924,0.,0.8,0.,0.,0.;                            575P    938
126,1,1,0,0,1,0,0.,0.,20.1996404232924,20.1996404232924,1.,1.,       577P    939
-93.,0.,109.496404232924,-92.9999999999999,0.,-92.5,0.,              577P    940
20.1996404232924,0.,0.,0.;                                           577P    941
126,1,1,0,0,1,0,-20.1996404232924,-20.1996404232924,0.,0.,1.,1.,     579P    942
-92.9999999999999,8.,-92.5,-93.,8.,109.496404232924,                 579P    943
-20.1996404232924,0.,0.,0.,0.;                                       579P    944
126,1,1,0,0,1,0,0.,0.,0.8,0.8,1.,1.,-93.,0.,-92.5,-93.,8.,-92.5,     581P    945
0.,0.8,0.,0.,0.;                                                     581P    946
126,2,2,0,0,0,0,0.,0.,0.,1.5707963267949,1.5707963267949,            583P    947
1.5707963267949,1.,0.707106781186545,1.,-85.,0.,-100.5,-93.,0.,      583P    948
-100.5,-93.,0.,-92.5,0.,1.5707963267949,0.,0.,0.;                    583P    949
126,2,2,0,0,0,0,0.,0.,0.,1.5707963267949,1.5707963267949,            585P    950
1.5707963267949,1.,0.707106781186545,1.,-85.,8.,-100.5,-93.,8.,      585P    951
-100.5,-93.,8.,-92.5,0.,1.5707963267949,0.,0.,0.;                    585P    952
126,1,1,0,0,1,0,0.,0.,0.8,0.8,1.,1.,-85.,0.,-100.5,-85.,8.,          587P    953
-100.5,0.,0.8,0.,0.,0.;                                              587P    954
126,1,1,0,0,1,0,0.,0.,17.,17.,1.,1.,-85.,0.,-100.5,85.,0.,           589P    955
-100.5,0.,17.,0.,0.,0.;                                              589P    956
126,1,1,0,0,1,0,-17.,-17.,0.,0.,1.,1.,85.,8.,-100.5,-85.,8.,         591P    957
-100.5,-17.,0.,0.,0.,0.;                                             591P    958
126,1,1,0,0,1,0,0.,0.,0.8,0.8,1.,1.,85.,0.,-100.5,85.,8.,-100.5,     593P    959
0.,0.8,0.,0.,0.;                                                     593P    960
126,2,2,0,0,0,0,0.,0.,0.,1.5707963267949,1.5707963267949,            595P    961
1.5707963267949,1.,0.707106781186547,1.,93.0000000000001,0.,         595P    962
-92.4999999999999,93.0000000000001,0.,-100.5,85.,0.,-100.5,0.,       595P    963
1.5707963267949,0.,0.,0.;                                            595P    964
126,2,2,0,0,0,0,0.,0.,0.,1.5707963267949,1.5707963267949,            597P    965
1.5707963267949,1.,0.707106781186547,1.,93.0000000000001,8.,         597P    966
-92.4999999999999,93.0000000000001,8.,-100.5,85.,8.,-100.5,0.,       597P    967
1.5707963267949,0.,0.,0.;                                            597P    968
126,1,1,0,0,1,0,0.,0.,0.8,0.8,1.,1.,93.0000000000001,0.,             599P    969
-92.4999999999999,93.0000000000001,8.,-92.4999999999999,0.,0.8,      599P    970
0.,0.,0.;                                                            599P    971
126,1,1,0,0,1,0,0.,0.,20.2506871676068,20.2506871676068,1.,1.,       601P    972
93.0000000000001,0.,-92.4999999999999,93.,0.,110.006871676068,       601P    973
0.,20.2506871676068,0.,0.,0.;                                        601P    974
126,1,1,0,0,1,0,-20.2506871676068,-20.2506871676068,0.,0.,1.,1.,     603P    975
93.,8.,110.006871676068,93.0000000000001,8.,-92.4999999999999,       603P    976
-20.2506871676068,0.,0.,0.,0.;                                       603P    977
126,1,1,0,0,1,0,0.,0.,0.8,0.8,1.,1.,93.,0.,110.006871676068,93.,     605P    978
8.,110.006871676068,0.,0.8,0.,0.,0.;                                 605P    979
126,2,2,0,0,0,0,0.,0.,0.,0.523598775598268,0.523598775598268,        607P    980
0.523598775598268,1.,0.96592582628914,1.,91.9282032302755,0.,        607P    981
114.006871676068,93.,0.,112.150465215517,93.,0.,                     607P    982
110.006871676068,0.,0.523598775598268,0.,0.,0.;                      607P    983
126,2,2,0,0,0,0,0.,0.,0.,0.523598775598268,0.523598775598268,        609P    984
0.523598775598268,1.,0.96592582628914,1.,91.9282032302755,8.,        609P    985
114.006871676068,93.,8.,112.150465215517,93.,8.,                     609P    986
110.006871676068,0.,0.523598775598268,0.,0.,0.;                      609P    987
126,1,1,0,0,1,0,0.,0.,0.8,0.8,1.,1.,91.9282032302755,0.,             611P    988
114.006871676068,91.9282032302755,8.,114.006871676068,0.,0.8,0.,     611P    989
0.,0.;                                                               611P    990
126,1,1,0,0,1,0,0.,0.,7.3477204962158,7.3477204962158,1.,1.,         613P    991
91.9282032302755,0.,114.006871676068,55.1896007491966,0.,            613P    992
177.639997772373,0.,7.3477204962158,0.,0.,0.;                        613P    993
126,1,1,0,0,1,0,-7.3477204962158,-7.3477204962158,0.,0.,1.,1.,       615P    994
55.1896007491966,8.,177.639997772373,91.9282032302755,8.,            615P    995
114.006871676068,-7.3477204962158,0.,0.,0.,0.;                       615P    996
126,1,1,0,0,1,0,0.,0.,0.8,0.8,1.,1.,55.1896007491966,0.,             617P    997
177.639997772373,55.1896007491966,8.,177.639997772373,0.,0.8,0.,     617P    998
0.,0.;                                                               617P    999
126,2,2,0,0,0,0,0.,0.,0.,1.0471975511966,1.0471975511966,            619P   1000
1.0471975511966,1.,0.866025403784438,1.,48.2613975189211,0.,         619P   1001
181.639997772373,52.8801996724381,0.,181.639997772373,               619P   1002
55.1896007491966,0.,177.639997772373,0.,1.0471975511966,0.,0.,       619P   1003
0.;                                                                  619P   1004
126,2,2,0,0,0,0,0.,0.,0.,1.0471975511966,1.0471975511966,            621P   1005
1.0471975511966,1.,0.866025403784438,1.,48.2613975189211,8.,         621P   1006
181.639997772373,52.8801996724381,8.,181.639997772373,               621P   1007
55.1896007491966,8.,177.639997772373,0.,1.0471975511966,0.,0.,       621P   1008
0.;                                                                  621P   1009
128,1,8,1,2,0,1,0,0,1,0.,0.,2.66666666666667,2.66666666666667,       623P   1010
-3.14159265358979,-3.14159265358979,-3.14159265358979,               623P   1011
-1.5707963267949,-1.5707963267949,0.,0.,1.5707963267949,             623P   1012
1.5707963267949,3.14159265358979,3.14159265358979,                   623P   1013
3.14159265358979,1.,1.,0.707106781186548,0.707106781186548,1.,       623P   1014
1.,0.707106781186548,0.707106781186548,1.,1.,0.707106781186548,      623P   1015
0.707106781186548,1.,1.,0.707106781186548,0.707106781186548,1.,      623P   1016
1.,-45.,0.,83.5,-45.,8.,83.5,-45.,0.,86.5,-45.,8.,86.5,-42.,0.,      623P   1017
86.5,-42.,8.,86.5,-39.,0.,86.5,-39.,8.,86.5,-39.,0.,83.5,-39.,       623P   1018
8.,83.5,-39.,0.,80.5,-39.,8.,80.5,-42.,0.,80.5,-42.,8.,80.5,         623P   1019
-45.,0.,80.5,-45.,8.,80.5,-45.,0.,83.5,-45.,8.,83.5,0.,              623P   1020
2.66666666666667,-3.14159265358979,3.14159265358979;                 623P   1021
128,1,8,1,2,0,1,0,0,1,0.,0.,2.66666666666667,2.66666666666667,       625P   1022
-3.14159265358979,-3.14159265358979,-3.14159265358979,               625P   1023
-1.5707963267949,-1.5707963267949,0.,0.,1.5707963267949,             625P   1024
1.5707963267949,3.14159265358979,3.14159265358979,                   625P   1025
3.14159265358979,1.,1.,0.707106781186548,0.707106781186548,1.,       625P   1026
1.,0.707106781186548,0.707106781186548,1.,1.,0.707106781186548,      625P   1027
0.707106781186548,1.,1.,0.707106781186548,0.707106781186548,1.,      625P   1028
1.,-45.,0.,-51.5,-45.,8.,-51.5,-45.,0.,-48.5,-45.,8.,-48.5,-42.,     625P   1029
0.,-48.5,-42.,8.,-48.5,-39.,0.,-48.5,-39.,8.,-48.5,-39.,0.,          625P   1030
-51.5,-39.,8.,-51.5,-39.,0.,-54.5,-39.,8.,-54.5,-42.,0.,-54.5,       625P   1031
-42.,8.,-54.5,-45.,0.,-54.5,-45.,8.,-54.5,-45.,0.,-51.5,-45.,8.,     625P   1032
-51.5,0.,2.66666666666667,-3.14159265358979,3.14159265358979;        625P   1033
128,1,8,1,2,0,1,0,0,1,0.,0.,2.66666666666667,2.66666666666667,       627P   1034
-3.14159265358979,-3.14159265358979,-3.14159265358979,               627P   1035
-1.5707963267949,-1.5707963267949,0.,0.,1.5707963267949,             627P   1036
1.5707963267949,3.14159265358979,3.14159265358979,                   627P   1037
3.14159265358979,1.,1.,0.707106781186548,0.707106781186548,1.,       627P   1038
1.,0.707106781186548,0.707106781186548,1.,1.,0.707106781186548,      627P   1039
0.707106781186548,1.,1.,0.707106781186548,0.707106781186548,1.,      627P   1040
1.,-45.,0.,51.5,-45.,8.,51.5,-45.,0.,54.5,-45.,8.,54.5,-42.,0.,      627P   1041
54.5,-42.,8.,54.5,-39.,0.,54.5,-39.,8.,54.5,-39.,0.,51.5,-39.,       627P   1042
8.,51.5,-39.,0.,48.5,-39.,8.,48.5,-42.,0.,48.5,-42.,8.,48.5,         627P   1043
-45.,0.,48.5,-45.,8.,48.5,-45.,0.,51.5,-45.,8.,51.5,0.,              627P   1044
2.66666666666667,-3.14159265358979,3.14159265358979;                 627P   1045
128,1,8,1,2,0,1,0,0,1,0.,0.,3.80952380952381,3.80952380952381,       629P   1046
-3.14159265358979,-3.14159265358979,-3.14159265358979,               629P   1047
-1.5707963267949,-1.5707963267949,0.,0.,1.5707963267949,             629P   1048
1.5707963267949,3.14159265358979,3.14159265358979,                   629P   1049
3.14159265358979,1.,1.,0.707106781186548,0.707106781186548,1.,       629P   1050
1.,0.707106781186548,0.707106781186548,1.,1.,0.707106781186548,      629P   1051
0.707106781186548,1.,1.,0.707106781186548,0.707106781186548,1.,      629P   1052
1.,-77.0999999999999,0.,-92.5,-77.0999999999999,8.,-92.5,            629P   1053
-77.0999999999999,0.,-90.4,-77.0999999999999,8.,-90.4,               629P   1054
-74.9999999999999,0.,-90.4,-74.9999999999999,8.,-90.4,               629P   1055
-72.8999999999999,0.,-90.4,-72.8999999999999,8.,-90.4,               629P   1056
-72.8999999999999,0.,-92.5,-72.8999999999999,8.,-92.5,               629P   1057
-72.8999999999999,0.,-94.6,-72.8999999999999,8.,-94.6,               629P   1058
-74.9999999999999,0.,-94.6,-74.9999999999999,8.,-94.6,               629P   1059
-77.0999999999999,0.,-94.6,-77.0999999999999,8.,-94.6,               629P   1060
-77.0999999999999,0.,-92.5,-77.0999999999999,8.,-92.5,0.,            629P   1061
3.80952380952381,-3.14159265358979,3.14159265358979;                 629P   1062
128,1,8,1,2,0,1,0,0,1,0.,0.,2.66666666666668,2.66666666666668,       631P   1063
-3.14159265358979,-3.14159265358979,-3.14159265358979,               631P   1064
-1.5707963267949,-1.5707963267949,0.,0.,1.5707963267949,             631P   1065
1.5707963267949,3.14159265358979,3.14159265358979,                   631P   1066
3.14159265358979,1.,1.,0.707106781186548,0.707106781186548,1.,       631P   1067
1.,0.707106781186548,0.707106781186548,1.,1.,0.707106781186548,      631P   1068
0.707106781186548,1.,1.,0.707106781186548,0.707106781186548,1.,      631P   1069
1.,75.,0.,51.5,75.,8.,51.5,75.,0.,54.5,75.,8.,54.5,78.,0.,54.5,      631P   1070
78.,8.,54.5,81.,0.,54.5,81.,8.,54.5,81.,0.,51.5,81.,8.,51.5,81.,     631P   1071
0.,48.5,81.,8.,48.5,78.,0.,48.5,78.,8.,48.5,75.,0.,48.5,75.,8.,      631P   1072
48.5,75.,0.,51.5,75.,8.,51.5,0.,2.66666666666668,                    631P   1073
-3.14159265358979,3.14159265358979;                                  631P   1074
128,1,8,1,2,0,1,0,0,1,0.,0.,2.66666666666668,2.66666666666668,       633P   1075
-3.14159265358979,-3.14159265358979,-3.14159265358979,               633P   1076
-1.5707963267949,-1.5707963267949,0.,0.,1.5707963267949,             633P   1077
1.5707963267949,3.14159265358979,3.14159265358979,                   633P   1078
3.14159265358979,1.,1.,0.707106781186548,0.707106781186548,1.,       633P   1079
1.,0.707106781186548,0.707106781186548,1.,1.,0.707106781186548,      633P   1080
0.707106781186548,1.,1.,0.707106781186548,0.707106781186548,1.,      633P   1081
1.,75.,0.,83.5,75.,8.,83.5,75.,0.,86.5,75.,8.,86.5,78.,0.,86.5,      633P   1082
78.,8.,86.5,81.,0.,86.5,81.,8.,86.5,81.,0.,83.5,81.,8.,83.5,81.,     633P   1083
0.,80.5,81.,8.,80.5,78.,0.,80.5,78.,8.,80.5,75.,0.,80.5,75.,8.,      633P   1084
80.5,75.,0.,83.5,75.,8.,83.5,0.,2.66666666666668,                    633P   1085
-3.14159265358979,3.14159265358979;                                  633P   1086
128,1,8,1,2,0,1,0,0,1,0.,0.,2.66666666666667,2.66666666666667,       635P   1087
-3.14159265358979,-3.14159265358979,-3.14159265358979,               635P   1088
-1.5707963267949,-1.5707963267949,0.,0.,1.5707963267949,             635P   1089
1.5707963267949,3.14159265358979,3.14159265358979,                   635P   1090
3.14159265358979,1.,1.,0.707106781186548,0.707106781186548,1.,       635P   1091
1.,0.707106781186548,0.707106781186548,1.,1.,0.707106781186548,      635P   1092
0.707106781186548,1.,1.,0.707106781186548,0.707106781186548,1.,      635P   1093
1.,39.,0.,83.5,39.,8.,83.5,39.,0.,86.5,39.,8.,86.5,42.,0.,86.5,      635P   1094
42.,8.,86.5,45.,0.,86.5,45.,8.,86.5,45.,0.,83.5,45.,8.,83.5,45.,     635P   1095
0.,80.5,45.,8.,80.5,42.,0.,80.5,42.,8.,80.5,39.,0.,80.5,39.,8.,      635P   1096
80.5,39.,0.,83.5,39.,8.,83.5,0.,2.66666666666667,                    635P   1097
-3.14159265358979,3.14159265358979;                                  635P   1098
128,1,8,1,2,0,1,0,0,1,0.,0.,2.66666666666667,2.66666666666667,       637P   1099
-3.14159265358979,-3.14159265358979,-3.14159265358979,               637P   1100
-1.5707963267949,-1.5707963267949,0.,0.,1.5707963267949,             637P   1101
1.5707963267949,3.14159265358979,3.14159265358979,                   637P   1102
3.14159265358979,1.,1.,0.707106781186548,0.707106781186548,1.,       637P   1103
1.,0.707106781186548,0.707106781186548,1.,1.,0.707106781186548,      637P   1104
0.707106781186548,1.,1.,0.707106781186548,0.707106781186548,1.,      637P   1105
1.,-81.,0.,-83.5,-81.,8.,-83.5,-81.,0.,-80.5,-81.,8.,-80.5,-78.,     637P   1106
0.,-80.5,-78.,8.,-80.5,-75.,0.,-80.5,-75.,8.,-80.5,-75.,0.,          637P   1107
-83.5,-75.,8.,-83.5,-75.,0.,-86.5,-75.,8.,-86.5,-78.,0.,-86.5,       637P   1108
-78.,8.,-86.5,-81.,0.,-86.5,-81.,8.,-86.5,-81.,0.,-83.5,-81.,8.,     637P   1109
-83.5,0.,2.66666666666667,-3.14159265358979,3.14159265358979;        637P   1110
128,1,8,1,2,0,1,0,0,1,0.,0.,2.66666666666667,2.66666666666667,       639P   1111
-3.14159265358979,-3.14159265358979,-3.14159265358979,               639P   1112
-1.5707963267949,-1.5707963267949,0.,0.,1.5707963267949,             639P   1113
1.5707963267949,3.14159265358979,3.14159265358979,                   639P   1114
3.14159265358979,1.,1.,0.707106781186548,0.707106781186548,1.,       639P   1115
1.,0.707106781186548,0.707106781186548,1.,1.,0.707106781186548,      639P   1116
0.707106781186548,1.,1.,0.707106781186548,0.707106781186548,1.,      639P   1117
1.,39.,0.,51.5,39.,8.,51.5,39.,0.,54.5,39.,8.,54.5,42.,0.,54.5,      639P   1118
42.,8.,54.5,45.,0.,54.5,45.,8.,54.5,45.,0.,51.5,45.,8.,51.5,45.,     639P   1119
0.,48.5,45.,8.,48.5,42.,0.,48.5,42.,8.,48.5,39.,0.,48.5,39.,8.,      639P   1120
48.5,39.,0.,51.5,39.,8.,51.5,0.,2.66666666666667,                    639P   1121
-3.14159265358979,3.14159265358979;                                  639P   1122
128,1,8,1,2,0,1,0,0,1,0.,0.,2.66666666666667,2.66666666666667,       641P   1123
-3.14159265358979,-3.14159265358979,-3.14159265358979,               641P   1124
-1.5707963267949,-1.5707963267949,0.,0.,1.5707963267949,             641P   1125
1.5707963267949,3.14159265358979,3.14159265358979,                   641P   1126
3.14159265358979,1.,1.,0.707106781186548,0.707106781186548,1.,       641P   1127
1.,0.707106781186548,0.707106781186548,1.,1.,0.707106781186548,      641P   1128
0.707106781186548,1.,1.,0.707106781186548,0.707106781186548,1.,      641P   1129
1.,-81.,0.,83.5,-81.,8.,83.5,-81.,0.,86.5,-81.,8.,86.5,-78.,0.,      641P   1130
86.5,-78.,8.,86.5,-75.,0.,86.5,-75.,8.,86.5,-75.,0.,83.5,-75.,       641P   1131
8.,83.5,-75.,0.,80.5,-75.,8.,80.5,-78.,0.,80.5,-78.,8.,80.5,         641P   1132
-81.,0.,80.5,-81.,8.,80.5,-81.,0.,83.5,-81.,8.,83.5,0.,              641P   1133
2.66666666666667,-3.14159265358979,3.14159265358979;                 641P   1134
128,1,8,1,2,0,1,0,0,1,0.,0.,3.80952380952381,3.80952380952381,       643P   1135
-3.14159265358979,-3.14159265358979,-3.14159265358979,               643P   1136
-1.5707963267949,-1.5707963267949,0.,0.,1.5707963267949,             643P   1137
1.5707963267949,3.14159265358979,3.14159265358979,                   643P   1138
3.14159265358979,1.,1.,0.707106781186548,0.707106781186548,1.,       643P   1139
1.,0.707106781186548,0.707106781186548,1.,1.,0.707106781186548,      643P   1140
0.707106781186548,1.,1.,0.707106781186548,0.707106781186548,1.,      643P   1141
1.,-77.0999999999999,0.,7.5,-77.0999999999999,8.,7.5,                643P   1142
-77.0999999999999,0.,9.6,-77.0999999999999,8.,9.6,                   643P   1143
-74.9999999999999,0.,9.6,-74.9999999999999,8.,9.6,                   643P   1144
-72.8999999999999,0.,9.6,-72.8999999999999,8.,9.6,                   643P   1145
-72.8999999999999,0.,7.5,-72.8999999999999,8.,7.5,                   643P   1146
-72.8999999999999,0.,5.4,-72.8999999999999,8.,5.4,                   643P   1147
-74.9999999999999,0.,5.4,-74.9999999999999,8.,5.4,                   643P   1148
-77.0999999999999,0.,5.4,-77.0999999999999,8.,5.4,                   643P   1149
-77.0999999999999,0.,7.5,-77.0999999999999,8.,7.5,0.,                643P   1150
3.80952380952381,-3.14159265358979,3.14159265358979;                 643P   1151
128,1,8,1,2,0,1,0,0,1,0.,0.,2.66666666666668,2.66666666666668,       645P   1152
-3.14159265358979,-3.14159265358979,-3.14159265358979,               645P   1153
-1.5707963267949,-1.5707963267949,0.,0.,1.5707963267949,             645P   1154
1.5707963267949,3.14159265358979,3.14159265358979,                   645P   1155
3.14159265358979,1.,1.,0.707106781186548,0.707106781186548,1.,       645P   1156
1.,0.707106781186548,0.707106781186548,1.,1.,0.707106781186548,      645P   1157
0.707106781186548,1.,1.,0.707106781186548,0.707106781186548,1.,      645P   1158
1.,75.,0.,-51.5,75.,8.,-51.5,75.,0.,-48.5,75.,8.,-48.5,78.,0.,       645P   1159
-48.5,78.,8.,-48.5,81.,0.,-48.5,81.,8.,-48.5,81.,0.,-51.5,81.,       645P   1160
8.,-51.5,81.,0.,-54.5,81.,8.,-54.5,78.,0.,-54.5,78.,8.,-54.5,        645P   1161
75.,0.,-54.5,75.,8.,-54.5,75.,0.,-51.5,75.,8.,-51.5,0.,              645P   1162
2.66666666666668,-3.14159265358979,3.14159265358979;                 645P   1163
128,1,8,1,2,0,1,0,0,1,0.,0.,2.66666666666666,2.66666666666666,       647P   1164
-3.14159265358979,-3.14159265358979,-3.14159265358979,               647P   1165
-1.5707963267949,-1.5707963267949,0.,0.,1.5707963267949,             647P   1166
1.5707963267949,3.14159265358979,3.14159265358979,                   647P   1167
3.14159265358979,1.,1.,0.707106781186548,0.707106781186548,1.,       647P   1168
1.,0.707106781186548,0.707106781186548,1.,1.,0.707106781186548,      647P   1169
0.707106781186548,1.,1.,0.707106781186548,0.707106781186548,1.,      647P   1170
1.,39.6473592578559,0.,174.5,39.6473592578559,8.,174.5,              647P   1171
39.6473592578559,0.,177.5,39.6473592578559,8.,177.5,                 647P   1172
42.6473592578559,0.,177.5,42.6473592578559,8.,177.5,                 647P   1173
45.6473592578559,0.,177.5,45.6473592578559,8.,177.5,                 647P   1174
45.6473592578559,0.,174.5,45.6473592578559,8.,174.5,                 647P   1175
45.6473592578559,0.,171.5,45.6473592578559,8.,171.5,                 647P   1176
42.6473592578559,0.,171.5,42.6473592578559,8.,171.5,                 647P   1177
39.6473592578559,0.,171.5,39.6473592578559,8.,171.5,                 647P   1178
39.6473592578559,0.,174.5,39.6473592578559,8.,174.5,0.,              647P   1179
2.66666666666666,-3.14159265358979,3.14159265358979;                 647P   1180
128,1,8,1,2,0,1,0,0,1,0.,0.,3.20000000000001,3.20000000000001,       649P   1181
-3.14159265358979,-3.14159265358979,-3.14159265358979,               649P   1182
-1.5707963267949,-1.5707963267949,0.,0.,1.5707963267949,             649P   1183
1.5707963267949,3.14159265358979,3.14159265358979,                   649P   1184
3.14159265358979,1.,1.,0.707106781186548,0.707106781186548,1.,       649P   1185
1.,0.707106781186548,0.707106781186548,1.,1.,0.707106781186548,      649P   1186
0.707106781186548,1.,1.,0.707106781186548,0.707106781186548,1.,      649P   1187
1.,17.5,0.,46.5,17.5,8.,46.5,17.5,0.,49.,17.5,8.,49.,20.,0.,49.,     649P   1188
20.,8.,49.,22.5,0.,49.,22.5,8.,49.,22.5,0.,46.5,22.5,8.,46.5,        649P   1189
22.5,0.,44.,22.5,8.,44.,20.,0.,44.,20.,8.,44.,17.5,0.,44.,17.5,      649P   1190
8.,44.,17.5,0.,46.5,17.5,8.,46.5,0.,3.20000000000001,                649P   1191
-3.14159265358979,3.14159265358979;                                  649P   1192
128,1,8,1,2,0,1,0,0,1,0.,0.,3.80952380952381,3.80952380952381,       651P   1193
-3.14159265358979,-3.14159265358979,-3.14159265358979,               651P   1194
-1.5707963267949,-1.5707963267949,0.,0.,1.5707963267949,             651P   1195
1.5707963267949,3.14159265358979,3.14159265358979,                   651P   1196
3.14159265358979,1.,1.,0.707106781186548,0.707106781186548,1.,       651P   1197
1.,0.707106781186548,0.707106781186548,1.,1.,0.707106781186548,      651P   1198
0.707106781186548,1.,1.,0.707106781186548,0.707106781186548,1.,      651P   1199
1.,-77.0999999999999,0.,107.5,-77.0999999999999,8.,107.5,            651P   1200
-77.0999999999999,0.,109.6,-77.0999999999999,8.,109.6,               651P   1201
-74.9999999999999,0.,109.6,-74.9999999999999,8.,109.6,               651P   1202
-72.8999999999999,0.,109.6,-72.8999999999999,8.,109.6,               651P   1203
-72.8999999999999,0.,107.5,-72.8999999999999,8.,107.5,               651P   1204
-72.8999999999999,0.,105.4,-72.8999999999999,8.,105.4,               651P   1205
-74.9999999999999,0.,105.4,-74.9999999999999,8.,105.4,               651P   1206
-77.0999999999999,0.,105.4,-77.0999999999999,8.,105.4,               651P   1207
-77.0999999999999,0.,107.5,-77.0999999999999,8.,107.5,0.,            651P   1208
3.80952380952381,-3.14159265358979,3.14159265358979;                 651P   1209
128,1,8,1,2,0,1,0,0,1,0.,0.,2.35294117647059,2.35294117647059,       653P   1210
-3.14159265358979,-3.14159265358979,-3.14159265358979,               653P   1211
-1.5707963267949,-1.5707963267949,0.,0.,1.5707963267949,             653P   1212
1.5707963267949,3.14159265358979,3.14159265358979,                   653P   1213
3.14159265358979,1.,1.,0.707106781186548,0.707106781186548,1.,       653P   1214
1.,0.707106781186548,0.707106781186548,1.,1.,0.707106781186548,      653P   1215
0.707106781186548,1.,1.,0.707106781186548,0.707106781186548,1.,      653P   1216
1.,56.6000000000001,0.,121.639997772373,56.6000000000001,8.,         653P   1217
121.639997772373,56.6000000000001,0.,125.039997772373,               653P   1218
56.6000000000001,8.,125.039997772373,60.0000000000001,0.,            653P   1219
125.039997772373,60.0000000000001,8.,125.039997772373,               653P   1220
63.4000000000001,0.,125.039997772373,63.4000000000001,8.,            653P   1221
125.039997772373,63.4000000000001,0.,121.639997772373,               653P   1222
63.4000000000001,8.,121.639997772373,63.4000000000001,0.,            653P   1223
118.239997772373,63.4000000000001,8.,118.239997772373,               653P   1224
60.0000000000001,0.,118.239997772373,60.0000000000001,8.,            653P   1225
118.239997772373,56.6000000000001,0.,118.239997772373,               653P   1226
56.6000000000001,8.,118.239997772373,56.6000000000001,0.,            653P   1227
121.639997772373,56.6000000000001,8.,121.639997772373,0.,            653P   1228
2.35294117647059,-3.14159265358979,3.14159265358979;                 653P   1229
128,1,8,1,2,0,1,0,0,1,0.,0.,3.20000000000001,3.20000000000001,       655P   1230
-3.14159265358979,-3.14159265358979,-3.14159265358979,               655P   1231
-1.5707963267949,-1.5707963267949,0.,0.,1.5707963267949,             655P   1232
1.5707963267949,3.14159265358979,3.14159265358979,                   655P   1233
3.14159265358979,1.,1.,0.707106781186548,0.707106781186548,1.,       655P   1234
1.,0.707106781186548,0.707106781186548,1.,1.,0.707106781186548,      655P   1235
0.707106781186548,1.,1.,0.707106781186548,0.707106781186548,1.,      655P   1236
1.,-22.5,0.,-48.5,-22.5,8.,-48.5,-22.5,0.,-46.,-22.5,8.,-46.,        655P   1237
-20.,0.,-46.,-20.,8.,-46.,-17.5,0.,-46.,-17.5,8.,-46.,-17.5,0.,      655P   1238
-48.5,-17.5,8.,-48.5,-17.5,0.,-51.,-17.5,8.,-51.,-20.,0.,-51.,       655P   1239
-20.,8.,-51.,-22.5,0.,-51.,-22.5,8.,-51.,-22.5,0.,-48.5,-22.5,       655P   1240
8.,-48.5,0.,3.20000000000001,-3.14159265358979,3.14159265358979;     655P   1241
128,1,8,1,2,0,1,0,0,1,0.,0.,2.66666666666666,2.66666666666666,       657P   1242
-3.14159265358979,-3.14159265358979,-3.14159265358979,               657P   1243
-1.5707963267949,-1.5707963267949,0.,0.,1.5707963267949,             657P   1244
1.5707963267949,3.14159265358979,3.14159265358979,                   657P   1245
3.14159265358979,1.,1.,0.707106781186548,0.707106781186548,1.,       657P   1246
1.,0.707106781186548,0.707106781186548,1.,1.,0.707106781186548,      657P   1247
0.707106781186548,1.,1.,0.707106781186548,0.707106781186548,1.,      657P   1248
1.,-45.3526407421441,0.,174.5,-45.3526407421441,8.,174.5,            657P   1249
-45.3526407421441,0.,177.5,-45.3526407421441,8.,177.5,               657P   1250
-42.3526407421441,0.,177.5,-42.3526407421441,8.,177.5,               657P   1251
-39.3526407421441,0.,177.5,-39.3526407421441,8.,177.5,               657P   1252
-39.3526407421441,0.,174.5,-39.3526407421441,8.,174.5,               657P   1253
-39.3526407421441,0.,171.5,-39.3526407421441,8.,171.5,               657P   1254
-42.3526407421441,0.,171.5,-42.3526407421441,8.,171.5,               657P   1255
-45.3526407421441,0.,171.5,-45.3526407421441,8.,171.5,               657P   1256
-45.3526407421441,0.,174.5,-45.3526407421441,8.,174.5,0.,            657P   1257
2.66666666666666,-3.14159265358979,3.14159265358979;                 657P   1258
128,1,8,1,2,0,1,0,0,1,0.,0.,3.80952380952379,3.80952380952379,       659P   1259
-3.14159265358979,-3.14159265358979,-3.14159265358979,               659P   1260
-1.5707963267949,-1.5707963267949,0.,0.,1.5707963267949,             659P   1261
1.5707963267949,3.14159265358979,3.14159265358979,                   659P   1262
3.14159265358979,1.,1.,0.707106781186548,0.707106781186548,1.,       659P   1263
1.,0.707106781186548,0.707106781186548,1.,1.,0.707106781186548,      659P   1264
0.707106781186548,1.,1.,0.707106781186548,0.707106781186548,1.,      659P   1265
1.,72.9000000000001,0.,7.5,72.9000000000001,8.,7.5,                  659P   1266
72.9000000000001,0.,9.60000000000001,72.9000000000001,8.,            659P   1267
9.60000000000001,75.0000000000001,0.,9.60000000000001,               659P   1268
75.0000000000001,8.,9.60000000000001,77.1000000000001,0.,            659P   1269
9.60000000000001,77.1000000000001,8.,9.60000000000001,               659P   1270
77.1000000000001,0.,7.5,77.1000000000001,8.,7.5,                     659P   1271
77.1000000000001,0.,5.39999999999999,77.1000000000001,8.,            659P   1272
5.39999999999999,75.0000000000001,0.,5.39999999999999,               659P   1273
75.0000000000001,8.,5.39999999999999,72.9000000000001,0.,            659P   1274
5.39999999999999,72.9000000000001,8.,5.39999999999999,               659P   1275
72.9000000000001,0.,7.5,72.9000000000001,8.,7.5,0.,                  659P   1276
3.80952380952379,-3.14159265358979,3.14159265358979;                 659P   1277
128,1,8,1,2,0,1,0,0,1,0.,0.,3.20000000000001,3.20000000000001,       661P   1278
-3.14159265358979,-3.14159265358979,-3.14159265358979,               661P   1279
-1.5707963267949,-1.5707963267949,0.,0.,1.5707963267949,             661P   1280
1.5707963267949,3.14159265358979,3.14159265358979,                   661P   1281
3.14159265358979,1.,1.,0.707106781186548,0.707106781186548,1.,       661P   1282
1.,0.707106781186548,0.707106781186548,1.,1.,0.707106781186548,      661P   1283
0.707106781186548,1.,1.,0.707106781186548,0.707106781186548,1.,      661P   1284
1.,-22.5,0.,-88.5,-22.5,8.,-88.5,-22.5,0.,-86.,-22.5,8.,-86.,        661P   1285
-20.,0.,-86.,-20.,8.,-86.,-17.5,0.,-86.,-17.5,8.,-86.,-17.5,0.,      661P   1286
-88.5,-17.5,8.,-88.5,-17.5,0.,-91.,-17.5,8.,-91.,-20.,0.,-91.,       661P   1287
-20.,8.,-91.,-22.5,0.,-91.,-22.5,8.,-91.,-22.5,0.,-88.5,-22.5,       661P   1288
8.,-88.5,0.,3.20000000000001,-3.14159265358979,3.14159265358979;     661P   1289
128,1,8,1,2,0,1,0,0,1,0.,0.,2.66666666666667,2.66666666666667,       663P   1290
-3.14159265358979,-3.14159265358979,-3.14159265358979,               663P   1291
-1.5707963267949,-1.5707963267949,0.,0.,1.5707963267949,             663P   1292
1.5707963267949,3.14159265358979,3.14159265358979,                   663P   1293
3.14159265358979,1.,1.,0.707106781186548,0.707106781186548,1.,       663P   1294
1.,0.707106781186548,0.707106781186548,1.,1.,0.707106781186548,      663P   1295
0.707106781186548,1.,1.,0.707106781186548,0.707106781186548,1.,      663P   1296
1.,-45.,0.,-83.5,-45.,8.,-83.5,-45.,0.,-80.5,-45.,8.,-80.5,-42.,     663P   1297
0.,-80.5,-42.,8.,-80.5,-39.,0.,-80.5,-39.,8.,-80.5,-39.,0.,          663P   1298
-83.5,-39.,8.,-83.5,-39.,0.,-86.5,-39.,8.,-86.5,-42.,0.,-86.5,       663P   1299
-42.,8.,-86.5,-45.,0.,-86.5,-45.,8.,-86.5,-45.,0.,-83.5,-45.,8.,     663P   1300
-83.5,0.,2.66666666666667,-3.14159265358979,3.14159265358979;        663P   1301
128,1,8,1,2,0,1,0,0,1,0.,0.,3.80952380952379,3.80952380952379,       665P   1302
-3.14159265358979,-3.14159265358979,-3.14159265358979,               665P   1303
-1.5707963267949,-1.5707963267949,0.,0.,1.5707963267949,             665P   1304
1.5707963267949,3.14159265358979,3.14159265358979,                   665P   1305
3.14159265358979,1.,1.,0.707106781186548,0.707106781186548,1.,       665P   1306
1.,0.707106781186548,0.707106781186548,1.,1.,0.707106781186548,      665P   1307
0.707106781186548,1.,1.,0.707106781186548,0.707106781186548,1.,      665P   1308
1.,72.9000000000001,0.,107.5,72.9000000000001,8.,107.5,              665P   1309
72.9000000000001,0.,109.6,72.9000000000001,8.,109.6,                 665P   1310
75.0000000000001,0.,109.6,75.0000000000001,8.,109.6,                 665P   1311
77.1000000000001,0.,109.6,77.1000000000001,8.,109.6,                 665P   1312
77.1000000000001,0.,107.5,77.1000000000001,8.,107.5,                 665P   1313
77.1000000000001,0.,105.4,77.1000000000001,8.,105.4,                 665P   1314
75.0000000000001,0.,105.4,75.0000000000001,8.,105.4,                 665P   1315
72.9000000000001,0.,105.4,72.9000000000001,8.,105.4,                 665P   1316
72.9000000000001,0.,107.5,72.9000000000001,8.,107.5,0.,              665P   1317
3.80952380952379,-3.14159265358979,3.14159265358979;                 665P   1318
128,1,8,1,2,0,1,0,0,1,0.,0.,2.66666666666667,2.66666666666667,       667P   1319
-3.14159265358979,-3.14159265358979,-3.14159265358979,               667P   1320
-1.5707963267949,-1.5707963267949,0.,0.,1.5707963267949,             667P   1321
1.5707963267949,3.14159265358979,3.14159265358979,                   667P   1322
3.14159265358979,1.,1.,0.707106781186548,0.707106781186548,1.,       667P   1323
1.,0.707106781186548,0.707106781186548,1.,1.,0.707106781186548,      667P   1324
0.707106781186548,1.,1.,0.707106781186548,0.707106781186548,1.,      667P   1325
1.,-81.,0.,-51.5,-81.,8.,-51.5,-81.,0.,-48.5,-81.,8.,-48.5,-78.,     667P   1326
0.,-48.5,-78.,8.,-48.5,-75.,0.,-48.5,-75.,8.,-48.5,-75.,0.,          667P   1327
-51.5,-75.,8.,-51.5,-75.,0.,-54.5,-75.,8.,-54.5,-78.,0.,-54.5,       667P   1328
-78.,8.,-54.5,-81.,0.,-54.5,-81.,8.,-54.5,-81.,0.,-51.5,-81.,8.,     667P   1329
-51.5,0.,2.66666666666667,-3.14159265358979,3.14159265358979;        667P   1330
128,1,8,1,2,0,1,0,0,1,0.,0.,3.80952380952379,3.80952380952379,       669P   1331
-3.14159265358979,-3.14159265358979,-3.14159265358979,               669P   1332
-1.5707963267949,-1.5707963267949,0.,0.,1.5707963267949,             669P   1333
1.5707963267949,3.14159265358979,3.14159265358979,                   669P   1334
3.14159265358979,1.,1.,0.707106781186548,0.707106781186548,1.,       669P   1335
1.,0.707106781186548,0.707106781186548,1.,1.,0.707106781186548,      669P   1336
0.707106781186548,1.,1.,0.707106781186548,0.707106781186548,1.,      669P   1337
1.,72.9000000000001,0.,-92.5,72.9000000000001,8.,-92.5,              669P   1338
72.9000000000001,0.,-90.4,72.9000000000001,8.,-90.4,                 669P   1339
75.0000000000001,0.,-90.4,75.0000000000001,8.,-90.4,                 669P   1340
77.1000000000001,0.,-90.4,77.1000000000001,8.,-90.4,                 669P   1341
77.1000000000001,0.,-92.5,77.1000000000001,8.,-92.5,                 669P   1342
77.1000000000001,0.,-94.6,77.1000000000001,8.,-94.6,                 669P   1343
75.0000000000001,0.,-94.6,75.0000000000001,8.,-94.6,                 669P   1344
72.9000000000001,0.,-94.6,72.9000000000001,8.,-94.6,                 669P   1345
72.9000000000001,0.,-92.5,72.9000000000001,8.,-92.5,0.,              669P   1346
3.80952380952379,-3.14159265358979,3.14159265358979;                 669P   1347
128,1,8,1,2,0,1,0,0,1,0.,0.,2.35294117647059,2.35294117647059,       671P   1348
-3.14159265358979,-3.14159265358979,-3.14159265358979,               671P   1349
-1.5707963267949,-1.5707963267949,0.,0.,1.5707963267949,             671P   1350
1.5707963267949,3.14159265358979,3.14159265358979,                   671P   1351
3.14159265358979,1.,1.,0.707106781186548,0.707106781186548,1.,       671P   1352
1.,0.707106781186548,0.707106781186548,1.,1.,0.707106781186548,      671P   1353
0.707106781186548,1.,1.,0.707106781186548,0.707106781186548,1.,      671P   1354
1.,-63.3999999999999,0.,121.639997772373,-63.3999999999999,8.,       671P   1355
121.639997772373,-63.3999999999999,0.,125.039997772373,              671P   1356
-63.3999999999999,8.,125.039997772373,-59.9999999999999,0.,          671P   1357
125.039997772373,-59.9999999999999,8.,125.039997772373,              671P   1358
-56.5999999999999,0.,125.039997772373,-56.5999999999999,8.,          671P   1359
125.039997772373,-56.5999999999999,0.,121.639997772373,              671P   1360
-56.5999999999999,8.,121.639997772373,-56.5999999999999,0.,          671P   1361
118.239997772373,-56.5999999999999,8.,118.239997772373,              671P   1362
-59.9999999999999,0.,118.239997772373,-59.9999999999999,8.,          671P   1363
118.239997772373,-63.3999999999999,0.,118.239997772373,              671P   1364
-63.3999999999999,8.,118.239997772373,-63.3999999999999,0.,          671P   1365
121.639997772373,-63.3999999999999,8.,121.639997772373,0.,           671P   1366
2.35294117647059,-3.14159265358979,3.14159265358979;                 671P   1367
128,1,8,1,2,0,1,0,0,1,0.,0.,3.2,3.2,-3.14159265358979,               673P   1368
-3.14159265358979,-3.14159265358979,-1.5707963267949,                673P   1369
-1.5707963267949,0.,0.,1.5707963267949,1.5707963267949,              673P   1370
3.14159265358979,3.14159265358979,3.14159265358979,1.,1.,            673P   1371
0.707106781186548,0.707106781186548,1.,1.,0.707106781186548,         673P   1372
0.707106781186548,1.,1.,0.707106781186548,0.707106781186548,1.,      673P   1373
1.,0.707106781186548,0.707106781186548,1.,1.,17.5,0.,86.5,17.5,      673P   1374
8.,86.5,17.5,0.,89.,17.5,8.,89.,20.,0.,89.,20.,8.,89.,22.5,0.,       673P   1375
89.,22.5,8.,89.,22.5,0.,86.5,22.5,8.,86.5,22.5,0.,84.,22.5,8.,       673P   1376
84.,20.,0.,84.,20.,8.,84.,17.5,0.,84.,17.5,8.,84.,17.5,0.,86.5,      673P   1377
17.5,8.,86.5,0.,3.2,-3.14159265358979,3.14159265358979;              673P   1378
128,1,8,1,2,0,1,0,0,1,0.,0.,2.66666666666667,2.66666666666667,       675P   1379
-3.14159265358979,-3.14159265358979,-3.14159265358979,               675P   1380
-1.5707963267949,-1.5707963267949,0.,0.,1.5707963267949,             675P   1381
1.5707963267949,3.14159265358979,3.14159265358979,                   675P   1382
3.14159265358979,1.,1.,0.707106781186548,0.707106781186548,1.,       675P   1383
1.,0.707106781186548,0.707106781186548,1.,1.,0.707106781186548,      675P   1384
0.707106781186548,1.,1.,0.707106781186548,0.707106781186548,1.,      675P   1385
1.,39.,0.,-83.5,39.,8.,-83.5,39.,0.,-80.5,39.,8.,-80.5,42.,0.,       675P   1386
-80.5,42.,8.,-80.5,45.,0.,-80.5,45.,8.,-80.5,45.,0.,-83.5,45.,       675P   1387
8.,-83.5,45.,0.,-86.5,45.,8.,-86.5,42.,0.,-86.5,42.,8.,-86.5,        675P   1388
39.,0.,-86.5,39.,8.,-86.5,39.,0.,-83.5,39.,8.,-83.5,0.,              675P   1389
2.66666666666667,-3.14159265358979,3.14159265358979;                 675P   1390
128,1,8,1,2,0,1,0,0,1,0.,0.,2.35294117647058,2.35294117647058,       677P   1391
-3.14159265358979,-3.14159265358979,-3.14159265358979,               677P   1392
-1.5707963267949,-1.5707963267949,0.,0.,1.5707963267949,             677P   1393
1.5707963267949,3.14159265358979,3.14159265358979,                   677P   1394
3.14159265358979,1.,1.,0.707106781186548,0.707106781186548,1.,       677P   1395
1.,0.707106781186548,0.707106781186548,1.,1.,0.707106781186548,      677P   1396
0.707106781186548,1.,1.,0.707106781186548,0.707106781186548,1.,      677P   1397
1.,-3.39999999999992,0.,121.639997772373,-3.39999999999992,8.,       677P   1398
121.639997772373,-3.39999999999992,0.,125.039997772373,              677P   1399
-3.39999999999992,8.,125.039997772373,8.88178419700125D-14,0.,       677P   1400
125.039997772373,8.88178419700125D-14,8.,125.039997772373,           677P   1401
3.40000000000009,0.,125.039997772373,3.40000000000009,8.,            677P   1402
125.039997772373,3.40000000000009,0.,121.639997772373,               677P   1403
3.40000000000009,8.,121.639997772373,3.40000000000009,0.,            677P   1404
118.239997772373,3.40000000000009,8.,118.239997772373,               677P   1405
8.88178419700125D-14,0.,118.239997772373,8.88178419700125D-14,       677P   1406
8.,118.239997772373,-3.39999999999992,0.,118.239997772373,           677P   1407
-3.39999999999992,8.,118.239997772373,-3.39999999999992,0.,          677P   1408
121.639997772373,-3.39999999999992,8.,121.639997772373,0.,           677P   1409
2.35294117647058,-3.14159265358979,3.14159265358979;                 677P   1410
128,1,8,1,2,0,1,0,0,1,0.,0.,3.20000000000001,3.20000000000001,       679P   1411
-3.14159265358979,-3.14159265358979,-3.14159265358979,               679P   1412
-1.5707963267949,-1.5707963267949,0.,0.,1.5707963267949,             679P   1413
1.5707963267949,3.14159265358979,3.14159265358979,                   679P   1414
3.14159265358979,1.,1.,0.707106781186548,0.707106781186548,1.,       679P   1415
1.,0.707106781186548,0.707106781186548,1.,1.,0.707106781186548,      679P   1416
0.707106781186548,1.,1.,0.707106781186548,0.707106781186548,1.,      679P   1417
1.,17.5,0.,-88.5,17.5,8.,-88.5,17.5,0.,-86.,17.5,8.,-86.,20.,0.,     679P   1418
-86.,20.,8.,-86.,22.5,0.,-86.,22.5,8.,-86.,22.5,0.,-88.5,22.5,       679P   1419
8.,-88.5,22.5,0.,-91.,22.5,8.,-91.,20.,0.,-91.,20.,8.,-91.,17.5,     679P   1420
0.,-91.,17.5,8.,-91.,17.5,0.,-88.5,17.5,8.,-88.5,0.,                 679P   1421
3.20000000000001,-3.14159265358979,3.14159265358979;                 679P   1422
128,1,8,1,2,0,1,0,0,1,0.,0.,3.20000000000001,3.20000000000001,       681P   1423
-3.14159265358979,-3.14159265358979,-3.14159265358979,               681P   1424
-1.5707963267949,-1.5707963267949,0.,0.,1.5707963267949,             681P   1425
1.5707963267949,3.14159265358979,3.14159265358979,                   681P   1426
3.14159265358979,1.,1.,0.707106781186548,0.707106781186548,1.,       681P   1427
1.,0.707106781186548,0.707106781186548,1.,1.,0.707106781186548,      681P   1428
0.707106781186548,1.,1.,0.707106781186548,0.707106781186548,1.,      681P   1429
1.,-22.5,0.,46.5,-22.5,8.,46.5,-22.5,0.,49.,-22.5,8.,49.,-20.,       681P   1430
0.,49.,-20.,8.,49.,-17.5,0.,49.,-17.5,8.,49.,-17.5,0.,46.5,          681P   1431
-17.5,8.,46.5,-17.5,0.,44.,-17.5,8.,44.,-20.,0.,44.,-20.,8.,44.,     681P   1432
-22.5,0.,44.,-22.5,8.,44.,-22.5,0.,46.5,-22.5,8.,46.5,0.,            681P   1433
3.20000000000001,-3.14159265358979,3.14159265358979;                 681P   1434
128,1,8,1,2,0,1,0,0,1,0.,0.,3.20000000000001,3.20000000000001,       683P   1435
-3.14159265358979,-3.14159265358979,-3.14159265358979,               683P   1436
-1.5707963267949,-1.5707963267949,0.,0.,1.5707963267949,             683P   1437
1.5707963267949,3.14159265358979,3.14159265358979,                   683P   1438
3.14159265358979,1.,1.,0.707106781186548,0.707106781186548,1.,       683P   1439
1.,0.707106781186548,0.707106781186548,1.,1.,0.707106781186548,      683P   1440
0.707106781186548,1.,1.,0.707106781186548,0.707106781186548,1.,      683P   1441
1.,17.5,0.,-48.5,17.5,8.,-48.5,17.5,0.,-46.,17.5,8.,-46.,20.,0.,     683P   1442
-46.,20.,8.,-46.,22.5,0.,-46.,22.5,8.,-46.,22.5,0.,-48.5,22.5,       683P   1443
8.,-48.5,22.5,0.,-51.,22.5,8.,-51.,20.,0.,-51.,20.,8.,-51.,17.5,     683P   1444
0.,-51.,17.5,8.,-51.,17.5,0.,-48.5,17.5,8.,-48.5,0.,                 683P   1445
3.20000000000001,-3.14159265358979,3.14159265358979;                 683P   1446
128,1,8,1,2,0,1,0,0,1,0.,0.,2.66666666666667,2.66666666666667,       685P   1447
-3.14159265358979,-3.14159265358979,-3.14159265358979,               685P   1448
-1.5707963267949,-1.5707963267949,0.,0.,1.5707963267949,             685P   1449
1.5707963267949,3.14159265358979,3.14159265358979,                   685P   1450
3.14159265358979,1.,1.,0.707106781186548,0.707106781186548,1.,       685P   1451
1.,0.707106781186548,0.707106781186548,1.,1.,0.707106781186548,      685P   1452
0.707106781186548,1.,1.,0.707106781186548,0.707106781186548,1.,      685P   1453
1.,39.,0.,-51.5,39.,8.,-51.5,39.,0.,-48.5,39.,8.,-48.5,42.,0.,       685P   1454
-48.5,42.,8.,-48.5,45.,0.,-48.5,45.,8.,-48.5,45.,0.,-51.5,45.,       685P   1455
8.,-51.5,45.,0.,-54.5,45.,8.,-54.5,42.,0.,-54.5,42.,8.,-54.5,        685P   1456
39.,0.,-54.5,39.,8.,-54.5,39.,0.,-51.5,39.,8.,-51.5,0.,              685P   1457
2.66666666666667,-3.14159265358979,3.14159265358979;                 685P   1458
128,1,8,1,2,0,1,0,0,1,0.,0.,2.66666666666668,2.66666666666668,       687P   1459
-3.14159265358979,-3.14159265358979,-3.14159265358979,               687P   1460
-1.5707963267949,-1.5707963267949,0.,0.,1.5707963267949,             687P   1461
1.5707963267949,3.14159265358979,3.14159265358979,                   687P   1462
3.14159265358979,1.,1.,0.707106781186548,0.707106781186548,1.,       687P   1463
1.,0.707106781186548,0.707106781186548,1.,1.,0.707106781186548,      687P   1464
0.707106781186548,1.,1.,0.707106781186548,0.707106781186548,1.,      687P   1465
1.,75.,0.,-83.5,75.,8.,-83.5,75.,0.,-80.5,75.,8.,-80.5,78.,0.,       687P   1466
-80.5,78.,8.,-80.5,81.,0.,-80.5,81.,8.,-80.5,81.,0.,-83.5,81.,       687P   1467
8.,-83.5,81.,0.,-86.5,81.,8.,-86.5,78.,0.,-86.5,78.,8.,-86.5,        687P   1468
75.,0.,-86.5,75.,8.,-86.5,75.,0.,-83.5,75.,8.,-83.5,0.,              687P   1469
2.66666666666668,-3.14159265358979,3.14159265358979;                 687P   1470
128,1,8,1,2,0,1,0,0,1,0.,0.,3.2,3.2,-3.14159265358979,               689P   1471
-3.14159265358979,-3.14159265358979,-1.5707963267949,                689P   1472
-1.5707963267949,0.,0.,1.5707963267949,1.5707963267949,              689P   1473
3.14159265358979,3.14159265358979,3.14159265358979,1.,1.,            689P   1474
0.707106781186548,0.707106781186548,1.,1.,0.707106781186548,         689P   1475
0.707106781186548,1.,1.,0.707106781186548,0.707106781186548,1.,      689P   1476
1.,0.707106781186548,0.707106781186548,1.,1.,-22.5,0.,86.5,          689P   1477
-22.5,8.,86.5,-22.5,0.,89.,-22.5,8.,89.,-20.,0.,89.,-20.,8.,89.,     689P   1478
-17.5,0.,89.,-17.5,8.,89.,-17.5,0.,86.5,-17.5,8.,86.5,-17.5,0.,      689P   1479
84.,-17.5,8.,84.,-20.,0.,84.,-20.,8.,84.,-22.5,0.,84.,-22.5,8.,      689P   1480
84.,-22.5,0.,86.5,-22.5,8.,86.5,0.,3.2,-3.14159265358979,            689P   1481
3.14159265358979;                                                    689P   1482
128,1,8,1,2,0,1,0,0,1,0.,0.,2.66666666666667,2.66666666666667,       691P   1483
-3.14159265358979,-3.14159265358979,-3.14159265358979,               691P   1484
-1.5707963267949,-1.5707963267949,0.,0.,1.5707963267949,             691P   1485
1.5707963267949,3.14159265358979,3.14159265358979,                   691P   1486
3.14159265358979,1.,1.,0.707106781186548,0.707106781186548,1.,       691P   1487
1.,0.707106781186548,0.707106781186548,1.,1.,0.707106781186548,      691P   1488
0.707106781186548,1.,1.,0.707106781186548,0.707106781186548,1.,      691P   1489
1.,-81.,0.,51.5,-81.,8.,51.5,-81.,0.,54.5,-81.,8.,54.5,-78.,0.,      691P   1490
54.5,-78.,8.,54.5,-75.,0.,54.5,-75.,8.,54.5,-75.,0.,51.5,-75.,       691P   1491
8.,51.5,-75.,0.,48.5,-75.,8.,48.5,-78.,0.,48.5,-78.,8.,48.5,         691P   1492
-81.,0.,48.5,-81.,8.,48.5,-81.,0.,51.5,-81.,8.,51.5,0.,              691P   1493
2.66666666666667,-3.14159265358979,3.14159265358979;                 691P   1494
128,1,1,1,1,0,0,1,0,0,-0.001,-0.001,9.62380765221302,                693P   1495
9.62380765221302,-0.001,-0.001,0.801,0.801,1.,1.,1.,1.,              693P   1496
-47.9766790032092,-0.01,181.639997772373,48.271397518921,-0.01,      693P   1497
181.639997772373,-47.9766790032092,8.01,181.639997772373,            693P   1498
48.271397518921,8.01,181.639997772373,-0.001,9.62380765221302,       693P   1499
-0.001,0.801;                                                        693P   1500
128,1,2,1,2,0,0,0,0,0,0.,0.,0.999999999999999,0.999999999999999,     695P   1501
0.,0.,0.,1.04719755119659,1.04719755119659,1.04719755119659,1.,      695P   1502
1.,0.86602540378444,0.86602540378444,1.,1.,-54.8948822334847,8.,     695P   1503
177.639997772373,-54.8948822334847,0.,177.639997772373,              695P   1504
-52.5854811567262,8.,181.639997772373,-52.5854811567262,0.,          695P   1505
181.639997772373,-47.9666790032092,8.,181.639997772373,              695P   1506
-47.9666790032092,0.,181.639997772373,0.,0.999999999999999,0.,       695P   1507
1.04719755119659;                                                    695P   1508
128,1,1,1,1,0,0,1,0,0,-0.001,-0.001,7.40766419935816,                697P   1509
7.40766419935816,-0.001,-0.001,0.801,0.801,1.,1.,1.,1.,              697P   1510
-91.9332032302755,-0.01,113.487743978886,-54.8898822334846,          697P   1511
-0.01,177.64865802641,-91.9332032302755,8.01,113.487743978886,       697P   1512
-54.8898822334846,8.01,177.64865802641,-0.001,7.40766419935816,      697P   1513
-0.001,0.801;                                                        697P   1514
128,1,2,1,2,0,0,0,0,0,0.,0.,0.99999999999993,0.99999999999993,       699P   1515
-1.97215226305239D-30,-1.97215226305239D-30,                         699P   1516
-1.97215226305239D-30,0.523598775598264,0.523598775598264,           699P   1517
0.523598775598264,1.,1.,0.965925826289073,0.965925826289073,1.,      699P   1518
1.,-93.,8.,109.496404232924,-93.,0.,109.496404232924,-93.,8.,        699P   1519
111.639997772373,-93.,0.,111.639997772373,-91.9282032302755,8.,      699P   1520
113.496404232924,-91.9282032302755,0.,113.496404232924,0.,           699P   1521
0.99999999999993,-1.97215226305239D-30,0.523598775598264;            699P   1522
128,1,1,1,1,0,0,1,0,0,-0.001,-0.001,20.2006404232924,                701P   1523
20.2006404232924,-0.001,-0.001,0.801,0.801,1.,1.,1.,1.,              701P   1524
-92.9999999999999,-0.01,-92.51,-93.,-0.01,109.506404232924,          701P   1525
-92.9999999999999,8.01,-92.51,-93.,8.01,109.506404232924,-0.001,     701P   1526
20.2006404232924,-0.001,0.801;                                       701P   1527
128,1,2,1,2,0,0,0,0,0,0.,0.,1.,1.,0.,0.,0.,1.5707963267949,          703P   1528
1.5707963267949,1.5707963267949,1.,1.,0.707106781186548,             703P   1529
0.707106781186548,1.,1.,-85.,8.,-100.5,-85.,0.,-100.5,-93.,8.,       703P   1530
-100.5,-93.,0.,-100.5,-93.,8.,-92.5,-93.,0.,-92.5,0.,1.,0.,          703P   1531
1.5707963267949;                                                     703P   1532
128,1,1,1,1,0,0,1,0,0,-0.001,-0.001,17.001,17.001,-0.001,-0.001,     705P   1533
0.801,0.801,1.,1.,1.,1.,85.01,-0.01,-100.5,-85.01,-0.01,-100.5,      705P   1534
85.01,8.01,-100.5,-85.01,8.01,-100.5,-0.001,17.001,-0.001,0.801;     705P   1535
128,1,2,1,2,0,0,0,0,0,0.,0.,0.999999999999993,0.999999999999993,     707P   1536
0.,0.,0.,1.5707963267949,1.5707963267949,1.5707963267949,1.,1.,      707P   1537
0.707106781186548,0.707106781186548,1.,1.,93.0000000000001,8.,       707P   1538
-92.4999999999999,93.0000000000001,0.,-92.4999999999999,             707P   1539
93.0000000000001,8.,-100.5,93.0000000000001,0.,-100.5,85.,8.,        707P   1540
-100.5,85.,0.,-100.5,0.,0.999999999999993,0.,1.5707963267949;        707P   1541
128,1,1,1,1,0,0,1,0,0,-0.00100000000000178,-0.00100000000000178,     709P   1542
20.2516871676068,20.2516871676068,-0.001,-0.001,0.801,0.801,1.,      709P   1543
1.,1.,1.,93.,-0.01,110.016871676068,93.0000000000001,-0.01,          709P   1544
-92.51,93.,8.01,110.016871676068,93.0000000000001,8.01,-92.51,       709P   1545
-0.00100000000000178,20.2516871676068,-0.001,0.801;                  709P   1546
128,1,2,1,2,0,0,0,0,0,0.,0.,0.999999999999938,0.999999999999938,     711P   1547
0.,0.,0.,0.523598775598268,0.523598775598268,0.523598775598268,      711P   1548
1.,1.,0.965925826289072,0.965925826289072,1.,1.,                     711P   1549
91.9282032302755,8.,114.006871676068,91.9282032302755,0.,            711P   1550
114.006871676068,93.,8.,112.150465215517,93.,0.,                     711P   1551
112.150465215517,93.,8.,110.006871676068,93.,0.,                     711P   1552
110.006871676068,0.,0.999999999999938,0.,0.523598775598268;          711P   1553
128,1,1,1,1,0,0,1,0,0,-0.001,-0.001,7.3487204962158,                 713P   1554
7.3487204962158,-0.001,-0.001,0.801,0.801,1.,1.,1.,1.,               713P   1555
55.1846007491966,-0.01,177.64865802641,91.9332032302756,-0.01,       713P   1556
113.99821142203,55.1846007491966,8.01,177.64865802641,               713P   1557
91.9332032302756,8.01,113.99821142203,-0.001,7.3487204962158,        713P   1558
-0.001,0.801;                                                        713P   1559
128,1,2,1,2,0,0,0,0,0,0.,0.,0.999999999999999,0.999999999999999,     715P   1560
0.,0.,0.,1.0471975511966,1.0471975511966,1.0471975511966,1.,1.,      715P   1561
0.866025403784439,0.866025403784439,1.,1.,48.2613975189211,8.,       715P   1562
181.639997772373,48.2613975189211,0.,181.639997772373,               715P   1563
52.8801996724381,8.,181.639997772373,52.8801996724381,0.,            715P   1564
181.639997772373,55.1896007491966,8.,177.639997772373,               715P   1565
55.1896007491966,0.,177.639997772373,0.,0.999999999999999,0.,        715P   1566
1.0471975511966;                                                     715P   1567
128,1,1,1,1,0,0,1,0,0,-9.301,-9.301,9.301,9.301,                     717P   1568
-14.1079998886186,-14.1079998886186,14.1079998886186,                717P   1569
14.1079998886186,1.,1.,1.,1.,-93.01,8.,181.649997772373,             717P   1570
93.0100000000001,8.,181.649997772373,-93.01,8.,-100.51,              717P   1571
93.0100000000001,8.,-100.51,-9.301,9.301,-14.1079998886186,          717P   1572
14.1079998886186;                                                    717P   1573
128,1,1,1,1,0,0,1,0,0,-9.301,-9.301,9.301,9.301,                     719P   1574
-14.1079998886186,-14.1079998886186,14.1079998886186,                719P   1575
14.1079998886186,1.,1.,1.,1.,93.0100000000001,0.,                    719P   1576
181.649997772373,-93.01,0.,181.649997772373,93.0100000000001,0.,     719P   1577
-100.51,-93.01,0.,-100.51,-9.301,9.301,-14.1079998886186,            719P   1578
14.1079998886186;                                                    719P   1579
502,94,-45.,8.,83.5,-45.,0.,83.5,-45.,8.,-51.5,-45.,0.,-51.5,        721P   1580
-45.,8.,51.5,-45.,0.,51.5,-77.0999999999999,8.,-92.5,                721P   1581
-77.0999999999999,0.,-92.5,75.,8.,51.5,75.,0.,51.5,75.,8.,83.5,      721P   1582
75.,0.,83.5,39.,8.,83.5,39.,0.,83.5,-81.,8.,-83.5,-81.,0.,-83.5,     721P   1583
39.,8.,51.5,39.,0.,51.5,-81.,8.,83.5,-81.,0.,83.5,                   721P   1584
-77.0999999999999,8.,7.5,-77.0999999999999,0.,7.5,75.,8.,-51.5,      721P   1585
75.,0.,-51.5,39.6473592578559,8.,174.5,39.6473592578559,0.,          721P   1586
174.5,17.5,8.,46.5,17.5,0.,46.5,-77.0999999999999,8.,107.5,          721P   1587
-77.0999999999999,0.,107.5,56.6000000000001,8.,121.639997772373,     721P   1588
56.6000000000001,0.,121.639997772373,-22.5,8.,-48.5,-22.5,0.,        721P   1589
-48.5,-45.3526407421441,8.,174.5,-45.3526407421441,0.,174.5,         721P   1590
72.9000000000001,8.,7.5,72.9000000000001,0.,7.5,-22.5,8.,-88.5,      721P   1591
-22.5,0.,-88.5,-45.,8.,-83.5,-45.,0.,-83.5,72.9000000000001,8.,      721P   1592
107.5,72.9000000000001,0.,107.5,-81.,8.,-51.5,-81.,0.,-51.5,         721P   1593
72.9000000000001,8.,-92.5,72.9000000000001,0.,-92.5,                 721P   1594
-63.3999999999999,8.,121.639997772373,-63.3999999999999,0.,          721P   1595
121.639997772373,17.5,8.,86.5,17.5,0.,86.5,39.,8.,-83.5,39.,0.,      721P   1596
-83.5,-3.39999999999992,8.,121.639997772373,-3.39999999999992,       721P   1597
0.,121.639997772373,17.5,8.,-88.5,17.5,0.,-88.5,-22.5,8.,46.5,       721P   1598
-22.5,0.,46.5,17.5,8.,-48.5,17.5,0.,-48.5,39.,8.,-51.5,39.,0.,       721P   1599
-51.5,75.,8.,-83.5,75.,0.,-83.5,-22.5,8.,86.5,-22.5,0.,86.5,         721P   1600
-81.,8.,51.5,-81.,0.,51.5,48.2613975189211,0.,181.639997772373,      721P   1601
-47.9666790032092,0.,181.639997772373,48.2613975189211,8.,           721P   1602
181.639997772373,-47.9666790032092,8.,181.639997772373,              721P   1603
-54.8948822334847,0.,177.639997772373,-54.8948822334847,8.,          721P   1604
177.639997772373,-91.9282032302755,0.,113.496404232924,              721P   1605
-91.9282032302755,8.,113.496404232924,-93.,0.,109.496404232924,      721P   1606
-93.,8.,109.496404232924,-93.,0.,-92.5,-93.,8.,-92.5,-85.,0.,        721P   1607
-100.5,-85.,8.,-100.5,85.,0.,-100.5,85.,8.,-100.5,                   721P   1608
93.0000000000001,0.,-92.4999999999999,93.0000000000001,8.,           721P   1609
-92.4999999999999,93.,0.,110.006871676068,93.,8.,                    721P   1610
110.006871676068,91.9282032302755,0.,114.006871676068,               721P   1611
91.9282032302755,8.,114.006871676068,55.1896007491966,0.,            721P   1612
177.639997772373,55.1896007491966,8.,177.639997772373;               721P   1613
504,141,341,721,1,721,1,343,721,1,721,2,345,721,2,721,2,347,721,     723P   1614
3,721,3,349,721,3,721,4,351,721,4,721,4,353,721,5,721,5,355,721,     723P   1615
5,721,6,357,721,6,721,6,359,721,7,721,7,361,721,7,721,8,363,721,     723P   1616
8,721,8,365,721,9,721,9,367,721,9,721,10,369,721,10,721,10,371,      723P   1617
721,11,721,11,373,721,11,721,12,375,721,12,721,12,377,721,13,        723P   1618
721,13,379,721,13,721,14,381,721,14,721,14,383,721,15,721,15,        723P   1619
385,721,15,721,16,387,721,16,721,16,389,721,17,721,17,391,721,       723P   1620
17,721,18,393,721,18,721,18,395,721,19,721,19,397,721,19,721,20,     723P   1621
399,721,20,721,20,401,721,21,721,21,403,721,21,721,22,405,721,       723P   1622
22,721,22,407,721,23,721,23,409,721,23,721,24,411,721,24,721,24,     723P   1623
413,721,25,721,25,415,721,25,721,26,417,721,26,721,26,419,721,       723P   1624
27,721,27,421,721,27,721,28,423,721,28,721,28,425,721,29,721,29,     723P   1625
427,721,29,721,30,429,721,30,721,30,431,721,31,721,31,433,721,       723P   1626
31,721,32,435,721,32,721,32,437,721,33,721,33,439,721,33,721,34,     723P   1627
441,721,34,721,34,443,721,35,721,35,445,721,35,721,36,447,721,       723P   1628
36,721,36,449,721,37,721,37,451,721,37,721,38,453,721,38,721,38,     723P   1629
455,721,39,721,39,457,721,39,721,40,459,721,40,721,40,461,721,       723P   1630
41,721,41,463,721,41,721,42,465,721,42,721,42,467,721,43,721,43,     723P   1631
469,721,43,721,44,471,721,44,721,44,473,721,45,721,45,475,721,       723P   1632
45,721,46,477,721,46,721,46,479,721,47,721,47,481,721,47,721,48,     723P   1633
483,721,48,721,48,485,721,49,721,49,487,721,49,721,50,489,721,       723P   1634
50,721,50,491,721,51,721,51,493,721,51,721,52,495,721,52,721,52,     723P   1635
497,721,53,721,53,499,721,53,721,54,501,721,54,721,54,503,721,       723P   1636
55,721,55,505,721,55,721,56,507,721,56,721,56,509,721,57,721,57,     723P   1637
511,721,57,721,58,513,721,58,721,58,515,721,59,721,59,517,721,       723P   1638
59,721,60,519,721,60,721,60,521,721,61,721,61,523,721,61,721,62,     723P   1639
525,721,62,721,62,527,721,63,721,63,529,721,63,721,64,531,721,       723P   1640
64,721,64,533,721,65,721,65,535,721,65,721,66,537,721,66,721,66,     723P   1641
539,721,67,721,67,541,721,67,721,68,543,721,68,721,68,545,721,       723P   1642
69,721,69,547,721,69,721,70,549,721,70,721,70,551,721,71,721,72,     723P   1643
553,721,71,721,73,555,721,74,721,73,557,721,72,721,74,559,721,       723P   1644
75,721,72,561,721,76,721,74,563,721,75,721,76,565,721,75,721,77,     723P   1645
567,721,78,721,76,569,721,77,721,78,571,721,79,721,77,573,721,       723P   1646
80,721,78,575,721,79,721,80,577,721,79,721,81,579,721,82,721,80,     723P   1647
581,721,81,721,82,583,721,83,721,81,585,721,84,721,82,587,721,       723P   1648
83,721,84,589,721,83,721,85,591,721,86,721,84,593,721,85,721,86,     723P   1649
595,721,87,721,85,597,721,88,721,86,599,721,87,721,88,601,721,       723P   1650
87,721,89,603,721,90,721,88,605,721,89,721,90,607,721,91,721,89,     723P   1651
609,721,92,721,90,611,721,91,721,92,613,721,91,721,93,615,721,       723P   1652
94,721,92,617,721,93,721,94,619,721,71,721,93,621,721,73,721,94;     723P   1653
406,1,5HBody1;                                                       725P   1654
314,96.078431372549,96.078431372549,96.4705882352941,16HAluminum     727P   1655
 - Satin;                                                            727P   1656
S      1G      3D    728P   1656                                        T      1
