                                                                        S      1
,,35HY AXIS - STEPPER-TIME BELT ASSEMBLY,35HY AXIS - STEPPER-TIME BELT AG      1
SSEMBLY,7Hunknown,7Hunknown,32,38,7,99,15,,1.,2,2HMM,1,0.08,15H20181125.G      2
003923,0.01,10000.,9Hlimitness,7Hunknown,11,0,15H20180913.125843;       G      3
     408       1                                      27        00000001D      1
     408       0               1       0                               0D      2
     408       2                                      29        00000001D      3
     408       0               1       0                               0D      4
     408       3                                      31        00000001D      5
     408       0               1       0                               0D      6
     408       4                                      33        00000001D      7
     408       0               1       0                               0D      8
     408       5                                      35        00010001D      9
     408       0               1       0                               0D     10
     408       6                                      37        00000001D     11
     408       0               1       0                               0D     12
     408       7                                      39        00000001D     13
     408       0               1       0                               0D     14
     408       8                                                00000001D     15
     408       0               1       0                               0D     16
     408       9                                      41        00000001D     17
     408       0               1       0                               0D     18
     408      10                                      43        00000001D     19
     408       0               1       0                               0D     20
     408      11                                      45        00000001D     21
     408       0               1       0                               0D     22
     408      12                                      47        00000001D     23
     408       0               1       0                               0D     24
     408      13                                      49        00000001D     25
     408       0               1       0                               0D     26
     124      14                                                00000000D     27
     124                       4       0                               0D     28
     124      18                                                00000000D     29
     124                       4       0                               0D     30
     124      22                                                00000000D     31
     124                       4       0                               0D     32
     124      26                                                00000000D     33
     124                       4       0                               0D     34
     124      30                                                00000000D     35
     124                       4       0                               0D     36
     124      34                                                00000000D     37
     124                       4       0                               0D     38
     124      38                                                00000000D     39
     124                       4       0                               0D     40
     124      42                                                00000000D     41
     124                       4       0                               0D     42
     124      46                                                00000000D     43
     124                       4       0                               0D     44
     124      50                                                00000000D     45
     124                       4       0                               0D     46
     124      54                                                00000000D     47
     124                       4       0                               0D     48
     124      58                                                00000000D     49
     124                       4       0                               0D     50
     308      62                                                00010200D     51
     308       0               1       0                               0D     52
     308      63                                                00010200D     53
     308       0               1       0                               0D     54
     308      64                                                00010200D     55
     308       0               1       0                               0D     56
     308      65                                                00010200D     57
     308       0               1       0                               0D     58
     308      66                                                00010200D     59
     308       0               1       0                               0D     60
     308      67                                                00010200D     61
     308       0               1       0                               0D     62
     308      68                                                00010200D     63
     308       0               1       0                               0D     64
     308      69                                                00010200D     65
     308       0               1       0                               0D     66
     308      70                                                00010200D     67
     308       0               1       0                               0D     68
     186      71                                                00010000D     69
     186           -3783       1       0                               0D     70
     186      72                                                00010000D     71
     186           -3781       1       0                               0D     72
     186      73                                                00010000D     73
     186           -3781       1       0                               0D     74
     186      74                                                00010000D     75
     186           -3781       1       0                               0D     76
     186      75                                                00010000D     77
     186           -3781       1       0                               0D     78
     186      76                                                00010000D     79
     186           -3781       1       0                               0D     80
     186      77                                                00010000D     81
     186           -3781       1       0                               0D     82
     186      78                                                00010000D     83
     186           -3781       1       0                               0D     84
     186      79                                                00000000D     85
     186           -3781       1       0                               0D     86
     186      80                                                00000000D     87
     186           -3781       1       0                               0D     88
     514      81                                                00010000D     89
     514                       5       1                               0D     90
     514      86                                                00010000D     91
     514                       1       1                               0D     92
     514      87                                                00010000D     93
     514                       2       1                               0D     94
     514      89                                                00010000D     95
     514                      13       1                               0D     96
     514     102                                                00010000D     97
     514                       1       1                               0D     98
     514     103                                                00010000D     99
     514                       2       1                               0D    100
     514     105                                                00010000D    101
     514                       3       1                               0D    102
     514     108                                                00010000D    103
     514                       5       1                               0D    104
     514     113                                                00010000D    105
     514                       1       1                               0D    106
     514     114                                                00010000D    107
     514                       1       1                               0D    108
     510     115                                                00010000D    109
     510           -3783       1       1                               0D    110
     510     116                                                00010000D    111
     510           -3783       1       1                               0D    112
     510     117                                                00010000D    113
     510           -3783       1       1                               0D    114
     510     118                                                00010000D    115
     510           -3783       1       1                               0D    116
     510     119                                                00010000D    117
     510           -3783       1       1                               0D    118
     510     120                                                00010000D    119
     510           -3783       1       1                               0D    120
     510     121                                                00010000D    121
     510           -3783       1       1                               0D    122
     510     122                                                00010000D    123
     510           -3783       1       1                               0D    124
     510     123                                                00010000D    125
     510           -3783       1       1                               0D    126
     510     124                                                00010000D    127
     510           -3783       1       1                               0D    128
     510     125                                                00010000D    129
     510           -3783       1       1                               0D    130
     510     126                                                00010000D    131
     510           -3783       1       1                               0D    132
     510     127                                                00010000D    133
     510           -3783       1       1                               0D    134
     510     128                                                00010000D    135
     510           -3783       1       1                               0D    136
     510     129                                                00010000D    137
     510           -3783       1       1                               0D    138
     510     130                                                00010000D    139
     510           -3783       1       1                               0D    140
     510     131                                                00010000D    141
     510           -3783       1       1                               0D    142
     510     132                                                00010000D    143
     510           -3783       1       1                               0D    144
     510     133                                                00010000D    145
     510           -3783       1       1                               0D    146
     510     134                                                00010000D    147
     510           -3783       1       1                               0D    148
     510     135                                                00010000D    149
     510           -3783       1       1                               0D    150
     510     136                                                00010000D    151
     510           -3783       1       1                               0D    152
     510     137                                                00010000D    153
     510           -3783       1       1                               0D    154
     510     138                                                00010000D    155
     510           -3783       1       1                               0D    156
     510     139                                                00010000D    157
     510           -3783       1       1                               0D    158
     510     140                                                00010000D    159
     510           -3783       1       1                               0D    160
     510     141                                                00010000D    161
     510           -3783       1       1                               0D    162
     510     142                                                00010000D    163
     510           -3783       1       1                               0D    164
     510     143                                                00010000D    165
     510           -3783       1       1                               0D    166
     510     144                                                00010000D    167
     510           -3783       1       1                               0D    168
     510     145                                                00010000D    169
     510           -3783       1       1                               0D    170
     510     146                                                00010000D    171
     510           -3783       1       1                               0D    172
     510     147                                                00010000D    173
     510           -3783       1       1                               0D    174
     510     148                                                00010000D    175
     510           -3783       1       1                               0D    176
     510     149                                                00010000D    177
     510           -3783       1       1                               0D    178
     510     150                                                00010000D    179
     510           -3783       1       1                               0D    180
     510     151                                                00010000D    181
     510           -3783       1       1                               0D    182
     510     152                                                00010000D    183
     510           -3783       1       1                               0D    184
     510     153                                                00010000D    185
     510           -3783       1       1                               0D    186
     510     154                                                00010000D    187
     510           -3783       1       1                               0D    188
     510     155                                                00010000D    189
     510           -3783       1       1                               0D    190
     510     156                                                00010000D    191
     510           -3783       1       1                               0D    192
     510     157                                                00010000D    193
     510           -3783       1       1                               0D    194
     510     158                                                00010000D    195
     510           -3783       1       1                               0D    196
     510     159                                                00010000D    197
     510           -3781       1       1                               0D    198
     510     160                                                00010000D    199
     510           -3781       1       1                               0D    200
     510     161                                                00010000D    201
     510           -3781       1       1                               0D    202
     510     162                                                00010000D    203
     510           -3781       1       1                               0D    204
     510     163                                                00010000D    205
     510           -3781       1       1                               0D    206
     510     164                                                00010000D    207
     510           -3781       1       1                               0D    208
     510     165                                                00010000D    209
     510           -3781       1       1                               0D    210
     510     166                                                00010000D    211
     510           -3781       1       1                               0D    212
     510     167                                                00010000D    213
     510           -3781       1       1                               0D    214
     510     168                                                00010000D    215
     510           -3781       1       1                               0D    216
     510     169                                                00010000D    217
     510           -3781       1       1                               0D    218
     510     170                                                00010000D    219
     510           -3781       1       1                               0D    220
     510     171                                                00010000D    221
     510           -3781       1       1                               0D    222
     510     172                                                00010000D    223
     510           -3781       1       1                               0D    224
     510     173                                                00010000D    225
     510           -3781       1       1                               0D    226
     510     174                                                00010000D    227
     510           -3781       1       1                               0D    228
     510     175                                                00010000D    229
     510           -3781       1       1                               0D    230
     510     176                                                00010000D    231
     510           -3781       1       1                               0D    232
     510     177                                                00010000D    233
     510           -3781       1       1                               0D    234
     510     178                                                00010000D    235
     510           -3781       1       1                               0D    236
     510     179                                                00010000D    237
     510           -3781       1       1                               0D    238
     510     180                                                00010000D    239
     510           -3781       1       1                               0D    240
     510     181                                                00010000D    241
     510           -3781       1       1                               0D    242
     510     182                                                00010000D    243
     510           -3781       1       1                               0D    244
     510     183                                                00010000D    245
     510           -3781       1       1                               0D    246
     510     184                                                00010000D    247
     510           -3781       1       1                               0D    248
     510     185                                                00010000D    249
     510           -3781       1       1                               0D    250
     510     186                                                00010000D    251
     510           -3781       1       1                               0D    252
     510     187                                                00010000D    253
     510           -3781       1       1                               0D    254
     510     188                                                00010000D    255
     510           -3781       1       1                               0D    256
     510     189                                                00010000D    257
     510           -3781       1       1                               0D    258
     510     190                                                00010000D    259
     510           -3781       1       1                               0D    260
     510     191                                                00010000D    261
     510           -3781       1       1                               0D    262
     510     192                                                00010000D    263
     510           -3781       1       1                               0D    264
     510     193                                                00010000D    265
     510           -3781       1       1                               0D    266
     510     194                                                00010000D    267
     510           -3781       1       1                               0D    268
     510     195                                                00010000D    269
     510           -3781       1       1                               0D    270
     510     196                                                00010000D    271
     510           -3781       1       1                               0D    272
     510     197                                                00010000D    273
     510           -3781       1       1                               0D    274
     510     198                                                00010000D    275
     510           -3781       1       1                               0D    276
     510     199                                                00010000D    277
     510           -3781       1       1                               0D    278
     510     200                                                00010000D    279
     510           -3781       1       1                               0D    280
     510     201                                                00010000D    281
     510           -3781       1       1                               0D    282
     510     202                                                00010000D    283
     510           -3781       1       1                               0D    284
     510     203                                                00010000D    285
     510           -3781       1       1                               0D    286
     510     204                                                00010000D    287
     510           -3781       1       1                               0D    288
     510     205                                                00010000D    289
     510           -3781       1       1                               0D    290
     510     206                                                00010000D    291
     510           -3781       1       1                               0D    292
     510     207                                                00010000D    293
     510           -3781       1       1                               0D    294
     510     208                                                00010000D    295
     510           -3781       1       1                               0D    296
     510     209                                                00010000D    297
     510           -3781       1       1                               0D    298
     510     210                                                00010000D    299
     510           -3781       1       1                               0D    300
     510     211                                                00010000D    301
     510           -3781       1       1                               0D    302
     510     212                                                00010000D    303
     510           -3781       1       1                               0D    304
     510     213                                                00010000D    305
     510           -3781       1       1                               0D    306
     510     214                                                00010000D    307
     510           -3781       1       1                               0D    308
     510     215                                                00010000D    309
     510           -3781       1       1                               0D    310
     510     216                                                00010000D    311
     510           -3781       1       1                               0D    312
     510     217                                                00010000D    313
     510           -3781       1       1                               0D    314
     510     218                                                00010000D    315
     510           -3781       1       1                               0D    316
     510     219                                                00010000D    317
     510           -3781       1       1                               0D    318
     510     220                                                00010000D    319
     510           -3781       1       1                               0D    320
     510     221                                                00010000D    321
     510           -3781       1       1                               0D    322
     510     222                                                00010000D    323
     510           -3781       1       1                               0D    324
     510     223                                                00010000D    325
     510           -3781       1       1                               0D    326
     510     224                                                00010000D    327
     510           -3781       1       1                               0D    328
     510     225                                                00010000D    329
     510           -3781       1       1                               0D    330
     510     226                                                00010000D    331
     510           -3781       1       1                               0D    332
     510     227                                                00010000D    333
     510           -3781       1       1                               0D    334
     510     228                                                00010000D    335
     510           -3781       1       1                               0D    336
     510     229                                                00010000D    337
     510           -3781       1       1                               0D    338
     510     230                                                00010000D    339
     510           -3781       1       1                               0D    340
     510     231                                                00010000D    341
     510           -3781       1       1                               0D    342
     510     232                                                00010000D    343
     510           -3781       1       1                               0D    344
     510     233                                                00010000D    345
     510           -3781       1       1                               0D    346
     510     234                                                00010000D    347
     510           -3781       1       1                               0D    348
     510     235                                                00010000D    349
     510           -3781       1       1                               0D    350
     510     236                                                00010000D    351
     510           -3781       1       1                               0D    352
     510     237                                                00010000D    353
     510           -3781       1       1                               0D    354
     510     238                                                00010000D    355
     510           -3781       1       1                               0D    356
     510     239                                                00010000D    357
     510           -3781       1       1                               0D    358
     510     240                                                00010000D    359
     510           -3781       1       1                               0D    360
     510     241                                                00010000D    361
     510           -3781       1       1                               0D    362
     510     242                                                00010000D    363
     510           -3781       1       1                               0D    364
     510     243                                                00010000D    365
     510           -3781       1       1                               0D    366
     510     244                                                00010000D    367
     510           -3781       1       1                               0D    368
     510     245                                                00010000D    369
     510           -3781       1       1                               0D    370
     510     246                                                00010000D    371
     510           -3781       1       1                               0D    372
     510     247                                                00010000D    373
     510           -3781       1       1                               0D    374
     510     248                                                00010000D    375
     510           -3781       1       1                               0D    376
     510     249                                                00010000D    377
     510           -3781       1       1                               0D    378
     510     250                                                00010000D    379
     510           -3781       1       1                               0D    380
     510     251                                                00010000D    381
     510           -3781       1       1                               0D    382
     510     252                                                00010000D    383
     510           -3781       1       1                               0D    384
     510     253                                                00010000D    385
     510           -3781       1       1                               0D    386
     510     254                                                00010000D    387
     510           -3781       1       1                               0D    388
     510     255                                                00010000D    389
     510           -3781       1       1                               0D    390
     510     256                                                00010000D    391
     510           -3781       1       1                               0D    392
     510     257                                                00010000D    393
     510           -3781       1       1                               0D    394
     510     258                                                00010000D    395
     510           -3781       1       1                               0D    396
     510     259                                                00010000D    397
     510           -3781       1       1                               0D    398
     510     260                                                00010000D    399
     510           -3781       1       1                               0D    400
     510     261                                                00010000D    401
     510           -3781       1       1                               0D    402
     510     262                                                00010000D    403
     510           -3781       1       1                               0D    404
     510     263                                                00010000D    405
     510           -3781       1       1                               0D    406
     510     264                                                00010000D    407
     510           -3781       1       1                               0D    408
     510     265                                                00010000D    409
     510           -3781       1       1                               0D    410
     510     266                                                00010000D    411
     510           -3781       1       1                               0D    412
     510     267                                                00010000D    413
     510           -3781       1       1                               0D    414
     510     268                                                00010000D    415
     510           -3781       1       1                               0D    416
     510     269                                                00010000D    417
     510           -3781       1       1                               0D    418
     510     270                                                00010000D    419
     510           -3781       1       1                               0D    420
     510     271                                                00010000D    421
     510           -3781       1       1                               0D    422
     510     272                                                00010000D    423
     510           -3781       1       1                               0D    424
     510     273                                                00010000D    425
     510           -3781       1       1                               0D    426
     510     274                                                00010000D    427
     510           -3781       1       1                               0D    428
     510     275                                                00010000D    429
     510           -3781       1       1                               0D    430
     510     276                                                00010000D    431
     510           -3781       1       1                               0D    432
     510     277                                                00010000D    433
     510           -3781       1       1                               0D    434
     510     278                                                00010000D    435
     510           -3781       1       1                               0D    436
     510     279                                                00010000D    437
     510           -3781       1       1                               0D    438
     510     280                                                00010000D    439
     510           -3781       1       1                               0D    440
     510     281                                                00010000D    441
     510           -3781       1       1                               0D    442
     510     282                                                00010000D    443
     510           -3781       1       1                               0D    444
     510     283                                                00010000D    445
     510           -3781       1       1                               0D    446
     510     284                                                00010000D    447
     510           -3781       1       1                               0D    448
     510     285                                                00010000D    449
     510           -3781       1       1                               0D    450
     510     286                                                00010000D    451
     510           -3781       1       1                               0D    452
     510     287                                                00010000D    453
     510           -3781       1       1                               0D    454
     510     288                                                00010000D    455
     510           -3781       1       1                               0D    456
     510     289                                                00010000D    457
     510           -3781       1       1                               0D    458
     510     290                                                00010000D    459
     510           -3781       1       1                               0D    460
     510     291                                                00010000D    461
     510           -3781       1       1                               0D    462
     510     292                                                00010000D    463
     510           -3781       1       1                               0D    464
     510     293                                                00010000D    465
     510           -3781       1       1                               0D    466
     510     294                                                00010000D    467
     510           -3781       1       1                               0D    468
     510     295                                                00010000D    469
     510           -3781       1       1                               0D    470
     510     296                                                00010000D    471
     510           -3781       1       1                               0D    472
     510     297                                                00010000D    473
     510           -3781       1       1                               0D    474
     510     298                                                00010000D    475
     510           -3781       1       1                               0D    476
     510     299                                                00010000D    477
     510           -3781       1       1                               0D    478
     510     300                                                00010000D    479
     510           -3781       1       1                               0D    480
     510     301                                                00010000D    481
     510           -3781       1       1                               0D    482
     510     302                                                00010000D    483
     510           -3781       1       1                               0D    484
     510     303                                                00010000D    485
     510           -3781       1       1                               0D    486
     510     304                                                00010000D    487
     510           -3781       1       1                               0D    488
     510     305                                                00010000D    489
     510           -3781       1       1                               0D    490
     510     306                                                00010000D    491
     510           -3781       1       1                               0D    492
     510     307                                                00010000D    493
     510           -3781       1       1                               0D    494
     510     308                                                00010000D    495
     510           -3781       1       1                               0D    496
     510     309                                                00010000D    497
     510           -3781       1       1                               0D    498
     510     310                                                00010000D    499
     510           -3781       1       1                               0D    500
     510     311                                                00010000D    501
     510           -3781       1       1                               0D    502
     510     312                                                00010000D    503
     510           -3781       1       1                               0D    504
     510     313                                                00010000D    505
     510           -3781       1       1                               0D    506
     510     314                                                00010000D    507
     510           -3781       1       1                               0D    508
     510     315                                                00010000D    509
     510           -3781       1       1                               0D    510
     510     316                                                00010000D    511
     510           -3781       1       1                               0D    512
     510     317                                                00010000D    513
     510           -3781       1       1                               0D    514
     510     318                                                00010000D    515
     510           -3781       1       1                               0D    516
     510     319                                                00010000D    517
     510           -3781       1       1                               0D    518
     510     320                                                00010000D    519
     510           -3781       1       1                               0D    520
     510     321                                                00010000D    521
     510           -3781       1       1                               0D    522
     510     322                                                00010000D    523
     510           -3781       1       1                               0D    524
     510     323                                                00010000D    525
     510           -3781       1       1                               0D    526
     510     324                                                00010000D    527
     510           -3781       1       1                               0D    528
     510     325                                                00010000D    529
     510           -3781       1       1                               0D    530
     510     326                                                00010000D    531
     510           -3781       1       1                               0D    532
     510     327                                                00010000D    533
     510           -3781       1       1                               0D    534
     510     328                                                00010000D    535
     510           -3781       1       1                               0D    536
     510     329                                                00010000D    537
     510           -3781       1       1                               0D    538
     510     330                                                00010000D    539
     510           -3781       1       1                               0D    540
     510     331                                                00010000D    541
     510           -3781       1       1                               0D    542
     510     332                                                00010000D    543
     510           -3781       1       1                               0D    544
     510     333                                                00010000D    545
     510           -3781       1       1                               0D    546
     510     334                                                00010000D    547
     510           -3781       1       1                               0D    548
     510     335                                                00010000D    549
     510           -3781       1       1                               0D    550
     510     336                                                00010000D    551
     510           -3781       1       1                               0D    552
     510     337                                                00010000D    553
     510           -3781       1       1                               0D    554
     510     338                                                00010000D    555
     510           -3781       1       1                               0D    556
     510     339                                                00010000D    557
     510           -3781       1       1                               0D    558
     510     340                                                00010000D    559
     510           -3781       1       1                               0D    560
     510     341                                                00010000D    561
     510           -3781       1       1                               0D    562
     510     342                                                00010000D    563
     510           -3781       1       1                               0D    564
     510     343                                                00010000D    565
     510           -3781       1       1                               0D    566
     510     344                                                00010000D    567
     510           -3781       1       1                               0D    568
     510     345                                                00010000D    569
     510           -3781       1       1                               0D    570
     510     346                                                00010000D    571
     510           -3781       1       1                               0D    572
     510     347                                                00010000D    573
     510           -3781       1       1                               0D    574
     510     348                                                00010000D    575
     510           -3781       1       1                               0D    576
     510     349                                                00010000D    577
     510           -3781       1       1                               0D    578
     510     350                                                00010000D    579
     510           -3781       1       1                               0D    580
     510     351                                                00010000D    581
     510           -3781       1       1                               0D    582
     510     352                                                00010000D    583
     510           -3781       1       1                               0D    584
     510     353                                                00010000D    585
     510           -3781       1       1                               0D    586
     510     354                                                00010000D    587
     510           -3781       1       1                               0D    588
     510     355                                                00010000D    589
     510           -3781       1       1                               0D    590
     510     356                                                00010000D    591
     510           -3781       1       1                               0D    592
     510     357                                                00010000D    593
     510           -3781       1       1                               0D    594
     510     358                                                00010000D    595
     510           -3781       1       1                               0D    596
     510     359                                                00010000D    597
     510           -3781       2       1                               0D    598
     510     361                                                00010000D    599
     510           -3781       1       1                               0D    600
     510     362                                                00010000D    601
     510           -3781       1       1                               0D    602
     510     363                                                00010000D    603
     510           -3781       1       1                               0D    604
     510     364                                                00010000D    605
     510           -3781       1       1                               0D    606
     510     365                                                00010000D    607
     510           -3781       1       1                               0D    608
     510     366                                                00010000D    609
     510           -3781       1       1                               0D    610
     510     367                                                00010000D    611
     510           -3781       1       1                               0D    612
     510     368                                                00010000D    613
     510           -3781       1       1                               0D    614
     510     369                                                00010000D    615
     510           -3781       1       1                               0D    616
     510     370                                                00010000D    617
     510           -3781       1       1                               0D    618
     510     371                                                00010000D    619
     510           -3781       1       1                               0D    620
     510     372                                                00010000D    621
     510           -3781       1       1                               0D    622
     510     373                                                00010000D    623
     510           -3781       1       1                               0D    624
     510     374                                                00010000D    625
     510           -3781       1       1                               0D    626
     510     375                                                00010000D    627
     510           -3781       1       1                               0D    628
     510     376                                                00010000D    629
     510           -3781       1       1                               0D    630
     510     377                                                00010000D    631
     510           -3781       1       1                               0D    632
     510     378                                                00010000D    633
     510           -3781       1       1                               0D    634
     510     379                                                00010000D    635
     510           -3781       1       1                               0D    636
     510     380                                                00010000D    637
     510           -3781       1       1                               0D    638
     510     381                                                00010000D    639
     510           -3781       1       1                               0D    640
     510     382                                                00010000D    641
     510           -3781       1       1                               0D    642
     510     383                                                00010000D    643
     510           -3781       1       1                               0D    644
     510     384                                                00010000D    645
     510           -3781       1       1                               0D    646
     510     385                                                00010000D    647
     510           -3781       1       1                               0D    648
     510     386                                                00010000D    649
     510           -3781       1       1                               0D    650
     510     387                                                00010000D    651
     510           -3781       1       1                               0D    652
     510     388                                                00010000D    653
     510           -3781       1       1                               0D    654
     510     389                                                00010000D    655
     510           -3781       1       1                               0D    656
     510     390                                                00010000D    657
     510           -3781       1       1                               0D    658
     510     391                                                00010000D    659
     510           -3781       1       1                               0D    660
     510     392                                                00010000D    661
     510           -3781       1       1                               0D    662
     510     393                                                00010000D    663
     510           -3781       1       1                               0D    664
     510     394                                                00010000D    665
     510           -3781       1       1                               0D    666
     510     395                                                00010000D    667
     510           -3781       1       1                               0D    668
     510     396                                                00010000D    669
     510           -3781       1       1                               0D    670
     510     397                                                00010000D    671
     510           -3781       1       1                               0D    672
     510     398                                                00010000D    673
     510           -3781       1       1                               0D    674
     510     399                                                00010000D    675
     510           -3781       1       1                               0D    676
     510     400                                                00010000D    677
     510           -3781       1       1                               0D    678
     510     401                                                00010000D    679
     510           -3781       1       1                               0D    680
     510     402                                                00010000D    681
     510           -3781       1       1                               0D    682
     510     403                                                00010000D    683
     510           -3781       1       1                               0D    684
     510     404                                                00010000D    685
     510           -3781       1       1                               0D    686
     510     405                                                00010000D    687
     510           -3781       1       1                               0D    688
     510     406                                                00010000D    689
     510           -3781       1       1                               0D    690
     510     407                                                00010000D    691
     510           -3781       1       1                               0D    692
     510     408                                                00010000D    693
     510           -3781       2       1                               0D    694
     510     410                                                00010000D    695
     510           -3781       1       1                               0D    696
     510     411                                                00010000D    697
     510           -3781       1       1                               0D    698
     510     412                                                00010000D    699
     510           -3781       1       1                               0D    700
     510     413                                                00010000D    701
     510           -3781       1       1                               0D    702
     510     414                                                00010000D    703
     510           -3781       1       1                               0D    704
     510     415                                                00010000D    705
     510           -3781       1       1                               0D    706
     510     416                                                00010000D    707
     510           -3781       1       1                               0D    708
     510     417                                                00010000D    709
     510           -3781       1       1                               0D    710
     510     418                                                00010000D    711
     510           -3781       1       1                               0D    712
     510     419                                                00010000D    713
     510           -3781       1       1                               0D    714
     510     420                                                00010000D    715
     510           -3781       1       1                               0D    716
     510     421                                                00010000D    717
     510           -3781       1       1                               0D    718
     508     422                                                00010000D    719
     508                       2       1                               0D    720
     508     424                                                00010000D    721
     508                       1       1                               0D    722
     508     425                                                00010000D    723
     508                       6       1                               0D    724
     508     431                                                00010000D    725
     508                       2       1                               0D    726
     508     433                                                00010000D    727
     508                       2       1                               0D    728
     508     435                                                00010000D    729
     508                       2       1                               0D    730
     508     437                                                00010000D    731
     508                       2       1                               0D    732
     508     439                                                00010000D    733
     508                       2       1                               0D    734
     508     441                                                00010000D    735
     508                       1       1                               0D    736
     508     442                                                00010000D    737
     508                       1       1                               0D    738
     508     443                                                00010000D    739
     508                       2       1                               0D    740
     508     445                                                00010000D    741
     508                       1       1                               0D    742
     508     446                                                00010000D    743
     508                       1       1                               0D    744
     508     447                                                00010000D    745
     508                       1       1                               0D    746
     508     448                                                00010000D    747
     508                       1       1                               0D    748
     508     449                                                00010000D    749
     508                       1       1                               0D    750
     508     450                                                00010000D    751
     508                       1       1                               0D    752
     508     451                                                00010000D    753
     508                       1       1                               0D    754
     508     452                                                00010000D    755
     508                       1       1                               0D    756
     508     453                                                00010000D    757
     508                       1       1                               0D    758
     508     454                                                00010000D    759
     508                       2       1                               0D    760
     508     456                                                00010000D    761
     508                       2       1                               0D    762
     508     458                                                00010000D    763
     508                       2       1                               0D    764
     508     460                                                00010000D    765
     508                       2       1                               0D    766
     508     462                                                00010000D    767
     508                       2       1                               0D    768
     508     464                                                00010000D    769
     508                       1       1                               0D    770
     508     465                                                00010000D    771
     508                       1       1                               0D    772
     508     466                                                00010000D    773
     508                       1       1                               0D    774
     508     467                                                00010000D    775
     508                       2       1                               0D    776
     508     469                                                00010000D    777
     508                       1       1                               0D    778
     508     470                                                00010000D    779
     508                       2       1                               0D    780
     508     472                                                00010000D    781
     508                       2       1                               0D    782
     508     474                                                00010000D    783
     508                       2       1                               0D    784
     508     476                                                00010000D    785
     508                       1       1                               0D    786
     508     477                                                00010000D    787
     508                       2       1                               0D    788
     508     479                                                00010000D    789
     508                       2       1                               0D    790
     508     481                                                00010000D    791
     508                       2       1                               0D    792
     508     483                                                00010000D    793
     508                       1       1                               0D    794
     508     484                                                00010000D    795
     508                       2       1                               0D    796
     508     486                                                00010000D    797
     508                       2       1                               0D    798
     508     488                                                00010000D    799
     508                       1       1                               0D    800
     508     489                                                00010000D    801
     508                       1       1                               0D    802
     508     490                                                00010000D    803
     508                       1       1                               0D    804
     508     491                                                00010000D    805
     508                       1       1                               0D    806
     508     492                                                00010000D    807
     508                       1       1                               0D    808
     508     493                                                00010000D    809
     508                       1       1                               0D    810
     508     494                                                00010000D    811
     508                       1       1                               0D    812
     508     495                                                00010000D    813
     508                       1       1                               0D    814
     508     496                                                00010000D    815
     508                       2       1                               0D    816
     508     498                                                00010000D    817
     508                       2       1                               0D    818
     508     500                                                00010000D    819
     508                       1       1                               0D    820
     508     501                                                00010000D    821
     508                       2       1                               0D    822
     508     503                                                00010000D    823
     508                       1       1                               0D    824
     508     504                                                00010000D    825
     508                       1       1                               0D    826
     508     505                                                00010000D    827
     508                       1       1                               0D    828
     508     506                                                00010000D    829
     508                       1       1                               0D    830
     508     507                                                00010000D    831
     508                       1       1                               0D    832
     508     508                                                00010000D    833
     508                       1       1                               0D    834
     508     509                                                00010000D    835
     508                       1       1                               0D    836
     508     510                                                00010000D    837
     508                       1       1                               0D    838
     508     511                                                00010000D    839
     508                       1       1                               0D    840
     508     512                                                00010000D    841
     508                       1       1                               0D    842
     508     513                                                00010000D    843
     508                       1       1                               0D    844
     508     514                                                00010000D    845
     508                       1       1                               0D    846
     508     515                                                00010000D    847
     508                       1       1                               0D    848
     508     516                                                00010000D    849
     508                       1       1                               0D    850
     508     517                                                00010000D    851
     508                       1       1                               0D    852
     508     518                                                00010000D    853
     508                       1       1                               0D    854
     508     519                                                00010000D    855
     508                       1       1                               0D    856
     508     520                                                00010000D    857
     508                       1       1                               0D    858
     508     521                                                00010000D    859
     508                       1       1                               0D    860
     508     522                                                00010000D    861
     508                       1       1                               0D    862
     508     523                                                00010000D    863
     508                       1       1                               0D    864
     508     524                                                00010000D    865
     508                       1       1                               0D    866
     508     525                                                00010000D    867
     508                       1       1                               0D    868
     508     526                                                00010000D    869
     508                       1       1                               0D    870
     508     527                                                00010000D    871
     508                       1       1                               0D    872
     508     528                                                00010000D    873
     508                       1       1                               0D    874
     508     529                                                00010000D    875
     508                       1       1                               0D    876
     508     530                                                00010000D    877
     508                       1       1                               0D    878
     508     531                                                00010000D    879
     508                       1       1                               0D    880
     508     532                                                00010000D    881
     508                       1       1                               0D    882
     508     533                                                00010000D    883
     508                       1       1                               0D    884
     508     534                                                00010000D    885
     508                       1       1                               0D    886
     508     535                                                00010000D    887
     508                       1       1                               0D    888
     508     536                                                00010000D    889
     508                       1       1                               0D    890
     508     537                                                00010000D    891
     508                       2       1                               0D    892
     508     539                                                00010000D    893
     508                       1       1                               0D    894
     508     540                                                00010000D    895
     508                       2       1                               0D    896
     508     542                                                00010000D    897
     508                      18       1                               0D    898
     508     560                                                00010000D    899
     508                       1       1                               0D    900
     508     561                                                00010000D    901
     508                       1       1                               0D    902
     508     562                                                00010000D    903
     508                       1       1                               0D    904
     508     563                                                00010000D    905
     508                       2       1                               0D    906
     508     565                                                00010000D    907
     508                       2       1                               0D    908
     508     567                                                00010000D    909
     508                       2       1                               0D    910
     508     569                                                00010000D    911
     508                       2       1                               0D    912
     508     571                                                00010000D    913
     508                       2       1                               0D    914
     508     573                                                00010000D    915
     508                       2       1                               0D    916
     508     575                                                00010000D    917
     508                       2       1                               0D    918
     508     577                                                00010000D    919
     508                       2       1                               0D    920
     508     579                                                00010000D    921
     508                       2       1                               0D    922
     508     581                                                00010000D    923
     508                       2       1                               0D    924
     508     583                                                00010000D    925
     508                       2       1                               0D    926
     508     585                                                00010000D    927
     508                       2       1                               0D    928
     508     587                                                00010000D    929
     508                       2       1                               0D    930
     508     589                                                00010000D    931
     508                       2       1                               0D    932
     508     591                                                00010000D    933
     508                       2       1                               0D    934
     508     593                                                00010000D    935
     508                       2       1                               0D    936
     508     595                                                00010000D    937
     508                       2       1                               0D    938
     508     597                                                00010000D    939
     508                       2       1                               0D    940
     508     599                                                00010000D    941
     508                       2       1                               0D    942
     508     601                                                00010000D    943
     508                       2       1                               0D    944
     508     603                                                00010000D    945
     508                       2       1                               0D    946
     508     605                                                00010000D    947
     508                       2       1                               0D    948
     508     607                                                00010000D    949
     508                       2       1                               0D    950
     508     609                                                00010000D    951
     508                       2       1                               0D    952
     508     611                                                00010000D    953
     508                       2       1                               0D    954
     508     613                                                00010000D    955
     508                       2       1                               0D    956
     508     615                                                00010000D    957
     508                       2       1                               0D    958
     508     617                                                00010000D    959
     508                       2       1                               0D    960
     508     619                                                00010000D    961
     508                       2       1                               0D    962
     508     621                                                00010000D    963
     508                       2       1                               0D    964
     508     623                                                00010000D    965
     508                       2       1                               0D    966
     508     625                                                00010000D    967
     508                       2       1                               0D    968
     508     627                                                00010000D    969
     508                       2       1                               0D    970
     508     629                                                00010000D    971
     508                       2       1                               0D    972
     508     631                                                00010000D    973
     508                       2       1                               0D    974
     508     633                                                00010000D    975
     508                       2       1                               0D    976
     508     635                                                00010000D    977
     508                       2       1                               0D    978
     508     637                                                00010000D    979
     508                       2       1                               0D    980
     508     639                                                00010000D    981
     508                       2       1                               0D    982
     508     641                                                00010000D    983
     508                       2       1                               0D    984
     508     643                                                00010000D    985
     508                       2       1                               0D    986
     508     645                                                00010000D    987
     508                       2       1                               0D    988
     508     647                                                00010000D    989
     508                       2       1                               0D    990
     508     649                                                00010000D    991
     508                       2       1                               0D    992
     508     651                                                00010000D    993
     508                       2       1                               0D    994
     508     653                                                00010000D    995
     508                       2       1                               0D    996
     508     655                                                00010000D    997
     508                       2       1                               0D    998
     508     657                                                00010000D    999
     508                       2       1                               0D   1000
     508     659                                                00010000D   1001
     508                       2       1                               0D   1002
     508     661                                                00010000D   1003
     508                       2       1                               0D   1004
     508     663                                                00010000D   1005
     508                       2       1                               0D   1006
     508     665                                                00010000D   1007
     508                       2       1                               0D   1008
     508     667                                                00010000D   1009
     508                       2       1                               0D   1010
     508     669                                                00010000D   1011
     508                       2       1                               0D   1012
     508     671                                                00010000D   1013
     508                       2       1                               0D   1014
     508     673                                                00010000D   1015
     508                       2       1                               0D   1016
     508     675                                                00010000D   1017
     508                       2       1                               0D   1018
     508     677                                                00010000D   1019
     508                       2       1                               0D   1020
     508     679                                                00010000D   1021
     508                       2       1                               0D   1022
     508     681                                                00010000D   1023
     508                       2       1                               0D   1024
     508     683                                                00010000D   1025
     508                       2       1                               0D   1026
     508     685                                                00010000D   1027
     508                       2       1                               0D   1028
     508     687                                                00010000D   1029
     508                       2       1                               0D   1030
     508     689                                                00010000D   1031
     508                       2       1                               0D   1032
     508     691                                                00010000D   1033
     508                       2       1                               0D   1034
     508     693                                                00010000D   1035
     508                       2       1                               0D   1036
     508     695                                                00010000D   1037
     508                       2       1                               0D   1038
     508     697                                                00010000D   1039
     508                       2       1                               0D   1040
     508     699                                                00010000D   1041
     508                       2       1                               0D   1042
     508     701                                                00010000D   1043
     508                       2       1                               0D   1044
     508     703                                                00010000D   1045
     508                       2       1                               0D   1046
     508     705                                                00010000D   1047
     508                       2       1                               0D   1048
     508     707                                                00010000D   1049
     508                       2       1                               0D   1050
     508     709                                                00010000D   1051
     508                       2       1                               0D   1052
     508     711                                                00010000D   1053
     508                       2       1                               0D   1054
     508     713                                                00010000D   1055
     508                       2       1                               0D   1056
     508     715                                                00010000D   1057
     508                       2       1                               0D   1058
     508     717                                                00010000D   1059
     508                       2       1                               0D   1060
     508     719                                                00010000D   1061
     508                       2       1                               0D   1062
     508     721                                                00010000D   1063
     508                       2       1                               0D   1064
     508     723                                                00010000D   1065
     508                       2       1                               0D   1066
     508     725                                                00010000D   1067
     508                       2       1                               0D   1068
     508     727                                                00010000D   1069
     508                       2       1                               0D   1070
     508     729                                                00010000D   1071
     508                       2       1                               0D   1072
     508     731                                                00010000D   1073
     508                       2       1                               0D   1074
     508     733                                                00010000D   1075
     508                       2       1                               0D   1076
     508     735                                                00010000D   1077
     508                       2       1                               0D   1078
     508     737                                                00010000D   1079
     508                       2       1                               0D   1080
     508     739                                                00010000D   1081
     508                       2       1                               0D   1082
     508     741                                                00010000D   1083
     508                       2       1                               0D   1084
     508     743                                                00010000D   1085
     508                       2       1                               0D   1086
     508     745                                                00010000D   1087
     508                       2       1                               0D   1088
     508     747                                                00010000D   1089
     508                       2       1                               0D   1090
     508     749                                                00010000D   1091
     508                       2       1                               0D   1092
     508     751                                                00010000D   1093
     508                       2       1                               0D   1094
     508     753                                                00010000D   1095
     508                       2       1                               0D   1096
     508     755                                                00010000D   1097
     508                       2       1                               0D   1098
     508     757                                                00010000D   1099
     508                       2       1                               0D   1100
     508     759                                                00010000D   1101
     508                       2       1                               0D   1102
     508     761                                                00010000D   1103
     508                       2       1                               0D   1104
     508     763                                                00010000D   1105
     508                       2       1                               0D   1106
     508     765                                                00010000D   1107
     508                       2       1                               0D   1108
     508     767                                                00010000D   1109
     508                       2       1                               0D   1110
     508     769                                                00010000D   1111
     508                       2       1                               0D   1112
     508     771                                                00010000D   1113
     508                       2       1                               0D   1114
     508     773                                                00010000D   1115
     508                       2       1                               0D   1116
     508     775                                                00010000D   1117
     508                       2       1                               0D   1118
     508     777                                                00010000D   1119
     508                       2       1                               0D   1120
     508     779                                                00010000D   1121
     508                       2       1                               0D   1122
     508     781                                                00010000D   1123
     508                       2       1                               0D   1124
     508     783                                                00010000D   1125
     508                       2       1                               0D   1126
     508     785                                                00010000D   1127
     508                       2       1                               0D   1128
     508     787                                                00010000D   1129
     508                       2       1                               0D   1130
     508     789                                                00010000D   1131
     508                       2       1                               0D   1132
     508     791                                                00010000D   1133
     508                       2       1                               0D   1134
     508     793                                                00010000D   1135
     508                      20       1                               0D   1136
     508     813                                                00010000D   1137
     508                       2       1                               0D   1138
     508     815                                                00010000D   1139
     508                       1       1                               0D   1140
     508     816                                                00010000D   1141
     508                       1       1                               0D   1142
     508     817                                                00010000D   1143
     508                       1       1                               0D   1144
     508     818                                                00010000D   1145
     508                       1       1                               0D   1146
     508     819                                                00010000D   1147
     508                       2       1                               0D   1148
     508     821                                                00010000D   1149
     508                       1       1                               0D   1150
     508     822                                                00010000D   1151
     508                       1       1                               0D   1152
     508     823                                                00010000D   1153
     508                       1       1                               0D   1154
     508     824                                                00010000D   1155
     508                       1       1                               0D   1156
     508     825                                                00010000D   1157
     508                       1       1                               0D   1158
     508     826                                                00010000D   1159
     508                       1       1                               0D   1160
     508     827                                                00010000D   1161
     508                       1       1                               0D   1162
     508     828                                                00010000D   1163
     508                       1       1                               0D   1164
     508     829                                                00010000D   1165
     508                       1       1                               0D   1166
     508     830                                                00010000D   1167
     508                       1       1                               0D   1168
     508     831                                                00010000D   1169
     508                       1       1                               0D   1170
     508     832                                                00010000D   1171
     508                       1       1                               0D   1172
     508     833                                                00010000D   1173
     508                       1       1                               0D   1174
     508     834                                                00010000D   1175
     508                       1       1                               0D   1176
     508     835                                                00010000D   1177
     508                       1       1                               0D   1178
     508     836                                                00010000D   1179
     508                       1       1                               0D   1180
     508     837                                                00010000D   1181
     508                       1       1                               0D   1182
     508     838                                                00010000D   1183
     508                       1       1                               0D   1184
     508     839                                                00010000D   1185
     508                       2       1                               0D   1186
     508     841                                                00010000D   1187
     508                       1       1                               0D   1188
     508     842                                                00010000D   1189
     508                       1       1                               0D   1190
     508     843                                                00010000D   1191
     508                       1       1                               0D   1192
     508     844                                                00010000D   1193
     508                       1       1                               0D   1194
     508     845                                                00010000D   1195
     508                       1       1                               0D   1196
     508     846                                                00010000D   1197
     508                       1       1                               0D   1198
     508     847                                                00010000D   1199
     508                       1       1                               0D   1200
     508     848                                                00010000D   1201
     508                       1       1                               0D   1202
     508     849                                                00010000D   1203
     508                       1       1                               0D   1204
     508     850                                                00010000D   1205
     508                       1       1                               0D   1206
     508     851                                                00010000D   1207
     508                       1       1                               0D   1208
     508     852                                                00010000D   1209
     508                       1       1                               0D   1210
     508     853                                                00010000D   1211
     508                       1       1                               0D   1212
     508     854                                                00010000D   1213
     508                       1       1                               0D   1214
     508     855                                                00010000D   1215
     508                       1       1                               0D   1216
     508     856                                                00010000D   1217
     508                       1       1                               0D   1218
     508     857                                                00010000D   1219
     508                       1       1                               0D   1220
     508     858                                                00010000D   1221
     508                       1       1                               0D   1222
     508     859                                                00010000D   1223
     508                       1       1                               0D   1224
     508     860                                                00010000D   1225
     508                       1       1                               0D   1226
     508     861                                                00010000D   1227
     508                       1       1                               0D   1228
     508     862                                                00010000D   1229
     508                       5       1                               0D   1230
     508     867                                                00010000D   1231
     508                       1       1                               0D   1232
     508     868                                                00010000D   1233
     508                       1       1                               0D   1234
     508     869                                                00010000D   1235
     508                       1       1                               0D   1236
     508     870                                                00010000D   1237
     508                       1       1                               0D   1238
     508     871                                                00010000D   1239
     508                       1       1                               0D   1240
     508     872                                                00010000D   1241
     508                       1       1                               0D   1242
     508     873                                                00010000D   1243
     508                       1       1                               0D   1244
     508     874                                                00010000D   1245
     508                       1       1                               0D   1246
     508     875                                                00010000D   1247
     508                       1       1                               0D   1248
     508     876                                                00010000D   1249
     508                       1       1                               0D   1250
     508     877                                                00010000D   1251
     508                       1       1                               0D   1252
     508     878                                                00010000D   1253
     508                       1       1                               0D   1254
     508     879                                                00010000D   1255
     508                       1       1                               0D   1256
     508     880                                                00010000D   1257
     508                       1       1                               0D   1258
     508     881                                                00010000D   1259
     508                       1       1                               0D   1260
     508     882                                                00010000D   1261
     508                       1       1                               0D   1262
     508     883                                                00010000D   1263
     508                       1       1                               0D   1264
     508     884                                                00010000D   1265
     508                       1       1                               0D   1266
     508     885                                                00010000D   1267
     508                       1       1                               0D   1268
     508     886                                                00010000D   1269
     508                       1       1                               0D   1270
     508     887                                                00010000D   1271
     508                       1       1                               0D   1272
     508     888                                                00010000D   1273
     508                       1       1                               0D   1274
     508     889                                                00010000D   1275
     508                       1       1                               0D   1276
     508     890                                                00010000D   1277
     508                       1       1                               0D   1278
     508     891                                                00010000D   1279
     508                       5       1                               0D   1280
     508     896                                                00010000D   1281
     508                       1       1                               0D   1282
     508     897                                                00010000D   1283
     508                       1       1                               0D   1284
     508     898                                                00010000D   1285
     508                       1       1                               0D   1286
     508     899                                                00010000D   1287
     508                       1       1                               0D   1288
     508     900                                                00010000D   1289
     508                       3       1                               0D   1290
     508     903                                                00010000D   1291
     508                       1       1                               0D   1292
     508     904                                                00010000D   1293
     508                       1       1                               0D   1294
     508     905                                                00010000D   1295
     508                       1       1                               0D   1296
     508     906                                                00010000D   1297
     508                       1       1                               0D   1298
     508     907                                                00010000D   1299
     508                       1       1                               0D   1300
     508     908                                                00010000D   1301
     508                       1       1                               0D   1302
     508     909                                                00010000D   1303
     508                       1       1                               0D   1304
     508     910                                                00010000D   1305
     508                       1       1                               0D   1306
     508     911                                                00010000D   1307
     508                       1       1                               0D   1308
     508     912                                                00010000D   1309
     508                       1       1                               0D   1310
     508     913                                                00010000D   1311
     508                       1       1                               0D   1312
     508     914                                                00010000D   1313
     508                       1       1                               0D   1314
     508     915                                                00010000D   1315
     508                       1       1                               0D   1316
     508     916                                                00010000D   1317
     508                       1       1                               0D   1318
     508     917                                                00010000D   1319
     508                       1       1                               0D   1320
     508     918                                                00010000D   1321
     508                       1       1                               0D   1322
     508     919                                                00010000D   1323
     508                       1       1                               0D   1324
     508     920                                                00010000D   1325
     508                       1       1                               0D   1326
     508     921                                                00010000D   1327
     508                       1       1                               0D   1328
     508     922                                                00010000D   1329
     508                       1       1                               0D   1330
     508     923                                                00010000D   1331
     508                       1       1                               0D   1332
     508     924                                                00010000D   1333
     508                       1       1                               0D   1334
     508     925                                                00010000D   1335
     508                       1       1                               0D   1336
     508     926                                                00010000D   1337
     508                       1       1                               0D   1338
     508     927                                                00010000D   1339
     508                       1       1                               0D   1340
     508     928                                                00010000D   1341
     508                       1       1                               0D   1342
     508     929                                                00010000D   1343
     508                       1       1                               0D   1344
     508     930                                                00010000D   1345
     508                       1       1                               0D   1346
     508     931                                                00010000D   1347
     508                       1       1                               0D   1348
     508     932                                                00010000D   1349
     508                       1       1                               0D   1350
     508     933                                                00010000D   1351
     508                       1       1                               0D   1352
     508     934                                                00010000D   1353
     508                       1       1                               0D   1354
     508     935                                                00010000D   1355
     508                       1       1                               0D   1356
     508     936                                                00010000D   1357
     508                       1       1                               0D   1358
     508     937                                                00010000D   1359
     508                       1       1                               0D   1360
     508     938                                                00010000D   1361
     508                       1       1                               0D   1362
     508     939                                                00010000D   1363
     508                       2       1                               0D   1364
     508     941                                                00010000D   1365
     508                       1       1                               0D   1366
     508     942                                                00010000D   1367
     508                       2       1                               0D   1368
     508     944                                                00010000D   1369
     508                       2       1                               0D   1370
     508     946                                                00010000D   1371
     508                       2       1                               0D   1372
     508     948                                                00010000D   1373
     508                       2       1                               0D   1374
     508     950                                                00010000D   1375
     508                       2       1                               0D   1376
     508     952                                                00010000D   1377
     508                       2       1                               0D   1378
     508     954                                                00010000D   1379
     508                       2       1                               0D   1380
     508     956                                                00010000D   1381
     508                       2       1                               0D   1382
     508     958                                                00010000D   1383
     508                       1       1                               0D   1384
     508     959                                                00010000D   1385
     508                       2       1                               0D   1386
     508     961                                                00010000D   1387
     508                       2       1                               0D   1388
     508     963                                                00010000D   1389
     508                       2       1                               0D   1390
     508     965                                                00010000D   1391
     508                       2       1                               0D   1392
     508     967                                                00010000D   1393
     508                       2       1                               0D   1394
     508     969                                                00010000D   1395
     508                       2       1                               0D   1396
     508     971                                                00010000D   1397
     508                       2       1                               0D   1398
     508     973                                                00010000D   1399
     508                       2       1                               0D   1400
     508     975                                                00010000D   1401
     508                       2       1                               0D   1402
     508     977                                                00010000D   1403
     508                       2       1                               0D   1404
     508     979                                                00010000D   1405
     508                       2       1                               0D   1406
     508     981                                                00010000D   1407
     508                       2       1                               0D   1408
     508     983                                                00010000D   1409
     508                       2       1                               0D   1410
     508     985                                                00010000D   1411
     508                       3       1                               0D   1412
     508     988                                                00010000D   1413
     508                       1       1                               0D   1414
     508     989                                                00010000D   1415
     508                       1       1                               0D   1416
     508     990                                                00010000D   1417
     508                       1       1                               0D   1418
     508     991                                                00010000D   1419
     508                       2       1                               0D   1420
     508     993                                                00010000D   1421
     508                       2       1                               0D   1422
     508     995                                                00010000D   1423
     508                       2       1                               0D   1424
     508     997                                                00010000D   1425
     508                       2       1                               0D   1426
     508     999                                                00010000D   1427
     508                       2       1                               0D   1428
     508    1001                                                00010000D   1429
     508                       1       1                               0D   1430
     508    1002                                                00010000D   1431
     508                       1       1                               0D   1432
     508    1003                                                00010000D   1433
     508                       1       1                               0D   1434
     508    1004                                                00010000D   1435
     508                       1       1                               0D   1436
     508    1005                                                00010000D   1437
     508                       1       1                               0D   1438
     508    1006                                                00010000D   1439
     508                       1       1                               0D   1440
     508    1007                                                00010000D   1441
     508                       1       1                               0D   1442
     508    1008                                                00010000D   1443
     508                       1       1                               0D   1444
     508    1009                                                00010000D   1445
     508                       1       1                               0D   1446
     508    1010                                                00010000D   1447
     508                       1       1                               0D   1448
     508    1011                                                00010000D   1449
     508                       1       1                               0D   1450
     508    1012                                                00010000D   1451
     508                       1       1                               0D   1452
     508    1013                                                00010000D   1453
     508                       1       1                               0D   1454
     508    1014                                                00010000D   1455
     508                       1       1                               0D   1456
     508    1015                                                00010000D   1457
     508                       1       1                               0D   1458
     508    1016                                                00010000D   1459
     508                       1       1                               0D   1460
     508    1017                                                00010000D   1461
     508                       1       1                               0D   1462
     126    1018                                                00010000D   1463
     126       0               7       0                               0D   1464
     126    1025                                                00010000D   1465
     126       0               7       0                               0D   1466
     126    1032                                                00010000D   1467
     126       0               2       0                               0D   1468
     126    1034                                                00010000D   1469
     126       0               8       0                               0D   1470
     126    1042                                                00010000D   1471
     126       0               2       0                               0D   1472
     126    1044                                                00010000D   1473
     126       0               6       0                               0D   1474
     126    1050                                                00010000D   1475
     126       0               2       0                               0D   1476
     126    1052                                                00010000D   1477
     126       0               8       0                               0D   1478
     126    1060                                                00010000D   1479
     126       0               3       0                               0D   1480
     126    1063                                                00010000D   1481
     126       0               2       0                               0D   1482
     126    1065                                                00010000D   1483
     126       0               4       0                               0D   1484
     126    1069                                                00010000D   1485
     126       0               2       0                               0D   1486
     126    1071                                                00010000D   1487
     126       0               4       0                               0D   1488
     126    1075                                                00010000D   1489
     126       0               2       0                               0D   1490
     126    1077                                                00010000D   1491
     126       0               4       0                               0D   1492
     126    1081                                                00010000D   1493
     126       0               2       0                               0D   1494
     126    1083                                                00010000D   1495
     126       0               4       0                               0D   1496
     126    1087                                                00010000D   1497
     126       0               2       0                               0D   1498
     126    1089                                                00010000D   1499
     126       0               5       0                               0D   1500
     126    1094                                                00010000D   1501
     126       0               2       0                               0D   1502
     126    1096                                                00010000D   1503
     126       0               4       0                               0D   1504
     126    1100                                                00010000D   1505
     126       0               2       0                               0D   1506
     126    1102                                                00010000D   1507
     126       0               5       0                               0D   1508
     126    1107                                                00010000D   1509
     126       0               2       0                               0D   1510
     126    1109                                                00010000D   1511
     126       0               4       0                               0D   1512
     126    1113                                                00010000D   1513
     126       0               2       0                               0D   1514
     126    1115                                                00010000D   1515
     126       0               5       0                               0D   1516
     126    1120                                                00010000D   1517
     126       0               2       0                               0D   1518
     126    1122                                                00010000D   1519
     126       0               4       0                               0D   1520
     126    1126                                                00010000D   1521
     126       0               2       0                               0D   1522
     126    1128                                                00010000D   1523
     126       0               4       0                               0D   1524
     126    1132                                                00010000D   1525
     126       0               2       0                               0D   1526
     126    1134                                                00010000D   1527
     126       0               4       0                               0D   1528
     126    1138                                                00010000D   1529
     126       0               2       0                               0D   1530
     126    1140                                                00010000D   1531
     126       0               2       0                               0D   1532
     126    1142                                                00010000D   1533
     126       0               2       0                               0D   1534
     126    1144                                                00010000D   1535
     126       0               3       0                               0D   1536
     126    1147                                                00010000D   1537
     126       0               2       0                               0D   1538
     126    1149                                                00010000D   1539
     126       0               2       0                               0D   1540
     126    1151                                                00010000D   1541
     126       0               2       0                               0D   1542
     126    1153                                                00010000D   1543
     126       0               2       0                               0D   1544
     126    1155                                                00010000D   1545
     126       0               2       0                               0D   1546
     126    1157                                                00010000D   1547
     126       0               2       0                               0D   1548
     126    1159                                                00010000D   1549
     126       0               2       0                               0D   1550
     126    1161                                                00010000D   1551
     126       0               2       0                               0D   1552
     126    1163                                                00010000D   1553
     126       0               2       0                               0D   1554
     126    1165                                                00010000D   1555
     126       0               2       0                               0D   1556
     126    1167                                                00010000D   1557
     126       0               2       0                               0D   1558
     126    1169                                                00010000D   1559
     126       0               2       0                               0D   1560
     126    1171                                                00010000D   1561
     126       0               2       0                               0D   1562
     126    1173                                                00010000D   1563
     126       0               2       0                               0D   1564
     126    1175                                                00010000D   1565
     126       0               2       0                               0D   1566
     126    1177                                                00010000D   1567
     126       0               2       0                               0D   1568
     126    1179                                                00010000D   1569
     126       0               2       0                               0D   1570
     126    1181                                                00010000D   1571
     126       0               2       0                               0D   1572
     126    1183                                                00010000D   1573
     126       0               2       0                               0D   1574
     126    1185                                                00010000D   1575
     126       0               2       0                               0D   1576
     126    1187                                                00010000D   1577
     126       0               2       0                               0D   1578
     126    1189                                                00010000D   1579
     126       0               2       0                               0D   1580
     126    1191                                                00010000D   1581
     126       0               2       0                               0D   1582
     126    1193                                                00010000D   1583
     126       0               2       0                               0D   1584
     126    1195                                                00010000D   1585
     126       0               7       0                               0D   1586
     126    1202                                                00010000D   1587
     126       0               7       0                               0D   1588
     126    1209                                                00010000D   1589
     126       0               3       0                               0D   1590
     126    1212                                                00010000D   1591
     126       0               7       0                               0D   1592
     126    1219                                                00010000D   1593
     126       0               7       0                               0D   1594
     126    1226                                                00010000D   1595
     126       0               4       0                               0D   1596
     126    1230                                                00010000D   1597
     126       0               3       0                               0D   1598
     126    1233                                                00010000D   1599
     126       0               4       0                               0D   1600
     126    1237                                                00010000D   1601
     126       0               5       0                               0D   1602
     126    1242                                                00010000D   1603
     126       0               7       0                               0D   1604
     126    1249                                                00010000D   1605
     126       0               4       0                               0D   1606
     126    1253                                                00010000D   1607
     126       0               7       0                               0D   1608
     126    1260                                                00010000D   1609
     126       0               5       0                               0D   1610
     126    1265                                                00010000D   1611
     126       0               7       0                               0D   1612
     126    1272                                                00010000D   1613
     126       0               5       0                               0D   1614
     126    1277                                                00010000D   1615
     126       0               7       0                               0D   1616
     126    1284                                                00010000D   1617
     126       0               4       0                               0D   1618
     126    1288                                                00010000D   1619
     126       0               4       0                               0D   1620
     126    1292                                                00010000D   1621
     126       0               4       0                               0D   1622
     126    1296                                                00010000D   1623
     126       0               5       0                               0D   1624
     126    1301                                                00010000D   1625
     126       0               4       0                               0D   1626
     126    1305                                                00010000D   1627
     126       0               5       0                               0D   1628
     126    1310                                                00010000D   1629
     126       0               3       0                               0D   1630
     126    1313                                                00010000D   1631
     126       0               9       0                               0D   1632
     126    1322                                                00010000D   1633
     126       0               5       0                               0D   1634
     126    1327                                                00010000D   1635
     126       0               3       0                               0D   1636
     126    1330                                                00010000D   1637
     126       0              10       0                               0D   1638
     126    1340                                                00010000D   1639
     126       0               5       0                               0D   1640
     126    1345                                                00010000D   1641
     126       0               3       0                               0D   1642
     126    1348                                                00010000D   1643
     126       0              10       0                               0D   1644
     126    1358                                                00010000D   1645
     126       0               5       0                               0D   1646
     126    1363                                                00010000D   1647
     126       0               3       0                               0D   1648
     126    1366                                                00010000D   1649
     126       0               9       0                               0D   1650
     126    1375                                                00010000D   1651
     126       0               2       0                               0D   1652
     126    1377                                                00010000D   1653
     126       0               4       0                               0D   1654
     126    1381                                                00010000D   1655
     126       0               2       0                               0D   1656
     126    1383                                                00010000D   1657
     126       0               5       0                               0D   1658
     126    1388                                                00010000D   1659
     126       0               5       0                               0D   1660
     126    1393                                                00010000D   1661
     126       0               2       0                               0D   1662
     126    1395                                                00010000D   1663
     126       0               2       0                               0D   1664
     126    1397                                                00010000D   1665
     126       0               2       0                               0D   1666
     126    1399                                                00010000D   1667
     126       0               2       0                               0D   1668
     126    1401                                                00010000D   1669
     126       0               2       0                               0D   1670
     126    1403                                                00010000D   1671
     126       0               5       0                               0D   1672
     126    1408                                                00010000D   1673
     126       0               2       0                               0D   1674
     126    1410                                                00010000D   1675
     126       0               4       0                               0D   1676
     126    1414                                                00010000D   1677
     126       0               4       0                               0D   1678
     126    1418                                                00010000D   1679
     126       0               2       0                               0D   1680
     126    1420                                                00010000D   1681
     126       0               2       0                               0D   1682
     126    1422                                                00010000D   1683
     126       0               2       0                               0D   1684
     126    1424                                                00010000D   1685
     126       0               2       0                               0D   1686
     126    1426                                                00010000D   1687
     126       0               2       0                               0D   1688
     126    1428                                                00010000D   1689
     126       0               4       0                               0D   1690
     126    1432                                                00010000D   1691
     126       0               2       0                               0D   1692
     126    1434                                                00010000D   1693
     126       0               3       0                               0D   1694
     126    1437                                                00010000D   1695
     126       0               3       0                               0D   1696
     126    1440                                                00010000D   1697
     126       0               2       0                               0D   1698
     126    1442                                                00010000D   1699
     126       0               2       0                               0D   1700
     126    1444                                                00010000D   1701
     126       0               2       0                               0D   1702
     126    1446                                                00010000D   1703
     126       0               2       0                               0D   1704
     126    1448                                                00010000D   1705
     126       0               2       0                               0D   1706
     126    1450                                                00010000D   1707
     126       0               3       0                               0D   1708
     126    1453                                                00010000D   1709
     126       0               2       0                               0D   1710
     126    1455                                                00010000D   1711
     126       0               4       0                               0D   1712
     126    1459                                                00010000D   1713
     126       0               4       0                               0D   1714
     126    1463                                                00010000D   1715
     126       0               2       0                               0D   1716
     126    1465                                                00010000D   1717
     126       0               2       0                               0D   1718
     126    1467                                                00010000D   1719
     126       0               2       0                               0D   1720
     126    1469                                                00010000D   1721
     126       0               2       0                               0D   1722
     126    1471                                                00010000D   1723
     126       0               3       0                               0D   1724
     126    1474                                                00010000D   1725
     126       0              10       0                               0D   1726
     126    1484                                                00010000D   1727
     126       0               2       0                               0D   1728
     126    1486                                                00010000D   1729
     126       0              10       0                               0D   1730
     126    1496                                                00010000D   1731
     126       0              10       0                               0D   1732
     126    1506                                                00010000D   1733
     126       0               2       0                               0D   1734
     126    1508                                                00010000D   1735
     126       0              10       0                               0D   1736
     126    1518                                                00010000D   1737
     126       0              10       0                               0D   1738
     126    1528                                                00010000D   1739
     126       0               2       0                               0D   1740
     126    1530                                                00010000D   1741
     126       0              10       0                               0D   1742
     126    1540                                                00010000D   1743
     126       0              10       0                               0D   1744
     126    1550                                                00010000D   1745
     126       0               2       0                               0D   1746
     126    1552                                                00010000D   1747
     126       0              10       0                               0D   1748
     126    1562                                                00010000D   1749
     126       0              10       0                               0D   1750
     126    1572                                                00010000D   1751
     126       0               2       0                               0D   1752
     126    1574                                                00010000D   1753
     126       0              10       0                               0D   1754
     126    1584                                                00010000D   1755
     126       0              10       0                               0D   1756
     126    1594                                                00010000D   1757
     126       0               3       0                               0D   1758
     126    1597                                                00010000D   1759
     126       0              10       0                               0D   1760
     126    1607                                                00010000D   1761
     126       0              10       0                               0D   1762
     126    1617                                                00010000D   1763
     126       0              10       0                               0D   1764
     126    1627                                                00010000D   1765
     126       0               3       0                               0D   1766
     126    1630                                                00010000D   1767
     126       0              10       0                               0D   1768
     126    1640                                                00010000D   1769
     126       0               4       0                               0D   1770
     126    1644                                                00010000D   1771
     126       0              10       0                               0D   1772
     126    1654                                                00010000D   1773
     126       0              10       0                               0D   1774
     126    1664                                                00010000D   1775
     126       0              10       0                               0D   1776
     126    1674                                                00010000D   1777
     126       0               3       0                               0D   1778
     126    1677                                                00010000D   1779
     126       0               2       0                               0D   1780
     126    1679                                                00010000D   1781
     126       0               9       0                               0D   1782
     126    1688                                                00010000D   1783
     126       0               2       0                               0D   1784
     126    1690                                                00010000D   1785
     126       0              10       0                               0D   1786
     126    1700                                                00010000D   1787
     126       0              10       0                               0D   1788
     126    1710                                                00010000D   1789
     126       0              10       0                               0D   1790
     126    1720                                                00010000D   1791
     126       0               2       0                               0D   1792
     126    1722                                                00010000D   1793
     126       0              10       0                               0D   1794
     126    1732                                                00010000D   1795
     126       0               4       0                               0D   1796
     126    1736                                                00010000D   1797
     126       0               4       0                               0D   1798
     126    1740                                                00010000D   1799
     126       0               4       0                               0D   1800
     126    1744                                                00010000D   1801
     126       0               5       0                               0D   1802
     126    1749                                                00010000D   1803
     126       0               6       0                               0D   1804
     126    1755                                                00010000D   1805
     126       0               5       0                               0D   1806
     126    1760                                                00010000D   1807
     126       0               4       0                               0D   1808
     126    1764                                                00010000D   1809
     126       0               4       0                               0D   1810
     126    1768                                                00010000D   1811
     126       0               4       0                               0D   1812
     126    1772                                                00010000D   1813
     126       0               4       0                               0D   1814
     126    1776                                                00010000D   1815
     126       0               5       0                               0D   1816
     126    1781                                                00010000D   1817
     126       0               6       0                               0D   1818
     126    1787                                                00010000D   1819
     126       0               5       0                               0D   1820
     126    1792                                                00010000D   1821
     126       0               4       0                               0D   1822
     126    1796                                                00010000D   1823
     126       0               6       0                               0D   1824
     126    1802                                                00010000D   1825
     126       0               4       0                               0D   1826
     126    1806                                                00010000D   1827
     126       0               4       0                               0D   1828
     126    1810                                                00010000D   1829
     126       0               4       0                               0D   1830
     126    1814                                                00010000D   1831
     126       0               6       0                               0D   1832
     126    1820                                                00010000D   1833
     126       0               5       0                               0D   1834
     126    1825                                                00010000D   1835
     126       0               4       0                               0D   1836
     126    1829                                                00010000D   1837
     126       0               5       0                               0D   1838
     126    1834                                                00010000D   1839
     126       0               6       0                               0D   1840
     126    1840                                                00010000D   1841
     126       0               4       0                               0D   1842
     126    1844                                                00010000D   1843
     126       0               4       0                               0D   1844
     126    1848                                                00010000D   1845
     126       0               4       0                               0D   1846
     126    1852                                                00010000D   1847
     126       0               6       0                               0D   1848
     126    1858                                                00010000D   1849
     126       0               4       0                               0D   1850
     126    1862                                                00010000D   1851
     126       0               4       0                               0D   1852
     126    1866                                                00010000D   1853
     126       0               5       0                               0D   1854
     126    1871                                                00010000D   1855
     126       0               6       0                               0D   1856
     126    1877                                                00010000D   1857
     126       0               5       0                               0D   1858
     126    1882                                                00010000D   1859
     126       0               4       0                               0D   1860
     126    1886                                                00010000D   1861
     126       0               4       0                               0D   1862
     126    1890                                                00010000D   1863
     126       0               6       0                               0D   1864
     126    1896                                                00010000D   1865
     126       0               4       0                               0D   1866
     126    1900                                                00010000D   1867
     126       0               4       0                               0D   1868
     126    1904                                                00010000D   1869
     126       0               5       0                               0D   1870
     126    1909                                                00010000D   1871
     126       0               6       0                               0D   1872
     126    1915                                                00010000D   1873
     126       0               4       0                               0D   1874
     126    1919                                                00010000D   1875
     126       0               5       0                               0D   1876
     126    1924                                                00010000D   1877
     126       0               4       0                               0D   1878
     126    1928                                                00010000D   1879
     126       0               6       0                               0D   1880
     126    1934                                                00010000D   1881
     126       0               4       0                               0D   1882
     126    1938                                                00010000D   1883
     126       0               5       0                               0D   1884
     126    1943                                                00010000D   1885
     126       0               4       0                               0D   1886
     126    1947                                                00010000D   1887
     126       0               6       0                               0D   1888
     126    1953                                                00010000D   1889
     126       0               5       0                               0D   1890
     126    1958                                                00010000D   1891
     126       0               4       0                               0D   1892
     126    1962                                                00010000D   1893
     126       0               5       0                               0D   1894
     126    1967                                                00010000D   1895
     126       0               6       0                               0D   1896
     126    1973                                                00010000D   1897
     126       0               5       0                               0D   1898
     126    1978                                                00010000D   1899
     126       0               4       0                               0D   1900
     126    1982                                                00010000D   1901
     126       0               5       0                               0D   1902
     126    1987                                                00010000D   1903
     126       0               6       0                               0D   1904
     126    1993                                                00010000D   1905
     126       0               4       0                               0D   1906
     126    1997                                                00010000D   1907
     126       0               4       0                               0D   1908
     126    2001                                                00010000D   1909
     126       0               5       0                               0D   1910
     126    2006                                                00010000D   1911
     126       0               6       0                               0D   1912
     126    2012                                                00010000D   1913
     126       0               4       0                               0D   1914
     126    2016                                                00010000D   1915
     126       0               5       0                               0D   1916
     126    2021                                                00010000D   1917
     126       0               4       0                               0D   1918
     126    2025                                                00010000D   1919
     126       0               6       0                               0D   1920
     126    2031                                                00010000D   1921
     126       0               4       0                               0D   1922
     126    2035                                                00010000D   1923
     126       0               5       0                               0D   1924
     126    2040                                                00010000D   1925
     126       0               4       0                               0D   1926
     126    2044                                                00010000D   1927
     126       0               6       0                               0D   1928
     126    2050                                                00010000D   1929
     126       0               4       0                               0D   1930
     126    2054                                                00010000D   1931
     126       0               4       0                               0D   1932
     126    2058                                                00010000D   1933
     126       0               4       0                               0D   1934
     126    2062                                                00010000D   1935
     126       0               6       0                               0D   1936
     126    2068                                                00010000D   1937
     126       0               4       0                               0D   1938
     126    2072                                                00010000D   1939
     126       0               5       0                               0D   1940
     126    2077                                                00010000D   1941
     126       0               5       0                               0D   1942
     126    2082                                                00010000D   1943
     126       0               6       0                               0D   1944
     126    2088                                                00010000D   1945
     126       0               5       0                               0D   1946
     126    2093                                                00010000D   1947
     126       0               5       0                               0D   1948
     126    2098                                                00010000D   1949
     126       0               5       0                               0D   1950
     126    2103                                                00010000D   1951
     126       0               6       0                               0D   1952
     126    2109                                                00010000D   1953
     126       0               4       0                               0D   1954
     126    2113                                                00010000D   1955
     126       0               5       0                               0D   1956
     126    2118                                                00010000D   1957
     126       0               4       0                               0D   1958
     126    2122                                                00010000D   1959
     126       0               6       0                               0D   1960
     126    2128                                                00010000D   1961
     126       0               4       0                               0D   1962
     126    2132                                                00010000D   1963
     126       0               4       0                               0D   1964
     126    2136                                                00010000D   1965
     126       0               4       0                               0D   1966
     126    2140                                                00010000D   1967
     126       0               6       0                               0D   1968
     126    2146                                                00010000D   1969
     126       0               4       0                               0D   1970
     126    2150                                                00010000D   1971
     126       0               4       0                               0D   1972
     126    2154                                                00010000D   1973
     126       0               4       0                               0D   1974
     126    2158                                                00010000D   1975
     126       0               6       0                               0D   1976
     126    2164                                                00010000D   1977
     126       0               9       0                               0D   1978
     126    2173                                                00010000D   1979
     126       0               6       0                               0D   1980
     126    2179                                                00010000D   1981
     126       0               5       0                               0D   1982
     126    2184                                                00010000D   1983
     126       0               5       0                               0D   1984
     126    2189                                                00010000D   1985
     126       0               6       0                               0D   1986
     126    2195                                                00010000D   1987
     126       0               6       0                               0D   1988
     126    2201                                                00010000D   1989
     126       0               6       0                               0D   1990
     126    2207                                                00010000D   1991
     126       0               6       0                               0D   1992
     126    2213                                                00010000D   1993
     126       0               5       0                               0D   1994
     126    2218                                                00010000D   1995
     126       0               4       0                               0D   1996
     126    2222                                                00010000D   1997
     126       0               4       0                               0D   1998
     126    2226                                                00010000D   1999
     126       0               5       0                               0D   2000
     126    2231                                                00010000D   2001
     126       0               6       0                               0D   2002
     126    2237                                                00010000D   2003
     126       0               5       0                               0D   2004
     126    2242                                                00010000D   2005
     126       0               4       0                               0D   2006
     126    2246                                                00010000D   2007
     126       0               4       0                               0D   2008
     126    2250                                                00010000D   2009
     126       0               4       0                               0D   2010
     126    2254                                                00010000D   2011
     126       0               6       0                               0D   2012
     126    2260                                                00010000D   2013
     126       0               5       0                               0D   2014
     126    2265                                                00010000D   2015
     126       0               6       0                               0D   2016
     126    2271                                                00010000D   2017
     126       0               6       0                               0D   2018
     126    2277                                                00010000D   2019
     126       0               6       0                               0D   2020
     126    2283                                                00010000D   2021
     126       0               5       0                               0D   2022
     126    2288                                                00010000D   2023
     126       0               4       0                               0D   2024
     126    2292                                                00010000D   2025
     126       0               4       0                               0D   2026
     126    2296                                                00010000D   2027
     126       0               5       0                               0D   2028
     126    2301                                                00010000D   2029
     126       0               6       0                               0D   2030
     126    2307                                                00010000D   2031
     126       0               5       0                               0D   2032
     126    2312                                                00010000D   2033
     126       0               4       0                               0D   2034
     126    2316                                                00010000D   2035
     126       0               4       0                               0D   2036
     126    2320                                                00010000D   2037
     126       0               4       0                               0D   2038
     126    2324                                                00010000D   2039
     126       0               6       0                               0D   2040
     126    2330                                                00010000D   2041
     126       0               5       0                               0D   2042
     126    2335                                                00010000D   2043
     126       0               6       0                               0D   2044
     126    2341                                                00010000D   2045
     126       0               6       0                               0D   2046
     126    2347                                                00010000D   2047
     126       0               6       0                               0D   2048
     126    2353                                                00010000D   2049
     126       0               5       0                               0D   2050
     126    2358                                                00010000D   2051
     126       0               4       0                               0D   2052
     126    2362                                                00010000D   2053
     126       0               4       0                               0D   2054
     126    2366                                                00010000D   2055
     126       0               5       0                               0D   2056
     126    2371                                                00010000D   2057
     126       0               6       0                               0D   2058
     126    2377                                                00010000D   2059
     126       0               5       0                               0D   2060
     126    2382                                                00010000D   2061
     126       0               4       0                               0D   2062
     126    2386                                                00010000D   2063
     126       0               4       0                               0D   2064
     126    2390                                                00010000D   2065
     126       0               4       0                               0D   2066
     126    2394                                                00010000D   2067
     126       0               6       0                               0D   2068
     126    2400                                                00010000D   2069
     126       0               5       0                               0D   2070
     126    2405                                                00010000D   2071
     126       0               6       0                               0D   2072
     126    2411                                                00010000D   2073
     126       0               6       0                               0D   2074
     126    2417                                                00010000D   2075
     126       0               6       0                               0D   2076
     126    2423                                                00010000D   2077
     126       0               5       0                               0D   2078
     126    2428                                                00010000D   2079
     126       0               4       0                               0D   2080
     126    2432                                                00010000D   2081
     126       0               4       0                               0D   2082
     126    2436                                                00010000D   2083
     126       0               5       0                               0D   2084
     126    2441                                                00010000D   2085
     126       0               6       0                               0D   2086
     126    2447                                                00010000D   2087
     126       0               5       0                               0D   2088
     126    2452                                                00010000D   2089
     126       0               4       0                               0D   2090
     126    2456                                                00010000D   2091
     126       0               4       0                               0D   2092
     126    2460                                                00010000D   2093
     126       0               4       0                               0D   2094
     126    2464                                                00010000D   2095
     126       0               6       0                               0D   2096
     126    2470                                                00010000D   2097
     126       0               5       0                               0D   2098
     126    2475                                                00010000D   2099
     126       0               6       0                               0D   2100
     126    2481                                                00010000D   2101
     126       0               6       0                               0D   2102
     126    2487                                                00010000D   2103
     126       0               6       0                               0D   2104
     126    2493                                                00010000D   2105
     126       0               5       0                               0D   2106
     126    2498                                                00010000D   2107
     126       0               4       0                               0D   2108
     126    2502                                                00010000D   2109
     126       0               4       0                               0D   2110
     126    2506                                                00010000D   2111
     126       0               5       0                               0D   2112
     126    2511                                                00010000D   2113
     126       0               6       0                               0D   2114
     126    2517                                                00010000D   2115
     126       0               5       0                               0D   2116
     126    2522                                                00010000D   2117
     126       0               4       0                               0D   2118
     126    2526                                                00010000D   2119
     126       0               4       0                               0D   2120
     126    2530                                                00010000D   2121
     126       0               4       0                               0D   2122
     126    2534                                                00010000D   2123
     126       0               5       0                               0D   2124
     126    2539                                                00010000D   2125
     126       0               5       0                               0D   2126
     126    2544                                                00010000D   2127
     126       0               6       0                               0D   2128
     126    2550                                                00010000D   2129
     126       0               6       0                               0D   2130
     126    2556                                                00010000D   2131
     126       0               6       0                               0D   2132
     126    2562                                                00010000D   2133
     126       0               5       0                               0D   2134
     126    2567                                                00010000D   2135
     126       0               4       0                               0D   2136
     126    2571                                                00010000D   2137
     126       0               4       0                               0D   2138
     126    2575                                                00010000D   2139
     126       0               5       0                               0D   2140
     126    2580                                                00010000D   2141
     126       0               6       0                               0D   2142
     126    2586                                                00010000D   2143
     126       0               5       0                               0D   2144
     126    2591                                                00010000D   2145
     126       0               4       0                               0D   2146
     126    2595                                                00010000D   2147
     126       0               4       0                               0D   2148
     126    2599                                                00010000D   2149
     126       0               4       0                               0D   2150
     126    2603                                                00010000D   2151
     126       0               6       0                               0D   2152
     126    2609                                                00010000D   2153
     126       0               5       0                               0D   2154
     126    2614                                                00010000D   2155
     126       0               6       0                               0D   2156
     126    2620                                                00010000D   2157
     126       0               6       0                               0D   2158
     126    2626                                                00010000D   2159
     126       0               6       0                               0D   2160
     126    2632                                                00010000D   2161
     126       0               5       0                               0D   2162
     126    2637                                                00010000D   2163
     126       0               4       0                               0D   2164
     126    2641                                                00010000D   2165
     126       0               4       0                               0D   2166
     126    2645                                                00010000D   2167
     126       0               5       0                               0D   2168
     126    2650                                                00010000D   2169
     126       0               6       0                               0D   2170
     126    2656                                                00010000D   2171
     126       0               5       0                               0D   2172
     126    2661                                                00010000D   2173
     126       0               4       0                               0D   2174
     126    2665                                                00010000D   2175
     126       0               4       0                               0D   2176
     126    2669                                                00010000D   2177
     126       0               4       0                               0D   2178
     126    2673                                                00010000D   2179
     126       0               6       0                               0D   2180
     126    2679                                                00010000D   2181
     126       0               5       0                               0D   2182
     126    2684                                                00010000D   2183
     126       0               6       0                               0D   2184
     126    2690                                                00010000D   2185
     126       0               6       0                               0D   2186
     126    2696                                                00010000D   2187
     126       0               6       0                               0D   2188
     126    2702                                                00010000D   2189
     126       0               5       0                               0D   2190
     126    2707                                                00010000D   2191
     126       0               4       0                               0D   2192
     126    2711                                                00010000D   2193
     126       0               4       0                               0D   2194
     126    2715                                                00010000D   2195
     126       0               5       0                               0D   2196
     126    2720                                                00010000D   2197
     126       0               6       0                               0D   2198
     126    2726                                                00010000D   2199
     126       0               5       0                               0D   2200
     126    2731                                                00010000D   2201
     126       0               4       0                               0D   2202
     126    2735                                                00010000D   2203
     126       0               4       0                               0D   2204
     126    2739                                                00010000D   2205
     126       0               4       0                               0D   2206
     126    2743                                                00010000D   2207
     126       0               6       0                               0D   2208
     126    2749                                                00010000D   2209
     126       0               5       0                               0D   2210
     126    2754                                                00010000D   2211
     126       0               6       0                               0D   2212
     126    2760                                                00010000D   2213
     126       0               6       0                               0D   2214
     126    2766                                                00010000D   2215
     126       0               6       0                               0D   2216
     126    2772                                                00010000D   2217
     126       0               5       0                               0D   2218
     126    2777                                                00010000D   2219
     126       0               4       0                               0D   2220
     126    2781                                                00010000D   2221
     126       0               4       0                               0D   2222
     126    2785                                                00010000D   2223
     126       0               5       0                               0D   2224
     126    2790                                                00010000D   2225
     126       0               6       0                               0D   2226
     126    2796                                                00010000D   2227
     126       0               5       0                               0D   2228
     126    2801                                                00010000D   2229
     126       0               4       0                               0D   2230
     126    2805                                                00010000D   2231
     126       0               4       0                               0D   2232
     126    2809                                                00010000D   2233
     126       0               4       0                               0D   2234
     126    2813                                                00010000D   2235
     126       0               6       0                               0D   2236
     126    2819                                                00010000D   2237
     126       0               5       0                               0D   2238
     126    2824                                                00010000D   2239
     126       0               6       0                               0D   2240
     126    2830                                                00010000D   2241
     126       0               6       0                               0D   2242
     126    2836                                                00010000D   2243
     126       0               6       0                               0D   2244
     126    2842                                                00010000D   2245
     126       0               5       0                               0D   2246
     126    2847                                                00010000D   2247
     126       0               4       0                               0D   2248
     126    2851                                                00010000D   2249
     126       0               4       0                               0D   2250
     126    2855                                                00010000D   2251
     126       0               5       0                               0D   2252
     126    2860                                                00010000D   2253
     126       0               6       0                               0D   2254
     126    2866                                                00010000D   2255
     126       0               5       0                               0D   2256
     126    2871                                                00010000D   2257
     126       0               4       0                               0D   2258
     126    2875                                                00010000D   2259
     126       0               4       0                               0D   2260
     126    2879                                                00010000D   2261
     126       0               4       0                               0D   2262
     126    2883                                                00010000D   2263
     126       0               6       0                               0D   2264
     126    2889                                                00010000D   2265
     126       0               5       0                               0D   2266
     126    2894                                                00010000D   2267
     126       0               6       0                               0D   2268
     126    2900                                                00010000D   2269
     126       0               6       0                               0D   2270
     126    2906                                                00010000D   2271
     126       0               6       0                               0D   2272
     126    2912                                                00010000D   2273
     126       0               5       0                               0D   2274
     126    2917                                                00010000D   2275
     126       0               4       0                               0D   2276
     126    2921                                                00010000D   2277
     126       0               4       0                               0D   2278
     126    2925                                                00010000D   2279
     126       0               5       0                               0D   2280
     126    2930                                                00010000D   2281
     126       0               6       0                               0D   2282
     126    2936                                                00010000D   2283
     126       0               5       0                               0D   2284
     126    2941                                                00010000D   2285
     126       0               4       0                               0D   2286
     126    2945                                                00010000D   2287
     126       0               4       0                               0D   2288
     126    2949                                                00010000D   2289
     126       0               4       0                               0D   2290
     126    2953                                                00010000D   2291
     126       0               6       0                               0D   2292
     126    2959                                                00010000D   2293
     126       0               5       0                               0D   2294
     126    2964                                                00010000D   2295
     126       0               6       0                               0D   2296
     126    2970                                                00010000D   2297
     126       0               6       0                               0D   2298
     126    2976                                                00010000D   2299
     126       0               6       0                               0D   2300
     126    2982                                                00010000D   2301
     126       0               5       0                               0D   2302
     126    2987                                                00010000D   2303
     126       0               4       0                               0D   2304
     126    2991                                                00010000D   2305
     126       0               4       0                               0D   2306
     126    2995                                                00010000D   2307
     126       0               5       0                               0D   2308
     126    3000                                                00010000D   2309
     126       0               6       0                               0D   2310
     126    3006                                                00010000D   2311
     126       0               5       0                               0D   2312
     126    3011                                                00010000D   2313
     126       0               4       0                               0D   2314
     126    3015                                                00010000D   2315
     126       0               4       0                               0D   2316
     126    3019                                                00010000D   2317
     126       0               4       0                               0D   2318
     126    3023                                                00010000D   2319
     126       0               6       0                               0D   2320
     126    3029                                                00010000D   2321
     126       0               5       0                               0D   2322
     126    3034                                                00010000D   2323
     126       0               6       0                               0D   2324
     126    3040                                                00010000D   2325
     126       0               6       0                               0D   2326
     126    3046                                                00010000D   2327
     126       0               6       0                               0D   2328
     126    3052                                                00010000D   2329
     126       0               5       0                               0D   2330
     126    3057                                                00010000D   2331
     126       0               4       0                               0D   2332
     126    3061                                                00010000D   2333
     126       0               5       0                               0D   2334
     126    3066                                                00010000D   2335
     126       0               5       0                               0D   2336
     126    3071                                                00010000D   2337
     126       0               6       0                               0D   2338
     126    3077                                                00010000D   2339
     126       0               5       0                               0D   2340
     126    3082                                                00010000D   2341
     126       0               4       0                               0D   2342
     126    3086                                                00010000D   2343
     126       0               4       0                               0D   2344
     126    3090                                                00010000D   2345
     126       0               4       0                               0D   2346
     126    3094                                                00010000D   2347
     126       0               6       0                               0D   2348
     126    3100                                                00010000D   2349
     126       0               5       0                               0D   2350
     126    3105                                                00010000D   2351
     126       0               6       0                               0D   2352
     126    3111                                                00010000D   2353
     126       0               6       0                               0D   2354
     126    3117                                                00010000D   2355
     126       0               6       0                               0D   2356
     126    3123                                                00010000D   2357
     126       0               5       0                               0D   2358
     126    3128                                                00010000D   2359
     126       0               4       0                               0D   2360
     126    3132                                                00010000D   2361
     126       0               4       0                               0D   2362
     126    3136                                                00010000D   2363
     126       0               5       0                               0D   2364
     126    3141                                                00010000D   2365
     126       0               6       0                               0D   2366
     126    3147                                                00010000D   2367
     126       0               5       0                               0D   2368
     126    3152                                                00010000D   2369
     126       0               4       0                               0D   2370
     126    3156                                                00010000D   2371
     126       0               4       0                               0D   2372
     126    3160                                                00010000D   2373
     126       0               4       0                               0D   2374
     126    3164                                                00010000D   2375
     126       0               6       0                               0D   2376
     126    3170                                                00010000D   2377
     126       0               5       0                               0D   2378
     126    3175                                                00010000D   2379
     126       0               6       0                               0D   2380
     126    3181                                                00010000D   2381
     126       0               6       0                               0D   2382
     126    3187                                                00010000D   2383
     126       0               6       0                               0D   2384
     126    3193                                                00010000D   2385
     126       0               5       0                               0D   2386
     126    3198                                                00010000D   2387
     126       0               4       0                               0D   2388
     126    3202                                                00010000D   2389
     126       0               4       0                               0D   2390
     126    3206                                                00010000D   2391
     126       0               5       0                               0D   2392
     126    3211                                                00010000D   2393
     126       0               6       0                               0D   2394
     126    3217                                                00010000D   2395
     126       0               5       0                               0D   2396
     126    3222                                                00010000D   2397
     126       0               4       0                               0D   2398
     126    3226                                                00010000D   2399
     126       0               4       0                               0D   2400
     126    3230                                                00010000D   2401
     126       0               4       0                               0D   2402
     126    3234                                                00010000D   2403
     126       0               6       0                               0D   2404
     126    3240                                                00010000D   2405
     126       0               5       0                               0D   2406
     126    3245                                                00010000D   2407
     126       0               6       0                               0D   2408
     126    3251                                                00010000D   2409
     126       0               6       0                               0D   2410
     126    3257                                                00010000D   2411
     126       0               6       0                               0D   2412
     126    3263                                                00010000D   2413
     126       0               5       0                               0D   2414
     126    3268                                                00010000D   2415
     126       0               4       0                               0D   2416
     126    3272                                                00010000D   2417
     126       0               4       0                               0D   2418
     126    3276                                                00010000D   2419
     126       0               5       0                               0D   2420
     126    3281                                                00010000D   2421
     126       0               6       0                               0D   2422
     126    3287                                                00010000D   2423
     126       0               5       0                               0D   2424
     126    3292                                                00010000D   2425
     126       0               4       0                               0D   2426
     126    3296                                                00010000D   2427
     126       0               4       0                               0D   2428
     126    3300                                                00010000D   2429
     126       0               4       0                               0D   2430
     126    3304                                                00010000D   2431
     126       0               6       0                               0D   2432
     126    3310                                                00010000D   2433
     126       0               5       0                               0D   2434
     126    3315                                                00010000D   2435
     126       0               6       0                               0D   2436
     126    3321                                                00010000D   2437
     126       0               6       0                               0D   2438
     126    3327                                                00010000D   2439
     126       0               6       0                               0D   2440
     126    3333                                                00010000D   2441
     126       0               5       0                               0D   2442
     126    3338                                                00010000D   2443
     126       0               4       0                               0D   2444
     126    3342                                                00010000D   2445
     126       0               4       0                               0D   2446
     126    3346                                                00010000D   2447
     126       0               5       0                               0D   2448
     126    3351                                                00010000D   2449
     126       0               6       0                               0D   2450
     126    3357                                                00010000D   2451
     126       0               5       0                               0D   2452
     126    3362                                                00010000D   2453
     126       0               4       0                               0D   2454
     126    3366                                                00010000D   2455
     126       0               4       0                               0D   2456
     126    3370                                                00010000D   2457
     126       0               4       0                               0D   2458
     126    3374                                                00010000D   2459
     126       0               6       0                               0D   2460
     126    3380                                                00010000D   2461
     126       0               5       0                               0D   2462
     126    3385                                                00010000D   2463
     126       0               6       0                               0D   2464
     126    3391                                                00010000D   2465
     126       0               6       0                               0D   2466
     126    3397                                                00010000D   2467
     126       0               6       0                               0D   2468
     126    3403                                                00010000D   2469
     126       0               5       0                               0D   2470
     126    3408                                                00010000D   2471
     126       0               4       0                               0D   2472
     126    3412                                                00010000D   2473
     126       0               4       0                               0D   2474
     126    3416                                                00010000D   2475
     126       0               5       0                               0D   2476
     126    3421                                                00010000D   2477
     126       0               6       0                               0D   2478
     126    3427                                                00010000D   2479
     126       0               5       0                               0D   2480
     126    3432                                                00010000D   2481
     126       0               4       0                               0D   2482
     126    3436                                                00010000D   2483
     126       0               4       0                               0D   2484
     126    3440                                                00010000D   2485
     126       0               4       0                               0D   2486
     126    3444                                                00010000D   2487
     126       0               6       0                               0D   2488
     126    3450                                                00010000D   2489
     126       0               5       0                               0D   2490
     126    3455                                                00010000D   2491
     126       0               6       0                               0D   2492
     126    3461                                                00010000D   2493
     126       0               6       0                               0D   2494
     126    3467                                                00010000D   2495
     126       0               6       0                               0D   2496
     126    3473                                                00010000D   2497
     126       0               5       0                               0D   2498
     126    3478                                                00010000D   2499
     126       0               4       0                               0D   2500
     126    3482                                                00010000D   2501
     126       0               4       0                               0D   2502
     126    3486                                                00010000D   2503
     126       0               4       0                               0D   2504
     126    3490                                                00010000D   2505
     126       0               5       0                               0D   2506
     126    3495                                                00010000D   2507
     126       0               6       0                               0D   2508
     126    3501                                                00010000D   2509
     126       0               4       0                               0D   2510
     126    3505                                                00010000D   2511
     126       0               4       0                               0D   2512
     126    3509                                                00010000D   2513
     126       0               6       0                               0D   2514
     126    3515                                                00010000D   2515
     126       0               6       0                               0D   2516
     126    3521                                                00010000D   2517
     126       0              10       0                               0D   2518
     126    3531                                                00010000D   2519
     126       0               2       0                               0D   2520
     126    3533                                                00010000D   2521
     126       0               9       0                               0D   2522
     126    3542                                                00010000D   2523
     126       0              10       0                               0D   2524
     126    3552                                                00010000D   2525
     126       0               3       0                               0D   2526
     126    3555                                                00010000D   2527
     126       0              10       0                               0D   2528
     126    3565                                                00010000D   2529
     126       0               2       0                               0D   2530
     126    3567                                                00010000D   2531
     126       0              10       0                               0D   2532
     126    3577                                                00010000D   2533
     126       0               2       0                               0D   2534
     126    3579                                                00010000D   2535
     126       0              10       0                               0D   2536
     126    3589                                                00010000D   2537
     126       0               8       0                               0D   2538
     126    3597                                                00010000D   2539
     126       0               2       0                               0D   2540
     126    3599                                                00010000D   2541
     126       0               8       0                               0D   2542
     126    3607                                                00010000D   2543
     126       0               8       0                               0D   2544
     126    3615                                                00010000D   2545
     126       0               2       0                               0D   2546
     126    3617                                                00010000D   2547
     126       0               8       0                               0D   2548
     126    3625                                                00010000D   2549
     126       0               8       0                               0D   2550
     126    3633                                                00010000D   2551
     126       0               2       0                               0D   2552
     126    3635                                                00010000D   2553
     126       0               8       0                               0D   2554
     126    3643                                                00010000D   2555
     126       0               8       0                               0D   2556
     126    3651                                                00010000D   2557
     126       0               2       0                               0D   2558
     126    3653                                                00010000D   2559
     126       0               8       0                               0D   2560
     126    3661                                                00010000D   2561
     126       0               2       0                               0D   2562
     126    3663                                                00010000D   2563
     126       0               2       0                               0D   2564
     126    3665                                                00010000D   2565
     126       0               2       0                               0D   2566
     126    3667                                                00010000D   2567
     126       0               2       0                               0D   2568
     126    3669                                                00010000D   2569
     126       0               2       0                               0D   2570
     126    3671                                                00010000D   2571
     126       0               2       0                               0D   2572
     126    3673                                                00010000D   2573
     126       0               2       0                               0D   2574
     126    3675                                                00010000D   2575
     126       0               2       0                               0D   2576
     126    3677                                                00010000D   2577
     126       0               2       0                               0D   2578
     126    3679                                                00010000D   2579
     126       0               2       0                               0D   2580
     126    3681                                                00010000D   2581
     126       0               2       0                               0D   2582
     126    3683                                                00010000D   2583
     126       0               2       0                               0D   2584
     126    3685                                                00010000D   2585
     126       0              10       0                               0D   2586
     126    3695                                                00010000D   2587
     126       0               2       0                               0D   2588
     126    3697                                                00010000D   2589
     126       0               9       0                               0D   2590
     126    3706                                                00010000D   2591
     126       0              10       0                               0D   2592
     126    3716                                                00010000D   2593
     126       0              10       0                               0D   2594
     126    3726                                                00010000D   2595
     126       0               3       0                               0D   2596
     126    3729                                                00010000D   2597
     126       0               7       0                               0D   2598
     126    3736                                                00010000D   2599
     126       0               7       0                               0D   2600
     126    3743                                                00010000D   2601
     126       0               9       0                               0D   2602
     126    3752                                                00010000D   2603
     126       0               2       0                               0D   2604
     126    3754                                                00010000D   2605
     126       0              10       0                               0D   2606
     126    3764                                                00010000D   2607
     126       0              10       0                               0D   2608
     126    3774                                                00010000D   2609
     126       0               2       0                               0D   2610
     126    3776                                                00010000D   2611
     126       0              10       0                               0D   2612
     126    3786                                                00010000D   2613
     126       0              10       0                               0D   2614
     126    3796                                                00010000D   2615
     126       0               3       0                               0D   2616
     126    3799                                                00010000D   2617
     126       0               6       0                               0D   2618
     126    3805                                                00010000D   2619
     126       0               3       0                               0D   2620
     126    3808                                                00010000D   2621
     126       0               6       0                               0D   2622
     126    3814                                                00010000D   2623
     126       0               3       0                               0D   2624
     126    3817                                                00010000D   2625
     126       0               3       0                               0D   2626
     126    3820                                                00010000D   2627
     126       0               3       0                               0D   2628
     126    3823                                                00010000D   2629
     126       0               3       0                               0D   2630
     126    3826                                                00010000D   2631
     126       0               3       0                               0D   2632
     126    3829                                                00010000D   2633
     126       0               6       0                               0D   2634
     126    3835                                                00010000D   2635
     126       0               6       0                               0D   2636
     126    3841                                                00010000D   2637
     126       0               8       0                               0D   2638
     126    3849                                                00010000D   2639
     126       0              10       0                               0D   2640
     126    3859                                                00010000D   2641
     126       0               8       0                               0D   2642
     126    3867                                                00010000D   2643
     126       0               5       0                               0D   2644
     126    3872                                                00010000D   2645
     126       0               9       0                               0D   2646
     126    3881                                                00010000D   2647
     126       0               6       0                               0D   2648
     126    3887                                                00010000D   2649
     126       0               8       0                               0D   2650
     126    3895                                                00010000D   2651
     126       0              10       0                               0D   2652
     126    3905                                                00010000D   2653
     126       0               8       0                               0D   2654
     126    3913                                                00010000D   2655
     126       0               6       0                               0D   2656
     126    3919                                                00010000D   2657
     126       0               6       0                               0D   2658
     126    3925                                                00010000D   2659
     126       0               3       0                               0D   2660
     126    3928                                                00010000D   2661
     126       0               6       0                               0D   2662
     126    3934                                                00010000D   2663
     126       0               3       0                               0D   2664
     126    3937                                                00010000D   2665
     126       0               6       0                               0D   2666
     126    3943                                                00010000D   2667
     126       0               3       0                               0D   2668
     126    3946                                                00010000D   2669
     126       0               6       0                               0D   2670
     126    3952                                                00010000D   2671
     126       0              12       0                               0D   2672
     126    3964                                                00010000D   2673
     126       0              12       0                               0D   2674
     126    3976                                                00010000D   2675
     126       0               6       0                               0D   2676
     126    3982                                                00010000D   2677
     126       0               3       0                               0D   2678
     126    3985                                                00010000D   2679
     126       0               3       0                               0D   2680
     126    3988                                                00010000D   2681
     126       0               3       0                               0D   2682
     126    3991                                                00010000D   2683
     126       0               6       0                               0D   2684
     126    3997                                                00010000D   2685
     126       0               3       0                               0D   2686
     126    4000                                                00010000D   2687
     126       0               3       0                               0D   2688
     126    4003                                                00010000D   2689
     126       0               4       0                               0D   2690
     126    4007                                                00010000D   2691
     126       0               3       0                               0D   2692
     126    4010                                                00010000D   2693
     126       0               6       0                               0D   2694
     126    4016                                                00010000D   2695
     126       0               6       0                               0D   2696
     126    4022                                                00010000D   2697
     126       0               3       0                               0D   2698
     126    4025                                                00010000D   2699
     126       0               3       0                               0D   2700
     126    4028                                                00010000D   2701
     126       0               3       0                               0D   2702
     126    4031                                                00010000D   2703
     126       0               6       0                               0D   2704
     126    4037                                                00010000D   2705
     126       0               3       0                               0D   2706
     126    4040                                                00010000D   2707
     126       0               3       0                               0D   2708
     126    4043                                                00010000D   2709
     126       0               3       0                               0D   2710
     126    4046                                                00010000D   2711
     126       0               6       0                               0D   2712
     126    4052                                                00010000D   2713
     126       0               8       0                               0D   2714
     126    4060                                                00010000D   2715
     126       0               3       0                               0D   2716
     126    4063                                                00010000D   2717
     126       0               3       0                               0D   2718
     126    4066                                                00010000D   2719
     126       0               3       0                               0D   2720
     126    4069                                                00010000D   2721
     126       0              10       0                               0D   2722
     126    4079                                                00010000D   2723
     126       0               8       0                               0D   2724
     126    4087                                                00010000D   2725
     126       0               3       0                               0D   2726
     126    4090                                                00010000D   2727
     126       0               6       0                               0D   2728
     126    4096                                                00010000D   2729
     126       0               8       0                               0D   2730
     126    4104                                                00010000D   2731
     126       0               3       0                               0D   2732
     126    4107                                                00010000D   2733
     126       0               3       0                               0D   2734
     126    4110                                                00010000D   2735
     126       0               3       0                               0D   2736
     126    4113                                                00010000D   2737
     126       0               6       0                               0D   2738
     126    4119                                                00010000D   2739
     126       0               8       0                               0D   2740
     126    4127                                                00010000D   2741
     126       0               3       0                               0D   2742
     126    4130                                                00010000D   2743
     126       0              12       0                               0D   2744
     126    4142                                                00010000D   2745
     126       0               3       0                               0D   2746
     126    4145                                                00010000D   2747
     126       0              12       0                               0D   2748
     126    4157                                                00010000D   2749
     126       0               3       0                               0D   2750
     126    4160                                                00010000D   2751
     126       0              10       0                               0D   2752
     126    4170                                                00010000D   2753
     126       0               4       0                               0D   2754
     126    4174                                                00010000D   2755
     126       0               5       0                               0D   2756
     126    4179                                                00010000D   2757
     126       0               3       0                               0D   2758
     126    4182                                                00010000D   2759
     126       0              10       0                               0D   2760
     126    4192                                                00010000D   2761
     126       0               6       0                               0D   2762
     126    4198                                                00010000D   2763
     126       0               4       0                               0D   2764
     126    4202                                                00010000D   2765
     126       0               6       0                               0D   2766
     126    4208                                                00010000D   2767
     126       0               4       0                               0D   2768
     126    4212                                                00010000D   2769
     126       0               4       0                               0D   2770
     126    4216                                                00010000D   2771
     126       0               4       0                               0D   2772
     126    4220                                                00010000D   2773
     126       0               4       0                               0D   2774
     126    4224                                                00010000D   2775
     126       0               4       0                               0D   2776
     126    4228                                                00010000D   2777
     126       0               5       0                               0D   2778
     126    4233                                                00010000D   2779
     126       0               4       0                               0D   2780
     126    4237                                                00010000D   2781
     126       0               5       0                               0D   2782
     126    4242                                                00010000D   2783
     126       0               5       0                               0D   2784
     126    4247                                                00010000D   2785
     126       0               6       0                               0D   2786
     126    4253                                                00010000D   2787
     126       0               3       0                               0D   2788
     126    4256                                                00010000D   2789
     126       0               6       0                               0D   2790
     126    4262                                                00010000D   2791
     126       0               3       0                               0D   2792
     126    4265                                                00010000D   2793
     126       0               6       0                               0D   2794
     126    4271                                                00010000D   2795
     126       0               3       0                               0D   2796
     126    4274                                                00010000D   2797
     126       0               9       0                               0D   2798
     126    4283                                                00010000D   2799
     126       0               3       0                               0D   2800
     126    4286                                                00010000D   2801
     126       0               8       0                               0D   2802
     126    4294                                                00010000D   2803
     126       0               8       0                               0D   2804
     126    4302                                                00010000D   2805
     126       0               3       0                               0D   2806
     126    4305                                                00010000D   2807
     126       0               8       0                               0D   2808
     126    4313                                                00010000D   2809
     126       0               3       0                               0D   2810
     126    4316                                                00010000D   2811
     126       0               3       0                               0D   2812
     126    4319                                                00010000D   2813
     126       0               9       0                               0D   2814
     126    4328                                                00010000D   2815
     126       0               3       0                               0D   2816
     126    4331                                                00010000D   2817
     126       0               9       0                               0D   2818
     126    4340                                                00010000D   2819
     126       0               3       0                               0D   2820
     126    4343                                                00010000D   2821
     126       0               8       0                               0D   2822
     126    4351                                                00010000D   2823
     126       0               3       0                               0D   2824
     126    4354                                                00010000D   2825
     126       0               8       0                               0D   2826
     126    4362                                                00010000D   2827
     126       0               7       0                               0D   2828
     126    4369                                                00010000D   2829
     126       0               3       0                               0D   2830
     126    4372                                                00010000D   2831
     126       0               7       0                               0D   2832
     126    4379                                                00010000D   2833
     126       0               3       0                               0D   2834
     126    4382                                                00010000D   2835
     126       0               7       0                               0D   2836
     126    4389                                                00010000D   2837
     126       0               3       0                               0D   2838
     126    4392                                                00010000D   2839
     126       0               7       0                               0D   2840
     126    4399                                                00010000D   2841
     126       0               3       0                               0D   2842
     126    4402                                                00010000D   2843
     126       0              12       0                               0D   2844
     126    4414                                                00010000D   2845
     126       0              11       0                               0D   2846
     126    4425                                                00010000D   2847
     126       0              12       0                               0D   2848
     126    4437                                                00010000D   2849
     126       0              12       0                               0D   2850
     126    4449                                                00010000D   2851
     126       0              12       0                               0D   2852
     126    4461                                                00010000D   2853
     126       0               4       0                               0D   2854
     126    4465                                                00010000D   2855
     126       0               8       0                               0D   2856
     126    4473                                                00010000D   2857
     126       0               4       0                               0D   2858
     126    4477                                                00010000D   2859
     126       0               8       0                               0D   2860
     126    4485                                                00010000D   2861
     126       0               4       0                               0D   2862
     126    4489                                                00010000D   2863
     126       0               7       0                               0D   2864
     126    4496                                                00010000D   2865
     126       0               4       0                               0D   2866
     126    4500                                                00010000D   2867
     126       0               7       0                               0D   2868
     126    4507                                                00010000D   2869
     126       0               4       0                               0D   2870
     126    4511                                                00010000D   2871
     126       0               6       0                               0D   2872
     126    4517                                                00010000D   2873
     126       0               3       0                               0D   2874
     126    4520                                                00010000D   2875
     126       0               4       0                               0D   2876
     126    4524                                                00010000D   2877
     126       0               4       0                               0D   2878
     126    4528                                                00010000D   2879
     126       0               2       0                               0D   2880
     126    4530                                                00010000D   2881
     126       0               2       0                               0D   2882
     126    4532                                                00010000D   2883
     126       0               8       0                               0D   2884
     126    4540                                                00010000D   2885
     126       0               2       0                               0D   2886
     126    4542                                                00010000D   2887
     126       0               4       0                               0D   2888
     126    4546                                                00010000D   2889
     126       0               2       0                               0D   2890
     126    4548                                                00010000D   2891
     126       0               8       0                               0D   2892
     126    4556                                                00010000D   2893
     126       0               4       0                               0D   2894
     126    4560                                                00010000D   2895
     126       0               3       0                               0D   2896
     126    4563                                                00010000D   2897
     126       0               3       0                               0D   2898
     126    4566                                                00010000D   2899
     126       0               9       0                               0D   2900
     126    4575                                                00010000D   2901
     126       0               3       0                               0D   2902
     126    4578                                                00010000D   2903
     126       0               4       0                               0D   2904
     126    4582                                                00010000D   2905
     126       0               3       0                               0D   2906
     126    4585                                                00010000D   2907
     126       0               9       0                               0D   2908
     126    4594                                                00010000D   2909
     126       0               3       0                               0D   2910
     126    4597                                                00010000D   2911
     126       0               3       0                               0D   2912
     126    4600                                                00010000D   2913
     126       0               4       0                               0D   2914
     126    4604                                                00010000D   2915
     126       0               6       0                               0D   2916
     126    4610                                                00010000D   2917
     126       0               4       0                               0D   2918
     126    4614                                                00010000D   2919
     126       0               4       0                               0D   2920
     126    4618                                                00010000D   2921
     126       0               4       0                               0D   2922
     126    4622                                                00010000D   2923
     126       0               6       0                               0D   2924
     126    4628                                                00010000D   2925
     126       0               3       0                               0D   2926
     126    4631                                                00010000D   2927
     126       0               3       0                               0D   2928
     126    4634                                                00010000D   2929
     126       0               5       0                               0D   2930
     126    4639                                                00010000D   2931
     126       0               5       0                               0D   2932
     126    4644                                                00010000D   2933
     126       0               5       0                               0D   2934
     126    4649                                                00010000D   2935
     126       0               3       0                               0D   2936
     126    4652                                                00010000D   2937
     126       0               3       0                               0D   2938
     126    4655                                                00010000D   2939
     126       0               8       0                               0D   2940
     126    4663                                                00010000D   2941
     126       0               3       0                               0D   2942
     126    4666                                                00010000D   2943
     126       0               3       0                               0D   2944
     126    4669                                                00010000D   2945
     126       0               3       0                               0D   2946
     126    4672                                                00010000D   2947
     126       0               7       0                               0D   2948
     126    4679                                                00010000D   2949
     126       0               3       0                               0D   2950
     126    4682                                                00010000D   2951
     126       0               3       0                               0D   2952
     126    4685                                                00010000D   2953
     126       0               3       0                               0D   2954
     126    4688                                                00010000D   2955
     126       0               3       0                               0D   2956
     126    4691                                                00010000D   2957
     126       0               3       0                               0D   2958
     126    4694                                                00010000D   2959
     126       0               7       0                               0D   2960
     126    4701                                                00010000D   2961
     126       0               3       0                               0D   2962
     126    4704                                                00010000D   2963
     126       0               3       0                               0D   2964
     126    4707                                                00010000D   2965
     126       0               3       0                               0D   2966
     126    4710                                                00010000D   2967
     126       0               7       0                               0D   2968
     126    4717                                                00010000D   2969
     126       0               3       0                               0D   2970
     126    4720                                                00010000D   2971
     126       0               8       0                               0D   2972
     126    4728                                                00010000D   2973
     126       0               3       0                               0D   2974
     126    4731                                                00010000D   2975
     126       0               3       0                               0D   2976
     126    4734                                                00010000D   2977
     126       0               3       0                               0D   2978
     126    4737                                                00010000D   2979
     126       0               8       0                               0D   2980
     126    4745                                                00010000D   2981
     126       0               3       0                               0D   2982
     126    4748                                                00010000D   2983
     126       0               3       0                               0D   2984
     126    4751                                                00010000D   2985
     126       0               3       0                               0D   2986
     126    4754                                                00010000D   2987
     126       0               7       0                               0D   2988
     126    4761                                                00010000D   2989
     126       0               3       0                               0D   2990
     126    4764                                                00010000D   2991
     126       0               3       0                               0D   2992
     126    4767                                                00010000D   2993
     126       0               3       0                               0D   2994
     126    4770                                                00010000D   2995
     126       0               7       0                               0D   2996
     126    4777                                                00010000D   2997
     126       0               3       0                               0D   2998
     126    4780                                                00010000D   2999
     126       0               3       0                               0D   3000
     126    4783                                                00010000D   3001
     126       0               4       0                               0D   3002
     126    4787                                                00010000D   3003
     126       0              12       0                               0D   3004
     126    4799                                                00010000D   3005
     126       0               3       0                               0D   3006
     126    4802                                                00010000D   3007
     126       0              12       0                               0D   3008
     126    4814                                                00010000D   3009
     126       0               3       0                               0D   3010
     126    4817                                                00010000D   3011
     126       0              12       0                               0D   3012
     126    4829                                                00010000D   3013
     126       0               3       0                               0D   3014
     126    4832                                                00010000D   3015
     126       0              11       0                               0D   3016
     126    4843                                                00010000D   3017
     126       0               3       0                               0D   3018
     126    4846                                                00010000D   3019
     126       0              12       0                               0D   3020
     126    4858                                                00010000D   3021
     126       0               3       0                               0D   3022
     126    4861                                                00010000D   3023
     126       0               3       0                               0D   3024
     126    4864                                                00010000D   3025
     126       0               3       0                               0D   3026
     126    4867                                                00010000D   3027
     126       0               3       0                               0D   3028
     126    4870                                                00010000D   3029
     126       0               7       0                               0D   3030
     126    4877                                                00010000D   3031
     126       0               3       0                               0D   3032
     126    4880                                                00010000D   3033
     126       0               3       0                               0D   3034
     126    4883                                                00010000D   3035
     126       0               3       0                               0D   3036
     126    4886                                                00010000D   3037
     126       0               7       0                               0D   3038
     126    4893                                                00010000D   3039
     126       0               3       0                               0D   3040
     126    4896                                                00010000D   3041
     126       0               3       0                               0D   3042
     126    4899                                                00010000D   3043
     126       0               3       0                               0D   3044
     126    4902                                                00010000D   3045
     126       0               7       0                               0D   3046
     126    4909                                                00010000D   3047
     126       0               3       0                               0D   3048
     126    4912                                                00010000D   3049
     126       0               3       0                               0D   3050
     126    4915                                                00010000D   3051
     126       0               3       0                               0D   3052
     126    4918                                                00010000D   3053
     126       0               7       0                               0D   3054
     126    4925                                                00010000D   3055
     126       0               7       0                               0D   3056
     126    4932                                                00010000D   3057
     126       0               3       0                               0D   3058
     126    4935                                                00010000D   3059
     126       0               7       0                               0D   3060
     126    4942                                                00010000D   3061
     126       0               3       0                               0D   3062
     126    4945                                                00010000D   3063
     126       0               4       0                               0D   3064
     126    4949                                                00010000D   3065
     126       0               4       0                               0D   3066
     126    4953                                                00010000D   3067
     126       0               3       0                               0D   3068
     126    4956                                                00010000D   3069
     126       0               7       0                               0D   3070
     126    4963                                                00010000D   3071
     126       0               7       0                               0D   3072
     126    4970                                                00010000D   3073
     126       0               3       0                               0D   3074
     126    4973                                                00010000D   3075
     126       0               4       0                               0D   3076
     126    4977                                                00010000D   3077
     126       0               4       0                               0D   3078
     126    4981                                                00010000D   3079
     126       0               4       0                               0D   3080
     126    4985                                                00010000D   3081
     126       0               3       0                               0D   3082
     126    4988                                                00010000D   3083
     126       0               4       0                               0D   3084
     126    4992                                                00010000D   3085
     126       0               3       0                               0D   3086
     126    4995                                                00010000D   3087
     126       0               7       0                               0D   3088
     126    5002                                                00010000D   3089
     126       0               7       0                               0D   3090
     126    5009                                                00010000D   3091
     126       0               3       0                               0D   3092
     126    5012                                                00010000D   3093
     126       0               4       0                               0D   3094
     126    5016                                                00010000D   3095
     126       0               4       0                               0D   3096
     126    5020                                                00010000D   3097
     126       0               3       0                               0D   3098
     126    5023                                                00010000D   3099
     126       0               7       0                               0D   3100
     126    5030                                                00010000D   3101
     126       0               7       0                               0D   3102
     128    5037                                                00010000D   3103
     128       0   -3783      13       0                               0D   3104
     128    5050                                                00010000D   3105
     128       0   -3783       7       0                               0D   3106
     128    5057                                                00010000D   3107
     128       0   -3783       4       0                               0D   3108
     128    5061                                                00010000D   3109
     128       0   -3783       5       0                               0D   3110
     128    5066                                                00010000D   3111
     128       0   -3783       5       0                               0D   3112
     128    5071                                                00010000D   3113
     128       0   -3783       5       0                               0D   3114
     128    5076                                                00010000D   3115
     128       0   -3783       5       0                               0D   3116
     128    5081                                                00010000D   3117
     128       0   -3783      14       0                               0D   3118
     128    5095                                                00010000D   3119
     128       0   -3783       4       0                               0D   3120
     128    5099                                                00010000D   3121
     128       0   -3783       4       0                               0D   3122
     128    5103                                                00010000D   3123
     128       0   -3783       6       0                               0D   3124
     128    5109                                                00010000D   3125
     128       0   -3783       6       0                               0D   3126
     128    5115                                                00010000D   3127
     128       0   -3783       8       0                               0D   3128
     128    5123                                                00010000D   3129
     128       0   -3783       8       0                               0D   3130
     128    5131                                                00010000D   3131
     128       0   -3783      16       0                               0D   3132
     128    5147                                                00010000D   3133
     128       0   -3783      16       0                               0D   3134
     128    5163                                                00010000D   3135
     128       0   -3783      16       0                               0D   3136
     128    5179                                                00010000D   3137
     128       0   -3783      16       0                               0D   3138
     128    5195                                                00010000D   3139
     128       0   -3783       4       0                               0D   3140
     128    5199                                                00010000D   3141
     128       0   -3783       4       0                               0D   3142
     128    5203                                                00010000D   3143
     128       0   -3783       4       0                               0D   3144
     128    5207                                                00010000D   3145
     128       0   -3783       4       0                               0D   3146
     128    5211                                                00010000D   3147
     128       0   -3783       4       0                               0D   3148
     128    5215                                                00010000D   3149
     128       0   -3783       4       0                               0D   3150
     128    5219                                                00010000D   3151
     128       0   -3783       5       0                               0D   3152
     128    5224                                                00010000D   3153
     128       0   -3783       4       0                               0D   3154
     128    5228                                                00010000D   3155
     128       0   -3783       4       0                               0D   3156
     128    5232                                                00010000D   3157
     128       0   -3783       4       0                               0D   3158
     128    5236                                                00010000D   3159
     128       0   -3783       4       0                               0D   3160
     128    5240                                                00010000D   3161
     128       0   -3783       4       0                               0D   3162
     128    5244                                                00010000D   3163
     128       0   -3783       6       0                               0D   3164
     128    5250                                                00010000D   3165
     128       0   -3783       8       0                               0D   3166
     128    5258                                                00010000D   3167
     128       0   -3783       8       0                               0D   3168
     128    5266                                                00010000D   3169
     128       0   -3783       6       0                               0D   3170
     128    5272                                                00010000D   3171
     128       0   -3783       6       0                               0D   3172
     128    5278                                                00010000D   3173
     128       0   -3783       5       0                               0D   3174
     128    5283                                                00010000D   3175
     128       0   -3783       6       0                               0D   3176
     128    5289                                                00010000D   3177
     128       0   -3783       5       0                               0D   3178
     128    5294                                                00010000D   3179
     128       0   -3783       6       0                               0D   3180
     128    5300                                                00010000D   3181
     128       0   -3783       6       0                               0D   3182
     128    5306                                                00010000D   3183
     128       0   -3783       5       0                               0D   3184
     128    5311                                                00010000D   3185
     128       0   -3783       5       0                               0D   3186
     128    5316                                                00010000D   3187
     128       0   -3783       6       0                               0D   3188
     128    5322                                                00010000D   3189
     128       0   -3783       8       0                               0D   3190
     128    5330                                                00010000D   3191
     128       0   -3781      12       0                               0D   3192
     128    5342                                                00010000D   3193
     128       0   -3781      12       0                               0D   3194
     128    5354                                                00010000D   3195
     128       0   -3781       3       0                               0D   3196
     128    5357                                                00010000D   3197
     128       0   -3781      12       0                               0D   3198
     128    5369                                                00010000D   3199
     128       0   -3781       3       0                               0D   3200
     128    5372                                                00010000D   3201
     128       0   -3781       3       0                               0D   3202
     128    5375                                                00010000D   3203
     128       0   -3781      12       0                               0D   3204
     128    5387                                                00010000D   3205
     128       0   -3781      12       0                               0D   3206
     128    5399                                                00010000D   3207
     128       0   -3781       3       0                               0D   3208
     128    5402                                                00010000D   3209
     128       0   -3781      14       0                               0D   3210
     128    5416                                                00010000D   3211
     128       0   -3781       3       0                               0D   3212
     128    5419                                                00010000D   3213
     128       0   -3781      13       0                               0D   3214
     128    5432                                                00010000D   3215
     128       0   -3781      17       0                               0D   3216
     128    5449                                                00010000D   3217
     128       0   -3781       3       0                               0D   3218
     128    5452                                                00010000D   3219
     128       0   -3781      13       0                               0D   3220
     128    5465                                                00010000D   3221
     128       0   -3781       3       0                               0D   3222
     128    5468                                                00010000D   3223
     128       0   -3781       3       0                               0D   3224
     128    5471                                                00010000D   3225
     128       0   -3781      12       0                               0D   3226
     128    5483                                                00010000D   3227
     128       0   -3781      11       0                               0D   3228
     128    5494                                                00010000D   3229
     128       0   -3781       3       0                               0D   3230
     128    5497                                                00010000D   3231
     128       0   -3781       3       0                               0D   3232
     128    5500                                                00010000D   3233
     128       0   -3781      12       0                               0D   3234
     128    5512                                                00010000D   3235
     128       0   -3781       9       0                               0D   3236
     128    5521                                                00010000D   3237
     128       0   -3781       8       0                               0D   3238
     128    5529                                                00010000D   3239
     128       0   -3781       9       0                               0D   3240
     128    5538                                                00010000D   3241
     128       0   -3781       7       0                               0D   3242
     128    5545                                                00010000D   3243
     128       0   -3781      11       0                               0D   3244
     128    5556                                                00010000D   3245
     128       0   -3781      11       0                               0D   3246
     128    5567                                                00010000D   3247
     128       0   -3781      11       0                               0D   3248
     128    5578                                                00010000D   3249
     128       0   -3781      10       0                               0D   3250
     128    5588                                                00010000D   3251
     128       0   -3781       9       0                               0D   3252
     128    5597                                                00010000D   3253
     128       0   -3781       8       0                               0D   3254
     128    5605                                                00010000D   3255
     128       0   -3781       9       0                               0D   3256
     128    5614                                                00010000D   3257
     128       0   -3781      12       0                               0D   3258
     128    5626                                                00010000D   3259
     128       0   -3781      11       0                               0D   3260
     128    5637                                                00010000D   3261
     128       0   -3781      10       0                               0D   3262
     128    5647                                                00010000D   3263
     128       0   -3781       9       0                               0D   3264
     128    5656                                                00010000D   3265
     128       0   -3781       8       0                               0D   3266
     128    5664                                                00010000D   3267
     128       0   -3781       9       0                               0D   3268
     128    5673                                                00010000D   3269
     128       0   -3781      11       0                               0D   3270
     128    5684                                                00010000D   3271
     128       0   -3781      10       0                               0D   3272
     128    5694                                                00010000D   3273
     128       0   -3781      10       0                               0D   3274
     128    5704                                                00010000D   3275
     128       0   -3781       8       0                               0D   3276
     128    5712                                                00010000D   3277
     128       0   -3781       8       0                               0D   3278
     128    5720                                                00010000D   3279
     128       0   -3781       9       0                               0D   3280
     128    5729                                                00010000D   3281
     128       0   -3781      11       0                               0D   3282
     128    5740                                                00010000D   3283
     128       0   -3781      11       0                               0D   3284
     128    5751                                                00010000D   3285
     128       0   -3781      11       0                               0D   3286
     128    5762                                                00010000D   3287
     128       0   -3781       8       0                               0D   3288
     128    5770                                                00010000D   3289
     128       0   -3781       8       0                               0D   3290
     128    5778                                                00010000D   3291
     128       0   -3781       9       0                               0D   3292
     128    5787                                                00010000D   3293
     128       0   -3781      12       0                               0D   3294
     128    5799                                                00010000D   3295
     128       0   -3781      11       0                               0D   3296
     128    5810                                                00010000D   3297
     128       0   -3781      10       0                               0D   3298
     128    5820                                                00010000D   3299
     128       0   -3781       9       0                               0D   3300
     128    5829                                                00010000D   3301
     128       0   -3781       8       0                               0D   3302
     128    5837                                                00010000D   3303
     128       0   -3781       9       0                               0D   3304
     128    5846                                                00010000D   3305
     128       0   -3781      11       0                               0D   3306
     128    5857                                                00010000D   3307
     128       0   -3781      11       0                               0D   3308
     128    5868                                                00010000D   3309
     128       0   -3781      11       0                               0D   3310
     128    5879                                                00010000D   3311
     128       0   -3781       9       0                               0D   3312
     128    5888                                                00010000D   3313
     128       0   -3781       8       0                               0D   3314
     128    5896                                                00010000D   3315
     128       0   -3781       9       0                               0D   3316
     128    5905                                                00010000D   3317
     128       0   -3781      11       0                               0D   3318
     128    5916                                                00010000D   3319
     128       0   -3781      11       0                               0D   3320
     128    5927                                                00010000D   3321
     128       0   -3781      11       0                               0D   3322
     128    5938                                                00010000D   3323
     128       0   -3781       8       0                               0D   3324
     128    5946                                                00010000D   3325
     128       0   -3781       8       0                               0D   3326
     128    5954                                                00010000D   3327
     128       0   -3781       9       0                               0D   3328
     128    5963                                                00010000D   3329
     128       0   -3781      11       0                               0D   3330
     128    5974                                                00010000D   3331
     128       0   -3781      11       0                               0D   3332
     128    5985                                                00010000D   3333
     128       0   -3781      11       0                               0D   3334
     128    5996                                                00010000D   3335
     128       0   -3781       9       0                               0D   3336
     128    6005                                                00010000D   3337
     128       0   -3781       8       0                               0D   3338
     128    6013                                                00010000D   3339
     128       0   -3781       9       0                               0D   3340
     128    6022                                                00010000D   3341
     128       0   -3781      11       0                               0D   3342
     128    6033                                                00010000D   3343
     128       0   -3781      10       0                               0D   3344
     128    6043                                                00010000D   3345
     128       0   -3781      11       0                               0D   3346
     128    6054                                                00010000D   3347
     128       0   -3781       8       0                               0D   3348
     128    6062                                                00010000D   3349
     128       0   -3781       7       0                               0D   3350
     128    6069                                                00010000D   3351
     128       0   -3781       9       0                               0D   3352
     128    6078                                                00010000D   3353
     128       0   -3781      11       0                               0D   3354
     128    6089                                                00010000D   3355
     128       0   -3781      10       0                               0D   3356
     128    6099                                                00010000D   3357
     128       0   -3781      10       0                               0D   3358
     128    6109                                                00010000D   3359
     128       0   -3781       9       0                               0D   3360
     128    6118                                                00010000D   3361
     128       0   -3781       8       0                               0D   3362
     128    6126                                                00010000D   3363
     128       0   -3781       9       0                               0D   3364
     128    6135                                                00010000D   3365
     128       0   -3781      11       0                               0D   3366
     128    6146                                                00010000D   3367
     128       0   -3781      11       0                               0D   3368
     128    6157                                                00010000D   3369
     128       0   -3781      10       0                               0D   3370
     128    6167                                                00010000D   3371
     128       0   -3781       9       0                               0D   3372
     128    6176                                                00010000D   3373
     128       0   -3781       8       0                               0D   3374
     128    6184                                                00010000D   3375
     128       0   -3781       9       0                               0D   3376
     128    6193                                                00010000D   3377
     128       0   -3781      11       0                               0D   3378
     128    6204                                                00010000D   3379
     128       0   -3781      10       0                               0D   3380
     128    6214                                                00010000D   3381
     128       0   -3781      10       0                               0D   3382
     128    6224                                                00010000D   3383
     128       0   -3781       9       0                               0D   3384
     128    6233                                                00010000D   3385
     128       0   -3781       8       0                               0D   3386
     128    6241                                                00010000D   3387
     128       0   -3781       9       0                               0D   3388
     128    6250                                                00010000D   3389
     128       0   -3781      11       0                               0D   3390
     128    6261                                                00010000D   3391
     128       0   -3781      10       0                               0D   3392
     128    6271                                                00010000D   3393
     128       0   -3781      10       0                               0D   3394
     128    6281                                                00010000D   3395
     128       0   -3781       9       0                               0D   3396
     128    6290                                                00010000D   3397
     128       0   -3781       8       0                               0D   3398
     128    6298                                                00010000D   3399
     128       0   -3781       9       0                               0D   3400
     128    6307                                                00010000D   3401
     128       0   -3781      11       0                               0D   3402
     128    6318                                                00010000D   3403
     128       0   -3781      10       0                               0D   3404
     128    6328                                                00010000D   3405
     128       0   -3781      10       0                               0D   3406
     128    6338                                                00010000D   3407
     128       0   -3781       8       0                               0D   3408
     128    6346                                                00010000D   3409
     128       0   -3781       8       0                               0D   3410
     128    6354                                                00010000D   3411
     128       0   -3781       9       0                               0D   3412
     128    6363                                                00010000D   3413
     128       0   -3781      11       0                               0D   3414
     128    6374                                                00010000D   3415
     128       0   -3781      11       0                               0D   3416
     128    6385                                                00010000D   3417
     128       0   -3781      10       0                               0D   3418
     128    6395                                                00010000D   3419
     128       0   -3781       9       0                               0D   3420
     128    6404                                                00010000D   3421
     128       0   -3781       8       0                               0D   3422
     128    6412                                                00010000D   3423
     128       0   -3781       9       0                               0D   3424
     128    6421                                                00010000D   3425
     128       0   -3781      11       0                               0D   3426
     128    6432                                                00010000D   3427
     128       0   -3781      10       0                               0D   3428
     128    6442                                                00010000D   3429
     128       0   -3781      10       0                               0D   3430
     128    6452                                                00010000D   3431
     128       0   -3781       9       0                               0D   3432
     128    6461                                                00010000D   3433
     128       0   -3781       8       0                               0D   3434
     128    6469                                                00010000D   3435
     128       0   -3781       9       0                               0D   3436
     128    6478                                                00010000D   3437
     128       0   -3781      11       0                               0D   3438
     128    6489                                                00010000D   3439
     128       0   -3781      10       0                               0D   3440
     128    6499                                                00010000D   3441
     128       0   -3781      10       0                               0D   3442
     128    6509                                                00010000D   3443
     128       0   -3781       8       0                               0D   3444
     128    6517                                                00010000D   3445
     128       0   -3781       8       0                               0D   3446
     128    6525                                                00010000D   3447
     128       0   -3781       9       0                               0D   3448
     128    6534                                                00010000D   3449
     128       0   -3781      11       0                               0D   3450
     128    6545                                                00010000D   3451
     128       0   -3781      10       0                               0D   3452
     128    6555                                                00010000D   3453
     128       0   -3781      10       0                               0D   3454
     128    6565                                                00010000D   3455
     128       0   -3781       9       0                               0D   3456
     128    6574                                                00010000D   3457
     128       0   -3781       8       0                               0D   3458
     128    6582                                                00010000D   3459
     128       0   -3781       9       0                               0D   3460
     128    6591                                                00010000D   3461
     128       0   -3781      11       0                               0D   3462
     128    6602                                                00010000D   3463
     128       0   -3781      11       0                               0D   3464
     128    6613                                                00010000D   3465
     128       0   -3781      10       0                               0D   3466
     128    6623                                                00010000D   3467
     128       0   -3781       9       0                               0D   3468
     128    6632                                                00010000D   3469
     128       0   -3781       9       0                               0D   3470
     128    6641                                                00010000D   3471
     128       0   -3781       7       0                               0D   3472
     128    6648                                                00010000D   3473
     128       0   -3781      10       0                               0D   3474
     128    6658                                                00010000D   3475
     128       0   -3781      10       0                               0D   3476
     128    6668                                                00010000D   3477
     128       0   -3781       7       0                               0D   3478
     128    6675                                                00010000D   3479
     128       0   -3781      11       0                               0D   3480
     128    6686                                                00010000D   3481
     128       0   -3781       3       0                               0D   3482
     128    6689                                                00010000D   3483
     128       0   -3781      13       0                               0D   3484
     128    6702                                                00010000D   3485
     128       0   -3781       3       0                               0D   3486
     128    6705                                                00010000D   3487
     128       0   -3781      11       0                               0D   3488
     128    6716                                                00010000D   3489
     128       0   -3781       3       0                               0D   3490
     128    6719                                                00010000D   3491
     128       0   -3781      12       0                               0D   3492
     128    6731                                                00010000D   3493
     128       0   -3781       3       0                               0D   3494
     128    6734                                                00010000D   3495
     128       0   -3781       3       0                               0D   3496
     128    6737                                                00010000D   3497
     128       0   -3781      12       0                               0D   3498
     128    6749                                                00010000D   3499
     128       0   -3781      12       0                               0D   3500
     128    6761                                                00010000D   3501
     128       0   -3781      12       0                               0D   3502
     128    6773                                                00010000D   3503
     128       0   -3781      12       0                               0D   3504
     128    6785                                                00010000D   3505
     128       0   -3781       3       0                               0D   3506
     128    6788                                                00010000D   3507
     128       0   -3781       3       0                               0D   3508
     128    6791                                                00010000D   3509
     128       0   -3781       3       0                               0D   3510
     128    6794                                                00010000D   3511
     128       0   -3781       3       0                               0D   3512
     128    6797                                                00010000D   3513
     128       0   -3781      13       0                               0D   3514
     128    6810                                                00010000D   3515
     128       0   -3781       3       0                               0D   3516
     128    6813                                                00010000D   3517
     128       0   -3781       3       0                               0D   3518
     128    6816                                                00010000D   3519
     128       0   -3781      13       0                               0D   3520
     128    6829                                                00010000D   3521
     128       0   -3781      12       0                               0D   3522
     128    6841                                                00010000D   3523
     128       0   -3781       3       0                               0D   3524
     128    6844                                                00010000D   3525
     128       0   -3781      12       0                               0D   3526
     128    6856                                                00010000D   3527
     128       0   -3781       3       0                               0D   3528
     128    6859                                                00010000D   3529
     128       0   -3781      14       0                               0D   3530
     128    6873                                                00010000D   3531
     128       0   -3781       3       0                               0D   3532
     128    6876                                                00010000D   3533
     128       0   -3781       3       0                               0D   3534
     128    6879                                                00010000D   3535
     128       0   -3781       8       0                               0D   3536
     128    6887                                                00010000D   3537
     128       0   -3781       5       0                               0D   3538
     128    6892                                                00010000D   3539
     128       0   -3781       7       0                               0D   3540
     128    6899                                                00010000D   3541
     128       0   -3781       8       0                               0D   3542
     128    6907                                                00010000D   3543
     128       0   -3781       5       0                               0D   3544
     128    6912                                                00010000D   3545
     128       0   -3781       8       0                               0D   3546
     128    6920                                                00010000D   3547
     128       0   -3781       5       0                               0D   3548
     128    6925                                                00010000D   3549
     128       0   -3781       8       0                               0D   3550
     128    6933                                                00010000D   3551
     128       0   -3781       8       0                               0D   3552
     128    6941                                                00010000D   3553
     128       0   -3781       6       0                               0D   3554
     128    6947                                                00010000D   3555
     128       0   -3781       8       0                               0D   3556
     128    6955                                                00010000D   3557
     128       0   -3781       9       0                               0D   3558
     128    6964                                                00010000D   3559
     128       0   -3781      12       0                               0D   3560
     128    6976                                                00010000D   3561
     128       0   -3781      17       0                               0D   3562
     128    6993                                                00010000D   3563
     128       0   -3781      12       0                               0D   3564
     128    7005                                                00010000D   3565
     128       0   -3781       9       0                               0D   3566
     128    7014                                                00010000D   3567
     128       0   -3781      12       0                               0D   3568
     128    7026                                                00010000D   3569
     128       0   -3781       9       0                               0D   3570
     128    7035                                                00010000D   3571
     128       0   -3781      12       0                               0D   3572
     128    7047                                                00010000D   3573
     128       0   -3781      20       0                               0D   3574
     128    7067                                                00010000D   3575
     128       0   -3781      20       0                               0D   3576
     128    7087                                                00010000D   3577
     128       0   -3781      17       0                               0D   3578
     128    7104                                                00010000D   3579
     128       0   -3781       6       0                               0D   3580
     128    7110                                                00010000D   3581
     128       0   -3781       9       0                               0D   3582
     128    7119                                                00010000D   3583
     128       0   -3781      16       0                               0D   3584
     128    7135                                                00010000D   3585
     128       0   -3781       7       0                               0D   3586
     128    7142                                                00010000D   3587
     128       0   -3781      11       0                               0D   3588
     128    7153                                                00010000D   3589
     128       0   -3781       8       0                               0D   3590
     128    7161                                                00010000D   3591
     128       0   -3781       5       0                               0D   3592
     128    7166                                                00010000D   3593
     128       0   -3781      10       0                               0D   3594
     128    7176                                                00010000D   3595
     128       0   -3781       7       0                               0D   3596
     128    7183                                                00010000D   3597
     128       0   -3781       6       0                               0D   3598
     128    7189                                                00010000D   3599
     128       0   -3781      12       0                               0D   3600
     128    7201                                                00010000D   3601
     128       0   -3781       6       0                               0D   3602
     128    7207                                                00010000D   3603
     128       0   -3781      12       0                               0D   3604
     128    7219                                                00010000D   3605
     128       0   -3781       8       0                               0D   3606
     128    7227                                                00010000D   3607
     128       0   -3781      15       0                               0D   3608
     128    7242                                                00010000D   3609
     128       0   -3781       7       0                               0D   3610
     128    7249                                                00010000D   3611
     128       0   -3781      15       0                               0D   3612
     128    7264                                                00010000D   3613
     128       0   -3781       5       0                               0D   3614
     128    7269                                                00010000D   3615
     128       0   -3781      11       0                               0D   3616
     128    7280                                                00010000D   3617
     128       0   -3781       6       0                               0D   3618
     128    7286                                                00010000D   3619
     128       0   -3781       8       0                               0D   3620
     128    7294                                                00010000D   3621
     128       0   -3781       6       0                               0D   3622
     128    7300                                                00010000D   3623
     128       0   -3781      10       0                               0D   3624
     128    7310                                                00010000D   3625
     128       0   -3781       8       0                               0D   3626
     128    7318                                                00010000D   3627
     128       0   -3781      18       0                               0D   3628
     128    7336                                                00010000D   3629
     128       0   -3781       6       0                               0D   3630
     128    7342                                                00010000D   3631
     128       0   -3781      15       0                               0D   3632
     128    7357                                                00010000D   3633
     128       0   -3781       6       0                               0D   3634
     128    7363                                                00010000D   3635
     128       0   -3781       6       0                               0D   3636
     128    7369                                                00010000D   3637
     128       0   -3781      16       0                               0D   3638
     128    7385                                                00010000D   3639
     128       0   -3781       5       0                               0D   3640
     128    7390                                                00010000D   3641
     128       0   -3781      15       0                               0D   3642
     128    7405                                                00010000D   3643
     128       0   -3781      18       0                               0D   3644
     128    7423                                                00010000D   3645
     128       0   -3781       7       0                               0D   3646
     128    7430                                                00010000D   3647
     128       0   -3781      18       0                               0D   3648
     128    7448                                                00010000D   3649
     128       0   -3781       6       0                               0D   3650
     128    7454                                                00010000D   3651
     128       0   -3781      15       0                               0D   3652
     128    7469                                                00010000D   3653
     128       0   -3781       6       0                               0D   3654
     128    7475                                                00010000D   3655
     128       0   -3781      15       0                               0D   3656
     128    7490                                                00010000D   3657
     128       0   -3781       5       0                               0D   3658
     128    7495                                                00010000D   3659
     128       0   -3781       5       0                               0D   3660
     128    7500                                                00010000D   3661
     128       0   -3781      20       0                               0D   3662
     128    7520                                                00010000D   3663
     128       0   -3781      20       0                               0D   3664
     128    7540                                                00010000D   3665
     128       0   -3781      20       0                               0D   3666
     128    7560                                                00010000D   3667
     128       0   -3781      18       0                               0D   3668
     128    7578                                                00010000D   3669
     128       0   -3781      20       0                               0D   3670
     128    7598                                                00010000D   3671
     128       0   -3781       5       0                               0D   3672
     128    7603                                                00010000D   3673
     128       0   -3781      12       0                               0D   3674
     128    7615                                                00010000D   3675
     128       0   -3781       5       0                               0D   3676
     128    7620                                                00010000D   3677
     128       0   -3781      12       0                               0D   3678
     128    7632                                                00010000D   3679
     128       0   -3781       5       0                               0D   3680
     128    7637                                                00010000D   3681
     128       0   -3781      12       0                               0D   3682
     128    7649                                                00010000D   3683
     128       0   -3781       5       0                               0D   3684
     128    7654                                                00010000D   3685
     128       0   -3781      12       0                               0D   3686
     128    7666                                                00010000D   3687
     128       0   -3781       5       0                               0D   3688
     128    7671                                                00010000D   3689
     128       0   -3781      12       0                               0D   3690
     128    7683                                                00010000D   3691
     128       0   -3781       8       0                               0D   3692
     128    7691                                                00010000D   3693
     128       0   -3781      12       0                               0D   3694
     128    7703                                                00010000D   3695
     128       0   -3781       7       0                               0D   3696
     128    7710                                                00010000D   3697
     128       0   -3781       9       0                               0D   3698
     128    7719                                                00010000D   3699
     128       0   -3781       9       0                               0D   3700
     128    7728                                                00010000D   3701
     128       0   -3781       7       0                               0D   3702
     128    7735                                                00010000D   3703
     128       0   -3781      12       0                               0D   3704
     128    7747                                                00010000D   3705
     128       0   -3781       8       0                               0D   3706
     128    7755                                                00010000D   3707
     128       0   -3781      12       0                               0D   3708
     128    7767                                                00010000D   3709
     128       0   -3781       9       0                               0D   3710
     128    7776                                                00010000D   3711
     128       0   -3781       9       0                               0D   3712
     502    7785                                                00010000D   3713
     502                      30       1                               0D   3714
     502    7815                                                00010000D   3715
     502                       4       1                               0D   3716
     502    7819                                                00010000D   3717
     502                       7       1                               0D   3718
     502    7826                                                00010000D   3719
     502                     165       1                               0D   3720
     502    7991                                                00010000D   3721
     502                       2       1                               0D   3722
     502    7993                                                00010000D   3723
     502                       9       1                               0D   3724
     502    8002                                                00010000D   3725
     502                      32       1                               0D   3726
     502    8034                                                00010000D   3727
     502                      73       1                               0D   3728
     502    8107                                                00010000D   3729
     502                       8       1                               0D   3730
     502    8115                                                00010000D   3731
     502                       8       1                               0D   3732
     504    8123                                                00010001D   3733
     504                      44       1                               0D   3734
     504    8167                                                00010001D   3735
     504                       3       1                               0D   3736
     504    8170                                                00010001D   3737
     504                       6       1                               0D   3738
     504    8176                                                00010001D   3739
     504                     132       1                               0D   3740
     504    8308                                                00010001D   3741
     504                       1       1                               0D   3742
     504    8309                                                00010001D   3743
     504                      14       1                               0D   3744
     504    8323                                                00010001D   3745
     504                      24       1                               0D   3746
     504    8347                                                00010001D   3747
     504                      49       1                               0D   3748
     504    8396                                                00010001D   3749
     504                       4       1                               0D   3750
     504    8400                                                00010001D   3751
     504                       4       1                               0D   3752
     406    8404                                                00000000D   3753
     406                       1      15                               0D   3754
     406    8405                                                00000000D   3755
     406                       1      15                               0D   3756
     406    8406                                                00000000D   3757
     406                       1      15                               0D   3758
     406    8407                                                00000000D   3759
     406                       1      15                               0D   3760
     406    8408                                                00000000D   3761
     406                       1      15                               0D   3762
     406    8409                                                00000000D   3763
     406                       1      15                               0D   3764
     406    8410                                                00000000D   3765
     406                       1      15                               0D   3766
     406    8411                                                00000000D   3767
     406                       1      15                               0D   3768
     406    8412                                                00000000D   3769
     406                       1      15                               0D   3770
     406    8413                                                00000000D   3771
     406                       1      15                               0D   3772
     406    8414                                                00000000D   3773
     406                       1      15                               0D   3774
     406    8415                                                00000000D   3775
     406                       1      15                               0D   3776
     406    8416                                                00000000D   3777
     406                       1      15                               0D   3778
     406    8417                                                00000000D   3779
     406                       1      15                               0D   3780
     314    8418                                                00000200D   3781
     314                       2       0                               0D   3782
     314    8420                                                00000200D   3783
     314                       2       0                               0D   3784
408,51,0.,0.,0.,0.999999999999998,0,1,3755;                            1P      1
408,53,0.,0.,0.,0.999999999999997,0,1,3757;                            3P      2
408,55,0.,0.,0.,0.999999999999997,0,1,3759;                            5P      3
408,57,0.,0.,0.,0.999999999999997,0,1,3763;                            7P      4
408,59,0.,0.,0.,1.,0,1,3765;                                           9P      5
408,61,0.,0.,0.,0.999999999999998,0,1,3767;                           11P      6
408,63,0.,0.,0.,0.999999999999998,0,1,3769;                           13P      7
408,65,0.,0.,0.,1.,0,1,3765;                                          15P      8
408,67,0.,0.,0.,1.,0,1,3771;                                          17P      9
408,63,0.,0.,0.,0.999999999999998,0,1,3773;                           19P     10
408,63,0.,0.,0.,0.999999999999998,0,1,3775;                           21P     11
408,63,0.,0.,0.,0.999999999999998,0,1,3777;                           23P     12
408,63,0.,0.,0.,0.999999999999998,0,1,3779;                           25P     13
124,-1.,-1.40790157310277D-14,3.65610448733638D-17,                   27P     14
0.300377256355536,1.40790157310278D-14,-1.,                           27P     15
-2.17651985024446D-16,-51.0221273633679,-6.66133814775094D-16,        27P     16
-9.84073164384099D-30,0.999999999999996,7.37798724605473D-28;         27P     17
124,1.,-1.33226762955019D-15,3.65610448733638D-17,                    29P     18
94.3003772563541,1.33226762955019D-15,1.,-2.17651985024446D-16,       29P     19
-36.1961267729263,6.66133814775093D-16,-4.25245331720706D-31,         29P     20
0.999999999999997,6.26165785888587D-14;                               29P     21
124,1.,-1.33226762955019D-15,3.65610448733638D-17,                    31P     22
0.300377256354484,1.33226762955019D-15,1.,-2.17651985024446D-16,      31P     23
-34.1961267729264,6.66133814775093D-16,-4.25245331720706D-31,         31P     24
0.999999999999997,4.53479464705419D-29;                               31P     25
124,1.,-1.33226762955019D-15,3.65610448733638D-17,                    33P     26
94.3003772563542,1.33226762955019D-15,1.,-2.17651985024446D-16,       33P     27
29.9778726366324,6.66133814775093D-16,-4.25245331720702D-31,          33P     28
0.999999999999997,6.54754028772686D-14;                               33P     29
124,1.,1.97215226305253D-31,6.5327543713615D-31,0.,                   35P     30
-2.44964880283711D-32,1.,4.16333634234433D-17,0.103148812389209,      35P     31
-5.91645678915759D-31,-4.16333634234434D-17,1.,                       35P     32
-1.18390639565707D-15;                                                35P     33
124,1.,-1.33226762955019D-15,3.65610448733639D-17,                    37P     34
94.3003772563542,1.33226762955019D-15,1.,-2.5928534844789D-16,        37P     35
-11.1252761757569,6.66133814775093D-16,4.16333634234429D-17,          37P     36
0.999999999999998,6.06736882957647D-14;                               37P     37
124,1.,1.04083408558608D-16,5.28734796017712D-16,                     39P     38
122.816606109038,1.87350135405495D-16,1.,-3.55961023452558D-17,       39P     39
-51.0221273633673,-1.38777878078145D-16,6.59194920871186D-17,         39P     40
0.999999999999999,3.02976254201985;                                   39P     41
124,1.,1.12757025938492D-16,-1.77755649549432D-16,                    41P     42
-5.50948175970234D-13,1.21430643318377D-16,0.999999999999997,         41P     43
3.43077729270112D-17,-6.0221273633677,-2.48022088977785D-15,          41P     44
5.6378512969245D-18,0.999999999999999,2.89004931097736D-13;           41P     45
124,1.,1.04083408558608D-16,5.28734796017712D-16,                     43P     46
122.816606109038,1.87350135405495D-16,1.,-3.55961023452558D-17,       43P     47
-42.0221273633673,-1.38777878078145D-16,6.59194920871186D-17,         43P     48
0.999999999999999,3.02976254201985;                                   43P     49
124,1.,1.04083408558608D-16,5.28734796017712D-16,                     45P     50
122.816606109038,1.87350135405495D-16,1.,-3.55961023452558D-17,       45P     51
-33.0221273633673,-1.38777878078145D-16,6.59194920871186D-17,         45P     52
0.999999999999999,3.02976254201985;                                   45P     53
124,1.,1.04083408558608D-16,5.28734796017712D-16,                     47P     54
122.816606109038,1.87350135405495D-16,1.,-3.55961023452558D-17,       47P     55
-24.0221273633673,-1.38777878078145D-16,6.59194920871186D-17,         47P     56
0.999999999999999,3.02976254201985;                                   47P     57
124,1.,1.04083408558608D-16,5.28734796017712D-16,                     49P     58
122.816606109038,1.87350135405495D-16,1.,-3.55961023452558D-17,       49P     59
-15.0221273633673,-1.38777878078145D-16,6.59194920871186D-17,         49P     60
0.999999999999999,3.02976254201985;                                   49P     61
308,0,9H86HS85 v1,1,69;                                               51P     62
308,0,40H60 DİŞ T5 10MM ALÜMİNYUM DİŞLİ v2,1,71;               53P     63
308,0,42H20 DİŞ T5 - 10MM ALÜMİNYUM DİŞLİ v2,1,73;             55P     64
308,0,34H20 DİŞ HELIS PINYON - ŞAFTLI v3,2,75,77;                  57P     65
308,0,10HComponent2,1,79;                                             59P     66
308,1,19Hpinyon yataklama v9,1,9;                                     61P     67
308,0,10HComponent1,1,81;                                             63P     68
308,0,10HComponent2,0;                                                65P     69
308,0,19Hana baglantı sacı,1,83;                                    67P     70
186,89,1,0,0,1,3753;                                                  69P     71
186,91,1,0,0,1,3753;                                                  71P     72
186,93,1,0,0,1,3753;                                                  73P     73
186,95,1,0,0,1,3753;                                                  75P     74
186,97,1,0,0,1,3761;                                                  77P     75
186,99,1,0,0,1,3753;                                                  79P     76
186,101,1,0,0,1,3753;                                                 81P     77
186,103,1,0,0,1,3753;                                                 83P     78
186,105,1,0,0,1,3753;                                                 85P     79
186,107,1,0,0,1,3761;                                                 87P     80
514,44,109,1,111,1,113,1,115,1,117,1,119,1,121,1,123,1,125,1,         89P     81
127,1,129,1,131,1,133,1,135,1,137,1,139,1,141,1,143,1,145,1,147,      89P     82
1,149,1,151,1,153,1,155,1,157,1,159,1,161,1,163,1,165,1,167,1,        89P     83
169,1,171,1,173,1,175,1,177,1,179,1,181,1,183,1,185,1,187,1,189,      89P     84
1,191,1,193,1,195,1;                                                  89P     85
514,6,197,1,199,1,201,1,203,1,205,1,207,1;                            91P     86
514,12,209,1,211,1,213,1,215,1,217,1,219,1,221,1,223,1,225,1,         93P     87
227,1,229,1,231,1;                                                    93P     88
514,132,233,1,235,1,237,1,239,1,241,1,243,1,245,1,247,1,249,1,        95P     89
251,1,253,1,255,1,257,1,259,1,261,1,263,1,265,1,267,1,269,1,271,      95P     90
1,273,1,275,1,277,1,279,1,281,1,283,1,285,1,287,1,289,1,291,1,        95P     91
293,1,295,1,297,1,299,1,301,1,303,1,305,1,307,1,309,1,311,1,313,      95P     92
1,315,1,317,1,319,1,321,1,323,1,325,1,327,1,329,1,331,1,333,1,        95P     93
335,1,337,1,339,1,341,1,343,1,345,1,347,1,349,1,351,1,353,1,355,      95P     94
1,357,1,359,1,361,1,363,1,365,1,367,1,369,1,371,1,373,1,375,1,        95P     95
377,1,379,1,381,1,383,1,385,1,387,1,389,1,391,1,393,1,395,1,397,      95P     96
1,399,1,401,1,403,1,405,1,407,1,409,1,411,1,413,1,415,1,417,1,        95P     97
419,1,421,1,423,1,425,1,427,1,429,1,431,1,433,1,435,1,437,1,439,      95P     98
1,441,1,443,1,445,1,447,1,449,1,451,1,453,1,455,1,457,1,459,1,        95P     99
461,1,463,1,465,1,467,1,469,1,471,1,473,1,475,1,477,1,479,1,481,      95P    100
1,483,1,485,1,487,1,489,1,491,1,493,1,495,1;                          95P    101
514,3,497,1,499,1,501,1;                                              97P    102
514,19,503,1,505,1,507,1,509,1,511,1,513,1,515,1,517,1,519,1,         99P    103
521,1,523,1,525,1,527,1,529,1,531,1,533,1,535,1,537,1,539,1;          99P    104
514,26,541,1,543,1,545,1,547,1,549,1,551,1,553,1,555,1,557,1,        101P    105
559,1,561,1,563,1,565,1,567,1,569,1,571,1,573,1,575,1,577,1,579,     101P    106
1,581,1,583,1,585,1,587,1,589,1,591,1;                               101P    107
514,51,593,1,595,1,597,1,599,1,601,1,603,1,605,1,607,1,609,1,        103P    108
611,1,613,1,615,1,617,1,619,1,621,1,623,1,625,1,627,1,629,1,631,     103P    109
1,633,1,635,1,637,1,639,1,641,1,643,1,645,1,647,1,649,1,651,1,       103P    110
653,1,655,1,657,1,659,1,661,1,663,1,665,1,667,1,669,1,671,1,673,     103P    111
1,675,1,677,1,679,1,681,1,683,1,685,1,687,1,689,1,691,1,693,1;       103P    112
514,6,695,1,697,1,699,1,701,1,703,1,705,1;                           105P    113
514,6,707,1,709,1,711,1,713,1,715,1,717,1;                           107P    114
510,3103,1,1,719;                                                    109P    115
510,3105,1,1,721;                                                    111P    116
510,3107,1,1,723;                                                    113P    117
510,3109,1,1,725;                                                    115P    118
510,3111,1,1,727;                                                    117P    119
510,3113,1,1,729;                                                    119P    120
510,3115,1,1,731;                                                    121P    121
510,3117,1,1,733;                                                    123P    122
510,3119,2,1,735,737;                                                125P    123
510,3121,6,1,739,741,743,745,747,749;                                127P    124
510,3123,1,1,751;                                                    129P    125
510,3125,1,1,753;                                                    131P    126
510,3127,1,1,755;                                                    133P    127
510,3129,1,1,757;                                                    135P    128
510,3131,1,1,759;                                                    137P    129
510,3133,1,1,761;                                                    139P    130
510,3135,1,1,763;                                                    141P    131
510,3137,1,1,765;                                                    143P    132
510,3139,2,1,767,769;                                                145P    133
510,3141,1,1,771;                                                    147P    134
510,3143,1,1,773;                                                    149P    135
510,3145,2,1,775,777;                                                151P    136
510,3147,1,1,779;                                                    153P    137
510,3149,1,1,781;                                                    155P    138
510,3151,2,1,783,785;                                                157P    139
510,3153,1,1,787;                                                    159P    140
510,3155,1,1,789;                                                    161P    141
510,3157,2,1,791,793;                                                163P    142
510,3159,1,1,795;                                                    165P    143
510,3161,1,1,797;                                                    167P    144
510,3163,1,1,799;                                                    169P    145
510,3165,1,1,801;                                                    171P    146
510,3167,1,1,803;                                                    173P    147
510,3169,1,1,805;                                                    175P    148
510,3171,1,1,807;                                                    177P    149
510,3173,1,1,809;                                                    179P    150
510,3175,1,1,811;                                                    181P    151
510,3177,1,1,813;                                                    183P    152
510,3179,1,1,815;                                                    185P    153
510,3181,1,1,817;                                                    187P    154
510,3183,1,1,819;                                                    189P    155
510,3185,1,1,821;                                                    191P    156
510,3187,1,1,823;                                                    193P    157
510,3189,1,1,825;                                                    195P    158
510,3191,1,1,827;                                                    197P    159
510,3193,1,1,829;                                                    199P    160
510,3195,2,1,831,833;                                                201P    161
510,3197,1,1,835;                                                    203P    162
510,3199,2,1,837,839;                                                205P    163
510,3201,2,1,841,843;                                                207P    164
510,3203,1,1,845;                                                    209P    165
510,3205,1,1,847;                                                    211P    166
510,3207,2,1,849,851;                                                213P    167
510,3209,1,1,853;                                                    215P    168
510,3211,2,1,855,857;                                                217P    169
510,3213,1,1,859;                                                    219P    170
510,3215,1,1,861;                                                    221P    171
510,3217,2,1,863,865;                                                223P    172
510,3219,1,1,867;                                                    225P    173
510,3221,2,1,869,871;                                                227P    174
510,3223,2,1,873,875;                                                229P    175
510,3225,1,1,877;                                                    231P    176
510,3227,1,1,879;                                                    233P    177
510,3229,2,1,881,883;                                                235P    178
510,3231,2,1,885,887;                                                237P    179
510,3233,1,1,889;                                                    239P    180
510,3235,1,1,891;                                                    241P    181
510,3237,1,1,893;                                                    243P    182
510,3239,1,1,895;                                                    245P    183
510,3241,2,1,897,899;                                                247P    184
510,3243,1,1,901;                                                    249P    185
510,3245,1,1,903;                                                    251P    186
510,3247,1,1,905;                                                    253P    187
510,3249,1,1,907;                                                    255P    188
510,3251,1,1,909;                                                    257P    189
510,3253,1,1,911;                                                    259P    190
510,3255,1,1,913;                                                    261P    191
510,3257,1,1,915;                                                    263P    192
510,3259,1,1,917;                                                    265P    193
510,3261,1,1,919;                                                    267P    194
510,3263,1,1,921;                                                    269P    195
510,3265,1,1,923;                                                    271P    196
510,3267,1,1,925;                                                    273P    197
510,3269,1,1,927;                                                    275P    198
510,3271,1,1,929;                                                    277P    199
510,3273,1,1,931;                                                    279P    200
510,3275,1,1,933;                                                    281P    201
510,3277,1,1,935;                                                    283P    202
510,3279,1,1,937;                                                    285P    203
510,3281,1,1,939;                                                    287P    204
510,3283,1,1,941;                                                    289P    205
510,3285,1,1,943;                                                    291P    206
510,3287,1,1,945;                                                    293P    207
510,3289,1,1,947;                                                    295P    208
510,3291,1,1,949;                                                    297P    209
510,3293,1,1,951;                                                    299P    210
510,3295,1,1,953;                                                    301P    211
510,3297,1,1,955;                                                    303P    212
510,3299,1,1,957;                                                    305P    213
510,3301,1,1,959;                                                    307P    214
510,3303,1,1,961;                                                    309P    215
510,3305,1,1,963;                                                    311P    216
510,3307,1,1,965;                                                    313P    217
510,3309,1,1,967;                                                    315P    218
510,3311,1,1,969;                                                    317P    219
510,3313,1,1,971;                                                    319P    220
510,3315,1,1,973;                                                    321P    221
510,3317,1,1,975;                                                    323P    222
510,3319,1,1,977;                                                    325P    223
510,3321,1,1,979;                                                    327P    224
510,3323,1,1,981;                                                    329P    225
510,3325,1,1,983;                                                    331P    226
510,3327,1,1,985;                                                    333P    227
510,3329,1,1,987;                                                    335P    228
510,3331,1,1,989;                                                    337P    229
510,3333,1,1,991;                                                    339P    230
510,3335,1,1,993;                                                    341P    231
510,3337,1,1,995;                                                    343P    232
510,3339,1,1,997;                                                    345P    233
510,3341,1,1,999;                                                    347P    234
510,3343,1,1,1001;                                                   349P    235
510,3345,1,1,1003;                                                   351P    236
510,3347,1,1,1005;                                                   353P    237
510,3349,1,1,1007;                                                   355P    238
510,3351,1,1,1009;                                                   357P    239
510,3353,1,1,1011;                                                   359P    240
510,3355,1,1,1013;                                                   361P    241
510,3357,1,1,1015;                                                   363P    242
510,3359,1,1,1017;                                                   365P    243
510,3361,1,1,1019;                                                   367P    244
510,3363,1,1,1021;                                                   369P    245
510,3365,1,1,1023;                                                   371P    246
510,3367,1,1,1025;                                                   373P    247
510,3369,1,1,1027;                                                   375P    248
510,3371,1,1,1029;                                                   377P    249
510,3373,1,1,1031;                                                   379P    250
510,3375,1,1,1033;                                                   381P    251
510,3377,1,1,1035;                                                   383P    252
510,3379,1,1,1037;                                                   385P    253
510,3381,1,1,1039;                                                   387P    254
510,3383,1,1,1041;                                                   389P    255
510,3385,1,1,1043;                                                   391P    256
510,3387,1,1,1045;                                                   393P    257
510,3389,1,1,1047;                                                   395P    258
510,3391,1,1,1049;                                                   397P    259
510,3393,1,1,1051;                                                   399P    260
510,3395,1,1,1053;                                                   401P    261
510,3397,1,1,1055;                                                   403P    262
510,3399,1,1,1057;                                                   405P    263
510,3401,1,1,1059;                                                   407P    264
510,3403,1,1,1061;                                                   409P    265
510,3405,1,1,1063;                                                   411P    266
510,3407,1,1,1065;                                                   413P    267
510,3409,1,1,1067;                                                   415P    268
510,3411,1,1,1069;                                                   417P    269
510,3413,1,1,1071;                                                   419P    270
510,3415,1,1,1073;                                                   421P    271
510,3417,1,1,1075;                                                   423P    272
510,3419,1,1,1077;                                                   425P    273
510,3421,1,1,1079;                                                   427P    274
510,3423,1,1,1081;                                                   429P    275
510,3425,1,1,1083;                                                   431P    276
510,3427,1,1,1085;                                                   433P    277
510,3429,1,1,1087;                                                   435P    278
510,3431,1,1,1089;                                                   437P    279
510,3433,1,1,1091;                                                   439P    280
510,3435,1,1,1093;                                                   441P    281
510,3437,1,1,1095;                                                   443P    282
510,3439,1,1,1097;                                                   445P    283
510,3441,1,1,1099;                                                   447P    284
510,3443,1,1,1101;                                                   449P    285
510,3445,1,1,1103;                                                   451P    286
510,3447,1,1,1105;                                                   453P    287
510,3449,1,1,1107;                                                   455P    288
510,3451,1,1,1109;                                                   457P    289
510,3453,1,1,1111;                                                   459P    290
510,3455,1,1,1113;                                                   461P    291
510,3457,1,1,1115;                                                   463P    292
510,3459,1,1,1117;                                                   465P    293
510,3461,1,1,1119;                                                   467P    294
510,3463,1,1,1121;                                                   469P    295
510,3465,1,1,1123;                                                   471P    296
510,3467,1,1,1125;                                                   473P    297
510,3469,1,1,1127;                                                   475P    298
510,3471,1,1,1129;                                                   477P    299
510,3473,1,1,1131;                                                   479P    300
510,3475,1,1,1133;                                                   481P    301
510,3477,1,1,1135;                                                   483P    302
510,3479,1,1,1137;                                                   485P    303
510,3481,1,1,1139;                                                   487P    304
510,3483,1,1,1141;                                                   489P    305
510,3485,2,1,1143,1145;                                              491P    306
510,3487,1,1,1147;                                                   493P    307
510,3489,2,1,1149,1151;                                              495P    308
510,3491,1,1,1153;                                                   497P    309
510,3493,1,1,1155;                                                   499P    310
510,3495,1,1,1157;                                                   501P    311
510,3497,1,1,1159;                                                   503P    312
510,3499,1,1,1161;                                                   505P    313
510,3501,1,1,1163;                                                   507P    314
510,3503,1,1,1165;                                                   509P    315
510,3505,1,1,1167;                                                   511P    316
510,3507,1,1,1169;                                                   513P    317
510,3509,1,1,1171;                                                   515P    318
510,3511,1,1,1173;                                                   517P    319
510,3513,1,1,1175;                                                   519P    320
510,3515,2,1,1177,1179;                                              521P    321
510,3517,2,1,1181,1183;                                              523P    322
510,3519,1,1,1185;                                                   525P    323
510,3521,1,1,1187;                                                   527P    324
510,3523,2,1,1189,1191;                                              529P    325
510,3525,1,1,1193;                                                   531P    326
510,3527,6,1,1195,1197,1199,1201,1203,1205;                          533P    327
510,3529,1,1,1207;                                                   535P    328
510,3531,2,1,1209,1211;                                              537P    329
510,3533,6,1,1213,1215,1217,1219,1221,1223;                          539P    330
510,3535,1,1,1225;                                                   541P    331
510,3537,1,1,1227;                                                   543P    332
510,3539,3,1,1229,1231,1233;                                         545P    333
510,3541,1,1,1235;                                                   547P    334
510,3543,1,1,1237;                                                   549P    335
510,3545,1,1,1239;                                                   551P    336
510,3547,1,1,1241;                                                   553P    337
510,3549,1,1,1243;                                                   555P    338
510,3551,1,1,1245;                                                   557P    339
510,3553,1,1,1247;                                                   559P    340
510,3555,1,1,1249;                                                   561P    341
510,3557,1,1,1251;                                                   563P    342
510,3559,1,1,1253;                                                   565P    343
510,3561,1,1,1255;                                                   567P    344
510,3563,1,1,1257;                                                   569P    345
510,3565,1,1,1259;                                                   571P    346
510,3567,1,1,1261;                                                   573P    347
510,3569,1,1,1263;                                                   575P    348
510,3571,1,1,1265;                                                   577P    349
510,3573,1,1,1267;                                                   579P    350
510,3575,1,1,1269;                                                   581P    351
510,3577,1,1,1271;                                                   583P    352
510,3579,1,1,1273;                                                   585P    353
510,3581,1,1,1275;                                                   587P    354
510,3583,1,1,1277;                                                   589P    355
510,3585,3,1,1279,1281,1283;                                         591P    356
510,3587,1,1,1285;                                                   593P    357
510,3589,1,1,1287;                                                   595P    358
510,3591,14,1,1289,1291,1293,1295,1297,1299,1301,1303,1305,1307,     597P    359
1309,1311,1313,1315;                                                 597P    360
510,3593,1,1,1317;                                                   599P    361
510,3595,1,1,1319;                                                   601P    362
510,3597,1,1,1321;                                                   603P    363
510,3599,1,1,1323;                                                   605P    364
510,3601,1,1,1325;                                                   607P    365
510,3603,1,1,1327;                                                   609P    366
510,3605,1,1,1329;                                                   611P    367
510,3607,1,1,1331;                                                   613P    368
510,3609,1,1,1333;                                                   615P    369
510,3611,1,1,1335;                                                   617P    370
510,3613,1,1,1337;                                                   619P    371
510,3615,1,1,1339;                                                   621P    372
510,3617,1,1,1341;                                                   623P    373
510,3619,1,1,1343;                                                   625P    374
510,3621,1,1,1345;                                                   627P    375
510,3623,1,1,1347;                                                   629P    376
510,3625,1,1,1349;                                                   631P    377
510,3627,1,1,1351;                                                   633P    378
510,3629,1,1,1353;                                                   635P    379
510,3631,1,1,1355;                                                   637P    380
510,3633,1,1,1357;                                                   639P    381
510,3635,1,1,1359;                                                   641P    382
510,3637,1,1,1361;                                                   643P    383
510,3639,1,1,1363;                                                   645P    384
510,3641,1,1,1365;                                                   647P    385
510,3643,1,1,1367;                                                   649P    386
510,3645,1,1,1369;                                                   651P    387
510,3647,1,1,1371;                                                   653P    388
510,3649,1,1,1373;                                                   655P    389
510,3651,1,1,1375;                                                   657P    390
510,3653,1,1,1377;                                                   659P    391
510,3655,1,1,1379;                                                   661P    392
510,3657,1,1,1381;                                                   663P    393
510,3659,1,1,1383;                                                   665P    394
510,3661,1,1,1385;                                                   667P    395
510,3663,1,1,1387;                                                   669P    396
510,3665,1,1,1389;                                                   671P    397
510,3667,1,1,1391;                                                   673P    398
510,3669,1,1,1393;                                                   675P    399
510,3671,1,1,1395;                                                   677P    400
510,3673,1,1,1397;                                                   679P    401
510,3675,1,1,1399;                                                   681P    402
510,3677,1,1,1401;                                                   683P    403
510,3679,1,1,1403;                                                   685P    404
510,3681,1,1,1405;                                                   687P    405
510,3683,1,1,1407;                                                   689P    406
510,3685,1,1,1409;                                                   691P    407
510,3687,14,1,1411,1413,1415,1417,1419,1421,1423,1425,1427,1429,     693P    408
1431,1433,1435,1437;                                                 693P    409
510,3689,1,1,1439;                                                   695P    410
510,3691,1,1,1441;                                                   697P    411
510,3693,1,1,1443;                                                   699P    412
510,3695,1,1,1445;                                                   701P    413
510,3697,1,1,1447;                                                   703P    414
510,3699,1,1,1449;                                                   705P    415
510,3701,1,1,1451;                                                   707P    416
510,3703,1,1,1453;                                                   709P    417
510,3705,1,1,1455;                                                   711P    418
510,3707,1,1,1457;                                                   713P    419
510,3709,1,1,1459;                                                   715P    420
510,3711,1,1,1461;                                                   717P    421
508,9,0,3733,1,0,0,0,3733,2,0,0,0,3733,3,1,0,0,3733,4,1,0,0,         719P    422
3733,5,0,0,0,3733,6,1,0,0,3733,7,1,0,0,3733,8,1,0,0,3733,3,0,0;      719P    423
508,3,0,3733,9,1,0,0,3733,4,0,0,0,3733,8,0,0;                        721P    424
508,24,0,3733,10,1,0,0,3733,11,1,0,0,3733,12,0,0,0,3733,13,1,0,      723P    425
0,3733,14,1,0,0,3733,15,1,0,0,3733,16,1,0,0,3733,17,1,0,0,3733,      723P    426
18,0,0,0,3733,19,1,0,0,3733,20,1,0,0,3733,21,1,0,0,3733,22,1,0,      723P    427
0,3733,23,1,0,0,3733,24,0,0,0,3733,25,1,0,0,3733,26,1,0,0,3733,      723P    428
27,1,0,0,3733,28,1,0,0,3733,29,1,0,0,3733,30,0,0,0,3733,31,1,0,      723P    429
0,3733,32,1,0,0,3733,33,1,0;                                         723P    430
508,8,0,3733,34,1,0,0,3733,35,1,0,0,3733,24,1,0,0,3733,36,1,0,0,     725P    431
3733,37,1,0,0,3733,38,1,0,0,3733,39,0,0,0,3733,40,1,0;               725P    432
508,8,0,3733,18,1,0,0,3733,41,1,0,0,3733,42,1,0,0,3733,43,1,0,0,     727P    433
3733,44,0,0,0,3733,45,1,0,0,3733,46,1,0,0,3733,47,1,0;               727P    434
508,8,0,3733,48,1,0,0,3733,49,1,0,0,3733,30,1,0,0,3733,50,1,0,0,     729P    435
3733,51,1,0,0,3733,52,1,0,0,3733,53,0,0,0,3733,54,1,0;               729P    436
508,8,0,3733,12,1,0,0,3733,55,1,0,0,3733,56,1,0,0,3733,57,1,0,0,     731P    437
3733,58,0,0,0,3733,59,1,0,0,3733,60,1,0,0,3733,61,1,0;               731P    438
508,6,0,3733,62,0,0,0,3733,63,0,0,0,3733,64,1,0,0,3733,65,1,0,0,     733P    439
3733,66,1,0,0,3733,64,0,0;                                           733P    440
508,2,0,3733,66,0,0,0,3733,65,0,0;                                   735P    441
508,2,0,3733,1,1,0,0,3733,2,1,0;                                     737P    442
508,8,0,3733,58,1,0,0,3733,67,1,0,0,3733,53,1,0,0,3733,68,1,0,0,     739P    443
3733,39,1,0,0,3733,69,1,0,0,3733,44,1,0,0,3733,70,1,0;               739P    444
508,2,0,3733,71,0,0,0,3733,72,0,0;                                   741P    445
508,2,0,3733,73,0,0,0,3733,74,0,0;                                   743P    446
508,2,0,3733,75,0,0,0,3733,76,0,0;                                   745P    447
508,2,0,3733,77,0,0,0,3733,78,0,0;                                   747P    448
508,2,0,3733,62,1,0,0,3733,63,1,0;                                   749P    449
508,4,0,3733,79,0,0,0,3733,54,0,0,0,3733,67,0,0,0,3733,57,0,0;       751P    450
508,4,0,3733,80,0,0,0,3733,40,0,0,0,3733,68,0,0,0,3733,52,0,0;       753P    451
508,4,0,3733,81,0,0,0,3733,45,0,0,0,3733,69,0,0,0,3733,38,0,0;       755P    452
508,4,0,3733,82,0,0,0,3733,59,0,0,0,3733,70,0,0,0,3733,43,0,0;       757P    453
508,6,0,3733,83,1,0,0,3733,84,1,0,0,3733,78,1,0,0,3733,77,1,0,0,     759P    454
3733,84,0,0,0,3733,85,1,0;                                           759P    455
508,6,0,3733,86,1,0,0,3733,87,1,0,0,3733,76,1,0,0,3733,75,1,0,0,     761P    456
3733,87,0,0,0,3733,88,1,0;                                           761P    457
508,6,0,3733,89,1,0,0,3733,90,1,0,0,3733,74,1,0,0,3733,73,1,0,0,     763P    458
3733,90,0,0,0,3733,91,1,0;                                           763P    459
508,6,0,3733,92,1,0,0,3733,93,1,0,0,3733,72,1,0,0,3733,71,1,0,0,     765P    460
3733,93,0,0,0,3733,94,1,0;                                           765P    461
508,8,0,3733,95,0,0,0,3733,96,1,0,0,3733,97,0,0,0,3733,98,1,0,0,     767P    462
3733,60,0,0,0,3733,82,1,0,0,3733,42,0,0,0,3733,99,1,0;               767P    463
508,2,0,3733,86,0,0,0,3733,88,0,0;                                   769P    464
508,4,0,3733,14,0,0,0,3733,100,1,0,0,3733,97,1,0,0,3733,101,1,0;     771P    465
508,4,0,3733,95,1,0,0,3733,102,1,0,0,3733,16,0,0,0,3733,103,1,0;     773P    466
508,8,0,3733,104,0,0,0,3733,105,1,0,0,3733,106,0,0,0,3733,107,1,     775P    467
0,0,3733,48,0,0,0,3733,79,1,0,0,3733,56,0,0,0,3733,108,1,0;          775P    468
508,2,0,3733,89,0,0,0,3733,91,0,0;                                   777P    469
508,4,0,3733,104,1,0,0,3733,109,1,0,0,3733,10,0,0,0,3733,110,1,      779P    470
0;                                                                   779P    471
508,4,0,3733,32,0,0,0,3733,111,1,0,0,3733,106,1,0,0,3733,112,1,      781P    472
0;                                                                   781P    473
508,8,0,3733,113,0,0,0,3733,114,1,0,0,3733,115,0,0,0,3733,116,1,     783P    474
0,0,3733,34,0,0,0,3733,80,1,0,0,3733,51,0,0,0,3733,117,1,0;          783P    475
508,2,0,3733,92,0,0,0,3733,94,0,0;                                   785P    476
508,4,0,3733,26,0,0,0,3733,118,1,0,0,3733,115,1,0,0,3733,119,1,      787P    477
0;                                                                   787P    478
508,4,0,3733,113,1,0,0,3733,120,1,0,0,3733,28,0,0,0,3733,121,1,      789P    479
0;                                                                   789P    480
508,8,0,3733,122,0,0,0,3733,123,1,0,0,3733,124,0,0,0,3733,125,1,     791P    481
0,0,3733,46,0,0,0,3733,81,1,0,0,3733,37,0,0,0,3733,126,1,0;          791P    482
508,2,0,3733,83,0,0,0,3733,85,0,0;                                   793P    483
508,4,0,3733,20,0,0,0,3733,127,1,0,0,3733,124,1,0,0,3733,128,1,      795P    484
0;                                                                   795P    485
508,4,0,3733,122,1,0,0,3733,129,1,0,0,3733,22,0,0,0,3733,130,1,      797P    486
0;                                                                   797P    487
508,4,0,3733,108,0,0,0,3733,55,0,0,0,3733,11,0,0,0,3733,109,0,0;     799P    488
508,4,0,3733,107,0,0,0,3733,111,0,0,0,3733,31,0,0,0,3733,49,0,0;     801P    489
508,4,0,3733,116,0,0,0,3733,118,0,0,0,3733,25,0,0,0,3733,35,0,0;     803P    490
508,4,0,3733,117,0,0,0,3733,50,0,0,0,3733,29,0,0,0,3733,120,0,0;     805P    491
508,4,0,3733,98,0,0,0,3733,100,0,0,0,3733,13,0,0,0,3733,61,0,0;      807P    492
508,4,0,3733,99,0,0,0,3733,41,0,0,0,3733,17,0,0,0,3733,102,0,0;      809P    493
508,4,0,3733,125,0,0,0,3733,127,0,0,0,3733,19,0,0,0,3733,47,0,0;     811P    494
508,4,0,3733,126,0,0,0,3733,36,0,0,0,3733,23,0,0,0,3733,129,0,0;     813P    495
508,4,0,3733,114,0,0,0,3733,121,0,0,0,3733,27,0,0,0,3733,119,0,      815P    496
0;                                                                   815P    497
508,4,0,3733,105,0,0,0,3733,110,0,0,0,3733,33,0,0,0,3733,112,0,      817P    498
0;                                                                   817P    499
508,4,0,3733,96,0,0,0,3733,103,0,0,0,3733,15,0,0,0,3733,101,0,0;     819P    500
508,4,0,3733,123,0,0,0,3733,130,0,0,0,3733,21,0,0,0,3733,128,0,      821P    501
0;                                                                   821P    502
508,4,0,3733,9,0,0,0,3733,7,0,0,0,3733,131,1,0,0,3733,5,1,0;         823P    503
508,2,0,3733,6,0,0,0,3733,131,0,0;                                   825P    504
508,4,0,3735,1,0,0,0,3735,2,1,0,0,3735,3,0,0,0,3735,2,0,0;           827P    505
508,4,0,3735,4,0,0,0,3735,5,1,0,0,3735,6,0,0,0,3735,5,0,0;           829P    506
508,1,0,3735,4,1,0;                                                  831P    507
508,1,0,3735,1,1,0;                                                  833P    508
508,4,0,3735,7,0,0,0,3735,8,1,0,0,3735,9,1,0,0,3735,8,0,0;           835P    509
508,1,0,3735,7,1,0;                                                  837P    510
508,1,0,3735,3,1,0;                                                  839P    511
508,1,0,3735,9,0,0;                                                  841P    512
508,1,0,3735,6,1,0;                                                  843P    513
508,4,0,3737,1,0,0,0,3737,2,1,0,0,3737,3,0,0,0,3737,2,0,0;           845P    514
508,4,0,3737,4,0,0,0,3737,5,1,0,0,3737,6,0,0,0,3737,5,0,0;           847P    515
508,1,0,3737,4,1,0;                                                  849P    516
508,1,0,3737,1,1,0;                                                  851P    517
508,4,0,3737,7,1,0,0,3737,8,1,0,0,3737,9,1,0,0,3737,8,0,0;           853P    518
508,1,0,3737,9,0,0;                                                  855P    519
508,1,0,3737,10,1,0;                                                 857P    520
508,4,0,3737,11,0,0,0,3737,12,1,0,0,3737,7,0,0,0,3737,12,0,0;        859P    521
508,4,0,3737,13,1,0,0,3737,14,1,0,0,3737,15,1,0,0,3737,14,0,0;       861P    522
508,1,0,3737,15,0,0;                                                 863P    523
508,1,0,3737,16,0,0;                                                 865P    524
508,4,0,3737,17,0,0,0,3737,18,1,0,0,3737,13,0,0,0,3737,18,0,0;       867P    525
508,1,0,3737,11,1,0;                                                 869P    526
508,1,0,3737,3,1,0;                                                  871P    527
508,1,0,3737,17,1,0;                                                 873P    528
508,1,0,3737,6,1,0;                                                  875P    529
508,4,0,3737,10,0,0,0,3737,19,1,0,0,3737,16,1,0,0,3737,19,0,0;       877P    530
508,4,0,3739,1,1,0,0,3739,2,1,0,0,3739,3,1,0,0,3739,2,0,0;           879P    531
508,1,0,3739,4,0,0;                                                  881P    532
508,1,0,3739,1,0,0;                                                  883P    533
508,1,0,3739,5,0,0;                                                  885P    534
508,1,0,3739,3,0,0;                                                  887P    535
508,4,0,3739,5,1,0,0,3739,6,1,0,0,3739,7,0,0,0,3739,6,0,0;           889P    536
508,6,0,3739,8,0,0,0,3739,9,0,0,0,3739,10,0,0,0,3739,11,0,0,0,       891P    537
3739,12,0,0,0,3739,13,0,0;                                           891P    538
508,4,0,3739,14,0,0,0,3739,15,0,0,0,3739,16,0,0,0,3739,9,1,0;        893P    539
508,6,0,3739,17,0,0,0,3739,18,0,0,0,3739,19,0,0,0,3739,20,0,0,0,     895P    540
3739,21,0,0,0,3739,15,1,0;                                           895P    541
508,80,0,3739,17,1,0,0,3739,14,1,0,0,3739,8,1,0,0,3739,22,0,0,0,     897P    542
3739,23,1,0,0,3739,24,1,0,0,3739,25,1,0,0,3739,26,0,0,0,3739,27,     897P    543
1,0,0,3739,28,1,0,0,3739,29,1,0,0,3739,30,0,0,0,3739,31,1,0,0,       897P    544
3739,32,1,0,0,3739,33,1,0,0,3739,34,0,0,0,3739,35,1,0,0,3739,36,     897P    545
1,0,0,3739,37,1,0,0,3739,38,0,0,0,3739,39,1,0,0,3739,40,1,0,0,       897P    546
3739,41,1,0,0,3739,42,0,0,0,3739,43,1,0,0,3739,44,1,0,0,3739,45,     897P    547
1,0,0,3739,46,0,0,0,3739,47,1,0,0,3739,48,1,0,0,3739,49,1,0,0,       897P    548
3739,50,0,0,0,3739,51,1,0,0,3739,52,1,0,0,3739,53,1,0,0,3739,54,     897P    549
0,0,0,3739,55,1,0,0,3739,56,1,0,0,3739,57,1,0,0,3739,58,0,0,0,       897P    550
3739,59,1,0,0,3739,60,1,0,0,3739,61,1,0,0,3739,62,0,0,0,3739,63,     897P    551
1,0,0,3739,64,1,0,0,3739,65,1,0,0,3739,66,0,0,0,3739,67,1,0,0,       897P    552
3739,68,1,0,0,3739,69,1,0,0,3739,70,0,0,0,3739,71,1,0,0,3739,72,     897P    553
1,0,0,3739,73,1,0,0,3739,74,0,0,0,3739,75,1,0,0,3739,76,1,0,0,       897P    554
3739,77,1,0,0,3739,78,0,0,0,3739,79,1,0,0,3739,80,1,0,0,3739,81,     897P    555
1,0,0,3739,82,0,0,0,3739,83,1,0,0,3739,84,1,0,0,3739,85,1,0,0,       897P    556
3739,86,0,0,0,3739,87,1,0,0,3739,88,1,0,0,3739,89,1,0,0,3739,90,     897P    557
0,0,0,3739,91,1,0,0,3739,92,1,0,0,3739,93,1,0,0,3739,94,0,0,0,       897P    558
3739,95,1,0,0,3739,96,1,0,0,3739,97,1,0,0,3739,98,0,0;               897P    559
508,1,0,3739,99,1,0;                                                 899P    560
508,4,0,3739,13,1,0,0,3739,100,1,0,0,3739,101,1,0,0,3739,22,1,0;     901P    561
508,4,0,3739,18,1,0,0,3739,98,1,0,0,3739,102,1,0,0,3739,103,1,0;     903P    562
508,4,0,3739,12,1,0,0,3739,104,0,0,0,3739,105,1,0,0,3739,100,0,      905P    563
0;                                                                   905P    564
508,4,0,3739,11,1,0,0,3739,106,1,0,0,3739,107,1,0,0,3739,104,1,      907P    565
0;                                                                   907P    566
508,6,0,3739,25,0,0,0,3739,108,0,0,0,3739,109,0,0,0,3739,110,0,      909P    567
0,0,3739,111,0,0,0,3739,112,0,0;                                     909P    568
508,4,0,3739,24,0,0,0,3739,113,0,0,0,3739,114,0,0,0,3739,108,1,      911P    569
0;                                                                   911P    570
508,6,0,3739,23,0,0,0,3739,101,0,0,0,3739,105,0,0,0,3739,107,0,      913P    571
0,0,3739,115,0,0,0,3739,113,1,0;                                     913P    572
508,4,0,3739,112,1,0,0,3739,116,1,0,0,3739,117,1,0,0,3739,26,1,      915P    573
0;                                                                   915P    574
508,4,0,3739,111,1,0,0,3739,118,0,0,0,3739,119,1,0,0,3739,116,0,     917P    575
0;                                                                   917P    576
508,4,0,3739,110,1,0,0,3739,120,1,0,0,3739,121,1,0,0,3739,118,1,     919P    577
0;                                                                   919P    578
508,6,0,3739,29,0,0,0,3739,122,0,0,0,3739,123,0,0,0,3739,124,0,      921P    579
0,0,3739,125,0,0,0,3739,126,0,0;                                     921P    580
508,4,0,3739,28,0,0,0,3739,127,0,0,0,3739,128,0,0,0,3739,122,1,      923P    581
0;                                                                   923P    582
508,6,0,3739,27,0,0,0,3739,117,0,0,0,3739,119,0,0,0,3739,121,0,      925P    583
0,0,3739,129,0,0,0,3739,127,1,0;                                     925P    584
508,4,0,3739,126,1,0,0,3739,130,1,0,0,3739,131,1,0,0,3739,30,1,      927P    585
0;                                                                   927P    586
508,4,0,3739,125,1,0,0,3739,132,0,0,0,3739,133,1,0,0,3739,130,0,     929P    587
0;                                                                   929P    588
508,4,0,3739,124,1,0,0,3739,134,1,0,0,3739,135,1,0,0,3739,132,1,     931P    589
0;                                                                   931P    590
508,6,0,3739,33,0,0,0,3739,136,0,0,0,3739,137,0,0,0,3739,138,0,      933P    591
0,0,3739,139,0,0,0,3739,140,0,0;                                     933P    592
508,4,0,3739,32,0,0,0,3739,141,0,0,0,3739,142,0,0,0,3739,136,1,      935P    593
0;                                                                   935P    594
508,6,0,3739,31,0,0,0,3739,131,0,0,0,3739,133,0,0,0,3739,135,0,      937P    595
0,0,3739,143,0,0,0,3739,141,1,0;                                     937P    596
508,4,0,3739,140,1,0,0,3739,144,1,0,0,3739,145,1,0,0,3739,34,1,      939P    597
0;                                                                   939P    598
508,4,0,3739,139,1,0,0,3739,146,0,0,0,3739,147,1,0,0,3739,144,0,     941P    599
0;                                                                   941P    600
508,4,0,3739,138,1,0,0,3739,148,1,0,0,3739,149,1,0,0,3739,146,1,     943P    601
0;                                                                   943P    602
508,6,0,3739,37,0,0,0,3739,150,0,0,0,3739,151,0,0,0,3739,152,0,      945P    603
0,0,3739,153,0,0,0,3739,154,0,0;                                     945P    604
508,4,0,3739,36,0,0,0,3739,155,0,0,0,3739,156,0,0,0,3739,150,1,      947P    605
0;                                                                   947P    606
508,6,0,3739,35,0,0,0,3739,145,0,0,0,3739,147,0,0,0,3739,149,0,      949P    607
0,0,3739,157,0,0,0,3739,155,1,0;                                     949P    608
508,4,0,3739,154,1,0,0,3739,158,1,0,0,3739,159,1,0,0,3739,38,1,      951P    609
0;                                                                   951P    610
508,4,0,3739,153,1,0,0,3739,160,0,0,0,3739,161,1,0,0,3739,158,0,     953P    611
0;                                                                   953P    612
508,4,0,3739,152,1,0,0,3739,162,1,0,0,3739,163,1,0,0,3739,160,1,     955P    613
0;                                                                   955P    614
508,6,0,3739,41,0,0,0,3739,164,0,0,0,3739,165,0,0,0,3739,166,0,      957P    615
0,0,3739,167,0,0,0,3739,168,0,0;                                     957P    616
508,4,0,3739,40,0,0,0,3739,169,0,0,0,3739,170,0,0,0,3739,164,1,      959P    617
0;                                                                   959P    618
508,6,0,3739,39,0,0,0,3739,159,0,0,0,3739,161,0,0,0,3739,163,0,      961P    619
0,0,3739,171,0,0,0,3739,169,1,0;                                     961P    620
508,4,0,3739,168,1,0,0,3739,172,1,0,0,3739,173,1,0,0,3739,42,1,      963P    621
0;                                                                   963P    622
508,4,0,3739,167,1,0,0,3739,174,0,0,0,3739,175,1,0,0,3739,172,0,     965P    623
0;                                                                   965P    624
508,4,0,3739,166,1,0,0,3739,176,1,0,0,3739,177,1,0,0,3739,174,1,     967P    625
0;                                                                   967P    626
508,6,0,3739,45,0,0,0,3739,178,0,0,0,3739,179,0,0,0,3739,180,0,      969P    627
0,0,3739,181,0,0,0,3739,182,0,0;                                     969P    628
508,4,0,3739,44,0,0,0,3739,183,0,0,0,3739,184,0,0,0,3739,178,1,      971P    629
0;                                                                   971P    630
508,6,0,3739,43,0,0,0,3739,173,0,0,0,3739,175,0,0,0,3739,177,0,      973P    631
0,0,3739,185,0,0,0,3739,183,1,0;                                     973P    632
508,4,0,3739,182,1,0,0,3739,186,1,0,0,3739,187,1,0,0,3739,46,1,      975P    633
0;                                                                   975P    634
508,4,0,3739,181,1,0,0,3739,188,0,0,0,3739,189,1,0,0,3739,186,0,     977P    635
0;                                                                   977P    636
508,4,0,3739,180,1,0,0,3739,190,1,0,0,3739,191,1,0,0,3739,188,1,     979P    637
0;                                                                   979P    638
508,6,0,3739,49,0,0,0,3739,192,0,0,0,3739,193,0,0,0,3739,194,0,      981P    639
0,0,3739,195,0,0,0,3739,196,0,0;                                     981P    640
508,4,0,3739,48,0,0,0,3739,197,0,0,0,3739,198,0,0,0,3739,192,1,      983P    641
0;                                                                   983P    642
508,6,0,3739,47,0,0,0,3739,187,0,0,0,3739,189,0,0,0,3739,191,0,      985P    643
0,0,3739,199,0,0,0,3739,197,1,0;                                     985P    644
508,4,0,3739,196,1,0,0,3739,200,1,0,0,3739,201,1,0,0,3739,50,1,      987P    645
0;                                                                   987P    646
508,4,0,3739,195,1,0,0,3739,202,0,0,0,3739,203,1,0,0,3739,200,0,     989P    647
0;                                                                   989P    648
508,4,0,3739,194,1,0,0,3739,204,1,0,0,3739,205,1,0,0,3739,202,1,     991P    649
0;                                                                   991P    650
508,6,0,3739,53,0,0,0,3739,206,0,0,0,3739,207,0,0,0,3739,208,0,      993P    651
0,0,3739,209,0,0,0,3739,210,0,0;                                     993P    652
508,4,0,3739,52,0,0,0,3739,211,0,0,0,3739,212,0,0,0,3739,206,1,      995P    653
0;                                                                   995P    654
508,6,0,3739,51,0,0,0,3739,201,0,0,0,3739,203,0,0,0,3739,205,0,      997P    655
0,0,3739,213,0,0,0,3739,211,1,0;                                     997P    656
508,4,0,3739,210,1,0,0,3739,214,1,0,0,3739,215,1,0,0,3739,54,1,      999P    657
0;                                                                   999P    658
508,4,0,3739,209,1,0,0,3739,216,0,0,0,3739,217,1,0,0,3739,214,0,    1001P    659
0;                                                                  1001P    660
508,4,0,3739,208,1,0,0,3739,218,1,0,0,3739,219,1,0,0,3739,216,1,    1003P    661
0;                                                                  1003P    662
508,6,0,3739,57,0,0,0,3739,220,0,0,0,3739,221,0,0,0,3739,222,0,     1005P    663
0,0,3739,223,0,0,0,3739,224,0,0;                                    1005P    664
508,4,0,3739,56,0,0,0,3739,225,0,0,0,3739,226,0,0,0,3739,220,1,     1007P    665
0;                                                                  1007P    666
508,6,0,3739,55,0,0,0,3739,215,0,0,0,3739,217,0,0,0,3739,219,0,     1009P    667
0,0,3739,227,0,0,0,3739,225,1,0;                                    1009P    668
508,4,0,3739,224,1,0,0,3739,228,1,0,0,3739,229,1,0,0,3739,58,1,     1011P    669
0;                                                                  1011P    670
508,4,0,3739,223,1,0,0,3739,230,0,0,0,3739,231,1,0,0,3739,228,0,    1013P    671
0;                                                                  1013P    672
508,4,0,3739,222,1,0,0,3739,232,1,0,0,3739,233,1,0,0,3739,230,1,    1015P    673
0;                                                                  1015P    674
508,6,0,3739,61,0,0,0,3739,234,0,0,0,3739,235,0,0,0,3739,236,0,     1017P    675
0,0,3739,237,0,0,0,3739,238,0,0;                                    1017P    676
508,4,0,3739,60,0,0,0,3739,239,0,0,0,3739,240,0,0,0,3739,234,1,     1019P    677
0;                                                                  1019P    678
508,6,0,3739,59,0,0,0,3739,229,0,0,0,3739,231,0,0,0,3739,233,0,     1021P    679
0,0,3739,241,0,0,0,3739,239,1,0;                                    1021P    680
508,4,0,3739,238,1,0,0,3739,242,1,0,0,3739,243,1,0,0,3739,62,1,     1023P    681
0;                                                                  1023P    682
508,4,0,3739,237,1,0,0,3739,244,0,0,0,3739,245,1,0,0,3739,242,0,    1025P    683
0;                                                                  1025P    684
508,4,0,3739,236,1,0,0,3739,246,1,0,0,3739,247,1,0,0,3739,244,1,    1027P    685
0;                                                                  1027P    686
508,6,0,3739,65,0,0,0,3739,248,0,0,0,3739,249,0,0,0,3739,250,0,     1029P    687
0,0,3739,251,0,0,0,3739,252,0,0;                                    1029P    688
508,4,0,3739,64,0,0,0,3739,253,0,0,0,3739,254,0,0,0,3739,248,1,     1031P    689
0;                                                                  1031P    690
508,6,0,3739,63,0,0,0,3739,243,0,0,0,3739,245,0,0,0,3739,247,0,     1033P    691
0,0,3739,255,0,0,0,3739,253,1,0;                                    1033P    692
508,4,0,3739,252,1,0,0,3739,256,1,0,0,3739,257,1,0,0,3739,66,1,     1035P    693
0;                                                                  1035P    694
508,4,0,3739,251,1,0,0,3739,258,0,0,0,3739,259,1,0,0,3739,256,0,    1037P    695
0;                                                                  1037P    696
508,4,0,3739,250,1,0,0,3739,260,1,0,0,3739,261,1,0,0,3739,258,1,    1039P    697
0;                                                                  1039P    698
508,6,0,3739,69,0,0,0,3739,262,0,0,0,3739,263,0,0,0,3739,264,0,     1041P    699
0,0,3739,265,0,0,0,3739,266,0,0;                                    1041P    700
508,4,0,3739,68,0,0,0,3739,267,0,0,0,3739,268,0,0,0,3739,262,1,     1043P    701
0;                                                                  1043P    702
508,6,0,3739,67,0,0,0,3739,257,0,0,0,3739,259,0,0,0,3739,261,0,     1045P    703
0,0,3739,269,0,0,0,3739,267,1,0;                                    1045P    704
508,4,0,3739,266,1,0,0,3739,270,1,0,0,3739,271,1,0,0,3739,70,1,     1047P    705
0;                                                                  1047P    706
508,4,0,3739,265,1,0,0,3739,272,0,0,0,3739,273,1,0,0,3739,270,0,    1049P    707
0;                                                                  1049P    708
508,4,0,3739,264,1,0,0,3739,274,1,0,0,3739,275,1,0,0,3739,272,1,    1051P    709
0;                                                                  1051P    710
508,6,0,3739,73,0,0,0,3739,276,0,0,0,3739,277,0,0,0,3739,278,0,     1053P    711
0,0,3739,279,0,0,0,3739,280,0,0;                                    1053P    712
508,4,0,3739,72,0,0,0,3739,281,0,0,0,3739,282,0,0,0,3739,276,1,     1055P    713
0;                                                                  1055P    714
508,6,0,3739,71,0,0,0,3739,271,0,0,0,3739,273,0,0,0,3739,275,0,     1057P    715
0,0,3739,283,0,0,0,3739,281,1,0;                                    1057P    716
508,4,0,3739,280,1,0,0,3739,284,1,0,0,3739,285,1,0,0,3739,74,1,     1059P    717
0;                                                                  1059P    718
508,4,0,3739,279,1,0,0,3739,286,0,0,0,3739,287,1,0,0,3739,284,0,    1061P    719
0;                                                                  1061P    720
508,4,0,3739,278,1,0,0,3739,288,1,0,0,3739,289,1,0,0,3739,286,1,    1063P    721
0;                                                                  1063P    722
508,6,0,3739,77,0,0,0,3739,290,0,0,0,3739,291,0,0,0,3739,292,0,     1065P    723
0,0,3739,293,0,0,0,3739,294,0,0;                                    1065P    724
508,4,0,3739,76,0,0,0,3739,295,0,0,0,3739,296,0,0,0,3739,290,1,     1067P    725
0;                                                                  1067P    726
508,6,0,3739,75,0,0,0,3739,285,0,0,0,3739,287,0,0,0,3739,289,0,     1069P    727
0,0,3739,297,0,0,0,3739,295,1,0;                                    1069P    728
508,4,0,3739,294,1,0,0,3739,298,1,0,0,3739,299,1,0,0,3739,78,1,     1071P    729
0;                                                                  1071P    730
508,4,0,3739,293,1,0,0,3739,300,0,0,0,3739,301,1,0,0,3739,298,0,    1073P    731
0;                                                                  1073P    732
508,4,0,3739,292,1,0,0,3739,302,1,0,0,3739,303,1,0,0,3739,300,1,    1075P    733
0;                                                                  1075P    734
508,6,0,3739,81,0,0,0,3739,304,0,0,0,3739,305,0,0,0,3739,306,0,     1077P    735
0,0,3739,307,0,0,0,3739,308,0,0;                                    1077P    736
508,4,0,3739,80,0,0,0,3739,309,0,0,0,3739,310,0,0,0,3739,304,1,     1079P    737
0;                                                                  1079P    738
508,6,0,3739,79,0,0,0,3739,299,0,0,0,3739,301,0,0,0,3739,303,0,     1081P    739
0,0,3739,311,0,0,0,3739,309,1,0;                                    1081P    740
508,4,0,3739,308,1,0,0,3739,312,1,0,0,3739,313,1,0,0,3739,82,1,     1083P    741
0;                                                                  1083P    742
508,4,0,3739,307,1,0,0,3739,314,0,0,0,3739,315,1,0,0,3739,312,0,    1085P    743
0;                                                                  1085P    744
508,4,0,3739,306,1,0,0,3739,316,1,0,0,3739,317,1,0,0,3739,314,1,    1087P    745
0;                                                                  1087P    746
508,6,0,3739,85,0,0,0,3739,318,0,0,0,3739,319,0,0,0,3739,320,0,     1089P    747
0,0,3739,321,0,0,0,3739,322,0,0;                                    1089P    748
508,4,0,3739,84,0,0,0,3739,323,0,0,0,3739,324,0,0,0,3739,318,1,     1091P    749
0;                                                                  1091P    750
508,6,0,3739,83,0,0,0,3739,313,0,0,0,3739,315,0,0,0,3739,317,0,     1093P    751
0,0,3739,325,0,0,0,3739,323,1,0;                                    1093P    752
508,4,0,3739,322,1,0,0,3739,326,1,0,0,3739,327,1,0,0,3739,86,1,     1095P    753
0;                                                                  1095P    754
508,4,0,3739,321,1,0,0,3739,328,0,0,0,3739,329,1,0,0,3739,326,0,    1097P    755
0;                                                                  1097P    756
508,4,0,3739,320,1,0,0,3739,330,1,0,0,3739,331,1,0,0,3739,328,1,    1099P    757
0;                                                                  1099P    758
508,6,0,3739,89,0,0,0,3739,332,0,0,0,3739,333,0,0,0,3739,334,0,     1101P    759
0,0,3739,335,0,0,0,3739,336,0,0;                                    1101P    760
508,4,0,3739,88,0,0,0,3739,337,0,0,0,3739,338,0,0,0,3739,332,1,     1103P    761
0;                                                                  1103P    762
508,6,0,3739,87,0,0,0,3739,327,0,0,0,3739,329,0,0,0,3739,331,0,     1105P    763
0,0,3739,339,0,0,0,3739,337,1,0;                                    1105P    764
508,4,0,3739,336,1,0,0,3739,340,1,0,0,3739,341,1,0,0,3739,90,1,     1107P    765
0;                                                                  1107P    766
508,4,0,3739,335,1,0,0,3739,342,0,0,0,3739,343,1,0,0,3739,340,0,    1109P    767
0;                                                                  1109P    768
508,4,0,3739,334,1,0,0,3739,344,1,0,0,3739,345,1,0,0,3739,342,1,    1111P    769
0;                                                                  1111P    770
508,6,0,3739,93,0,0,0,3739,346,0,0,0,3739,347,0,0,0,3739,348,0,     1113P    771
0,0,3739,349,0,0,0,3739,350,0,0;                                    1113P    772
508,4,0,3739,92,0,0,0,3739,351,0,0,0,3739,352,0,0,0,3739,346,1,     1115P    773
0;                                                                  1115P    774
508,6,0,3739,91,0,0,0,3739,341,0,0,0,3739,343,0,0,0,3739,345,0,     1117P    775
0,0,3739,353,0,0,0,3739,351,1,0;                                    1117P    776
508,4,0,3739,350,1,0,0,3739,354,1,0,0,3739,355,1,0,0,3739,94,1,     1119P    777
0;                                                                  1119P    778
508,4,0,3739,349,1,0,0,3739,356,0,0,0,3739,357,1,0,0,3739,354,0,    1121P    779
0;                                                                  1121P    780
508,4,0,3739,348,1,0,0,3739,358,1,0,0,3739,359,1,0,0,3739,356,1,    1123P    781
0;                                                                  1123P    782
508,6,0,3739,360,0,0,0,3739,361,1,0,0,3739,95,0,0,0,3739,355,0,     1125P    783
0,0,3739,357,0,0,0,3739,359,0,0;                                    1125P    784
508,6,0,3739,362,0,0,0,3739,363,0,0,0,3739,364,0,0,0,3739,102,0,    1127P    785
0,0,3739,97,0,0,0,3739,365,0,0;                                     1127P    786
508,4,0,3739,366,0,0,0,3739,365,1,0,0,3739,96,0,0,0,3739,361,0,     1129P    787
0;                                                                  1129P    788
508,4,0,3739,20,1,0,0,3739,367,1,0,0,3739,363,1,0,0,3739,368,1,     1131P    789
0;                                                                  1131P    790
508,4,0,3739,19,1,0,0,3739,103,0,0,0,3739,364,1,0,0,3739,367,0,     1133P    791
0;                                                                  1133P    792
508,80,0,3739,21,1,0,0,3739,368,0,0,0,3739,362,1,0,0,3739,366,1,    1135P    793
0,0,3739,360,1,0,0,3739,358,0,0,0,3739,347,1,0,0,3739,352,1,0,0,    1135P    794
3739,353,1,0,0,3739,344,0,0,0,3739,333,1,0,0,3739,338,1,0,0,        1135P    795
3739,339,1,0,0,3739,330,0,0,0,3739,319,1,0,0,3739,324,1,0,0,        1135P    796
3739,325,1,0,0,3739,316,0,0,0,3739,305,1,0,0,3739,310,1,0,0,        1135P    797
3739,311,1,0,0,3739,302,0,0,0,3739,291,1,0,0,3739,296,1,0,0,        1135P    798
3739,297,1,0,0,3739,288,0,0,0,3739,277,1,0,0,3739,282,1,0,0,        1135P    799
3739,283,1,0,0,3739,274,0,0,0,3739,263,1,0,0,3739,268,1,0,0,        1135P    800
3739,269,1,0,0,3739,260,0,0,0,3739,249,1,0,0,3739,254,1,0,0,        1135P    801
3739,255,1,0,0,3739,246,0,0,0,3739,235,1,0,0,3739,240,1,0,0,        1135P    802
3739,241,1,0,0,3739,232,0,0,0,3739,221,1,0,0,3739,226,1,0,0,        1135P    803
3739,227,1,0,0,3739,218,0,0,0,3739,207,1,0,0,3739,212,1,0,0,        1135P    804
3739,213,1,0,0,3739,204,0,0,0,3739,193,1,0,0,3739,198,1,0,0,        1135P    805
3739,199,1,0,0,3739,190,0,0,0,3739,179,1,0,0,3739,184,1,0,0,        1135P    806
3739,185,1,0,0,3739,176,0,0,0,3739,165,1,0,0,3739,170,1,0,0,        1135P    807
3739,171,1,0,0,3739,162,0,0,0,3739,151,1,0,0,3739,156,1,0,0,        1135P    808
3739,157,1,0,0,3739,148,0,0,0,3739,137,1,0,0,3739,142,1,0,0,        1135P    809
3739,143,1,0,0,3739,134,0,0,0,3739,123,1,0,0,3739,128,1,0,0,        1135P    810
3739,129,1,0,0,3739,120,0,0,0,3739,109,1,0,0,3739,114,1,0,0,        1135P    811
3739,115,1,0,0,3739,106,0,0,0,3739,10,1,0,0,3739,16,1,0;            1135P    812
508,4,0,3739,369,0,0,0,3739,370,1,0,0,3739,371,0,0,0,3739,370,0,    1137P    813
0;                                                                  1137P    814
508,1,0,3739,369,1,0;                                               1139P    815
508,4,0,3739,372,0,0,0,3739,373,1,0,0,3739,4,1,0,0,3739,373,0,0;    1141P    816
508,1,0,3739,372,1,0;                                               1143P    817
508,1,0,3739,371,1,0;                                               1145P    818
508,4,0,3739,374,0,0,0,3739,375,1,0,0,3739,99,0,0,0,3739,375,0,     1147P    819
0;                                                                  1147P    820
508,1,0,3739,374,1,0;                                               1149P    821
508,1,0,3739,7,1,0;                                                 1151P    822
508,4,0,3741,1,0,0,0,3741,2,1,0,0,3741,3,1,0,0,3741,2,0,0;          1153P    823
508,1,0,3741,1,1,0;                                                 1155P    824
508,1,0,3741,3,0,0;                                                 1157P    825
508,4,0,3743,1,0,0,0,3743,2,1,0,0,3743,3,0,0,0,3743,2,0,0;          1159P    826
508,4,0,3743,4,0,0,0,3743,5,1,0,0,3743,6,0,0,0,3743,5,0,0;          1161P    827
508,4,0,3743,7,0,0,0,3743,8,1,0,0,3743,9,0,0,0,3743,8,0,0;          1163P    828
508,4,0,3743,10,0,0,0,3743,11,1,0,0,3743,12,0,0,0,3743,11,0,0;      1165P    829
508,4,0,3743,13,0,0,0,3743,14,1,0,0,3743,15,0,0,0,3743,16,0,0;      1167P    830
508,4,0,3743,17,0,0,0,3743,16,1,0,0,3743,18,0,0,0,3743,19,0,0;      1169P    831
508,4,0,3743,20,0,0,0,3743,19,1,0,0,3743,21,0,0,0,3743,22,0,0;      1171P    832
508,4,0,3743,23,0,0,0,3743,22,1,0,0,3743,24,0,0,0,3743,14,0,0;      1173P    833
508,4,0,3743,25,1,0,0,3743,26,1,0,0,3743,27,1,0,0,3743,26,0,0;      1175P    834
508,1,0,3743,25,0,0;                                                1177P    835
508,1,0,3743,28,0,0;                                                1179P    836
508,1,0,3743,27,0,0;                                                1181P    837
508,1,0,3743,29,0,0;                                                1183P    838
508,5,0,3743,29,1,0,0,3743,30,1,0,0,3743,31,1,0,0,3743,32,1,0,0,    1185P    839
3743,30,0,0;                                                        1185P    840
508,4,0,3743,33,0,0,0,3743,34,1,0,0,3743,35,0,0,0,3743,34,0,0;      1187P    841
508,2,0,3743,32,0,0,0,3743,31,0,0;                                  1189P    842
508,1,0,3743,33,1,0;                                                1191P    843
508,4,0,3743,36,0,0,0,3743,37,1,0,0,3743,38,1,0,0,3743,37,0,0;      1193P    844
508,4,0,3743,15,1,0,0,3743,24,1,0,0,3743,21,1,0,0,3743,18,1,0;      1195P    845
508,1,0,3743,3,1,0;                                                 1197P    846
508,1,0,3743,6,1,0;                                                 1199P    847
508,1,0,3743,9,1,0;                                                 1201P    848
508,1,0,3743,12,1,0;                                                1203P    849
508,1,0,3743,38,0,0;                                                1205P    850
508,4,0,3743,39,0,0,0,3743,40,1,0,0,3743,28,1,0,0,3743,40,0,0;      1207P    851
508,1,0,3743,36,1,0;                                                1209P    852
508,1,0,3743,39,1,0;                                                1211P    853
508,4,0,3743,20,1,0,0,3743,23,1,0,0,3743,13,1,0,0,3743,17,1,0;      1213P    854
508,1,0,3743,1,1,0;                                                 1215P    855
508,1,0,3743,4,1,0;                                                 1217P    856
508,1,0,3743,7,1,0;                                                 1219P    857
508,1,0,3743,10,1,0;                                                1221P    858
508,1,0,3743,35,1,0;                                                1223P    859
508,4,0,3745,1,1,0,0,3745,2,1,0,0,3745,3,1,0,0,3745,4,1,0;          1225P    860
508,4,0,3745,4,0,0,0,3745,5,0,0,0,3745,6,0,0,0,3745,7,0,0;          1227P    861
508,22,0,3745,3,0,0,0,3745,8,1,0,0,3745,9,0,0,0,3745,10,0,0,0,      1229P    862
3745,11,0,0,0,3745,12,1,0,0,3745,13,0,0,0,3745,14,0,0,0,3745,15,    1229P    863
1,0,0,3745,16,0,0,0,3745,17,0,0,0,3745,18,1,0,0,3745,19,0,0,0,      1229P    864
3745,20,0,0,0,3745,21,0,0,0,3745,22,1,0,0,3745,23,0,0,0,3745,24,    1229P    865
1,0,0,3745,25,0,0,0,3745,26,1,0,0,3745,27,0,0,0,3745,5,1,0;         1229P    866
508,1,0,3745,28,0,0;                                                1231P    867
508,1,0,3745,29,0,0;                                                1233P    868
508,4,0,3745,30,1,0,0,3745,6,1,0,0,3745,27,1,0,0,3745,31,1,0;       1235P    869
508,4,0,3745,31,0,0,0,3745,26,0,0,0,3745,32,0,0,0,3745,33,0,0;      1237P    870
508,4,0,3745,34,1,0,0,3745,35,1,0,0,3745,23,1,0,0,3745,36,1,0;      1239P    871
508,4,0,3745,35,0,0,0,3745,37,0,0,0,3745,38,0,0,0,3745,24,0,0;      1241P    872
508,4,0,3745,39,1,0,0,3745,32,1,0,0,3745,25,1,0,0,3745,38,1,0;      1243P    873
508,4,0,3745,40,1,0,0,3745,41,1,0,0,3745,9,1,0,0,3745,42,1,0;       1245P    874
508,4,0,3745,2,0,0,0,3745,43,0,0,0,3745,42,0,0,0,3745,8,0,0;        1247P    875
508,4,0,3745,44,1,0,0,3745,45,1,0,0,3745,21,1,0,0,3745,46,1,0;      1249P    876
508,4,0,3745,46,0,0,0,3745,20,1,0,0,3745,47,0,0,0,3745,48,0,0;      1251P    877
508,4,0,3745,49,1,0,0,3745,50,1,0,0,3745,13,1,0,0,3745,51,1,0;      1253P    878
508,4,0,3745,51,0,0,0,3745,12,0,0,0,3745,52,0,0,0,3745,53,0,0;      1255P    879
508,4,0,3745,54,1,0,0,3745,52,1,0,0,3745,11,1,0,0,3745,55,1,0;      1257P    880
508,4,0,3745,41,0,0,0,3745,56,0,0,0,3745,55,0,0,0,3745,10,1,0;      1259P    881
508,4,0,3745,57,1,0,0,3745,58,1,0,0,3745,17,1,0,0,3745,59,1,0;      1261P    882
508,4,0,3745,59,0,0,0,3745,16,1,0,0,3745,60,1,0,0,3745,61,0,0;      1263P    883
508,4,0,3745,62,1,0,0,3745,47,1,0,0,3745,19,1,0,0,3745,63,1,0;      1265P    884
508,4,0,3745,64,0,0,0,3745,65,1,0,0,3745,29,1,0,0,3745,65,0,0;      1267P    885
508,4,0,3745,66,0,0,0,3745,67,1,0,0,3745,28,1,0,0,3745,67,0,0;      1269P    886
508,4,0,3745,58,0,0,0,3745,68,0,0,0,3745,63,0,0,0,3745,18,0,0;      1271P    887
508,4,0,3745,36,0,0,0,3745,22,0,0,0,3745,45,0,0,0,3745,69,0,0;      1273P    888
508,4,0,3745,50,0,0,0,3745,70,0,0,0,3745,71,0,0,0,3745,14,1,0;      1275P    889
508,4,0,3745,15,0,0,0,3745,71,1,0,0,3745,72,0,0,0,3745,60,0,0;      1277P    890
508,22,0,3745,1,0,0,0,3745,7,1,0,0,3745,30,0,0,0,3745,33,1,0,0,     1279P    891
3745,39,0,0,0,3745,37,1,0,0,3745,34,0,0,0,3745,69,1,0,0,3745,44,    1279P    892
0,0,0,3745,48,1,0,0,3745,62,0,0,0,3745,68,1,0,0,3745,57,0,0,0,      1279P    893
3745,61,1,0,0,3745,72,1,0,0,3745,70,1,0,0,3745,49,0,0,0,3745,53,    1279P    894
1,0,0,3745,54,0,0,0,3745,56,1,0,0,3745,40,0,0,0,3745,43,1,0;        1279P    895
508,1,0,3745,66,1,0;                                                1281P    896
508,1,0,3745,64,1,0;                                                1283P    897
508,4,0,3747,1,1,0,0,3747,2,1,0,0,3747,3,1,0,0,3747,4,1,0;          1285P    898
508,4,0,3747,4,0,0,0,3747,5,0,0,0,3747,6,0,0,0,3747,7,0,0;          1287P    899
508,12,0,3747,3,0,0,0,3747,8,0,0,0,3747,9,0,0,0,3747,10,1,0,0,      1289P    900
3747,11,0,0,0,3747,12,1,0,0,3747,13,0,0,0,3747,14,0,0,0,3747,15,    1289P    901
0,0,0,3747,16,0,0,0,3747,17,0,0,0,3747,5,1,0;                       1289P    902
508,4,0,3747,18,1,0,0,3747,19,1,0,0,3747,20,1,0,0,3747,21,1,0;      1291P    903
508,4,0,3747,22,1,0,0,3747,23,1,0,0,3747,24,1,0,0,3747,25,1,0;      1293P    904
508,4,0,3747,26,1,0,0,3747,27,1,0,0,3747,28,1,0,0,3747,29,1,0;      1295P    905
508,4,0,3747,30,1,0,0,3747,31,1,0,0,3747,32,1,0,0,3747,33,1,0;      1297P    906
508,4,0,3747,34,0,0,0,3747,35,0,0,0,3747,36,0,0,0,3747,37,0,0;      1299P    907
508,4,0,3747,38,0,0,0,3747,39,0,0,0,3747,40,0,0,0,3747,41,0,0;      1301P    908
508,1,0,3747,42,0,0;                                                1303P    909
508,1,0,3747,43,0,0;                                                1305P    910
508,1,0,3747,44,0,0;                                                1307P    911
508,1,0,3747,45,0,0;                                                1309P    912
508,1,0,3747,46,0,0;                                                1311P    913
508,4,0,3747,47,1,0,0,3747,48,1,0,0,3747,49,1,0,0,3747,50,1,0;      1313P    914
508,4,0,3747,51,1,0,0,3747,52,1,0,0,3747,53,1,0,0,3747,54,1,0;      1315P    915
508,4,0,3747,17,1,0,0,3747,55,1,0,0,3747,56,1,0,0,3747,6,1,0;       1317P    916
508,4,0,3747,2,0,0,0,3747,57,0,0,0,3747,58,0,0,0,3747,8,1,0;        1319P    917
508,4,0,3747,59,0,0,0,3747,60,1,0,0,3747,51,0,0,0,3747,61,0,0;      1321P    918
508,4,0,3747,62,0,0,0,3747,63,1,0,0,3747,52,0,0,0,3747,60,0,0;      1323P    919
508,4,0,3747,64,0,0,0,3747,65,1,0,0,3747,53,0,0,0,3747,63,0,0;      1325P    920
508,4,0,3747,66,0,0,0,3747,61,1,0,0,3747,54,0,0,0,3747,65,0,0;      1327P    921
508,4,0,3747,67,0,0,0,3747,68,1,0,0,3747,47,0,0,0,3747,69,0,0;      1329P    922
508,4,0,3747,70,0,0,0,3747,71,1,0,0,3747,48,0,0,0,3747,68,0,0;      1331P    923
508,4,0,3747,72,0,0,0,3747,73,1,0,0,3747,49,0,0,0,3747,71,0,0;      1333P    924
508,4,0,3747,74,0,0,0,3747,69,1,0,0,3747,50,0,0,0,3747,73,0,0;      1335P    925
508,4,0,3747,55,0,0,0,3747,16,1,0,0,3747,75,0,0,0,3747,76,0,0;      1337P    926
508,4,0,3747,13,1,0,0,3747,77,1,0,0,3747,78,1,0,0,3747,79,1,0;      1339P    927
508,4,0,3747,77,0,0,0,3747,12,0,0,0,3747,80,0,0,0,3747,81,0,0;      1341P    928
508,4,0,3747,82,1,0,0,3747,75,1,0,0,3747,15,1,0,0,3747,83,1,0;      1343P    929
508,4,0,3747,79,0,0,0,3747,84,0,0,0,3747,83,0,0,0,3747,14,1,0;      1345P    930
508,4,0,3747,85,1,0,0,3747,86,1,0,0,3747,9,1,0,0,3747,58,1,0;       1347P    931
508,4,0,3747,87,1,0,0,3747,80,1,0,0,3747,11,1,0,0,3747,88,1,0;      1349P    932
508,4,0,3747,19,0,0,0,3747,89,1,0,0,3747,90,0,0,0,3747,91,0,0;      1351P    933
508,4,0,3747,20,0,0,0,3747,91,1,0,0,3747,92,0,0,0,3747,93,0,0;      1353P    934
508,4,0,3747,21,0,0,0,3747,93,1,0,0,3747,94,0,0,0,3747,95,0,0;      1355P    935
508,4,0,3747,18,0,0,0,3747,95,1,0,0,3747,96,0,0,0,3747,89,0,0;      1357P    936
508,4,0,3747,23,0,0,0,3747,97,1,0,0,3747,98,0,0,0,3747,99,0,0;      1359P    937
508,4,0,3747,24,0,0,0,3747,99,1,0,0,3747,100,0,0,0,3747,101,0,0;    1361P    938
508,4,0,3747,25,0,0,0,3747,101,1,0,0,3747,102,0,0,0,3747,103,0,     1363P    939
0;                                                                  1363P    940
508,4,0,3747,22,0,0,0,3747,103,1,0,0,3747,104,0,0,0,3747,97,0,0;    1365P    941
508,4,0,3747,27,0,0,0,3747,105,1,0,0,3747,106,0,0,0,3747,107,0,     1367P    942
0;                                                                  1367P    943
508,4,0,3747,28,0,0,0,3747,107,1,0,0,3747,108,0,0,0,3747,109,0,     1369P    944
0;                                                                  1369P    945
508,4,0,3747,29,0,0,0,3747,109,1,0,0,3747,110,0,0,0,3747,111,0,     1371P    946
0;                                                                  1371P    947
508,4,0,3747,26,0,0,0,3747,111,1,0,0,3747,112,0,0,0,3747,105,0,     1373P    948
0;                                                                  1373P    949
508,4,0,3747,31,0,0,0,3747,113,1,0,0,3747,114,0,0,0,3747,115,0,     1375P    950
0;                                                                  1375P    951
508,4,0,3747,32,0,0,0,3747,115,1,0,0,3747,116,0,0,0,3747,117,0,     1377P    952
0;                                                                  1377P    953
508,4,0,3747,33,0,0,0,3747,117,1,0,0,3747,118,0,0,0,3747,119,0,     1379P    954
0;                                                                  1379P    955
508,4,0,3747,30,0,0,0,3747,119,1,0,0,3747,120,0,0,0,3747,113,0,     1381P    956
0;                                                                  1381P    957
508,4,0,3747,86,0,0,0,3747,121,0,0,0,3747,88,0,0,0,3747,10,0,0;     1383P    958
508,4,0,3747,122,0,0,0,3747,123,1,0,0,3747,46,1,0,0,3747,123,0,     1385P    959
0;                                                                  1385P    960
508,4,0,3747,124,0,0,0,3747,125,1,0,0,3747,45,1,0,0,3747,125,0,     1387P    961
0;                                                                  1387P    962
508,4,0,3747,126,0,0,0,3747,127,1,0,0,3747,44,1,0,0,3747,127,0,     1389P    963
0;                                                                  1389P    964
508,4,0,3747,128,0,0,0,3747,129,1,0,0,3747,43,1,0,0,3747,129,0,     1391P    965
0;                                                                  1391P    966
508,4,0,3747,130,0,0,0,3747,131,1,0,0,3747,42,1,0,0,3747,131,0,     1393P    967
0;                                                                  1393P    968
508,4,0,3747,39,1,0,0,3747,132,1,0,0,3747,133,0,0,0,3747,134,0,     1395P    969
0;                                                                  1395P    970
508,4,0,3747,40,1,0,0,3747,134,1,0,0,3747,135,0,0,0,3747,136,0,     1397P    971
0;                                                                  1397P    972
508,4,0,3747,41,1,0,0,3747,136,1,0,0,3747,137,0,0,0,3747,138,0,     1399P    973
0;                                                                  1399P    974
508,4,0,3747,38,1,0,0,3747,138,1,0,0,3747,139,0,0,0,3747,132,0,     1401P    975
0;                                                                  1401P    976
508,4,0,3747,35,1,0,0,3747,140,1,0,0,3747,141,0,0,0,3747,142,0,     1403P    977
0;                                                                  1403P    978
508,4,0,3747,36,1,0,0,3747,142,1,0,0,3747,143,0,0,0,3747,144,0,     1405P    979
0;                                                                  1405P    980
508,4,0,3747,37,1,0,0,3747,144,1,0,0,3747,145,0,0,0,3747,146,0,     1407P    981
0;                                                                  1407P    982
508,4,0,3747,34,1,0,0,3747,146,1,0,0,3747,147,0,0,0,3747,140,0,     1409P    983
0;                                                                  1409P    984
508,12,0,3747,1,0,0,0,3747,7,1,0,0,3747,56,0,0,0,3747,76,1,0,0,     1411P    985
3747,82,0,0,0,3747,84,1,0,0,3747,78,0,0,0,3747,81,1,0,0,3747,87,    1411P    986
0,0,0,3747,121,1,0,0,3747,85,0,0,0,3747,57,1,0;                     1411P    987
508,4,0,3747,59,1,0,0,3747,66,1,0,0,3747,64,1,0,0,3747,62,1,0;      1413P    988
508,4,0,3747,67,1,0,0,3747,74,1,0,0,3747,72,1,0,0,3747,70,1,0;      1415P    989
508,4,0,3747,96,1,0,0,3747,94,1,0,0,3747,92,1,0,0,3747,90,1,0;      1417P    990
508,4,0,3747,104,1,0,0,3747,102,1,0,0,3747,100,1,0,0,3747,98,1,     1419P    991
0;                                                                  1419P    992
508,4,0,3747,112,1,0,0,3747,110,1,0,0,3747,108,1,0,0,3747,106,1,    1421P    993
0;                                                                  1421P    994
508,4,0,3747,120,1,0,0,3747,118,1,0,0,3747,116,1,0,0,3747,114,1,    1423P    995
0;                                                                  1423P    996
508,4,0,3747,147,1,0,0,3747,145,1,0,0,3747,143,1,0,0,3747,141,1,    1425P    997
0;                                                                  1425P    998
508,4,0,3747,139,1,0,0,3747,137,1,0,0,3747,135,1,0,0,3747,133,1,    1427P    999
0;                                                                  1427P   1000
508,1,0,3747,130,1,0;                                               1429P   1001
508,1,0,3747,128,1,0;                                               1431P   1002
508,1,0,3747,126,1,0;                                               1433P   1003
508,1,0,3747,124,1,0;                                               1435P   1004
508,1,0,3747,122,1,0;                                               1437P   1005
508,4,0,3749,1,1,0,0,3749,2,1,0,0,3749,3,0,0,0,3749,4,0,0;          1439P   1006
508,4,0,3749,5,1,0,0,3749,4,1,0,0,3749,6,0,0,0,3749,7,0,0;          1441P   1007
508,4,0,3749,8,1,0,0,3749,7,1,0,0,3749,9,0,0,0,3749,10,0,0;         1443P   1008
508,4,0,3749,11,0,0,0,3749,10,1,0,0,3749,12,0,0,0,3749,2,0,0;       1445P   1009
508,4,0,3749,11,1,0,0,3749,1,0,0,0,3749,5,0,0,0,3749,8,0,0;         1447P   1010
508,4,0,3749,12,1,0,0,3749,9,1,0,0,3749,6,1,0,0,3749,3,1,0;         1449P   1011
508,4,0,3751,1,0,0,0,3751,2,1,0,0,3751,3,0,0,0,3751,4,0,0;          1451P   1012
508,4,0,3751,5,1,0,0,3751,4,1,0,0,3751,6,0,0,0,3751,7,0,0;          1453P   1013
508,4,0,3751,8,1,0,0,3751,7,1,0,0,3751,9,0,0,0,3751,10,0,0;         1455P   1014
508,4,0,3751,11,1,0,0,3751,10,1,0,0,3751,12,0,0,0,3751,2,0,0;       1457P   1015
508,4,0,3751,11,0,0,0,3751,1,1,0,0,3751,5,0,0,0,3751,8,0,0;         1459P   1016
508,4,0,3751,12,1,0,0,3751,9,1,0,0,3751,6,1,0,0,3751,3,1,0;         1461P   1017
126,4,2,0,0,0,0,0.489957326253728,0.489957326253728,                1463P   1018
0.489957326253728,2.06075365304862,2.06075365304862,                1463P   1019
3.63154997984352,3.63154997984352,3.63154997984352,1.,              1463P   1020
0.707106781186547,1.,0.707106781186547,1.,2.91704199627929D-17,     1463P   1021
-1.52,6.35,6.35,-1.52,6.35,6.35,-1.52,5.55111512312578D-16,6.35,    1463P   1022
-1.52,-6.35,2.80472798152568D-15,-1.52,-6.35,0.489957326253728,     1463P   1023
3.63154997984352,0.,0.,0.;                                          1463P   1024
126,4,2,0,0,0,0,3.63154997984352,3.63154997984352,                  1465P   1025
3.63154997984352,5.20234630663842,5.20234630663842,                 1465P   1026
6.77314263343331,6.77314263343331,6.77314263343331,1.,              1465P   1027
0.707106781186547,1.,0.707106781186548,1.,2.80472798152568D-15,     1465P   1028
-1.52,-6.35,-6.35,-1.52,-6.35,-6.35,-1.52,-5.55111512312578D-16,    1465P   1029
-6.35,-1.52,6.35,2.91704199627929D-17,-1.52,6.35,                   1465P   1030
3.63154997984352,6.77314263343331,0.,0.,0.;                         1465P   1031
126,1,1,0,0,1,0,-4.75590551181102,-4.75590551181102,0.,0.,1.,1.,    1467P   1032
0.,-1.52,-6.35,0.,-31.72,-6.35,-4.75590551181102,0.,0.,0.,0.;       1467P   1033
126,4,2,0,0,0,0,3.14159265358979,3.14159265358979,                  1469P   1034
3.14159265358979,4.42796276428903,4.42796276428903,                 1469P   1035
5.71433287498826,5.71433287498826,5.71433287498826,1.,              1469P   1036
0.800189592107132,1.,0.800189592107132,1.,1.41265071745857D-15,     1469P   1037
-31.72,-6.35,-4.75936490027852,-31.72,-6.35,-6.09487489617301,      1469P   1038
-31.72,-1.78185296812054,-7.43038489206751,-31.72,                  1469P   1039
2.78629406375892,-3.42052627529741,-31.72,5.35,3.14159265358979,    1469P   1040
5.71433287498826,0.,0.,0.;                                          1469P   1041
126,1,1,0,0,1,0,0.,0.,0.025,0.025,1.,1.,-3.4205262752974,-6.72,     1471P   1042
5.35,-3.4205262752974,-31.72,5.35,0.,0.025,0.,0.,0.;                1471P   1043
126,2,2,0,0,0,0,-0.568852432191324,-0.568852432191324,              1473P   1044
-0.568852432191324,0.568852432191324,0.568852432191324,             1473P   1045
0.568852432191324,1.,0.842519685039372,1.,-3.4205262752974,         1473P   1046
-6.72,5.35000000000001,2.77555756156289D-16,-6.72,                  1473P   1047
7.53691588785046,3.4205262752974,-6.72,5.35000000000001,            1473P   1048
-0.568852432191324,0.568852432191324,0.,0.,0.;                      1473P   1049
126,1,1,0,0,1,0,0.,0.,0.025,0.025,1.,1.,3.4205262752974,-6.72,      1475P   1050
5.35,3.4205262752974,-31.72,5.35,0.,0.025,0.,0.,0.;                 1475P   1051
126,4,2,0,0,0,0,0.568852432191324,0.568852432191324,                1477P   1052
0.568852432191324,1.85522254289056,1.85522254289056,                1477P   1053
3.14159265358979,3.14159265358979,3.14159265358979,1.,              1477P   1054
0.800189592107134,1.,0.800189592107133,1.,3.4205262752974,          1477P   1055
-31.72,5.35000000000001,7.4303848920675,-31.72,2.78629406375892,    1477P   1056
6.09487489617301,-31.72,-1.78185296812054,4.75936490027853,         1477P   1057
-31.72,-6.35,1.41265071745857D-15,-31.72,-6.35,                     1477P   1058
0.568852432191324,3.14159265358979,0.,0.,0.;                        1477P   1059
126,1,1,0,0,1,0,-0.0068410525505948,-0.0068410525505948,0.,0.,      1479P   1060
1.,1.,3.4205262752974,-31.72,5.35,-3.4205262752974,-31.72,5.35,     1479P   1061
-0.0068410525505948,0.,0.,0.,0.;                                    1479P   1062
126,1,1,0,0,1,0,0.005,0.005,0.01135,0.01135,1.,1.,-31.575,118.,     1481P   1063
-26.575,-37.925,118.,-26.575,0.005,0.01135,0.,0.,0.;                1481P   1064
126,2,2,0,0,0,0,0.,0.,0.,1.57079632679488,1.57079632679488,         1483P   1065
1.57079632679488,1.,0.707106781186553,1.,-37.925,118.,-26.575,      1483P   1066
-42.925,118.,-26.575,-42.925,118.,-21.575,0.,1.57079632679488,      1483P   1067
0.,0.,0.;                                                           1483P   1068
126,1,1,0,0,1,0,0.02135,0.02135,0.0645,0.0645,1.,1.,-42.925,        1485P   1069
118.,21.575,-42.925,118.,-21.575,0.02135,0.0645,0.,0.,0.;           1485P   1070
126,2,2,0,0,0,0,1.5707963267949,1.5707963267949,1.5707963267949,    1487P   1071
3.14159265358979,3.14159265358979,3.14159265358979,1.,              1487P   1072
0.707106781186543,1.,-42.925,118.,21.575,-42.925,118.,26.575,       1487P   1073
-37.925,118.,26.575,1.5707963267949,3.14159265358979,0.,0.,0.;      1487P   1074
126,1,1,0,0,1,0,0.005,0.005,0.01135,0.01135,1.,1.,-37.925,118.,     1489P   1075
26.575,-31.575,118.,26.575,0.005,0.01135,0.,0.,0.;                  1489P   1076
126,2,2,0,0,0,0,0.,0.,0.,1.5707963267949,1.5707963267949,           1491P   1077
1.5707963267949,1.,0.70710678118655,1.,-31.575,118.,26.575,         1491P   1078
-26.575,118.,26.575,-26.575,118.,31.575,0.,1.5707963267949,0.,      1491P   1079
0.,0.;                                                              1491P   1080
126,1,1,0,0,1,0,0.005,0.005,0.01135,0.01135,1.,1.,-26.575,118.,     1493P   1081
31.575,-26.575,118.,37.925,0.005,0.01135,0.,0.,0.;                  1493P   1082
126,2,2,0,0,0,0,1.5707963267949,1.5707963267949,1.5707963267949,    1495P   1083
3.14159265358979,3.14159265358979,3.14159265358979,1.,              1495P   1084
0.707106781186545,1.,-26.575,118.,37.925,-26.575,118.,42.925,       1495P   1085
-21.575,118.,42.925,1.5707963267949,3.14159265358979,0.,0.,0.;      1495P   1086
126,1,1,0,0,1,0,0.02135,0.02135,0.0645,0.0645,1.,1.,21.575,118.,    1497P   1087
42.925,-21.575,118.,42.925,0.02135,0.0645,0.,0.,0.;                 1497P   1088
126,2,2,0,0,0,0,-3.14159265358979,-3.14159265358979,                1499P   1089
-3.14159265358979,-1.5707963267949,-1.5707963267949,                1499P   1090
-1.5707963267949,1.,0.707106781186545,1.,21.575,118.,42.925,        1499P   1091
26.575,118.,42.925,26.575,118.,37.925,-3.14159265358979,            1499P   1092
-1.5707963267949,0.,0.,0.;                                          1499P   1093
126,1,1,0,0,1,0,-0.01135,-0.01135,-0.005,-0.005,1.,1.,26.575,       1501P   1094
118.,37.925,26.575,118.,31.575,-0.01135,-0.005,0.,0.,0.;            1501P   1095
126,2,2,0,0,0,0,-1.57079632679489,-1.57079632679489,                1503P   1096
-1.57079632679489,0.,0.,0.,1.,0.707106781186553,1.,26.575,118.,     1503P   1097
31.575,26.575,118.,26.575,31.575,118.,26.575,-1.57079632679489,     1503P   1098
0.,0.,0.,0.;                                                        1503P   1099
126,1,1,0,0,1,0,-0.01135,-0.01135,-0.005,-0.005,1.,1.,31.575,       1505P   1100
118.,26.575,37.925,118.,26.575,-0.01135,-0.005,0.,0.,0.;            1505P   1101
126,2,2,0,0,0,0,-3.14159265358979,-3.14159265358979,                1507P   1102
-3.14159265358979,-1.5707963267949,-1.5707963267949,                1507P   1103
-1.5707963267949,1.,0.707106781186543,1.,37.925,118.,26.575,        1507P   1104
42.925,118.,26.575,42.925,118.,21.575,-3.14159265358979,            1507P   1105
-1.5707963267949,0.,0.,0.;                                          1507P   1106
126,1,1,0,0,1,0,0.02135,0.02135,0.0645,0.0645,1.,1.,42.925,118.,    1509P   1107
-21.575,42.925,118.,21.575,0.02135,0.0645,0.,0.,0.;                 1509P   1108
126,2,2,0,0,0,0,-1.5707963267949,-1.5707963267949,                  1511P   1109
-1.5707963267949,0.,0.,0.,1.,0.707106781186545,1.,42.925,118.,      1511P   1110
-21.575,42.925,118.,-26.575,37.925,118.,-26.575,                    1511P   1111
-1.5707963267949,0.,0.,0.,0.;                                       1511P   1112
126,1,1,0,0,1,0,0.005,0.005,0.01135,0.01135,1.,1.,37.925,118.,      1513P   1113
-26.575,31.575,118.,-26.575,0.005,0.01135,0.,0.,0.;                 1513P   1114
126,2,2,0,0,0,0,-3.14159265358979,-3.14159265358979,                1515P   1115
-3.14159265358979,-1.5707963267949,-1.5707963267949,                1515P   1116
-1.5707963267949,1.,0.70710678118655,1.,31.575,118.,-26.575,        1515P   1117
26.575,118.,-26.575,26.575,118.,-31.575,-3.14159265358979,          1515P   1118
-1.5707963267949,0.,0.,0.;                                          1515P   1119
126,1,1,0,0,1,0,0.005,0.005,0.01135,0.01135,1.,1.,26.575,118.,      1517P   1120
-31.575,26.575,118.,-37.925,0.005,0.01135,0.,0.,0.;                 1517P   1121
126,2,2,0,0,0,0,-1.5707963267949,-1.5707963267949,                  1519P   1122
-1.5707963267949,0.,0.,0.,1.,0.707106781186545,1.,26.575,118.,      1519P   1123
-37.925,26.575,118.,-42.925,21.575,118.,-42.925,                    1519P   1124
-1.5707963267949,0.,0.,0.,0.;                                       1519P   1125
126,1,1,0,0,1,0,0.02135,0.02135,0.0645,0.0645,1.,1.,-21.575,        1521P   1126
118.,-42.925,21.575,118.,-42.925,0.02135,0.0645,0.,0.,0.;           1521P   1127
126,2,2,0,0,0,0,0.,0.,0.,1.57079632679488,1.57079632679488,         1523P   1128
1.57079632679488,1.,0.707106781186556,1.,-21.575,118.,-42.925,      1523P   1129
-26.575,118.,-42.925,-26.575,118.,-37.925,0.,1.57079632679488,      1523P   1130
0.,0.,0.;                                                           1523P   1131
126,1,1,0,0,1,0,0.005,0.005,0.01135,0.01135,1.,1.,-26.575,118.,     1525P   1132
-37.925,-26.575,118.,-31.575,0.005,0.01135,0.,0.,0.;                1525P   1133
126,2,2,0,0,0,0,1.5707963267949,1.5707963267949,1.5707963267949,    1527P   1134
3.14159265358979,3.14159265358979,3.14159265358979,1.,              1527P   1135
0.70710678118655,1.,-26.575,118.,-31.575,-26.575,118.,-26.575,      1527P   1136
-31.575,118.,-26.575,1.5707963267949,3.14159265358979,0.,0.,0.;     1527P   1137
126,1,1,0,0,1,0,0.005,0.005,0.02135,0.02135,1.,1.,42.925,8.,        1529P   1138
-37.925,42.925,8.,-21.575,0.005,0.02135,0.,0.,0.;                   1529P   1139
126,1,1,0,0,1,0,-0.11,-0.11,0.,0.,1.,1.,42.925,8.00000000000001,    1531P   1140
-21.575,42.925,118.,-21.575,-0.11,0.,0.,0.,0.;                      1531P   1141
126,1,1,0,0,1,0,0.,0.,0.11,0.11,1.,1.,42.925,118.,21.575,42.925,    1533P   1142
8.00000000000001,21.575,0.,0.11,0.,0.,0.;                           1533P   1143
126,1,1,0,0,1,0,-0.02135,-0.02135,-0.005,-0.005,1.,1.,              1535P   1144
42.9249999999999,8.,21.575,42.925,8.,37.925,-0.02135,-0.005,0.,     1535P   1145
0.,0.;                                                              1535P   1146
126,1,1,0,0,1,0,0.11,0.11,0.118,0.118,1.,1.,42.925,                 1537P   1147
8.00000000000001,37.925,42.925,0.,37.925,0.11,0.118,0.,0.,0.;       1537P   1148
126,1,1,0,0,1,0,0.005,0.005,0.08085,0.08085,1.,1.,42.925,0.,        1539P   1149
-37.925,42.925,0.,37.925,0.005,0.08085,0.,0.,0.;                    1539P   1150
126,1,1,0,0,1,0,-0.118,-0.118,-0.11,-0.11,1.,1.,42.925,0.,          1541P   1151
-37.925,42.925,8.00000000000001,-37.925,-0.118,-0.11,0.,0.,0.;      1541P   1152
126,1,1,0,0,1,0,0.,0.,0.11,0.11,1.,1.,-21.575,118.,42.925,          1543P   1153
-21.575,8.00000000000001,42.925,0.,0.11,0.,0.,0.;                   1543P   1154
126,1,1,0,0,1,0,-0.005,-0.005,0.01135,0.01135,1.,1.,-21.575,8.,     1545P   1155
42.925,-37.925,8.,42.925,-0.005,0.01135,0.,0.,0.;                   1545P   1156
126,1,1,0,0,1,0,0.11,0.11,0.118,0.118,1.,1.,-37.925,                1547P   1157
8.00000000000001,42.925,-37.925,0.,42.925,0.11,0.118,0.,0.,0.;      1547P   1158
126,1,1,0,0,1,0,0.005,0.005,0.08085,0.08085,1.,1.,37.925,0.,        1549P   1159
42.925,-37.925,0.,42.925,0.005,0.08085,0.,0.,0.;                    1549P   1160
126,1,1,0,0,1,0,-0.118,-0.118,-0.11,-0.11,1.,1.,37.925,0.,          1551P   1161
42.925,37.925,8.00000000000001,42.925,-0.118,-0.11,0.,0.,0.;        1551P   1162
126,1,1,0,0,1,0,-0.01135,-0.01135,0.005,0.005,1.,1.,37.925,8.,      1553P   1163
42.925,21.575,8.,42.925,-0.01135,0.005,0.,0.,0.;                    1553P   1164
126,1,1,0,0,1,0,-0.11,-0.11,0.,0.,1.,1.,21.575,8.00000000000001,    1555P   1165
42.925,21.575,118.,42.925,-0.11,0.,0.,0.,0.;                        1555P   1166
126,1,1,0,0,1,0,0.005,0.005,0.02135,0.02135,1.,1.,-37.925,8.,       1557P   1167
-42.925,-21.575,8.,-42.925,0.005,0.02135,0.,0.,0.;                  1557P   1168
126,1,1,0,0,1,0,-0.11,-0.11,0.,0.,1.,1.,-21.575,                    1559P   1169
8.00000000000001,-42.925,-21.575,118.,-42.925,-0.11,0.,0.,0.,0.;    1559P   1170
126,1,1,0,0,1,0,0.,0.,0.11,0.11,1.,1.,21.575,118.,-42.925,          1561P   1171
21.575,8.00000000000001,-42.925,0.,0.11,0.,0.,0.;                   1561P   1172
126,1,1,0,0,1,0,-0.005,-0.005,0.01135,0.01135,1.,1.,21.575,8.,      1563P   1173
-42.925,37.925,8.,-42.925,-0.005,0.01135,0.,0.,0.;                  1563P   1174
126,1,1,0,0,1,0,0.11,0.11,0.118,0.118,1.,1.,37.925,                 1565P   1175
8.00000000000001,-42.925,37.925,0.,-42.925,0.11,0.118,0.,0.,0.;     1565P   1176
126,1,1,0,0,1,0,0.005,0.005,0.08085,0.08085,1.,1.,-37.925,0.,       1567P   1177
-42.925,37.925,0.,-42.925,0.005,0.08085,0.,0.,0.;                   1567P   1178
126,1,1,0,0,1,0,-0.118,-0.118,-0.11,-0.11,1.,1.,-37.925,0.,         1569P   1179
-42.925,-37.925,8.00000000000001,-42.925,-0.118,-0.11,0.,0.,0.;     1569P   1180
126,1,1,0,0,1,0,0.,0.,0.11,0.11,1.,1.,-42.925,118.,-21.575,         1571P   1181
-42.925,8.00000000000001,-21.575,0.,0.11,0.,0.,0.;                  1571P   1182
126,1,1,0,0,1,0,-0.005,-0.005,0.01135,0.01135,1.,1.,-42.925,8.,     1573P   1183
-21.575,-42.925,8.,-37.925,-0.005,0.01135,0.,0.,0.;                 1573P   1184
126,1,1,0,0,1,0,0.11,0.11,0.118,0.118,1.,1.,-42.925,                1575P   1185
8.00000000000001,-37.925,-42.925,0.,-37.925,0.11,0.118,0.,0.,0.;    1575P   1186
126,1,1,0,0,1,0,0.005,0.005,0.08085,0.08085,1.,1.,-42.925,0.,       1577P   1187
37.925,-42.925,0.,-37.925,0.005,0.08085,0.,0.,0.;                   1577P   1188
126,1,1,0,0,1,0,-0.118,-0.118,-0.11,-0.11,1.,1.,-42.925,0.,         1579P   1189
37.925,-42.925,8.00000000000001,37.925,-0.118,-0.11,0.,0.,0.;       1579P   1190
126,1,1,0,0,1,0,0.005,0.005,0.02135,0.02135,1.,1.,-42.925,8.,       1581P   1191
37.925,-42.925,8.,21.575,0.005,0.02135,0.,0.,0.;                    1581P   1192
126,1,1,0,0,1,0,-0.11,-0.11,0.,0.,1.,1.,-42.925,                    1583P   1193
8.00000000000001,21.575,-42.925,118.,21.575,-0.11,0.,0.,0.,0.;      1583P   1194
126,4,2,0,0,0,0,0.489957326253728,0.489957326253728,                1585P   1195
0.489957326253728,2.06075365304863,2.06075365304863,                1585P   1196
3.63154997984352,3.63154997984352,3.63154997984352,1.,              1585P   1197
0.707106781186547,1.,0.707106781186548,1.,2.05174737135472D-15,     1585P   1198
0.,36.5,36.5,0.,36.5,36.5,0.,6.66133814775094D-15,36.5,0.,-36.5,    1585P   1199
6.49263946985535D-15,0.,-36.5,0.489957326253728,                    1585P   1200
3.63154997984352,0.,0.,0.;                                          1585P   1201
126,4,2,0,0,0,0,3.63154997984352,3.63154997984352,                  1587P   1202
3.63154997984352,5.20234630663842,5.20234630663842,                 1587P   1203
6.77314263343331,6.77314263343331,6.77314263343331,1.,              1587P   1204
0.707106781186547,1.,0.707106781186548,1.,6.49263946985535D-15,     1587P   1205
0.,-36.5,-36.5,0.,-36.5,-36.5,0.,-1.55431223447522D-14,-36.5,0.,    1587P   1206
36.5,-4.60959077639622D-15,0.,36.5,3.63154997984352,                1587P   1207
6.77314263343331,0.,0.,0.;                                          1587P   1208
126,1,1,0,0,1,0,-0.0416438356164384,-0.0416438356164384,            1589P   1209
1.53316183822799D-17,1.53316183822799D-17,1.,1.,0.,0.,-36.5,0.,     1589P   1210
-1.52,-36.5,-0.0416438356164384,1.53316183822799D-17,0.,0.,0.;      1589P   1211
126,4,2,0,0,0,0,3.63154997984352,3.63154997984352,                  1591P   1212
3.63154997984352,5.20234630663842,5.20234630663842,                 1591P   1213
6.77314263343331,6.77314263343331,6.77314263343331,1.,              1591P   1214
0.707106781186547,1.,0.707106781186548,1.,6.49263946985535D-15,     1591P   1215
-1.52,-36.5,-36.5,-1.52,-36.5,-36.5,-1.52,-1.55431223447522D-14,    1591P   1216
-36.5,-1.52,36.5,-4.60959077639622D-15,-1.52,36.5,                  1591P   1217
3.63154997984352,6.77314263343331,0.,0.,0.;                         1591P   1218
126,4,2,0,0,0,0,0.489957326253728,0.489957326253728,                1593P   1219
0.489957326253728,2.06075365304863,2.06075365304863,                1593P   1220
3.63154997984352,3.63154997984352,3.63154997984352,1.,              1593P   1221
0.707106781186547,1.,0.707106781186548,1.,2.05174737135472D-15,     1593P   1222
-1.52,36.5,36.5,-1.52,36.5,36.5,-1.52,6.66133814775094D-15,36.5,    1593P   1223
-1.52,-36.5,6.49263946985535D-15,-1.52,-36.5,0.489957326253728,     1593P   1224
3.63154997984352,0.,0.,0.;                                          1593P   1225
126,2,2,0,0,0,0,-1.57079632679487,-1.57079632679487,                1595P   1226
-1.57079632679487,0.,0.,0.,1.,0.707106781186558,1.,-42.925,0.,      1595P   1227
-37.925,-42.9249999999999,0.,-42.9249999999999,-37.925,0.,          1595P   1228
-42.925,-1.57079632679487,0.,0.,0.,0.;                              1595P   1229
126,2,2,0,0,0,0,0.,0.,0.,1.5707963267949,1.5707963267949,           1597P   1230
1.5707963267949,1.,0.707106781186541,1.,37.925,0.,-42.925,          1597P   1231
42.925,0.,-42.925,42.925,0.,-37.925,0.,1.5707963267949,0.,0.,0.;    1597P   1232
126,2,2,0,0,0,0,1.5707963267949,1.5707963267949,1.5707963267949,    1599P   1233
3.14159265358979,3.14159265358979,3.14159265358979,1.,              1599P   1234
0.707106781186541,1.,42.925,0.,37.925,42.925,0.,42.925,37.925,      1599P   1235
0.,42.925,1.5707963267949,3.14159265358979,0.,0.,0.;                1599P   1236
126,2,2,0,0,0,0,-3.14159265358979,-3.14159265358979,                1601P   1237
-3.14159265358979,-1.5707963267949,-1.5707963267949,                1601P   1238
-1.5707963267949,1.,0.707106781186541,1.,-37.925,0.,42.925,         1601P   1239
-42.925,0.,42.925,-42.925,0.,37.925,-3.14159265358979,              1601P   1240
-1.5707963267949,0.,0.,0.;                                          1601P   1241
126,6,2,0,0,0,0,0.489957326253732,0.489957326253732,                1603P   1242
0.489957326253732,2.06075365304863,2.06075365304863,                1603P   1243
3.63154997984352,3.63154997984352,5.20234630663841,                 1603P   1244
5.20234630663841,5.20234630663841,1.,0.707106781186549,1.,          1603P   1245
0.707106781186549,1.,0.707106781186549,1.,32.,0.,-34.75,32.,0.,     1603P   1246
-37.5,34.75,0.,-37.5,37.5,0.,-37.5,37.5,0.,-34.75,37.5,0.,-32.,     1603P   1247
34.75,0.,-32.,0.489957326253732,5.20234630663841,0.,0.,0.;          1603P   1248
126,2,2,0,0,0,0,5.20234630663841,5.20234630663841,                  1605P   1249
5.20234630663841,6.77314263343332,6.77314263343332,                 1605P   1250
6.77314263343332,1.,0.707106781186545,1.,34.75,0.,-32.,32.,0.,      1605P   1251
-32.,32.,0.,-34.75,5.20234630663841,6.77314263343332,0.,0.,0.;      1605P   1252
126,6,2,0,0,0,0,0.489957326253734,0.489957326253734,                1607P   1253
0.489957326253734,2.06075365304863,2.06075365304863,                1607P   1254
3.63154997984353,3.63154997984353,5.20234630663843,                 1607P   1255
5.20234630663843,5.20234630663843,1.,0.707106781186545,1.,          1607P   1256
0.707106781186545,1.,0.707106781186545,1.,-37.5,0.,-34.75,-37.5,    1607P   1257
0.,-37.5,-34.75,0.,-37.5,-32.,0.,-37.5,-32.,0.,-34.75,-32.,0.,      1607P   1258
-32.,-34.75,0.,-32.,0.489957326253734,5.20234630663843,0.,0.,0.;    1607P   1259
126,2,2,0,0,0,0,5.20234630663843,5.20234630663843,                  1609P   1260
5.20234630663843,6.77314263343332,6.77314263343332,                 1609P   1261
6.77314263343332,1.,0.707106781186546,1.,-34.75,0.,-32.,-37.5,      1609P   1262
0.,-32.,-37.5,0.,-34.75,5.20234630663843,6.77314263343332,0.,0.,    1609P   1263
0.;                                                                 1609P   1264
126,6,2,0,0,0,0,0.48995732625373,0.48995732625373,                  1611P   1265
0.48995732625373,2.06075365304863,2.06075365304863,                 1611P   1266
3.63154997984353,3.63154997984353,5.20234630663842,                 1611P   1267
5.20234630663842,5.20234630663842,1.,0.707106781186547,1.,          1611P   1268
0.707106781186547,1.,0.707106781186542,1.,-37.5,0.,34.75,-37.5,     1611P   1269
0.,32.,-34.75,0.,32.,-32.,0.,32.,-32.,0.,34.75,-32.,0.,37.5,        1611P   1270
-34.75,0.,37.5,0.48995732625373,5.20234630663842,0.,0.,0.;          1611P   1271
126,2,2,0,0,0,0,5.20234630663842,5.20234630663842,                  1613P   1272
5.20234630663842,6.77314263343332,6.77314263343332,                 1613P   1273
6.77314263343332,1.,0.707106781186549,1.,-34.75,0.,37.5,-37.5,      1613P   1274
0.,37.5,-37.5,0.,34.75,5.20234630663842,6.77314263343332,0.,0.,     1613P   1275
0.;                                                                 1613P   1276
126,6,2,0,0,0,0,0.489957326253728,0.489957326253728,                1615P   1277
0.489957326253728,2.06075365304862,2.06075365304862,                1615P   1278
3.63154997984352,3.63154997984352,5.20234630663841,                 1615P   1279
5.20234630663841,5.20234630663841,1.,0.707106781186551,1.,          1615P   1280
0.707106781186546,1.,0.707106781186551,1.,32.,0.,34.75,32.,0.,      1615P   1281
32.,34.75,0.,32.,37.5,0.,32.,37.5,0.,34.75,37.5,0.,37.5,34.75,      1615P   1282
0.,37.5,0.489957326253728,5.20234630663841,0.,0.,0.;                1615P   1283
126,2,2,0,0,0,0,5.20234630663841,5.20234630663841,                  1617P   1284
5.20234630663841,6.77314263343331,6.77314263343331,                 1617P   1285
6.77314263343331,1.,0.707106781186544,1.,34.75,0.,37.5,32.,0.,      1617P   1286
37.5,32.,0.,34.75,5.20234630663841,6.77314263343331,0.,0.,0.;       1617P   1287
126,2,2,0,0,0,0,0.,0.,0.,1.57079632679487,1.57079632679487,         1619P   1288
1.57079632679487,1.,0.707106781186558,1.,-37.925,8.,-42.925,        1619P   1289
-42.9249999999999,8.,-42.9249999999999,-42.925,8.,-37.925,0.,       1619P   1290
1.57079632679487,0.,0.,0.;                                          1619P   1291
126,2,2,0,0,0,0,-1.5707963267949,-1.5707963267949,                  1621P   1292
-1.5707963267949,0.,0.,0.,1.,0.707106781186541,1.,42.925,8.,        1621P   1293
-37.925,42.925,8.,-42.925,37.925,8.,-42.925,-1.5707963267949,0.,    1621P   1294
0.,0.,0.;                                                           1621P   1295
126,2,2,0,0,0,0,-3.14159265358979,-3.14159265358979,                1623P   1296
-3.14159265358979,-1.5707963267949,-1.5707963267949,                1623P   1297
-1.5707963267949,1.,0.707106781186541,1.,37.925,8.,42.925,          1623P   1298
42.925,8.,42.925,42.925,8.,37.925,-3.14159265358979,                1623P   1299
-1.5707963267949,0.,0.,0.;                                          1623P   1300
126,2,2,0,0,0,0,1.5707963267949,1.5707963267949,1.5707963267949,    1625P   1301
3.14159265358979,3.14159265358979,3.14159265358979,1.,              1625P   1302
0.707106781186541,1.,-42.925,8.,37.925,-42.925,8.,42.925,           1625P   1303
-37.925,8.,42.925,1.5707963267949,3.14159265358979,0.,0.,0.;        1625P   1304
126,2,2,0,0,0,0,-6.77314263343331,-6.77314263343331,                1627P   1305
-6.77314263343331,-5.20234630663841,-5.20234630663841,              1627P   1306
-5.20234630663841,1.,0.707106781186544,1.,32.,7.9999999999814,      1627P   1307
34.75,32.,7.9999999999814,37.5,34.75,7.9999999999814,37.5,          1627P   1308
-6.77314263343331,-5.20234630663841,0.,0.,0.;                       1627P   1309
126,1,1,0,0,1,0,125964.422368646,125964.422368646,                  1629P   1310
125967.331459555,125967.331459555,1.,1.,34.75,7.99999999995634,     1629P   1311
37.5,34.75,0.,37.5,125964.422368646,125967.331459555,0.,0.,0.;      1629P   1312
126,6,2,0,0,0,0,-5.20234630663841,-5.20234630663841,                1631P   1313
-5.20234630663841,-3.63154997984352,-3.63154997984352,              1631P   1314
-2.06075365304862,-2.06075365304862,-0.489957326253728,             1631P   1315
-0.489957326253728,-0.489957326253728,1.,0.707106781186551,1.,      1631P   1316
0.707106781186546,1.,0.707106781186551,1.,34.75,7.9999999999814,    1631P   1317
37.5,37.5,7.9999999999814,37.5,37.5,7.9999999999814,34.75,37.5,     1631P   1318
7.9999999999814,32.,34.75,7.9999999999814,32.,32.,                  1631P   1319
7.9999999999814,32.,32.,7.9999999999814,34.75,-5.20234630663841,    1631P   1320
-0.489957326253728,0.,0.,0.;                                        1631P   1321
126,2,2,0,0,0,0,-6.77314263343332,-6.77314263343332,                1633P   1322
-6.77314263343332,-5.20234630663842,-5.20234630663842,              1633P   1323
-5.20234630663842,1.,0.707106781186549,1.,-37.5,7.9999999999814,    1633P   1324
34.75,-37.5,7.9999999999814,37.5,-34.75,7.9999999999814,37.5,       1633P   1325
-6.77314263343332,-5.20234630663842,0.,0.,0.;                       1633P   1326
126,1,1,0,0,1,0,125964.422368646,125964.422368646,                  1635P   1327
125967.331459555,125967.331459555,1.,1.,-34.75,7.99999999995634,    1635P   1328
37.5,-34.75,0.,37.5,125964.422368646,125967.331459555,0.,0.,0.;     1635P   1329
126,6,2,0,0,0,0,-5.20234630663842,-5.20234630663842,                1637P   1330
-5.20234630663842,-3.63154997984353,-3.63154997984353,              1637P   1331
-2.06075365304863,-2.06075365304863,-0.48995732625373,              1637P   1332
-0.48995732625373,-0.48995732625373,1.,0.707106781186542,1.,        1637P   1333
0.707106781186547,1.,0.707106781186547,1.,-34.75,                   1637P   1334
7.9999999999814,37.5,-32.,7.9999999999814,37.5,-32.,                1637P   1335
7.9999999999814,34.75,-32.,7.9999999999814,32.,-34.75,              1637P   1336
7.9999999999814,32.,-37.5,7.9999999999814,32.,-37.5,                1637P   1337
7.9999999999814,34.75,-5.20234630663842,-0.48995732625373,0.,0.,    1637P   1338
0.;                                                                 1637P   1339
126,2,2,0,0,0,0,-6.77314263343332,-6.77314263343332,                1639P   1340
-6.77314263343332,-5.20234630663843,-5.20234630663843,              1639P   1341
-5.20234630663843,1.,0.707106781186546,1.,-37.5,7.9999999999814,    1639P   1342
-34.75,-37.5,7.9999999999814,-32.,-34.75,7.9999999999814,-32.,      1639P   1343
-6.77314263343332,-5.20234630663843,0.,0.,0.;                       1639P   1344
126,1,1,0,0,1,0,125964.422368646,125964.422368646,                  1641P   1345
125967.331459555,125967.331459555,1.,1.,-34.75,7.99999999995634,    1641P   1346
-32.,-34.75,0.,-32.,125964.422368646,125967.331459555,0.,0.,0.;     1641P   1347
126,6,2,0,0,0,0,-5.20234630663843,-5.20234630663843,                1643P   1348
-5.20234630663843,-3.63154997984353,-3.63154997984353,              1643P   1349
-2.06075365304863,-2.06075365304863,-0.489957326253734,             1643P   1350
-0.489957326253734,-0.489957326253734,1.,0.707106781186545,1.,      1643P   1351
0.707106781186545,1.,0.707106781186545,1.,-34.75,                   1643P   1352
7.9999999999814,-32.,-32.,7.9999999999814,-32.,-32.,                1643P   1353
7.9999999999814,-34.75,-32.,7.9999999999814,-37.5,-34.75,           1643P   1354
7.9999999999814,-37.5,-37.5,7.9999999999814,-37.5,-37.5,            1643P   1355
7.9999999999814,-34.75,-5.20234630663843,-0.489957326253734,0.,     1643P   1356
0.,0.;                                                              1643P   1357
126,2,2,0,0,0,0,-6.77314263343332,-6.77314263343332,                1645P   1358
-6.77314263343332,-5.20234630663841,-5.20234630663841,              1645P   1359
-5.20234630663841,1.,0.707106781186545,1.,32.,7.9999999999814,      1645P   1360
-34.75,32.,7.9999999999814,-32.,34.75,7.9999999999814,-32.,         1645P   1361
-6.77314263343332,-5.20234630663841,0.,0.,0.;                       1645P   1362
126,1,1,0,0,1,0,125964.422368646,125964.422368646,                  1647P   1363
125967.331459555,125967.331459555,1.,1.,34.75,7.99999999995634,     1647P   1364
-32.,34.75,0.,-32.,125964.422368646,125967.331459555,0.,0.,0.;      1647P   1365
126,6,2,0,0,0,0,-5.20234630663841,-5.20234630663841,                1649P   1366
-5.20234630663841,-3.63154997984352,-3.63154997984352,              1649P   1367
-2.06075365304863,-2.06075365304863,-0.489957326253732,             1649P   1368
-0.489957326253732,-0.489957326253732,1.,0.707106781186549,1.,      1649P   1369
0.707106781186549,1.,0.707106781186549,1.,34.75,7.9999999999814,    1649P   1370
-32.,37.5,7.9999999999814,-32.,37.5,7.9999999999814,-34.75,37.5,    1649P   1371
7.9999999999814,-37.5,34.75,7.9999999999814,-37.5,32.,              1649P   1372
7.9999999999814,-37.5,32.,7.9999999999814,-34.75,                   1649P   1373
-5.20234630663841,-0.489957326253732,0.,0.,0.;                      1649P   1374
126,1,1,0,0,1,0,0.005,0.005,0.01135,0.01135,1.,1.,-26.575,8.,       1651P   1375
31.575,-26.575,8.,37.925,0.005,0.01135,0.,0.,0.;                    1651P   1376
126,2,2,0,0,0,0,-1.5707963267949,-1.5707963267949,                  1653P   1377
-1.5707963267949,0.,0.,0.,1.,0.70710678118655,1.,-26.575,8.,        1653P   1378
31.575,-26.575,8.,26.575,-31.575,8.,26.575,-1.5707963267949,0.,     1653P   1379
0.,0.,0.;                                                           1653P   1380
126,1,1,0,0,1,0,0.005,0.005,0.01135,0.01135,1.,1.,-37.925,8.,       1655P   1381
26.575,-31.575,8.,26.575,0.005,0.01135,0.,0.,0.;                    1655P   1382
126,2,2,0,0,0,0,-3.14159265358979,-3.14159265358979,                1657P   1383
-3.14159265358979,-1.5707963267949,-1.5707963267949,                1657P   1384
-1.5707963267949,1.,0.707106781186543,1.,-37.925,8.,26.575,         1657P   1385
-42.925,8.,26.575,-42.925,8.,21.575,-3.14159265358979,              1657P   1386
-1.5707963267949,0.,0.,0.;                                          1657P   1387
126,2,2,0,0,0,0,-3.14159265358979,-3.14159265358979,                1659P   1388
-3.14159265358979,-1.5707963267949,-1.5707963267949,                1659P   1389
-1.5707963267949,1.,0.707106781186545,1.,-21.575,8.,42.925,         1659P   1390
-26.575,8.,42.925,-26.575,8.,37.925,-3.14159265358979,              1659P   1391
-1.5707963267949,0.,0.,0.;                                          1659P   1392
126,1,1,0,0,1,0,-0.11,-0.11,0.,0.,1.,1.,-37.925,118.,26.575,        1661P   1393
-37.925,8.,26.575,-0.11,0.,0.,0.,0.;                                1661P   1394
126,1,1,0,0,1,0,-0.11,-0.11,0.,0.,1.,1.,-31.575,                    1663P   1395
8.00000000000001,26.575,-31.575,118.,26.575,-0.11,0.,0.,0.,0.;      1663P   1396
126,1,1,0,0,1,0,0.,0.,0.11,0.11,1.,1.,-26.575,8.,37.925,-26.575,    1665P   1397
118.,37.925,0.,0.11,0.,0.,0.;                                       1665P   1398
126,1,1,0,0,1,0,-0.11,-0.11,0.,0.,1.,1.,-26.575,118.,31.575,        1667P   1399
-26.575,8.,31.575,-0.11,0.,0.,0.,0.;                                1667P   1400
126,1,1,0,0,1,0,0.005,0.005,0.01135,0.01135,1.,1.,-31.575,8.,       1669P   1401
-26.575,-37.925,8.,-26.575,0.005,0.01135,0.,0.,0.;                  1669P   1402
126,2,2,0,0,0,0,-3.14159265358979,-3.14159265358979,                1671P   1403
-3.14159265358979,-1.5707963267949,-1.5707963267949,                1671P   1404
-1.5707963267949,1.,0.70710678118655,1.,-31.575,8.,-26.575,         1671P   1405
-26.575,8.,-26.575,-26.575,8.,-31.575,-3.14159265358979,            1671P   1406
-1.5707963267949,0.,0.,0.;                                          1671P   1407
126,1,1,0,0,1,0,0.005,0.005,0.01135,0.01135,1.,1.,-26.575,8.,       1673P   1408
-37.925,-26.575,8.,-31.575,0.005,0.01135,0.,0.,0.;                  1673P   1409
126,2,2,0,0,0,0,-1.57079632679488,-1.57079632679488,                1675P   1410
-1.57079632679488,0.,0.,0.,1.,0.707106781186556,1.,-26.575,8.,      1675P   1411
-37.925,-26.575,8.,-42.925,-21.575,8.,-42.925,-1.57079632679488,    1675P   1412
0.,0.,0.,0.;                                                        1675P   1413
126,2,2,0,0,0,0,-1.57079632679488,-1.57079632679488,                1677P   1414
-1.57079632679488,0.,0.,0.,1.,0.707106781186553,1.,-42.925,8.,      1677P   1415
-21.575,-42.925,8.,-26.575,-37.925,8.,-26.575,-1.57079632679488,    1677P   1416
0.,0.,0.,0.;                                                        1677P   1417
126,1,1,0,0,1,0,0.,0.,0.11,0.11,1.,1.,-37.925,8.,-26.575,           1679P   1418
-37.925,118.,-26.575,0.,0.11,0.,0.,0.;                              1679P   1419
126,1,1,0,0,1,0,-0.11,-0.11,0.,0.,1.,1.,-31.575,118.,-26.575,       1681P   1420
-31.575,8.,-26.575,-0.11,0.,0.,0.,0.;                               1681P   1421
126,1,1,0,0,1,0,-0.11,-0.11,0.,0.,1.,1.,-26.575,118.,-37.925,       1683P   1422
-26.575,8.,-37.925,-0.11,0.,0.,0.,0.;                               1683P   1423
126,1,1,0,0,1,0,-0.11,-0.11,0.,0.,1.,1.,-26.575,                    1685P   1424
8.00000000000001,-31.575,-26.575,118.,-31.575,-0.11,0.,0.,0.,0.;    1685P   1425
126,1,1,0,0,1,0,0.005,0.005,0.01135,0.01135,1.,1.,26.575,8.,        1687P   1426
-31.575,26.575,8.,-37.925,0.005,0.01135,0.,0.,0.;                   1687P   1427
126,2,2,0,0,0,0,1.5707963267949,1.5707963267949,1.5707963267949,    1689P   1428
3.14159265358979,3.14159265358979,3.14159265358979,1.,              1689P   1429
0.70710678118655,1.,26.575,8.,-31.575,26.575,8.,-26.575,31.575,     1689P   1430
8.,-26.575,1.5707963267949,3.14159265358979,0.,0.,0.;               1689P   1431
126,1,1,0,0,1,0,0.005,0.005,0.01135,0.01135,1.,1.,37.925,8.,        1691P   1432
-26.575,31.575,8.,-26.575,0.005,0.01135,0.,0.,0.;                   1691P   1433
126,2,2,0,0,0,0,0.,0.,0.,1.5707963267949,1.5707963267949,           1693P   1434
1.5707963267949,1.,0.707106781186545,1.,37.925,8.,-26.575,          1693P   1435
42.925,8.,-26.575,42.925,8.,-21.575,0.,1.5707963267949,0.,0.,0.;    1693P   1436
126,2,2,0,0,0,0,0.,0.,0.,1.5707963267949,1.5707963267949,           1695P   1437
1.5707963267949,1.,0.707106781186545,1.,21.575,8.,-42.925,          1695P   1438
26.575,8.,-42.925,26.575,8.,-37.925,0.,1.5707963267949,0.,0.,0.;    1695P   1439
126,1,1,0,0,1,0,-0.11,-0.11,0.,0.,1.,1.,37.925,118.,-26.575,        1697P   1440
37.925,8.,-26.575,-0.11,0.,0.,0.,0.;                                1697P   1441
126,1,1,0,0,1,0,-0.11,-0.11,0.,0.,1.,1.,31.575,8.00000000000001,    1699P   1442
-26.575,31.575,118.,-26.575,-0.11,0.,0.,0.,0.;                      1699P   1443
126,1,1,0,0,1,0,0.,0.,0.11,0.11,1.,1.,26.575,8.,-37.925,26.575,     1701P   1444
118.,-37.925,0.,0.11,0.,0.,0.;                                      1701P   1445
126,1,1,0,0,1,0,-0.11,-0.11,0.,0.,1.,1.,26.575,118.,-31.575,        1703P   1446
26.575,8.,-31.575,-0.11,0.,0.,0.,0.;                                1703P   1447
126,1,1,0,0,1,0,-0.01135,-0.01135,-0.005,-0.005,1.,1.,31.575,8.,    1705P   1448
26.575,37.925,8.,26.575,-0.01135,-0.005,0.,0.,0.;                   1705P   1449
126,2,2,0,0,0,0,0.,0.,0.,1.57079632679489,1.57079632679489,         1707P   1450
1.57079632679489,1.,0.707106781186553,1.,31.575,8.,26.575,          1707P   1451
26.575,8.,26.575,26.575,8.,31.575,0.,1.57079632679489,0.,0.,0.;     1707P   1452
126,1,1,0,0,1,0,-0.01135,-0.01135,-0.005,-0.005,1.,1.,26.575,8.,    1709P   1453
37.925,26.575,8.,31.575,-0.01135,-0.005,0.,0.,0.;                   1709P   1454
126,2,2,0,0,0,0,1.5707963267949,1.5707963267949,1.5707963267949,    1711P   1455
3.14159265358979,3.14159265358979,3.14159265358979,1.,              1711P   1456
0.707106781186545,1.,26.575,8.,37.925,26.575,8.,42.925,21.575,      1711P   1457
8.,42.925,1.5707963267949,3.14159265358979,0.,0.,0.;                1711P   1458
126,2,2,0,0,0,0,1.5707963267949,1.5707963267949,1.5707963267949,    1713P   1459
3.14159265358979,3.14159265358979,3.14159265358979,1.,              1713P   1460
0.707106781186543,1.,42.925,8.,21.575,42.925,8.,26.575,37.925,      1713P   1461
8.,26.575,1.5707963267949,3.14159265358979,0.,0.,0.;                1713P   1462
126,1,1,0,0,1,0,-0.11,-0.11,0.,0.,1.,1.,26.575,118.,37.925,         1715P   1463
26.575,8.,37.925,-0.11,0.,0.,0.,0.;                                 1715P   1464
126,1,1,0,0,1,0,-0.11,-0.11,0.,0.,1.,1.,26.575,8.00000000000001,    1717P   1465
31.575,26.575,118.,31.575,-0.11,0.,0.,0.,0.;                        1717P   1466
126,1,1,0,0,1,0,0.,0.,0.11,0.11,1.,1.,37.925,8.,26.575,37.925,      1719P   1467
118.,26.575,0.,0.11,0.,0.,0.;                                       1719P   1468
126,1,1,0,0,1,0,-0.11,-0.11,0.,0.,1.,1.,31.575,118.,26.575,         1721P   1469
31.575,8.,26.575,-0.11,0.,0.,0.,0.;                                 1721P   1470
126,1,1,0,0,1,0,-0.0068410525505948,-0.0068410525505948,0.,0.,      1723P   1471
1.,1.,3.4205262752974,-6.72,5.35,-3.4205262752974,-6.72,5.35,       1723P   1472
-0.0068410525505948,0.,0.,0.,0.;                                    1723P   1473
126,8,2,0,1,0,0,-3.14159265358979,-3.14159265358979,                1725P   1474
-3.14159265358979,-1.5707963267949,-1.5707963267949,0.,0.,          1725P   1475
1.5707963267949,1.5707963267949,3.14159265358979,                   1725P   1476
3.14159265358979,3.14159265358979,1.,0.707106781186548,1.,          1725P   1477
0.707106781186548,1.,0.707106781186548,1.,0.707106781186548,1.,     1725P   1478
-8.5,-5.85,1.04094977927525D-15,-8.5,-5.85,8.5,                     1725P   1479
5.20474889637625D-16,-5.85,8.5,8.5,-5.85,8.5,8.5,-5.85,0.,8.5,      1725P   1480
-5.85,-8.5,5.20474889637625D-16,-5.85,-8.5,-8.5,-5.85,-8.5,-8.5,    1725P   1481
-5.85,-1.04094977927525D-15,-3.14159265358979,3.14159265358979,     1725P   1482
0.,0.,0.;                                                           1725P   1483
126,1,1,0,0,1,0,0.,0.,2.48823529411765,2.48823529411765,1.,1.,      1727P   1484
-8.5,-5.85,0.,-8.5,15.3,0.,0.,2.48823529411765,0.,0.,0.;            1727P   1485
126,8,2,0,1,0,0,-3.14159265358979,-3.14159265358979,                1729P   1486
-3.14159265358979,-1.5707963267949,-1.5707963267949,0.,0.,          1729P   1487
1.5707963267949,1.5707963267949,3.14159265358979,                   1729P   1488
3.14159265358979,3.14159265358979,1.,0.707106781186548,1.,          1729P   1489
0.707106781186548,1.,0.707106781186548,1.,0.707106781186548,1.,     1729P   1490
-8.5,15.3,-1.04094977927525D-15,-8.5,15.3,-8.5,                     1729P   1491
5.20474889637625D-16,15.3,-8.5,8.5,15.3,-8.5,8.5,15.3,0.,8.5,       1729P   1492
15.3,8.5,5.20474889637625D-16,15.3,8.5,-8.5,15.3,8.5,-8.5,15.3,     1729P   1493
1.04094977927525D-15,-3.14159265358979,3.14159265358979,0.,0.,      1729P   1494
0.;                                                                 1729P   1495
126,8,2,0,1,0,0,-3.14159265358979,-3.14159265358979,                1731P   1496
-3.14159265358979,-1.5707963267949,-1.5707963267949,0.,0.,          1731P   1497
1.5707963267949,1.5707963267949,3.14159265358979,                   1731P   1498
3.14159265358979,3.14159265358979,1.,0.707106781186548,1.,          1731P   1499
0.707106781186548,1.,0.707106781186548,1.,0.707106781186548,1.,     1731P   1500
-32.5,-5.85,-3.9801020972289D-15,-32.5,-5.85,-32.5,                 1731P   1501
1.99005104861445D-15,-5.85,-32.5,32.5,-5.85,-32.5,32.5,-5.85,0.,    1731P   1502
32.5,-5.85,32.5,1.99005104861445D-15,-5.85,32.5,-32.5,-5.85,        1731P   1503
32.5,-32.5,-5.85,3.9801020972289D-15,-3.14159265358979,             1731P   1504
3.14159265358979,0.,0.,0.;                                          1731P   1505
126,1,1,0,0,1,0,-0.18,-0.18,0.,0.,1.,1.,-32.5,-5.85,0.,-32.5,0.,    1733P   1506
0.,-0.18,0.,0.,0.,0.;                                               1733P   1507
126,8,2,0,1,0,0,-3.14159265358979,-3.14159265358979,                1735P   1508
-3.14159265358979,-1.5707963267949,-1.5707963267949,0.,0.,          1735P   1509
1.5707963267949,1.5707963267949,3.14159265358979,                   1735P   1510
3.14159265358979,3.14159265358979,1.,0.707106781186548,1.,          1735P   1511
0.707106781186548,1.,0.707106781186548,1.,0.707106781186548,1.,     1735P   1512
-32.5,0.,3.9801020972289D-15,-32.5,0.,32.5,1.99005104861445D-15,    1735P   1513
0.,32.5,32.5,0.,32.5,32.5,0.,0.,32.5,0.,-32.5,                      1735P   1514
1.99005104861445D-15,0.,-32.5,-32.5,0.,-32.5,-32.5,0.,              1735P   1515
-3.9801020972289D-15,-3.14159265358979,3.14159265358979,0.,0.,      1735P   1516
0.;                                                                 1735P   1517
126,8,2,0,1,0,0,-3.14159265358979,-3.14159265358979,                1737P   1518
-3.14159265358979,-1.5707963267949,-1.5707963267949,0.,0.,          1737P   1519
1.5707963267949,1.5707963267949,3.14159265358979,                   1737P   1520
3.14159265358979,3.14159265358979,1.,0.707106781186548,1.,          1737P   1521
0.707106781186548,1.,0.707106781186548,1.,0.707106781186548,1.,     1737P   1522
-47.3,15.3,5.79257935996698D-15,-47.3,15.3,47.3,                    1737P   1523
2.89628967998349D-15,15.3,47.3,47.3,15.3,47.3,47.3,15.3,0.,47.3,    1737P   1524
15.3,-47.3,2.89628967998349D-15,15.3,-47.3,-47.3,15.3,-47.3,        1737P   1525
-47.3,15.3,-5.79257935996698D-15,-3.14159265358979,                 1737P   1526
3.14159265358979,0.,0.,0.;                                          1737P   1527
126,1,1,0,0,1,0,-0.323467230443975,-0.323467230443975,0.,0.,1.,     1739P   1528
1.,-47.3,15.3,0.,-47.3,0.,0.,-0.323467230443975,0.,0.,0.,0.;        1739P   1529
126,8,2,0,1,0,0,-3.14159265358979,-3.14159265358979,                1741P   1530
-3.14159265358979,-1.5707963267949,-1.5707963267949,0.,0.,          1741P   1531
1.5707963267949,1.5707963267949,3.14159265358979,                   1741P   1532
3.14159265358979,3.14159265358979,1.,0.707106781186548,1.,          1741P   1533
0.707106781186548,1.,0.707106781186548,1.,0.707106781186548,1.,     1741P   1534
-47.3,0.,5.79257935996698D-15,-47.3,0.,47.3,                        1741P   1535
2.89628967998349D-15,0.,47.3,47.3,0.,47.3,47.3,0.,0.,47.3,0.,       1741P   1536
-47.3,2.89628967998349D-15,0.,-47.3,-47.3,0.,-47.3,-47.3,0.,        1741P   1537
-5.79257935996698D-15,-3.14159265358979,3.14159265358979,0.,0.,     1741P   1538
0.;                                                                 1741P   1539
126,8,2,0,1,0,0,-3.14159265358979,-3.14159265358979,                1743P   1540
-3.14159265358979,-1.5707963267949,-1.5707963267949,0.,0.,          1743P   1541
1.5707963267949,1.5707963267949,3.14159265358979,                   1743P   1542
3.14159265358979,3.14159265358979,1.,0.707106781186548,1.,          1743P   1543
0.707106781186548,1.,0.707106781186548,1.,0.707106781186548,1.,     1743P   1544
-6.35,-8.,7.77650717458569D-16,-6.35,-8.,6.35,                      1743P   1545
3.88825358729285D-16,-8.,6.35,6.35,-8.,6.35,6.35,-8.,0.,6.35,       1743P   1546
-8.,-6.35,3.88825358729285D-16,-8.,-6.35,-6.35,-8.,-6.35,-6.35,     1743P   1547
-8.,-7.77650717458569D-16,-3.14159265358979,3.14159265358979,0.,    1743P   1548
0.,0.;                                                              1743P   1549
126,1,1,0,0,1,0,0.,0.,3.30708661417323,3.30708661417323,1.,1.,      1745P   1550
-6.35,-8.,0.,-6.35,13.,0.,0.,3.30708661417323,0.,0.,0.;             1745P   1551
126,8,2,0,1,0,0,-3.14159265358979,-3.14159265358979,                1747P   1552
-3.14159265358979,-1.5707963267949,-1.5707963267949,0.,0.,          1747P   1553
1.5707963267949,1.5707963267949,3.14159265358979,                   1747P   1554
3.14159265358979,3.14159265358979,1.,0.707106781186548,1.,          1747P   1555
0.707106781186548,1.,0.707106781186548,1.,0.707106781186548,1.,     1747P   1556
-6.35,13.,-7.77650717458569D-16,-6.35,13.,-6.35,                    1747P   1557
3.88825358729285D-16,13.,-6.35,6.35,13.,-6.35,6.35,13.,0.,6.35,     1747P   1558
13.,6.35,3.88825358729285D-16,13.,6.35,-6.35,13.,6.35,-6.35,13.,    1747P   1559
7.77650717458569D-16,-3.14159265358979,3.14159265358979,0.,0.,      1747P   1560
0.;                                                                 1747P   1561
126,8,2,0,1,0,0,-3.14159265358979,-3.14159265358979,                1749P   1562
-3.14159265358979,-1.5707963267949,-1.5707963267949,0.,0.,          1749P   1563
1.5707963267949,1.5707963267949,3.14159265358979,                   1749P   1564
3.14159265358979,3.14159265358979,1.,0.707106781186548,1.,          1749P   1565
0.707106781186548,1.,0.707106781186548,1.,0.707106781186548,1.,     1749P   1566
-11.5,-8.,-1.40834381901946D-15,-11.5,-8.,-11.5,                    1749P   1567
7.04171909509728D-16,-8.,-11.5,11.5,-8.,-11.5,11.5,-8.,0.,11.5,     1749P   1568
-8.,11.5,7.04171909509728D-16,-8.,11.5,-11.5,-8.,11.5,-11.5,-8.,    1749P   1569
1.40834381901946D-15,-3.14159265358979,3.14159265358979,0.,0.,      1749P   1570
0.;                                                                 1749P   1571
126,1,1,0,0,1,0,-0.521739130434783,-0.521739130434783,0.,0.,1.,     1751P   1572
1.,-11.5,-8.,0.,-11.5,-2.,0.,-0.521739130434783,0.,0.,0.,0.;        1751P   1573
126,8,2,0,1,0,0,-3.14159265358979,-3.14159265358979,                1753P   1574
-3.14159265358979,-1.5707963267949,-1.5707963267949,0.,0.,          1753P   1575
1.5707963267949,1.5707963267949,3.14159265358979,                   1753P   1576
3.14159265358979,3.14159265358979,1.,0.707106781186548,1.,          1753P   1577
0.707106781186548,1.,0.707106781186548,1.,0.707106781186548,1.,     1753P   1578
-11.5,-2.,1.40834381901946D-15,-11.5,-2.,11.5,                      1753P   1579
7.04171909509728D-16,-2.,11.5,11.5,-2.,11.5,11.5,-2.,0.,11.5,       1753P   1580
-2.,-11.5,7.04171909509728D-16,-2.,-11.5,-11.5,-2.,-11.5,-11.5,     1753P   1581
-2.,-1.40834381901946D-15,-3.14159265358979,3.14159265358979,0.,    1753P   1582
0.,0.;                                                              1753P   1583
126,8,2,0,1,0,0,-3.14159265358979,-3.14159265358979,                1755P   1584
-3.14159265358979,-1.5707963267949,-1.5707963267949,0.,0.,          1755P   1585
1.5707963267949,1.5707963267949,3.14159265358979,                   1755P   1586
3.14159265358979,3.14159265358979,1.,0.707106781186548,1.,          1755P   1587
0.707106781186548,1.,0.707106781186548,1.,0.707106781186548,1.,     1755P   1588
18.,12.638,2.20436423846524D-15,18.,12.638,18.,                     1755P   1589
-1.10218211923262D-15,12.638,18.,-18.,12.638,18.,-18.,12.638,0.,    1755P   1590
-18.,12.638,-18.,-1.10218211923262D-15,12.638,-18.,18.,12.638,      1755P   1591
-18.,18.,12.638,-2.20436423846524D-15,-3.14159265358979,            1755P   1592
3.14159265358979,0.,0.,0.;                                          1755P   1593
126,1,1,0,0,1,0,-0.0837880685843223,-0.0837880685843223,            1757P   1594
0.0837880685843224,0.0837880685843224,1.,1.,18.,12.638,0.,15.7,     1757P   1595
11.,0.,-0.0837880685843223,0.0837880685843224,0.,0.,0.;             1757P   1596
126,8,2,0,1,0,0,-3.14159265358979,-3.14159265358979,                1759P   1597
-3.14159265358979,-1.5707963267949,-1.5707963267949,0.,0.,          1759P   1598
1.5707963267949,1.5707963267949,3.14159265358979,                   1759P   1599
3.14159265358979,3.14159265358979,1.,0.707106781186547,1.,          1759P   1600
0.707106781186548,1.,0.707106781186548,1.,0.707106781186547,1.,     1759P   1601
15.7,11.,-1.92269547466134D-15,15.7,11.,-15.7,                      1759P   1602
-9.61347737330672D-16,11.,-15.7,-15.7,11.,-15.7,-15.7,11.,0.,       1759P   1603
-15.7,11.,15.7,-9.61347737330672D-16,11.,15.7,15.7,11.,15.7,        1759P   1604
15.7,11.,1.92269547466134D-15,-3.14159265358979,                    1759P   1605
3.14159265358979,0.,0.,0.;                                          1759P   1606
126,8,2,0,1,0,0,-3.14159265358979,-3.14159265358979,                1761P   1607
-3.14159265358979,-1.5707963267949,-1.5707963267949,0.,0.,          1761P   1608
1.5707963267949,1.5707963267949,3.14159265358979,                   1761P   1609
3.14159265358979,3.14159265358979,1.,0.707106781186547,1.,          1761P   1610
0.707106781186548,1.,0.707106781186548,1.,0.707106781186547,1.,     1761P   1611
-15.5,11.,1.8982025386784D-15,-15.5,11.,15.5,                       1761P   1612
9.49101269339199D-16,11.,15.5,15.5,11.,15.5,15.5,11.,0.,15.5,       1761P   1613
11.,-15.5,9.49101269339199D-16,11.,-15.5,-15.5,11.,-15.5,-15.5,     1761P   1614
11.,-1.8982025386784D-15,-3.14159265358979,3.14159265358979,0.,     1761P   1615
0.,0.;                                                              1761P   1616
126,8,2,0,1,0,0,-3.14159265358979,-3.14159265358979,                1763P   1617
-3.14159265358979,-1.5707963267949,-1.5707963267949,0.,0.,          1763P   1618
1.5707963267949,1.5707963267949,3.14159265358979,                   1763P   1619
3.14159265358979,3.14159265358979,1.,0.707106781186548,1.,          1763P   1620
0.707106781186548,1.,0.707106781186548,1.,0.707106781186548,1.,     1763P   1621
18.,13.,-2.20436423846524D-15,18.,13.,-18.,                         1763P   1622
-1.10218211923262D-15,13.,-18.,-18.,13.,-18.,-18.,13.,0.,-18.,      1763P   1623
13.,18.,-1.10218211923262D-15,13.,18.,18.,13.,18.,18.,13.,          1763P   1624
2.20436423846524D-15,-3.14159265358979,3.14159265358979,0.,0.,      1763P   1625
0.;                                                                 1763P   1626
126,1,1,0,0,1,0,-0.111111111111111,-0.111111111111111,-0.091,       1765P   1627
-0.091,1.,1.,18.,13.,0.,18.,12.638,0.,-0.111111111111111,-0.091,    1765P   1628
0.,0.,0.;                                                           1765P   1629
126,8,2,0,1,0,0,-3.14159265358979,-3.14159265358979,                1767P   1630
-3.14159265358979,-1.5707963267949,-1.5707963267949,0.,0.,          1767P   1631
1.5707963267949,1.5707963267949,3.14159265358979,                   1767P   1632
3.14159265358979,3.14159265358979,1.,0.707106781186548,1.,          1767P   1633
0.707106781186548,1.,0.707106781186548,1.,0.707106781186548,1.,     1767P   1634
-18.,-1.638,2.20436423846524D-15,-18.,-1.638,18.,                   1767P   1635
1.10218211923262D-15,-1.638,18.,18.,-1.638,18.,18.,-1.638,0.,       1767P   1636
18.,-1.638,-18.,1.10218211923262D-15,-1.638,-18.,-18.,-1.638,       1767P   1637
-18.,-18.,-1.638,-2.20436423846524D-15,-3.14159265358979,           1767P   1638
3.14159265358979,0.,0.,0.;                                          1767P   1639
126,1,1,0,0,1,0,-0.0837880685843223,-0.0837880685843223,            1769P   1640
0.0837880685843223,0.0837880685843223,1.,1.,-18.,-1.638,0.,         1769P   1641
-15.7,1.38777878078145D-16,0.,-0.0837880685843223,                  1769P   1642
0.0837880685843223,0.,0.,0.;                                        1769P   1643
126,8,2,0,1,0,0,-3.14159265358979,-3.14159265358979,                1771P   1644
-3.14159265358979,-1.5707963267949,-1.5707963267949,0.,0.,          1771P   1645
1.5707963267949,1.5707963267949,3.14159265358979,                   1771P   1646
3.14159265358979,3.14159265358979,1.,0.707106781186548,1.,          1771P   1647
0.707106781186548,1.,0.707106781186548,1.,0.707106781186548,1.,     1771P   1648
-15.7,0.,-1.92269547466135D-15,-15.7,0.,-15.7,                      1771P   1649
9.61347737330673D-16,0.,-15.7,15.7,0.,-15.7,15.7,0.,0.,15.7,0.,     1771P   1650
15.7,9.61347737330673D-16,0.,15.7,-15.7,0.,15.7,-15.7,0.,           1771P   1651
1.92269547466135D-15,-3.14159265358979,3.14159265358979,0.,0.,      1771P   1652
0.;                                                                 1771P   1653
126,8,2,0,1,0,0,-3.14159265358979,-3.14159265358979,                1773P   1654
-3.14159265358979,-1.5707963267949,-1.5707963267949,0.,0.,          1773P   1655
1.5707963267949,1.5707963267949,3.14159265358979,                   1773P   1656
3.14159265358979,3.14159265358979,1.,0.707106781186547,1.,          1773P   1657
0.707106781186548,1.,0.707106781186548,1.,0.707106781186547,1.,     1773P   1658
-15.5,0.,1.8982025386784D-15,-15.5,0.,15.5,9.49101269339199D-16,    1773P   1659
0.,15.5,15.5,0.,15.5,15.5,0.,0.,15.5,0.,-15.5,                      1773P   1660
9.49101269339199D-16,0.,-15.5,-15.5,0.,-15.5,-15.5,0.,              1773P   1661
-1.8982025386784D-15,-3.14159265358979,3.14159265358979,0.,0.,      1773P   1662
0.;                                                                 1773P   1663
126,8,2,0,1,0,0,-3.14159265358979,-3.14159265358979,                1775P   1664
-3.14159265358979,-1.5707963267949,-1.5707963267949,0.,0.,          1775P   1665
1.5707963267949,1.5707963267949,3.14159265358979,                   1775P   1666
3.14159265358979,3.14159265358979,1.,0.707106781186548,1.,          1775P   1667
0.707106781186548,1.,0.707106781186548,1.,0.707106781186548,1.,     1775P   1668
-18.,-2.,-2.20436423846524D-15,-18.,-2.,-18.,                       1775P   1669
1.10218211923262D-15,-2.,-18.,18.,-2.,-18.,18.,-2.,0.,18.,-2.,      1775P   1670
18.,1.10218211923262D-15,-2.,18.,-18.,-2.,18.,-18.,-2.,             1775P   1671
2.20436423846524D-15,-3.14159265358979,3.14159265358979,0.,0.,      1775P   1672
0.;                                                                 1775P   1673
126,1,1,0,0,1,0,-0.111111111111111,-0.111111111111111,-0.091,       1777P   1674
-0.091,1.,1.,-18.,-2.,0.,-18.,-1.638,0.,-0.111111111111111,         1777P   1675
-0.091,0.,0.,0.;                                                    1777P   1676
126,1,1,0,0,1,0,-0.709677419354839,-0.709677419354839,0.,0.,1.,     1779P   1677
1.,-15.5,11.,0.,-15.5,0.,0.,-0.709677419354839,0.,0.,0.,0.;         1779P   1678
126,8,2,0,1,0,0,-3.14159265358979,-3.14159265358979,                1781P   1679
-3.14159265358979,-1.5707963267949,-1.5707963267949,0.,0.,          1781P   1680
1.5707963267949,1.5707963267949,3.14159265358979,                   1781P   1681
3.14159265358979,3.14159265358979,1.,0.707106781186548,1.,          1781P   1682
0.707106781186548,1.,0.707106781186548,1.,0.707106781186548,1.,     1781P   1683
-8.,-11.,9.79717439317883D-16,-8.,-11.,8.,4.89858719658941D-16,     1781P   1684
-11.,8.,8.,-11.,8.,8.,-11.,0.,8.,-11.,-8.,4.89858719658941D-16,     1781P   1685
-11.,-8.,-8.,-11.,-8.,-8.,-11.,-9.79717439317883D-16,               1781P   1686
-3.14159265358979,3.14159265358979,0.,0.,0.;                        1781P   1687
126,1,1,0,0,1,0,0.,0.,0.125,0.125,1.,1.,-8.,-11.,0.,-8.,-10.,0.,    1783P   1688
0.,0.125,0.,0.,0.;                                                  1783P   1689
126,8,2,0,1,0,0,-3.14159265358979,-3.14159265358979,                1785P   1690
-3.14159265358979,-1.5707963267949,-1.5707963267949,0.,0.,          1785P   1691
1.5707963267949,1.5707963267949,3.14159265358979,                   1785P   1692
3.14159265358979,3.14159265358979,1.,0.707106781186548,1.,          1785P   1693
0.707106781186548,1.,0.707106781186548,1.,0.707106781186548,1.,     1785P   1694
-8.,-10.,-9.79717439317883D-16,-8.,-10.,-8.,                        1785P   1695
4.89858719658941D-16,-10.,-8.,8.,-10.,-8.,8.,-10.,0.,8.,-10.,8.,    1785P   1696
4.89858719658941D-16,-10.,8.,-8.,-10.,8.,-8.,-10.,                  1785P   1697
9.79717439317883D-16,-3.14159265358979,3.14159265358979,0.,0.,      1785P   1698
0.;                                                                 1785P   1699
126,8,2,0,1,0,0,-3.14159265358979,-3.14159265358979,                1787P   1700
-3.14159265358979,-1.5707963267949,-1.5707963267949,0.,0.,          1787P   1701
1.5707963267949,1.5707963267949,3.14159265358979,                   1787P   1702
3.14159265358979,3.14159265358979,1.,0.707106781186547,1.,          1787P   1703
0.707106781186547,1.,0.707106781186547,1.,0.707106781186547,1.,     1787P   1704
-8.5,-11.,-1.04094977927525D-15,-8.5,-11.,-8.5,                     1787P   1705
5.20474889637625D-16,-11.,-8.5,8.5,-11.,-8.5,8.5,-11.,0.,8.5,       1787P   1706
-11.,8.5,5.20474889637625D-16,-11.,8.5,-8.5,-11.,8.5,-8.5,-11.,     1787P   1707
1.04094977927525D-15,-3.14159265358979,3.14159265358979,0.,0.,      1787P   1708
0.;                                                                 1787P   1709
126,8,2,0,1,0,0,-3.14159265358979,-3.14159265358979,                1789P   1710
-3.14159265358979,-1.5707963267949,-1.5707963267949,0.,0.,          1789P   1711
1.5707963267949,1.5707963267949,3.14159265358979,                   1789P   1712
3.14159265358979,3.14159265358979,1.,0.707106781186547,1.,          1789P   1713
0.707106781186547,1.,0.707106781186547,1.,0.707106781186547,1.,     1789P   1714
-8.5,-10.,1.04094977927525D-15,-8.5,-10.,8.5,                       1789P   1715
5.20474889637625D-16,-10.,8.5,8.5,-10.,8.5,8.5,-10.,0.,8.5,-10.,    1789P   1716
-8.5,5.20474889637625D-16,-10.,-8.5,-8.5,-10.,-8.5,-8.5,-10.,       1789P   1717
-1.04094977927525D-15,-3.14159265358979,3.14159265358979,0.,0.,     1789P   1718
0.;                                                                 1789P   1719
126,1,1,0,0,1,0,-0.470588235294117,-0.470588235294117,0.,0.,1.,     1791P   1720
1.,-8.5,-10.,0.,-8.5,-6.,0.,-0.470588235294117,0.,0.,0.,0.;         1791P   1721
126,8,2,0,1,0,0,-3.14159265358979,-3.14159265358979,                1793P   1722
-3.14159265358979,-1.5707963267949,-1.5707963267949,0.,0.,          1793P   1723
1.5707963267949,1.5707963267949,3.14159265358979,                   1793P   1724
3.14159265358979,3.14159265358979,1.,0.707106781186547,1.,          1793P   1725
0.707106781186547,1.,0.707106781186547,1.,0.707106781186547,1.,     1793P   1726
-8.5,-6.,1.04094977927525D-15,-8.5,-6.,8.5,5.20474889637625D-16,    1793P   1727
-6.,8.5,8.5,-6.,8.5,8.5,-6.,0.,8.5,-6.,-8.5,                        1793P   1728
5.20474889637625D-16,-6.,-8.5,-8.5,-6.,-8.5,-8.5,-6.,               1793P   1729
-1.04094977927525D-15,-3.14159265358979,3.14159265358979,0.,0.,     1793P   1730
0.;                                                                 1793P   1731
126,1,1,0,0,1,0,0.6745821440417,0.6745821440417,                    1795P   1732
0.872756113832639,0.872756113832639,1.,1.,-2.28883417980915,0.,     1795P   1733
14.5025149450238,-3.54062340070382,0.,16.0388469328187,             1795P   1734
0.6745821440417,0.872756113832639,0.,0.,0.;                         1795P   1735
126,1,1,0,0,1,0,-0.934509318605681,-0.934509318605681,              1797P   1736
0.87991378346575,0.87991378346575,1.,1.,-8.19079846457885,17.05,    1797P   1737
12.584850502439,-2.28883417980915,-1.11022302462516D-15,            1797P   1738
14.5025149450238,-0.934509318605681,0.87991378346575,0.,0.,0.;      1797P   1739
126,1,1,0,0,1,0,-1.04039964771682,-1.04039964771682,                1799P   1740
-0.89872086687527,-0.89872086687527,1.,1.,-9.08572917053403,        1799P   1741
17.05,13.6832068770339,-8.19079846457885,17.05,12.584850502439,     1799P   1742
-1.04039964771682,-0.89872086687527,0.,0.,0.;                       1799P   1743
126,2,2,0,0,0,0,0.,0.,0.,0.143381289259796,0.143381289259796,       1801P   1744
0.143381289259796,1.,1.00039061486465,1.,-9.43523376863541,         1801P   1745
16.05,14.649470595595,-9.25597051006094,16.5644051041091,           1801P   1746
14.1530623369573,-9.08572917053403,17.05,13.6832068770339,0.,       1801P   1747
0.143381289259796,0.,0.,0.;                                         1801P   1748
126,2,2,0,0,0,0,1.15446053172039,1.15446053172039,                  1803P   1749
1.15446053172039,1.4592941802543,1.4592941802543,                   1803P   1750
1.4592941802543,1.,0.988407024858617,1.,-4.60342869040919,1.,       1803P   1751
16.8059236369894,-7.18495561622243,8.21264973278889,                1803P   1752
16.0987994483969,-9.43523376863541,16.05,14.649470595595,           1803P   1753
1.15446053172039,1.4592941802543,0.,0.,0.;                          1803P   1754
126,2,2,0,0,0,0,0.,0.,0.,0.164864133041396,0.164864133041396,       1805P   1755
0.164864133041396,1.,1.00047259044868,1.,-3.54062340070382,         1805P   1756
-4.16333634234434D-16,16.0388469328187,-4.0574540854974,            1805P   1757
0.479318372727696,16.4156135096545,-4.60342869040919,1.,            1805P   1758
16.8059236369894,0.,0.164864133041396,0.,0.,0.;                     1805P   1759
126,1,1,0,0,1,0,-0.358423769442693,-0.358423769442693,              1807P   1760
-0.198797103571306,-0.198797103571306,1.,1.,-0.770694372294638,     1807P   1761
0.,14.9957884701205,-2.28883417980915,0.,14.5025149450238,          1807P   1762
-0.358423769442693,-0.198797103571306,0.,0.,0.;                     1807P   1763
126,1,1,0,0,1,0,-0.87991378346575,-0.87991378346575,                1809P   1764
0.934509318605681,0.934509318605681,1.,1.,-6.67265865706433,        1809P   1765
17.05,13.0781240275357,-0.770694372294639,-1.11022302462516D-15,    1809P   1766
14.9957884701205,-0.87991378346575,0.934509318605681,0.,0.,0.;      1809P   1767
126,1,1,0,0,1,0,-0.42177214585257,-0.42177214585257,                1811P   1768
-0.262145479981183,-0.262145479981183,1.,1.,-8.19079846457885,      1811P   1769
17.05,12.584850502439,-6.67265865706433,17.05,13.0781240275357,     1811P   1770
-0.42177214585257,-0.262145479981183,0.,0.,0.;                      1811P   1771
126,1,1,0,0,1,0,-1.01751932582644,-1.01751932582644,                1813P   1772
-0.87584054498489,-0.87584054498489,1.,1.,-0.692277901137242,0.,    1813P   1773
16.410404513832,-0.770694372294637,0.,14.9957884701205,             1813P   1774
-1.01751932582644,-0.87584054498489,0.,0.,0.;                       1813P   1775
126,2,2,0,0,0,0,0.,0.,0.,0.143381289259797,0.143381289259797,       1815P   1776
0.143381289259797,1.,1.0003906148703,1.,-0.977478305256543,1.,      1815P   1777
17.3975619315683,-0.830723874348863,0.485594895827603,              1815P   1778
16.8905909144519,-0.692277901137242,-6.93889390390723D-17,          1815P   1779
16.410404513832,0.,0.143381289259797,0.,0.,0.;                      1815P   1780
126,2,2,0,0,0,0,-1.9871321218694,-1.9871321218694,                  1817P   1781
-1.9871321218694,-1.6822984733355,-1.6822984733355,                 1817P   1782
-1.6822984733355,1.,0.988407024858615,1.,-6.15402202204159,         1817P   1783
16.05,16.3021053226946,-3.64988569802826,8.83735026721112,          1817P   1784
17.2474132923787,-0.977478305256544,1.,17.3975619315683,            1817P   1785
-1.9871321218694,-1.6822984733355,0.,0.,0.;                         1817P   1786
126,2,2,0,0,0,0,0.,0.,0.,0.164864133041395,0.164864133041395,       1819P   1787
0.164864133041395,1.,1.00047259044995,1.,-6.56297318903621,         1819P   1788
17.05,15.0568259576842,-6.36630621924458,16.5706816272724,          1819P   1789
15.6654219757105,-6.15402202204159,16.05,16.3021053226946,0.,       1819P   1790
0.164864133041395,0.,0.,0.;                                         1819P   1791
126,1,1,0,0,1,0,0.65170182215132,0.65170182215132,                  1821P   1792
0.849875791942258,0.849875791942258,1.,1.,-6.67265865706433,        1821P   1793
17.05,13.0781240275357,-6.56297318903621,17.05,15.0568259576842,    1821P   1794
0.65170182215132,0.849875791942258,0.,0.,0.;                        1821P   1795
126,2,2,0,0,0,0,-1.92711589839517,-1.92711589839517,                1823P   1796
-1.92711589839517,-1.78806474501049,-1.78806474501049,              1823P   1797
-1.78806474501049,1.,0.99758407050576,1.,-5.72948928830513,0.,      1823P   1798
15.3932965116377,-4.65753370590598,0.,15.7922856444886,             1823P   1799
-3.54062340070382,0.,16.0388469328187,-1.92711589839517,            1823P   1800
-1.78806474501049,0.,0.,0.;                                         1823P   1801
126,1,1,0,0,1,0,-1.01751932582644,-1.01751932582644,                1825P   1802
-0.87584054498489,-0.87584054498489,1.,1.,-5.72948928830513,0.,     1825P   1803
15.3932965116377,-5.36692738616194,0.,14.0236846829837,             1825P   1804
-1.01751932582644,-0.87584054498489,0.,0.,0.;                       1825P   1805
126,1,1,0,0,1,0,-0.358423769442693,-0.358423769442693,              1827P   1806
-0.198797103571306,-0.198797103571306,1.,1.,-5.36692738616194,      1827P   1807
0.,14.0236846829837,-6.65833424061558,0.,13.0854226822655,          1827P   1808
-0.358423769442693,-0.198797103571306,0.,0.,0.;                     1827P   1809
126,1,1,0,0,1,0,0.6745821440417,0.6745821440417,                    1829P   1810
0.872756113832639,0.872756113832639,1.,1.,-6.65833424061558,0.,     1829P   1811
13.0854226822655,-8.32360922940595,0.,14.1597370878187,             1829P   1812
0.6745821440417,0.872756113832639,0.,0.,0.;                         1829P   1813
126,2,2,0,0,0,0,-2.24127516375415,-2.24127516375415,                1831P   1814
-2.24127516375415,-2.10222401036947,-2.10222401036947,              1831P   1815
-2.10222401036947,1.,0.99758407050588,1.,-10.2058583442345,0.,      1831P   1816
12.869385395481,-9.30966242503667,0.,13.5800991023862,              1831P   1817
-8.32360922940596,0.,14.1597370878187,-2.24127516375415,            1831P   1818
-2.10222401036947,0.,0.,0.;                                         1831P   1819
126,1,1,0,0,1,0,-1.01751932582644,-1.01751932582644,                1833P   1820
-0.87584054498489,-0.87584054498489,1.,1.,-10.2058583442345,        1833P   1821
1.11022302462516D-15,12.869385395481,-9.43780815388983,             1833P   1822
1.11022302462516D-15,11.6788449303198,-1.01751932582644,            1833P   1823
-0.87584054498489,0.,0.,0.;                                         1833P   1824
126,1,1,0,0,1,0,-0.358423769442692,-0.358423769442692,              1835P   1825
-0.198797103571306,-0.198797103571306,1.,1.,-9.43780815388983,      1835P   1826
0.,11.6788449303198,-10.376070154608,0.,10.3874380758661,           1835P   1827
-0.358423769442692,-0.198797103571306,0.,0.,0.;                     1835P   1828
126,1,1,0,0,1,0,0.6745821440417,0.6745821440417,                    1837P   1829
0.872756113832639,0.872756113832639,1.,1.,-10.376070154608,         1837P   1830
-2.77555756156289D-16,10.3874380758661,-12.2918221927382,           1837P   1831
-2.77555756156289D-16,10.8945735199735,0.6745821440417,             1837P   1832
0.872756113832639,0.,0.,0.;                                         1837P   1833
126,2,2,0,0,0,0,-2.55543442911313,-2.55543442911313,                1839P   1834
-2.55543442911313,-2.41638327572845,-2.41638327572845,              1839P   1835
-2.41638327572845,1.,0.997584070505778,1.,-13.6832068770339,0.,     1839P   1836
9.08572917053403,-13.0504965217726,0.,10.0385978420281,             1839P   1837
-12.2918221927382,0.,10.8945735199735,-2.55543442911313,            1839P   1838
-2.41638327572845,0.,0.,0.;                                         1839P   1839
126,1,1,0,0,1,0,-1.01751932582644,-1.01751932582644,                1841P   1840
-0.87584054498489,-0.87584054498489,1.,1.,-13.6832068770339,0.,     1841P   1841
9.08572917053402,-12.584850502439,0.,8.19079846457884,              1841P   1842
-1.01751932582644,-0.87584054498489,0.,0.,0.;                       1841P   1843
126,1,1,0,0,1,0,-0.358423769442693,-0.358423769442693,              1843P   1844
-0.198797103571305,-0.198797103571305,1.,1.,-12.584850502439,0.,    1843P   1845
8.19079846457884,-13.0781240275357,0.,6.67265865706432,             1843P   1846
-0.358423769442693,-0.198797103571305,0.,0.,0.;                     1843P   1847
126,1,1,0,0,1,0,0.6745821440417,0.6745821440417,                    1845P   1848
0.872756113832639,0.872756113832639,1.,1.,-13.0781240275357,0.,     1845P   1849
6.67265865706432,-15.0568259576842,0.,6.56297318903621,             1845P   1850
0.6745821440417,0.872756113832639,0.,0.,0.;                         1845P   1851
126,2,2,0,0,0,0,-2.86959369447211,-2.86959369447211,                1847P   1852
-2.86959369447211,-2.73054254108743,-2.73054254108743,              1847P   1853
-2.73054254108743,1.,0.997584070505867,1.,-15.8211477842009,0.,     1847P   1854
4.41269847037773,-15.5138570908014,0.,5.51444868186846,             1847P   1855
-15.0568259576842,0.,6.56297318903621,-2.86959369447211,            1847P   1856
-2.73054254108743,0.,0.,0.;                                         1847P   1857
126,1,1,0,0,1,0,-1.01751932582644,-1.01751932582644,                1849P   1858
-0.87584054498489,-0.87584054498489,1.,1.,-15.8211477842009,0.,     1849P   1859
4.41269847037773,-14.5,0.,3.90097957647631,-1.01751932582644,       1849P   1860
-0.87584054498489,0.,0.,0.;                                         1849P   1861
126,1,1,0,0,1,0,-0.358423769442692,-0.358423769442692,              1851P   1862
-0.198797103571306,-0.198797103571306,1.,1.,-14.5,0.,               1851P   1863
3.90097957647631,-14.5,0.,2.30471291776244,-0.358423769442692,      1851P   1864
-0.198797103571306,0.,0.,0.;                                        1851P   1865
126,1,1,0,0,1,0,0.6745821440417,0.6745821440417,                    1853P   1866
0.872756113832639,0.872756113832639,1.,1.,-14.5,                    1853P   1867
-2.77555756156289D-16,2.30471291776244,-16.3479626908169,           1853P   1868
-2.77555756156289D-16,1.58894331543302,0.6745821440417,             1853P   1869
0.872756113832639,0.,0.,0.;                                         1853P   1870
126,2,2,0,0,0,0,-3.18375295983109,-3.18375295983109,                1855P   1871
-3.18375295983109,-3.04470180644641,-3.04470180644641,              1855P   1872
-3.04470180644641,1.,0.99758407050584,1.,-16.410404513832,0.,       1855P   1873
-0.692277901137238,-16.4586132363843,0.,0.450506863304319,          1855P   1874
-16.3479626908169,0.,1.58894331543302,-3.18375295983109,            1855P   1875
-3.04470180644641,0.,0.,0.;                                         1855P   1876
126,1,1,0,0,1,0,-1.01751932582644,-1.01751932582644,                1857P   1877
-0.87584054498489,-0.87584054498489,1.,1.,-16.410404513832,         1857P   1878
1.11022302462516D-15,-0.692277901137239,-14.9957884701205,          1857P   1879
1.11022302462516D-15,-0.770694372294634,-1.01751932582644,          1857P   1880
-0.87584054498489,0.,0.,0.;                                         1857P   1881
126,1,1,0,0,1,0,-0.358423769442692,-0.358423769442692,              1859P   1882
-0.198797103571306,-0.198797103571306,1.,1.,-14.9957884701205,      1859P   1883
0.,-0.770694372294636,-14.5025149450238,0.,-2.28883417980915,       1859P   1884
-0.358423769442692,-0.198797103571306,0.,0.,0.;                     1859P   1885
126,1,1,0,0,1,0,0.6745821440417,0.6745821440417,                    1861P   1886
0.872756113832639,0.872756113832639,1.,1.,-14.5025149450238,0.,     1861P   1887
-2.28883417980915,-16.0388469328187,0.,-3.54062340070382,           1861P   1888
0.6745821440417,0.872756113832639,0.,0.,0.;                         1861P   1889
126,2,2,0,0,0,0,-3.49791222519007,-3.49791222519007,                1863P   1890
-3.49791222519007,-3.35886107180539,-3.35886107180539,              1863P   1891
-3.35886107180539,1.,0.99758407050583,1.,-15.3932965116377,0.,      1863P   1892
-5.72948928830513,-15.7922856444886,0.,-4.65753370590598,           1863P   1893
-16.0388469328187,0.,-3.54062340070381,-3.49791222519007,           1863P   1894
-3.35886107180539,0.,0.,0.;                                         1863P   1895
126,1,1,0,0,1,0,-1.01751932582644,-1.01751932582644,                1865P   1896
-0.87584054498489,-0.87584054498489,1.,1.,-15.3932965116377,0.,     1865P   1897
-5.72948928830513,-14.0236846829837,0.,-5.36692738616194,           1865P   1898
-1.01751932582644,-0.87584054498489,0.,0.,0.;                       1865P   1899
126,1,1,0,0,1,0,-0.358423769442693,-0.358423769442693,              1867P   1900
-0.198797103571306,-0.198797103571306,1.,1.,-14.0236846829837,      1867P   1901
0.,-5.36692738616194,-13.0854226822655,0.,-6.65833424061558,        1867P   1902
-0.358423769442693,-0.198797103571306,0.,0.,0.;                     1867P   1903
126,1,1,0,0,1,0,0.6745821440417,0.6745821440417,                    1869P   1904
0.872756113832639,0.872756113832639,1.,1.,-13.0854226822655,        1869P   1905
-5.55111512312578D-16,-6.65833424061558,-14.1597370878187,          1869P   1906
-5.55111512312578D-16,-8.32360922940596,0.6745821440417,            1869P   1907
0.872756113832639,0.,0.,0.;                                         1869P   1908
126,2,2,0,0,0,0,-3.81207149054905,-3.81207149054905,                1871P   1909
-3.81207149054905,-3.67302033716437,-3.67302033716437,              1871P   1910
-3.67302033716437,1.,0.997584070505862,1.,-12.869385395481,0.,      1871P   1911
-10.2058583442345,-13.5800991023862,0.,-9.30966242503668,           1871P   1912
-14.1597370878187,0.,-8.32360922940595,-3.81207149054905,           1871P   1913
-3.67302033716437,0.,0.,0.;                                         1871P   1914
126,1,1,0,0,1,0,-1.01751932582644,-1.01751932582644,                1873P   1915
-0.87584054498489,-0.87584054498489,1.,1.,-12.869385395481,0.,      1873P   1916
-10.2058583442345,-11.6788449303198,0.,-9.43780815388983,           1873P   1917
-1.01751932582644,-0.87584054498489,0.,0.,0.;                       1873P   1918
126,1,1,0,0,1,0,-0.358423769442693,-0.358423769442693,              1875P   1919
-0.198797103571306,-0.198797103571306,1.,1.,-11.6788449303198,      1875P   1920
-5.55111512312578D-16,-9.43780815388983,-10.3874380758661,          1875P   1921
-5.55111512312578D-16,-10.376070154608,-0.358423769442693,          1875P   1922
-0.198797103571306,0.,0.,0.;                                        1875P   1923
126,1,1,0,0,1,0,0.6745821440417,0.6745821440417,                    1877P   1924
0.872756113832639,0.872756113832639,1.,1.,-10.3874380758661,0.,     1877P   1925
-10.376070154608,-10.8945735199735,0.,-12.2918221927382,            1877P   1926
0.6745821440417,0.872756113832639,0.,0.,0.;                         1877P   1927
126,2,2,0,0,0,0,-4.12623075590803,-4.12623075590803,                1879P   1928
-4.12623075590803,-3.98717960252335,-3.98717960252335,              1879P   1929
-3.98717960252335,1.,0.997584070505908,1.,-9.08572917053402,0.,     1879P   1930
-13.6832068770339,-10.0385978420281,0.,-13.0504965217726,           1879P   1931
-10.8945735199735,0.,-12.2918221927382,-4.12623075590803,           1879P   1932
-3.98717960252335,0.,0.,0.;                                         1879P   1933
126,1,1,0,0,1,0,-1.01751932582644,-1.01751932582644,                1881P   1934
-0.87584054498489,-0.87584054498489,1.,1.,-9.08572917053402,0.,     1881P   1935
-13.6832068770339,-8.19079846457884,0.,-12.584850502439,            1881P   1936
-1.01751932582644,-0.87584054498489,0.,0.,0.;                       1881P   1937
126,1,1,0,0,1,0,-0.358423769442692,-0.358423769442692,              1883P   1938
-0.198797103571306,-0.198797103571306,1.,1.,-8.19079846457884,      1883P   1939
-5.55111512312578D-16,-12.584850502439,-6.67265865706432,           1883P   1940
-5.55111512312578D-16,-13.0781240275357,-0.358423769442692,         1883P   1941
-0.198797103571306,0.,0.,0.;                                        1883P   1942
126,1,1,0,0,1,0,0.6745821440417,0.6745821440417,                    1885P   1943
0.872756113832639,0.872756113832639,1.,1.,-6.67265865706432,0.,     1885P   1944
-13.0781240275357,-6.56297318903621,0.,-15.0568259576842,           1885P   1945
0.6745821440417,0.872756113832639,0.,0.,0.;                         1885P   1946
126,2,2,0,0,0,0,-4.44039002126701,-4.44039002126701,                1887P   1947
-4.44039002126701,-4.30133886788233,-4.30133886788233,              1887P   1948
-4.30133886788233,1.,0.997584070505852,1.,-4.41269847037773,0.,     1887P   1949
-15.8211477842009,-5.51444868186848,0.,-15.5138570908014,           1887P   1950
-6.56297318903621,0.,-15.0568259576842,-4.44039002126701,           1887P   1951
-4.30133886788233,0.,0.,0.;                                         1887P   1952
126,1,1,0,0,1,0,-1.01751932582644,-1.01751932582644,                1889P   1953
-0.87584054498489,-0.87584054498489,1.,1.,-4.41269847037773,        1889P   1954
-1.11022302462516D-15,-15.8211477842009,-3.90097957647631,          1889P   1955
-1.11022302462516D-15,-14.5,-1.01751932582644,-0.87584054498489,    1889P   1956
0.,0.,0.;                                                           1889P   1957
126,1,1,0,0,1,0,-0.358423769442692,-0.358423769442692,              1891P   1958
-0.198797103571306,-0.198797103571306,1.,1.,-3.90097957647631,      1891P   1959
0.,-14.5,-2.30471291776244,0.,-14.5,-0.358423769442692,             1891P   1960
-0.198797103571306,0.,0.,0.;                                        1891P   1961
126,1,1,0,0,1,0,0.6745821440417,0.6745821440417,                    1893P   1962
0.872756113832639,0.872756113832639,1.,1.,-2.30471291776244,        1893P   1963
-2.77555756156289D-16,-14.5,-1.58894331543302,                      1893P   1964
-2.77555756156289D-16,-16.3479626908169,0.6745821440417,            1893P   1965
0.872756113832639,0.,0.,0.;                                         1893P   1966
126,2,2,0,0,0,0,-4.75454928662599,-4.75454928662599,                1895P   1967
-4.75454928662599,-4.61549813324131,-4.61549813324131,              1895P   1968
-4.61549813324131,1.,0.997584070505769,1.,0.692277901137244,0.,     1895P   1969
-16.410404513832,-0.450506863304316,0.,-16.4586132363843,           1895P   1970
-1.58894331543302,0.,-16.3479626908169,-4.75454928662599,           1895P   1971
-4.61549813324131,0.,0.,0.;                                         1895P   1972
126,1,1,0,0,1,0,-1.01751932582644,-1.01751932582644,                1897P   1973
-0.87584054498489,-0.87584054498489,1.,1.,0.692277901137239,        1897P   1974
1.11022302462516D-15,-16.410404513832,0.770694372294634,            1897P   1975
1.11022302462516D-15,-14.9957884701205,-1.01751932582644,           1897P   1976
-0.87584054498489,0.,0.,0.;                                         1897P   1977
126,1,1,0,0,1,0,-0.358423769442692,-0.358423769442692,              1899P   1978
-0.198797103571306,-0.198797103571306,1.,1.,0.770694372294637,      1899P   1979
0.,-14.9957884701205,2.28883417980915,0.,-14.5025149450238,         1899P   1980
-0.358423769442692,-0.198797103571306,0.,0.,0.;                     1899P   1981
126,1,1,0,0,1,0,0.6745821440417,0.6745821440417,                    1901P   1982
0.872756113832639,0.872756113832639,1.,1.,2.28883417980915,         1901P   1983
-2.77555756156289D-16,-14.5025149450238,3.54062340070381,           1901P   1984
-2.77555756156289D-16,-16.0388469328187,0.6745821440417,            1901P   1985
0.872756113832639,0.,0.,0.;                                         1901P   1986
126,2,2,0,0,0,0,-5.06870855198497,-5.06870855198497,                1903P   1987
-5.06870855198497,-4.92965739860028,-4.92965739860028,              1903P   1988
-4.92965739860028,1.,0.997584070506024,1.,5.72948928830512,0.,      1903P   1989
-15.3932965116377,4.65753370590593,0.,-15.7922856444886,            1903P   1990
3.54062340070381,0.,-16.0388469328187,-5.06870855198497,            1903P   1991
-4.92965739860028,0.,0.,0.;                                         1903P   1992
126,1,1,0,0,1,0,-1.01751932582644,-1.01751932582644,                1905P   1993
-0.87584054498489,-0.87584054498489,1.,1.,5.72948928830513,0.,      1905P   1994
-15.3932965116377,5.36692738616194,0.,-14.0236846829837,            1905P   1995
-1.01751932582644,-0.87584054498489,0.,0.,0.;                       1905P   1996
126,1,1,0,0,1,0,-0.358423769442693,-0.358423769442693,              1907P   1997
-0.198797103571306,-0.198797103571306,1.,1.,5.36692738616194,0.,    1907P   1998
-14.0236846829837,6.65833424061558,0.,-13.0854226822655,            1907P   1999
-0.358423769442693,-0.198797103571306,0.,0.,0.;                     1907P   2000
126,1,1,0,0,1,0,0.6745821440417,0.6745821440417,                    1909P   2001
0.872756113832639,0.872756113832639,1.,1.,6.65833424061558,         1909P   2002
-5.55111512312578D-16,-13.0854226822655,8.32360922940596,           1909P   2003
-5.55111512312578D-16,-14.1597370878187,0.6745821440417,            1909P   2004
0.872756113832639,0.,0.,0.;                                         1909P   2005
126,2,2,0,0,0,0,-5.38286781734395,-5.38286781734395,                1911P   2006
-5.38286781734395,-5.24381666395926,-5.24381666395926,              1911P   2007
-5.24381666395926,1.,0.997584070505728,1.,10.2058583442345,0.,      1911P   2008
-12.869385395481,9.30966242503668,0.,-13.5800991023862,             1911P   2009
8.32360922940595,0.,-14.1597370878187,-5.38286781734395,            1911P   2010
-5.24381666395926,0.,0.,0.;                                         1911P   2011
126,1,1,0,0,1,0,-1.01751932582644,-1.01751932582644,                1913P   2012
-0.87584054498489,-0.87584054498489,1.,1.,10.2058583442345,0.,      1913P   2013
-12.869385395481,9.43780815388983,0.,-11.6788449303198,             1913P   2014
-1.01751932582644,-0.87584054498489,0.,0.,0.;                       1913P   2015
126,1,1,0,0,1,0,-0.358423769442693,-0.358423769442693,              1915P   2016
-0.198797103571306,-0.198797103571306,1.,1.,9.43780815388983,       1915P   2017
-5.55111512312578D-16,-11.6788449303198,10.376070154608,            1915P   2018
-5.55111512312578D-16,-10.3874380758661,-0.358423769442693,         1915P   2019
-0.198797103571306,0.,0.,0.;                                        1915P   2020
126,1,1,0,0,1,0,0.6745821440417,0.6745821440417,                    1917P   2021
0.872756113832639,0.872756113832639,1.,1.,10.376070154608,0.,       1917P   2022
-10.3874380758661,12.2918221927382,0.,-10.8945735199735,            1917P   2023
0.6745821440417,0.872756113832639,0.,0.,0.;                         1917P   2024
126,2,2,0,0,0,0,-5.69702708270292,-5.69702708270292,                1919P   2025
-5.69702708270292,-5.55797592931824,-5.55797592931824,              1919P   2026
-5.55797592931824,1.,0.997584070505868,1.,13.6832068770339,0.,      1919P   2027
-9.08572917053403,13.0504965217726,0.,-10.0385978420281,            1919P   2028
12.2918221927382,0.,-10.8945735199735,-5.69702708270292,            1919P   2029
-5.55797592931824,0.,0.,0.;                                         1919P   2030
126,1,1,0,0,1,0,-1.01751932582644,-1.01751932582644,                1921P   2031
-0.87584054498489,-0.87584054498489,1.,1.,13.6832068770339,0.,      1921P   2032
-9.08572917053402,12.584850502439,0.,-8.19079846457884,             1921P   2033
-1.01751932582644,-0.87584054498489,0.,0.,0.;                       1921P   2034
126,1,1,0,0,1,0,-0.358423769442693,-0.358423769442693,              1923P   2035
-0.198797103571306,-0.198797103571306,1.,1.,12.584850502439,        1923P   2036
-5.55111512312578D-16,-8.19079846457884,13.0781240275357,           1923P   2037
-5.55111512312578D-16,-6.67265865706432,-0.358423769442693,         1923P   2038
-0.198797103571306,0.,0.,0.;                                        1923P   2039
126,1,1,0,0,1,0,0.6745821440417,0.6745821440417,                    1925P   2040
0.872756113832639,0.872756113832639,1.,1.,13.0781240275357,0.,      1925P   2041
-6.67265865706432,15.0568259576842,0.,-6.56297318903621,            1925P   2042
0.6745821440417,0.872756113832639,0.,0.,0.;                         1925P   2043
126,2,2,0,0,0,0,-6.0111863480619,-6.0111863480619,                  1927P   2044
-6.0111863480619,-5.87213519467722,-5.87213519467722,               1927P   2045
-5.87213519467722,1.,0.997584070505898,1.,15.8211477842009,0.,      1927P   2046
-4.41269847037774,15.5138570908014,0.,-5.51444868186848,            1927P   2047
15.0568259576842,0.,-6.56297318903621,-6.0111863480619,             1927P   2048
-5.87213519467722,0.,0.,0.;                                         1927P   2049
126,1,1,0,0,1,0,-1.01751932582644,-1.01751932582644,                1929P   2050
-0.87584054498489,-0.87584054498489,1.,1.,15.8211477842009,0.,      1929P   2051
-4.41269847037773,14.5,0.,-3.90097957647631,-1.01751932582644,      1929P   2052
-0.87584054498489,0.,0.,0.;                                         1929P   2053
126,1,1,0,0,1,0,-0.358423769442692,-0.358423769442692,              1931P   2054
-0.198797103571306,-0.198797103571306,1.,1.,14.5,0.,                1931P   2055
-3.90097957647631,14.5,0.,-2.30471291776244,-0.358423769442692,     1931P   2056
-0.198797103571306,0.,0.,0.;                                        1931P   2057
126,1,1,0,0,1,0,0.6745821440417,0.6745821440417,                    1933P   2058
0.872756113832639,0.872756113832639,1.,1.,14.5,0.,                  1933P   2059
-2.30471291776244,16.3479626908169,0.,-1.58894331543302,            1933P   2060
0.6745821440417,0.872756113832639,0.,0.,0.;                         1933P   2061
126,2,2,0,0,0,0,-6.32534561342088,-6.32534561342088,                1935P   2062
-6.32534561342088,-6.1862944600362,-6.1862944600362,                1935P   2063
-6.1862944600362,1.,0.997584070505769,1.,16.410404513832,0.,        1935P   2064
0.692277901137243,16.4586132363843,0.,-0.450506863304317,           1935P   2065
16.3479626908169,0.,-1.58894331543302,-6.32534561342088,            1935P   2066
-6.1862944600362,0.,0.,0.;                                          1935P   2067
126,1,1,0,0,1,0,-1.01751932582644,-1.01751932582644,                1937P   2068
-0.87584054498489,-0.87584054498489,1.,1.,16.410404513832,0.,       1937P   2069
0.692277901137239,14.9957884701205,0.,0.770694372294634,            1937P   2070
-1.01751932582644,-0.87584054498489,0.,0.,0.;                       1937P   2071
126,1,1,0,0,1,0,-0.358423769442693,-0.358423769442693,              1939P   2072
-0.198797103571306,-0.198797103571306,1.,1.,14.9957884701205,       1939P   2073
-5.55111512312578D-16,0.770694372294635,14.5025149450238,           1939P   2074
-5.55111512312578D-16,2.28883417980915,-0.358423769442693,          1939P   2075
-0.198797103571306,0.,0.,0.;                                        1939P   2076
126,1,1,0,0,1,0,0.6745821440417,0.6745821440417,                    1941P   2077
0.872756113832639,0.872756113832639,1.,1.,14.5025149450238,         1941P   2078
-2.77555756156289D-16,2.28883417980915,16.0388469328187,            1941P   2079
-2.77555756156289D-16,3.54062340070381,0.6745821440417,             1941P   2080
0.872756113832639,0.,0.,0.;                                         1941P   2081
126,2,2,0,0,0,0,-6.63950487877986,-6.63950487877986,                1943P   2082
-6.63950487877986,-6.50045372539518,-6.50045372539518,              1943P   2083
-6.50045372539518,1.,0.997584070505952,1.,15.3932965116377,0.,      1943P   2084
5.72948928830512,15.7922856444886,0.,4.65753370590597,              1943P   2085
16.0388469328187,0.,3.54062340070381,-6.63950487877986,             1943P   2086
-6.50045372539518,0.,0.,0.;                                         1943P   2087
126,1,1,0,0,1,0,-1.01751932582644,-1.01751932582644,                1945P   2088
-0.87584054498489,-0.87584054498489,1.,1.,15.3932965116377,         1945P   2089
-1.11022302462516D-15,5.72948928830513,14.0236846829837,            1945P   2090
-1.11022302462516D-15,5.36692738616194,-1.01751932582644,           1945P   2091
-0.87584054498489,0.,0.,0.;                                         1945P   2092
126,1,1,0,0,1,0,-0.358423769442693,-0.358423769442693,              1947P   2093
-0.198797103571306,-0.198797103571306,1.,1.,14.0236846829837,       1947P   2094
-5.55111512312578D-16,5.36692738616194,13.0854226822655,            1947P   2095
-5.55111512312578D-16,6.65833424061558,-0.358423769442693,          1947P   2096
-0.198797103571306,0.,0.,0.;                                        1947P   2097
126,1,1,0,0,1,0,0.6745821440417,0.6745821440417,                    1949P   2098
0.872756113832639,0.872756113832639,1.,1.,13.0854226822655,         1949P   2099
-2.77555756156289D-16,6.65833424061557,14.1597370878187,            1949P   2100
-2.77555756156289D-16,8.32360922940595,0.6745821440417,             1949P   2101
0.872756113832639,0.,0.,0.;                                         1949P   2102
126,2,2,0,0,0,0,-6.95366414413884,-6.95366414413884,                1951P   2103
-6.95366414413884,-6.81461299075416,-6.81461299075416,              1951P   2104
-6.81461299075416,1.,0.997584070505919,1.,12.869385395481,0.,       1951P   2105
10.2058583442345,13.5800991023862,0.,9.30966242503667,              1951P   2106
14.1597370878187,0.,8.32360922940595,-6.95366414413884,             1951P   2107
-6.81461299075416,0.,0.,0.;                                         1951P   2108
126,1,1,0,0,1,0,-1.01751932582644,-1.01751932582644,                1953P   2109
-0.87584054498489,-0.87584054498489,1.,1.,12.869385395481,0.,       1953P   2110
10.2058583442345,11.6788449303198,0.,9.43780815388983,              1953P   2111
-1.01751932582644,-0.87584054498489,0.,0.,0.;                       1953P   2112
126,1,1,0,0,1,0,-0.358423769442693,-0.358423769442693,              1955P   2113
-0.198797103571306,-0.198797103571306,1.,1.,11.6788449303198,       1955P   2114
-5.55111512312578D-16,9.43780815388982,10.3874380758661,            1955P   2115
-5.55111512312578D-16,10.376070154608,-0.358423769442693,           1955P   2116
-0.198797103571306,0.,0.,0.;                                        1955P   2117
126,1,1,0,0,1,0,0.6745821440417,0.6745821440417,                    1957P   2118
0.872756113832639,0.872756113832639,1.,1.,10.3874380758661,0.,      1957P   2119
10.376070154608,10.8945735199735,0.,12.2918221927382,               1957P   2120
0.6745821440417,0.872756113832639,0.,0.,0.;                         1957P   2121
126,2,2,0,0,0,0,-7.26782340949782,-7.26782340949782,                1959P   2122
-7.26782340949782,-7.12877225611314,-7.12877225611314,              1959P   2123
-7.12877225611314,1.,0.997584070505892,1.,9.08572917053403,0.,      1959P   2124
13.6832068770339,10.0385978420281,0.,13.0504965217726,              1959P   2125
10.8945735199735,0.,12.2918221927382,-7.26782340949782,             1959P   2126
-7.12877225611314,0.,0.,0.;                                         1959P   2127
126,1,1,0,0,1,0,-1.01751932582644,-1.01751932582644,                1961P   2128
-0.87584054498489,-0.87584054498489,1.,1.,9.08572917053403,0.,      1961P   2129
13.6832068770339,8.19079846457884,0.,12.584850502439,               1961P   2130
-1.01751932582644,-0.87584054498489,0.,0.,0.;                       1961P   2131
126,1,1,0,0,1,0,-0.358423769442692,-0.358423769442692,              1963P   2132
-0.198797103571306,-0.198797103571306,1.,1.,8.19079846457884,0.,    1963P   2133
12.584850502439,6.67265865706432,0.,13.0781240275357,               1963P   2134
-0.358423769442692,-0.198797103571306,0.,0.,0.;                     1963P   2135
126,1,1,0,0,1,0,0.6745821440417,0.6745821440417,                    1965P   2136
0.872756113832639,0.872756113832639,1.,1.,6.67265865706432,0.,      1965P   2137
13.0781240275357,6.56297318903621,0.,15.0568259576842,              1965P   2138
0.6745821440417,0.872756113832639,0.,0.,0.;                         1965P   2139
126,2,2,0,0,0,0,-7.5819826748568,-7.5819826748568,                  1967P   2140
-7.5819826748568,-7.44293152147212,-7.44293152147212,               1967P   2141
-7.44293152147212,1.,0.997584070505775,1.,4.41269847037772,0.,      1967P   2142
15.8211477842009,5.51444868186845,0.,15.5138570908014,              1967P   2143
6.56297318903621,0.,15.0568259576842,-7.5819826748568,              1967P   2144
-7.44293152147212,0.,0.,0.;                                         1967P   2145
126,1,1,0,0,1,0,-1.01751932582644,-1.01751932582644,                1969P   2146
-0.87584054498489,-0.87584054498489,1.,1.,4.41269847037773,0.,      1969P   2147
15.8211477842009,3.90097957647631,0.,14.5,-1.01751932582644,        1969P   2148
-0.87584054498489,0.,0.,0.;                                         1969P   2149
126,1,1,0,0,1,0,-0.358423769442692,-0.358423769442692,              1971P   2150
-0.198797103571306,-0.198797103571306,1.,1.,3.90097957647631,0.,    1971P   2151
14.5,2.30471291776244,0.,14.5,-0.358423769442692,                   1971P   2152
-0.198797103571306,0.,0.,0.;                                        1971P   2153
126,1,1,0,0,1,0,0.6745821440417,0.6745821440417,                    1973P   2154
0.872756113832638,0.872756113832638,1.,1.,2.30471291776244,0.,      1973P   2155
14.5,1.58894331543302,0.,16.3479626908169,0.6745821440417,          1973P   2156
0.872756113832638,0.,0.,0.;                                         1973P   2157
126,2,2,0,0,0,0,-1.61295663303619,-1.61295663303619,                1975P   2158
-1.61295663303619,-1.47390547965151,-1.47390547965151,              1975P   2159
-1.47390547965151,1.,0.99758407050578,1.,-0.692277901137243,0.,     1975P   2160
16.410404513832,0.450506863304318,0.,16.4586132363843,              1975P   2161
1.58894331543302,0.,16.3479626908169,-1.61295663303619,             1975P   2162
-1.47390547965151,0.,0.,0.;                                         1975P   2163
126,8,2,0,1,0,0,-3.14159265358979,-3.14159265358979,                1977P   2164
-3.14159265358979,-1.5707963267949,-1.5707963267949,0.,0.,          1977P   2165
1.5707963267949,1.5707963267949,3.14159265358979,                   1977P   2166
3.14159265358979,3.14159265358979,1.,0.707106781186548,1.,          1977P   2167
0.707106781186548,1.,0.707106781186548,1.,0.707106781186548,1.,     1977P   2168
-12.,0.,1.46957615897682D-15,-12.,0.,12.,7.34788079488412D-16,      1977P   2169
0.,12.,12.,0.,12.,12.,0.,0.,12.,0.,-12.,7.34788079488412D-16,0.,    1977P   2170
-12.,-12.,0.,-12.,-12.,0.,-1.46957615897682D-15,                    1977P   2171
-3.14159265358979,3.14159265358979,0.,0.,0.;                        1977P   2172
126,2,2,0,0,0,0,-4.44502987649689,-4.44502987649689,                1979P   2173
-4.44502987649689,-4.34210393672945,-4.34210393672945,              1979P   2174
-4.34210393672945,1.,0.998676073598659,1.,-4.6034286904092,1.,      1979P   2175
16.8059236369894,-5.46907577136859,1.,16.5688081594748,             1979P   2176
-6.30577940929661,1.,16.2440072347094,-4.44502987649689,            1979P   2177
-4.34210393672945,0.,0.,0.;                                         1979P   2178
126,2,2,0,0,0,0,0.,0.,0.,0.143381289259797,0.143381289259797,       1981P   2179
0.143381289259797,1.,1.00039061486044,1.,-6.3057794092966,1.,       1981P   2180
16.2440072347094,-6.00954499154592,0.485594895834138,               1981P   2181
15.8071987584639,-5.72948928830513,6.93889390390723D-17,            1981P   2182
15.3932965116377,0.,0.143381289259797,0.,0.,0.;                     1981P   2183
126,2,2,0,0,0,0,0.,0.,0.,0.164864133041395,0.164864133041395,       1983P   2184
0.164864133041395,1.,1.00047259044927,1.,1.58894331543302,          1983P   2185
-1.38777878078145D-16,16.3479626908169,1.2138353999938,             1983P   2186
0.479318372727322,16.865998463654,0.815195156683614,1.,             1983P   2187
17.4059208850471,0.,0.164864133041395,0.,0.,0.;                     1983P   2188
126,2,2,0,0,0,0,-4.75918914185587,-4.75918914185587,                1985P   2189
-4.75918914185587,-4.65626320208843,-4.65626320208843,              1985P   2190
-4.65626320208843,1.,0.998676073598496,1.,0.815195156683605,1.,     1985P   2191
17.4059208850471,-0.0813568526560056,1.,17.44791032419,             1985P   2192
-0.977478305256546,1.,17.3975619315683,-4.75918914185587,           1985P   2193
-4.65626320208843,0.,0.,0.;                                         1985P   2194
126,2,2,0,0,0,0,-2.24591501898404,-2.24591501898404,                1987P   2195
-2.24591501898404,-2.1429890792166,-2.1429890792166,                1987P   2196
-2.1429890792166,1.,0.998676073598712,1.,-10.8904503342894,         1987P   2197
16.05,13.6025261079101,-10.1898052954729,16.05,14.163476326764,     1987P   2198
-9.43523376863541,16.05,14.649470595595,-2.24591501898404,          1987P   2199
-2.1429890792166,0.,0.,0.;                                          1987P   2200
126,2,2,0,0,0,0,-1.9871321218694,-1.9871321218694,                  1989P   2201
-1.9871321218694,-1.6822984733355,-1.6822984733355,                 1989P   2202
-1.6822984733355,1.,0.988407024858616,1.,-10.8904503342894,         1989P   2203
16.05,13.6025261079101,-8.80099139319559,8.837350267211,            1989P   2204
15.2753880927356,-6.3057794092966,0.999999999999998,                1989P   2205
16.2440072347094,-1.9871321218694,-1.6822984733355,0.,0.,0.;        1989P   2206
126,2,2,0,0,0,0,-4.12623075590803,-4.12623075590803,                1991P   2207
-4.12623075590803,-3.98717960252335,-3.98717960252335,              1991P   2208
-3.98717960252335,1.,0.997584070505899,1.,-9.08572917053403,        1991P   2209
17.05,13.6832068770339,-10.0385978420281,17.05,13.0504965217726,    1991P   2210
-10.8945735199735,17.05,12.2918221927382,-4.12623075590803,         1991P   2211
-3.98717960252335,0.,0.,0.;                                         1991P   2212
126,2,2,0,0,0,0,0.,0.,0.,0.164864133041394,0.164864133041394,       1993P   2213
0.164864133041394,1.,1.00047259044982,1.,-10.8945735199735,         1993P   2214
17.05,12.2918221927382,-10.8955986290922,16.5706816272728,          1993P   2215
12.9314048373708,-10.8904503342894,16.05,13.6025261079101,0.,       1993P   2216
0.164864133041394,0.,0.,0.;                                         1993P   2217
126,1,1,0,0,1,0,-0.934509318605681,-0.934509318605681,              1995P   2218
0.87991378346575,0.87991378346575,1.,1.,-11.6788449303198,17.05,    1995P   2219
9.43780815388982,-6.65833424061558,-1.11022302462516D-15,           1995P   2220
13.0854226822655,-0.934509318605681,0.87991378346575,0.,0.,0.;      1995P   2221
126,1,1,0,0,1,0,-1.04039964771682,-1.04039964771682,                1997P   2222
-0.89872086687527,-0.89872086687527,1.,1.,-12.869385395481,         1997P   2223
17.05,10.2058583442345,-11.6788449303198,17.05,9.43780815388982,    1997P   2224
-1.04039964771682,-0.89872086687527,0.,0.,0.;                       1997P   2225
126,2,2,0,0,0,0,0.,0.,0.,0.143381289259796,0.143381289259796,       1999P   2226
0.143381289259796,1.,1.00039061486431,1.,-13.5003759310637,         1999P   2227
16.05,11.0168268898061,-13.1764878527804,16.5644051041356,          1999P   2228
10.6001099740311,-12.869385395481,17.05,10.2058583442345,0.,        1999P   2229
0.143381289259796,0.,0.,0.;                                         1999P   2230
126,2,2,0,0,0,0,1.15446053172039,1.15446053172039,                  2001P   2231
1.15446053172039,1.4592941802543,1.4592941802543,                   2001P   2232
1.4592941802543,1.,0.988407024858588,1.,-9.57143686331106,1.,       2001P   2233
14.5608454895878,-11.8081014766885,8.21264973278891,                2001P   2234
13.0905947306843,-13.5003759310637,16.05,11.0168268898061,          2001P   2235
1.15446053172039,1.4592941802543,0.,0.,0.;                          2001P   2236
126,2,2,0,0,0,0,0.,0.,0.,0.164864133041396,0.164864133041396,       2003P   2237
0.164864133041396,1.,1.0004725904493,1.,-8.32360922940596,          2003P   2238
6.93889390390723D-17,14.1597370878187,-8.93157169515468,            2003P   2239
0.479318372727522,14.3583539310248,-9.57143686331107,1.,            2003P   2240
14.5608454895878,0.,0.164864133041396,0.,0.,0.;                     2003P   2241
126,1,1,0,0,1,0,-0.87991378346575,-0.87991378346575,                2005P   2242
0.934509318605681,0.934509318605681,1.,1.,-10.3874380758662,        2005P   2243
17.05,10.376070154608,-5.36692738616194,-1.11022302462516D-15,      2005P   2244
14.0236846829837,-0.87991378346575,0.934509318605681,0.,0.,0.;      2005P   2245
126,1,1,0,0,1,0,-0.42177214585257,-0.42177214585257,                2007P   2246
-0.262145479981183,-0.262145479981183,1.,1.,-11.6788449303198,      2007P   2247
17.05,9.43780815388982,-10.3874380758662,17.05,10.376070154608,     2007P   2248
-0.42177214585257,-0.262145479981183,0.,0.,0.;                      2007P   2249
126,1,1,0,0,1,0,0.65170182215132,0.65170182215132,                  2009P   2250
0.849875791942258,0.849875791942258,1.,1.,-10.3874380758661,        2009P   2251
17.05,10.376070154608,-10.8945735199735,17.05,12.2918221927382,     2009P   2252
0.65170182215132,0.849875791942258,0.,0.,0.;                        2009P   2253
126,2,2,0,0,0,0,-4.13087061113792,-4.13087061113792,                2011P   2254
-4.13087061113792,-4.02794467137047,-4.02794467137047,              2011P   2255
-4.02794467137047,1.,0.998676073598708,1.,-9.57143686331106,1.,     2011P   2256
14.5608454895878,-10.321443448288,1.,14.0678356104357,              2011P   2257
-11.0168268898061,1.,13.5003759310637,-4.13087061113792,            2011P   2258
-4.02794467137047,0.,0.,0.;                                         2011P   2259
126,2,2,0,0,0,0,0.,0.,0.,0.143381289259797,0.143381289259797,       2013P   2260
0.143381289259797,1.,1.00039061488384,1.,-11.0168268898061,1.,      2013P   2261
13.5003759310637,-10.6001099740356,0.485594895869946,               2013P   2262
13.1764878527838,-10.2058583442345,1.11022302462516D-15,            2013P   2263
12.869385395481,0.,0.143381289259797,0.,0.,0.;                      2013P   2264
126,2,2,0,0,0,0,-2.56007428434302,-2.56007428434302,                2015P   2265
-2.56007428434302,-2.45714834457557,-2.45714834457557,              2015P   2266
-2.45714834457557,1.,0.998676073598538,1.,-14.5608454895878,        2015P   2267
16.05,9.57143686331106,-14.0678356104357,16.05,10.321443448288,     2015P   2268
-13.5003759310637,16.05,11.0168268898061,-2.56007428434302,         2015P   2269
-2.45714834457557,0.,0.,0.;                                         2015P   2270
126,2,2,0,0,0,0,-1.9871321218694,-1.9871321218694,                  2017P   2271
-1.9871321218694,-1.6822984733355,-1.6822984733355,                 2017P   2272
-1.6822984733355,1.,0.988407024858577,1.,-14.5608454895878,         2017P   2273
16.05,9.57143686331105,-13.0905947306843,8.83735026721115,          2017P   2274
11.8081014766885,-11.0168268898061,0.999999999999999,               2017P   2275
13.5003759310637,-1.9871321218694,-1.6822984733355,0.,0.,0.;        2017P   2276
126,2,2,0,0,0,0,-3.81207149054905,-3.81207149054905,                2019P   2277
-3.81207149054905,-3.67302033716437,-3.67302033716437,              2019P   2278
-3.67302033716437,1.,0.997584070505735,1.,-12.869385395481,         2019P   2279
17.05,10.2058583442345,-13.5800991023862,17.05,9.30966242503669,    2019P   2280
-14.1597370878187,17.05,8.32360922940595,-3.81207149054905,         2019P   2281
-3.67302033716437,0.,0.,0.;                                         2019P   2282
126,2,2,0,0,0,0,0.,0.,0.,0.164864133041395,0.164864133041395,       2021P   2283
0.164864133041395,1.,1.00047259045032,1.,-14.1597370878187,         2021P   2284
17.05,8.32360922940596,-14.3583539310249,16.5706816272722,          2021P   2285
8.93157169515499,-14.5608454895878,16.05,9.57143686331105,0.,       2021P   2286
0.164864133041395,0.,0.,0.;                                         2021P   2287
126,1,1,0,0,1,0,-0.934509318605681,-0.934509318605681,              2023P   2288
0.87991378346575,0.87991378346575,1.,1.,-14.0236846829837,17.05,    2023P   2289
5.36692738616194,-10.376070154608,0.,10.3874380758661,              2023P   2290
-0.934509318605681,0.87991378346575,0.,0.,0.;                       2023P   2291
126,1,1,0,0,1,0,-1.04039964771682,-1.04039964771682,                2025P   2292
-0.89872086687527,-0.89872086687527,1.,1.,-15.3932965116377,        2025P   2293
17.05,5.72948928830513,-14.0236846829837,17.05,5.36692738616194,    2025P   2294
-1.04039964771682,-0.89872086687527,0.,0.,0.;                       2025P   2295
126,2,2,0,0,0,0,0.,0.,0.,0.143381289259796,0.143381289259796,       2027P   2296
0.143381289259796,1.,1.00039061487581,1.,-16.2440072347094,         2027P   2297
16.05,6.3057794092966,-15.8071987585051,16.5644051041175,           2027P   2298
6.00954499157381,-15.3932965116377,17.05,5.72948928830513,0.,       2027P   2299
0.143381289259796,0.,0.,0.;                                         2027P   2300
126,2,2,0,0,0,0,1.15446053172039,1.15446053172039,                  2029P   2301
1.15446053172039,1.4592941802543,1.4592941802543,                   2029P   2302
1.4592941802543,1.,0.988407024858616,1.,-13.6025261079101,1.,       2029P   2303
10.8904503342894,-15.2753880927356,8.21264973278884,                2029P   2304
8.80099139319563,-16.2440072347094,16.05,6.3057794092966,           2029P   2305
1.15446053172039,1.4592941802543,0.,0.,0.;                          2029P   2306
126,2,2,0,0,0,0,0.,0.,0.,0.164864133041396,0.164864133041396,       2031P   2307
0.164864133041396,1.,1.00047259044941,1.,-12.2918221927382,         2031P   2308
-4.16333634234434D-16,10.8945735199735,-12.931404837371,            2031P   2309
0.479318372727377,10.8955986290922,-13.6025261079101,1.,            2031P   2310
10.8904503342894,0.,0.164864133041396,0.,0.,0.;                     2031P   2311
126,1,1,0,0,1,0,-0.87991378346575,-0.87991378346575,                2033P   2312
0.934509318605681,0.934509318605681,1.,1.,-13.0854226822655,        2033P   2313
17.05,6.65833424061557,-9.43780815388983,-1.11022302462516D-15,     2033P   2314
11.6788449303198,-0.87991378346575,0.934509318605681,0.,0.,0.;      2033P   2315
126,1,1,0,0,1,0,-0.42177214585257,-0.42177214585257,                2035P   2316
-0.262145479981183,-0.262145479981183,1.,1.,-14.0236846829837,      2035P   2317
17.05,5.36692738616194,-13.0854226822655,17.05,6.65833424061557,    2035P   2318
-0.42177214585257,-0.262145479981183,0.,0.,0.;                      2035P   2319
126,1,1,0,0,1,0,0.65170182215132,0.65170182215132,                  2037P   2320
0.849875791942258,0.849875791942258,1.,1.,-13.0854226822655,        2037P   2321
17.05,6.65833424061558,-14.1597370878187,17.05,8.32360922940595,    2037P   2322
0.65170182215132,0.849875791942258,0.,0.,0.;                        2037P   2323
126,2,2,0,0,0,0,-3.81671134577894,-3.81671134577894,                2039P   2324
-3.81671134577894,-3.71378540601149,-3.71378540601149,              2039P   2325
-3.71378540601149,1.,0.998676073598757,1.,-13.6025261079101,1.,     2039P   2326
10.8904503342894,-14.163476326764,1.,10.1898052954729,              2039P   2327
-14.649470595595,1.,9.4352337686354,-3.81671134577894,              2039P   2328
-3.71378540601149,0.,0.,0.;                                         2039P   2329
126,2,2,0,0,0,0,0.,0.,0.,0.143381289259797,0.143381289259797,       2041P   2330
0.143381289259797,1.,1.00039061488502,1.,-14.649470595595,1.,       2041P   2331
9.43523376863541,-14.1530623369563,0.485594895889813,               2041P   2332
9.25597051006056,-13.6832068770339,0.,9.08572917053402,0.,          2041P   2333
0.143381289259797,0.,0.,0.;                                         2041P   2334
126,2,2,0,0,0,0,-2.874233549702,-2.874233549702,-2.874233549702,    2043P   2335
-2.77130760993455,-2.77130760993455,-2.77130760993455,1.,           2043P   2336
0.998676073598835,1.,-16.8059236369894,16.05,4.60342869040918,      2043P   2337
-16.5688081594748,16.05,5.46907577136857,-16.2440072347094,         2043P   2338
16.05,6.3057794092966,-2.874233549702,-2.77130760993455,0.,0.,      2043P   2339
0.;                                                                 2043P   2340
126,2,2,0,0,0,0,-1.9871321218694,-1.9871321218694,                  2045P   2341
-1.9871321218694,-1.6822984733355,-1.6822984733355,                 2045P   2342
-1.6822984733355,1.,0.988407024858594,1.,-16.8059236369894,         2045P   2343
16.05,4.60342869040918,-16.0987994483969,8.83735026721112,          2045P   2344
7.18495561622242,-14.649470595595,1.,9.4352337686354,               2045P   2345
-1.9871321218694,-1.6822984733355,0.,0.,0.;                         2045P   2346
126,2,2,0,0,0,0,-3.49791222519007,-3.49791222519007,                2047P   2347
-3.49791222519007,-3.35886107180539,-3.35886107180539,              2047P   2348
-3.35886107180539,1.,0.997584070505924,1.,-15.3932965116377,        2047P   2349
17.05,5.72948928830512,-15.7922856444886,17.05,4.65753370590594,    2047P   2350
-16.0388469328187,17.05,3.54062340070381,-3.49791222519007,         2047P   2351
-3.35886107180539,0.,0.,0.;                                         2047P   2352
126,2,2,0,0,0,0,0.,0.,0.,0.164864133041395,0.164864133041395,       2049P   2353
0.164864133041395,1.,1.00047259045007,1.,-16.0388469328187,         2049P   2354
17.05,3.54062340070381,-16.4156135096545,16.5706816272723,          2049P   2355
4.0574540854974,-16.8059236369894,16.05,4.60342869040918,0.,        2049P   2356
0.164864133041395,0.,0.,0.;                                         2049P   2357
126,1,1,0,0,1,0,-0.934509318605681,-0.934509318605681,              2051P   2358
0.87991378346575,0.87991378346575,1.,1.,-14.9957884701205,17.05,    2051P   2359
0.770694372294631,-13.0781240275357,-1.11022302462516D-15,          2051P   2360
6.67265865706432,-0.934509318605681,0.87991378346575,0.,0.,0.;      2051P   2361
126,1,1,0,0,1,0,-1.04039964771682,-1.04039964771682,                2053P   2362
-0.89872086687527,-0.89872086687527,1.,1.,-16.410404513832,         2053P   2363
17.05,0.692277901137236,-14.9957884701205,17.05,                    2053P   2364
0.770694372294633,-1.04039964771682,-0.89872086687527,0.,0.,0.;     2053P   2365
126,2,2,0,0,0,0,0.,0.,0.,0.143381289259796,0.143381289259796,       2055P   2366
0.143381289259796,1.,1.00039061486857,1.,-17.3975619315683,         2055P   2367
16.05,0.977478305256536,-16.8905909144773,16.5644051041467,         2055P   2368
0.830723874356195,-16.410404513832,17.05,0.692277901137236,0.,      2055P   2369
0.143381289259796,0.,0.,0.;                                         2055P   2370
126,2,2,0,0,0,0,-1.9871321218694,-1.9871321218694,                  2057P   2371
-1.9871321218694,-1.6822984733355,-1.6822984733355,                 2057P   2372
-1.6822984733355,1.,0.988407024858599,1.,-16.3021053226946,         2057P   2373
0.999999999999988,6.15402202204159,-17.2474132923787,               2057P   2374
8.21264973278906,3.64988569802819,-17.3975619315683,16.05,          2057P   2375
0.977478305256537,-1.9871321218694,-1.6822984733355,0.,0.,0.;       2057P   2376
126,2,2,0,0,0,0,0.,0.,0.,0.164864133041396,0.164864133041396,       2059P   2377
0.164864133041396,1.,1.0004725904503,1.,-15.0568259576842,0.,       2059P   2378
6.56297318903621,-15.6654219757104,0.479318372727516,               2059P   2379
6.36630621924459,-16.3021053226946,1.,6.15402202204158,0.,          2059P   2380
0.164864133041396,0.,0.,0.;                                         2059P   2381
126,1,1,0,0,1,0,-0.87991378346575,-0.87991378346575,                2061P   2382
0.934509318605681,0.934509318605681,1.,1.,-14.5025149450238,        2061P   2383
17.05,2.28883417980915,-12.584850502439,-1.11022302462516D-15,      2061P   2384
8.19079846457884,-0.87991378346575,0.934509318605681,0.,0.,0.;      2061P   2385
126,1,1,0,0,1,0,-0.42177214585257,-0.42177214585257,                2063P   2386
-0.262145479981183,-0.262145479981183,1.,1.,-14.9957884701205,      2063P   2387
17.05,0.770694372294631,-14.5025149450238,17.05,                    2063P   2388
2.28883417980915,-0.42177214585257,-0.262145479981183,0.,0.,0.;     2063P   2389
126,1,1,0,0,1,0,0.65170182215132,0.65170182215132,                  2065P   2390
0.849875791942258,0.849875791942258,1.,1.,-14.5025149450238,        2065P   2391
17.05,2.28883417980915,-16.0388469328187,17.05,3.54062340070381,    2065P   2392
0.65170182215132,0.849875791942258,0.,0.,0.;                        2065P   2393
126,2,2,0,0,0,0,-3.50255208041996,-3.50255208041996,                2067P   2394
-3.50255208041996,-3.39962614065251,-3.39962614065251,              2067P   2395
-3.39962614065251,1.,0.99867607359867,1.,-16.3021053226946,1.,      2067P   2396
6.15402202204158,-16.619089459634,1.,5.31432584164102,              2067P   2397
-16.8481220506236,1.,4.44650518579385,-3.50255208041996,            2067P   2398
-3.39962614065251,0.,0.,0.;                                         2067P   2399
126,2,2,0,0,0,0,0.,0.,0.,0.143381289259797,0.143381289259797,       2069P   2400
0.143381289259797,1.,1.00039061488028,1.,-16.8481220506236,1.,      2069P   2401
4.44650518579385,-16.320614348089,0.485594895844153,                2069P   2402
4.42941428365983,-15.8211477842009,0.,4.41269847037772,0.,          2069P   2403
0.143381289259797,0.,0.,0.;                                         2069P   2404
126,2,2,0,0,0,0,-3.18839281506098,-3.18839281506098,                2071P   2405
-3.18839281506098,-3.08546687529353,-3.08546687529353,              2071P   2406
-3.08546687529353,1.,0.998676073598493,1.,-17.4059208850471,        2071P   2407
16.05,-0.815195156683614,-17.44791032419,16.05,                     2071P   2408
0.0813568526559968,-17.3975619315683,16.05,0.977478305256537,       2071P   2409
-3.18839281506098,-3.08546687529353,0.,0.,0.;                       2071P   2410
126,2,2,0,0,0,0,-1.9871321218694,-1.9871321218694,                  2073P   2411
-1.9871321218694,-1.6822984733355,-1.6822984733355,                 2073P   2412
-1.6822984733355,1.,0.988407024858587,1.,-17.4059208850471,         2073P   2413
16.05,-0.815195156683619,-17.5311415091692,8.83735026721117,        2073P   2414
1.8584962395111,-16.8481220506236,0.999999999999995,                2073P   2415
4.44650518579385,-1.9871321218694,-1.6822984733355,0.,0.,0.;        2073P   2416
126,2,2,0,0,0,0,-3.18375295983109,-3.18375295983109,                2075P   2417
-3.18375295983109,-3.04470180644641,-3.04470180644641,              2075P   2418
-3.04470180644641,1.,0.99758407050579,1.,-16.410404513832,17.05,    2075P   2419
0.692277901137231,-16.4586132363843,17.05,-0.450506863304267,       2075P   2420
-16.3479626908169,17.05,-1.58894331543302,-3.18375295983109,        2075P   2421
-3.04470180644641,0.,0.,0.;                                         2075P   2422
126,2,2,0,0,0,0,0.,0.,0.,0.164864133041395,0.164864133041395,       2077P   2423
0.164864133041395,1.,1.0004725904491,1.,-16.3479626908169,17.05,    2077P   2424
-1.58894331543302,-16.8659984636537,16.5706816272729,               2077P   2425
-1.21383539999398,-17.4059208850471,16.05,-0.815195156683619,0.,    2077P   2426
0.164864133041395,0.,0.,0.;                                         2077P   2427
126,1,1,0,0,1,0,-0.934509318605681,-0.934509318605681,              2079P   2428
0.87991378346575,0.87991378346575,1.,1.,-14.5,17.05,                2079P   2429
-3.90097957647631,-14.5,-1.11022302462516D-15,2.30471291776244,     2079P   2430
-0.934509318605681,0.87991378346575,0.,0.,0.;                       2079P   2431
126,1,1,0,0,1,0,-1.04039964771682,-1.04039964771682,                2081P   2432
-0.898720866875271,-0.898720866875271,1.,1.,-15.8211477842009,      2081P   2433
17.05,-4.41269847037773,-14.5,17.05,-3.90097957647631,              2081P   2434
-1.04039964771682,-0.898720866875271,0.,0.,0.;                      2081P   2435
126,2,2,0,0,0,0,0.,0.,0.,0.143381289259796,0.143381289259796,       2083P   2436
0.143381289259796,1.,1.00039061486159,1.,-16.8481220506236,         2083P   2437
16.05,-4.44650518579386,-16.3206143480882,16.5644051041566,         2083P   2438
-4.42941428365981,-15.8211477842009,17.05,-4.41269847037773,0.,     2083P   2439
0.143381289259796,0.,0.,0.;                                         2083P   2440
126,2,2,0,0,0,0,-1.9871321218694,-1.9871321218694,                  2085P   2441
-1.9871321218694,-1.6822984733355,-1.6822984733355,                 2085P   2442
-1.6822984733355,1.,0.988407024858591,1.,-17.4059208850471,         2085P   2443
1.00000000000001,0.81519515668361,-17.5311415091692,                2085P   2444
8.21264973278899,-1.85849623951116,-16.8481220506236,16.05,         2085P   2445
-4.44650518579386,-1.9871321218694,-1.6822984733355,0.,0.,0.;       2085P   2446
126,2,2,0,0,0,0,0.,0.,0.,0.164864133041396,0.164864133041396,       2087P   2447
0.164864133041396,1.,1.00047259044899,1.,-16.3479626908169,         2087P   2448
-4.85722573273506D-16,1.58894331543301,-16.8659984636544,           2087P   2449
0.47931837272768,1.21383539999352,-17.4059208850471,1.,             2087P   2450
0.815195156683607,0.,0.164864133041396,0.,0.,0.;                    2087P   2451
126,1,1,0,0,1,0,-0.87991378346575,-0.87991378346575,                2089P   2452
0.934509318605681,0.934509318605681,1.,1.,-14.5,17.05,              2089P   2453
-2.30471291776245,-14.5,-1.11022302462516D-15,3.90097957647631,     2089P   2454
-0.87991378346575,0.934509318605681,0.,0.,0.;                       2089P   2455
126,1,1,0,0,1,0,-0.42177214585257,-0.42177214585257,                2091P   2456
-0.262145479981183,-0.262145479981183,1.,1.,-14.5,17.05,            2091P   2457
-3.90097957647631,-14.5,17.05,-2.30471291776244,                    2091P   2458
-0.42177214585257,-0.262145479981183,0.,0.,0.;                      2091P   2459
126,1,1,0,0,1,0,0.65170182215132,0.65170182215132,                  2093P   2460
0.849875791942258,0.849875791942258,1.,1.,-14.5,17.05,              2093P   2461
-2.30471291776244,-16.3479626908169,17.05,-1.58894331543302,        2093P   2462
0.65170182215132,0.849875791942258,0.,0.,0.;                        2093P   2463
126,2,2,0,0,0,0,-3.18839281506098,-3.18839281506098,                2095P   2464
-3.18839281506098,-3.08546687529353,-3.08546687529353,              2095P   2465
-3.08546687529353,1.,0.998676073598492,1.,-17.4059208850471,1.,     2095P   2466
0.815195156683606,-17.44791032419,1.,-0.0813568526560006,           2095P   2467
-17.3975619315683,1.,-0.977478305256537,-3.18839281506098,          2095P   2468
-3.08546687529353,0.,0.,0.;                                         2095P   2469
126,2,2,0,0,0,0,0.,0.,0.,0.143381289259797,0.143381289259797,       2097P   2470
0.143381289259797,1.,1.00039061486688,1.,-17.3975619315683,1.,      2097P   2471
-0.977478305256541,-16.8905909145027,0.485594895879111,             2097P   2472
-0.83072387436355,-16.410404513832,1.11022302462516D-15,            2097P   2473
-0.692277901137239,0.,0.143381289259797,0.,0.,0.;                   2097P   2474
126,2,2,0,0,0,0,-3.50255208041996,-3.50255208041996,                2099P   2475
-3.50255208041996,-3.39962614065251,-3.39962614065251,              2099P   2476
-3.39962614065251,1.,0.998676073598731,1.,-16.3021053226946,        2099P   2477
16.05,-6.15402202204159,-16.619089459634,16.05,                     2099P   2478
-5.31432584164103,-16.8481220506236,16.05,-4.44650518579385,        2099P   2479
-3.50255208041996,-3.39962614065251,0.,0.,0.;                       2099P   2480
126,2,2,0,0,0,0,-1.9871321218694,-1.9871321218694,                  2101P   2481
-1.9871321218694,-1.6822984733355,-1.6822984733355,                 2101P   2482
-1.6822984733355,1.,0.988407024858589,1.,-16.3021053226946,         2101P   2483
16.05,-6.15402202204159,-17.2474132923787,8.83735026721077,         2101P   2484
-3.64988569802813,-17.3975619315683,0.999999999999995,              2101P   2485
-0.977478305256537,-1.9871321218694,-1.6822984733355,0.,0.,0.;      2101P   2486
126,2,2,0,0,0,0,-2.86959369447211,-2.86959369447211,                2103P   2487
-2.86959369447211,-2.73054254108743,-2.73054254108743,              2103P   2488
-2.73054254108743,1.,0.997584070505867,1.,-15.8211477842009,        2103P   2489
17.05,-4.41269847037773,-15.5138570908014,17.05,                    2103P   2490
-5.51444868186846,-15.0568259576842,17.05,-6.56297318903621,        2103P   2491
-2.86959369447211,-2.73054254108743,0.,0.,0.;                       2103P   2492
126,2,2,0,0,0,0,0.,0.,0.,0.164864133041395,0.164864133041395,       2105P   2493
0.164864133041395,1.,1.00047259045039,1.,-15.0568259576842,         2105P   2494
17.05,-6.56297318903621,-15.6654219757103,16.5706816272726,         2105P   2495
-6.36630621924465,-16.3021053226946,16.05,-6.15402202204159,0.,     2105P   2496
0.164864133041395,0.,0.,0.;                                         2105P   2497
126,1,1,0,0,1,0,-0.934509318605681,-0.934509318605681,              2107P   2498
0.87991378346575,0.87991378346575,1.,1.,-12.584850502439,17.05,     2107P   2499
-8.19079846457884,-14.5025149450238,-1.11022302462516D-15,          2107P   2500
-2.28883417980915,-0.934509318605681,0.87991378346575,0.,0.,0.;     2107P   2501
126,1,1,0,0,1,0,-1.04039964771682,-1.04039964771682,                2109P   2502
-0.898720866875271,-0.898720866875271,1.,1.,-13.6832068770339,      2109P   2503
17.05,-9.08572917053403,-12.584850502439,17.05,                     2109P   2504
-8.19079846457884,-1.04039964771682,-0.898720866875271,0.,0.,0.;    2109P   2505
126,2,2,0,0,0,0,0.,0.,0.,0.143381289259796,0.143381289259796,       2111P   2506
0.143381289259796,1.,1.00039061487271,1.,-14.649470595595,16.05,    2111P   2507
-9.43523376863541,-14.1530623369859,16.5644051040796,               2111P   2508
-9.25597051007126,-13.6832068770339,17.05,-9.08572917053403,0.,     2111P   2509
0.143381289259796,0.,0.,0.;                                         2111P   2510
126,2,2,0,0,0,0,-1.9871321218694,-1.9871321218694,                  2113P   2511
-1.9871321218694,-1.6822984733355,-1.6822984733355,                 2113P   2512
-1.6822984733355,1.,0.988407024858586,1.,-16.8059236369894,         2113P   2513
0.999999999999996,-4.60342869040919,-16.0987994483969,              2113P   2514
8.21264973278885,-7.18495561622242,-14.649470595595,16.05,          2113P   2515
-9.43523376863541,-1.9871321218694,-1.6822984733355,0.,0.,0.;       2113P   2516
126,2,2,0,0,0,0,0.,0.,0.,0.164864133041396,0.164864133041396,       2115P   2517
0.164864133041396,1.,1.00047259044942,1.,-16.0388469328187,         2115P   2518
6.93889390390723D-17,-3.54062340070382,-16.4156135096541,           2115P   2519
0.479318372727173,-4.05745408549684,-16.8059236369894,1.,           2115P   2520
-4.60342869040919,0.,0.164864133041396,0.,0.,0.;                    2115P   2521
126,1,1,0,0,1,0,-0.87991378346575,-0.87991378346575,                2117P   2522
0.934509318605681,0.934509318605681,1.,1.,-13.0781240275357,        2117P   2523
17.05,-6.67265865706433,-14.9957884701205,-1.11022302462516D-15,    2117P   2524
-0.770694372294636,-0.87991378346575,0.934509318605681,0.,0.,0.;    2117P   2525
126,1,1,0,0,1,0,-0.42177214585257,-0.42177214585257,                2119P   2526
-0.262145479981183,-0.262145479981183,1.,1.,-12.584850502439,       2119P   2527
17.05,-8.19079846457884,-13.0781240275357,17.05,                    2119P   2528
-6.67265865706433,-0.42177214585257,-0.262145479981183,0.,0.,0.;    2119P   2529
126,1,1,0,0,1,0,0.65170182215132,0.65170182215132,                  2121P   2530
0.849875791942258,0.849875791942258,1.,1.,-13.0781240275357,        2121P   2531
17.05,-6.67265865706432,-15.0568259576842,17.05,                    2121P   2532
-6.56297318903621,0.65170182215132,0.849875791942258,0.,0.,0.;      2121P   2533
126,2,2,0,0,0,0,-2.874233549702,-2.874233549702,-2.874233549702,    2123P   2534
-2.77130760993455,-2.77130760993455,-2.77130760993455,1.,           2123P   2535
0.998676073598737,1.,-16.8059236369894,1.,-4.60342869040919,        2123P   2536
-16.5688081594748,1.,-5.46907577136858,-16.2440072347094,1.,        2123P   2537
-6.3057794092966,-2.874233549702,-2.77130760993455,0.,0.,0.;        2123P   2538
126,2,2,0,0,0,0,0.,0.,0.,0.143381289259797,0.143381289259797,       2125P   2539
0.143381289259797,1.,1.0003906148745,1.,-16.2440072347094,1.,       2125P   2540
-6.3057794092966,-15.8071987584982,0.485594895874396,               2125P   2541
-6.00954499156912,-15.3932965116377,-6.93889390390723D-17,          2125P   2542
-5.72948928830513,0.,0.143381289259797,0.,0.,0.;                    2125P   2543
126,2,2,0,0,0,0,-3.81671134577894,-3.81671134577894,                2127P   2544
-3.81671134577894,-3.71378540601149,-3.71378540601149,              2127P   2545
-3.71378540601149,1.,0.998676073598671,1.,-13.6025261079101,        2127P   2546
16.05,-10.8904503342894,-14.163476326764,16.05,                     2127P   2547
-10.1898052954729,-14.649470595595,16.05,-9.4352337686354,          2127P   2548
-3.81671134577894,-3.71378540601149,0.,0.,0.;                       2127P   2549
126,2,2,0,0,0,0,1.15446053172039,1.15446053172039,                  2129P   2550
1.15446053172039,1.4592941802543,1.4592941802543,                   2129P   2551
1.4592941802543,1.,0.988407024858595,1.,-13.6025261079101,16.05,    2129P   2552
-10.8904503342894,-15.2753880927356,8.8373502672111,                2129P   2553
-8.80099139319562,-16.2440072347094,1.,-6.3057794092966,            2129P   2554
1.15446053172039,1.4592941802543,0.,0.,0.;                          2129P   2555
126,2,2,0,0,0,0,-2.55543442911313,-2.55543442911313,                2131P   2556
-2.55543442911313,-2.41638327572845,-2.41638327572845,              2131P   2557
-2.41638327572845,1.,0.997584070505739,1.,-13.6832068770339,        2131P   2558
17.05,-9.08572917053403,-13.0504965217726,17.05,                    2131P   2559
-10.0385978420281,-12.2918221927382,17.05,-10.8945735199735,        2131P   2560
-2.55543442911313,-2.41638327572845,0.,0.,0.;                       2131P   2561
126,2,2,0,0,0,0,0.,0.,0.,0.164864133041395,0.164864133041395,       2133P   2562
0.164864133041395,1.,1.00047259044867,1.,-12.2918221927382,         2133P   2563
17.05,-10.8945735199735,-12.9314048373705,16.570681627273,          2133P   2564
-10.8955986290922,-13.6025261079101,16.05,-10.8904503342894,0.,     2133P   2565
0.164864133041395,0.,0.,0.;                                         2133P   2566
126,1,1,0,0,1,0,-0.934509318605681,-0.934509318605681,              2135P   2567
0.87991378346575,0.87991378346575,1.,1.,-9.43780815388982,17.05,    2135P   2568
-11.6788449303198,-13.0854226822655,-1.11022302462516D-15,          2135P   2569
-6.65833424061558,-0.934509318605681,0.87991378346575,0.,0.,0.;     2135P   2570
126,1,1,0,0,1,0,-1.04039964771682,-1.04039964771682,                2137P   2571
-0.89872086687527,-0.89872086687527,1.,1.,-10.2058583442345,        2137P   2572
17.05,-12.869385395481,-9.43780815388982,17.05,                     2137P   2573
-11.6788449303198,-1.04039964771682,-0.89872086687527,0.,0.,0.;     2137P   2574
126,2,2,0,0,0,0,0.,0.,0.,0.143381289259797,0.143381289259797,       2139P   2575
0.143381289259797,1.,1.00039061484639,1.,-11.0168268898061,         2139P   2576
16.05,-13.5003759310637,-10.6001099740537,16.5644051041078,         2139P   2577
-13.1764878527979,-10.2058583442345,17.05,-12.869385395481,0.,      2139P   2578
0.143381289259797,0.,0.,0.;                                         2139P   2579
126,2,2,0,0,0,0,-1.9871321218694,-1.9871321218694,                  2141P   2580
-1.9871321218694,-1.6822984733355,-1.6822984733355,                 2141P   2581
-1.6822984733355,1.,0.988407024858578,1.,-14.5608454895878,         2141P   2582
0.999999999999996,-9.57143686331106,-13.0905947306843,              2141P   2583
8.21264973278891,-11.8081014766885,-11.0168268898061,16.05,         2141P   2584
-13.5003759310637,-1.9871321218694,-1.6822984733355,0.,0.,0.;       2141P   2585
126,2,2,0,0,0,0,0.,0.,0.,0.164864133041396,0.164864133041396,       2143P   2586
0.164864133041396,1.,1.00047259044977,1.,-14.1597370878187,         2143P   2587
-4.85722573273506D-16,-8.32360922940596,-14.3583539310246,          2143P   2588
0.479318372727007,-8.93157169515403,-14.5608454895878,1.,           2143P   2589
-9.57143686331106,0.,0.164864133041396,0.,0.,0.;                    2143P   2590
126,1,1,0,0,1,0,-0.87991378346575,-0.87991378346575,                2145P   2591
0.934509318605681,0.934509318605681,1.,1.,-10.376070154608,         2145P   2592
17.05,-10.3874380758661,-14.0236846829837,-1.11022302462516D-15,    2145P   2593
-5.36692738616194,-0.87991378346575,0.934509318605681,0.,0.,0.;     2145P   2594
126,1,1,0,0,1,0,-0.42177214585257,-0.42177214585257,                2147P   2595
-0.262145479981183,-0.262145479981183,1.,1.,-9.43780815388982,      2147P   2596
17.05,-11.6788449303198,-10.376070154608,17.05,                     2147P   2597
-10.3874380758661,-0.42177214585257,-0.262145479981183,0.,0.,0.;    2147P   2598
126,1,1,0,0,1,0,0.65170182215132,0.65170182215132,                  2149P   2599
0.849875791942258,0.849875791942258,1.,1.,-10.376070154608,         2149P   2600
17.05,-10.3874380758661,-12.2918221927382,17.05,                    2149P   2601
-10.8945735199735,0.65170182215132,0.849875791942258,0.,0.,0.;      2149P   2602
126,2,2,0,0,0,0,-2.56007428434302,-2.56007428434302,                2151P   2603
-2.56007428434302,-2.45714834457557,-2.45714834457557,              2151P   2604
-2.45714834457557,1.,0.998676073598544,1.,-14.5608454895878,1.,     2151P   2605
-9.57143686331106,-14.0678356104357,1.,-10.321443448288,            2151P   2606
-13.5003759310637,1.,-11.0168268898061,-2.56007428434302,           2151P   2607
-2.45714834457557,0.,0.,0.;                                         2151P   2608
126,2,2,0,0,0,0,0.,0.,0.,0.143381289259797,0.143381289259797,       2153P   2609
0.143381289259797,1.,1.00039061486083,1.,-13.5003759310637,1.,      2153P   2610
-11.0168268898061,-13.1764878527966,0.485594895890137,              2153P   2611
-10.600109974052,-12.869385395481,2.77555756156289D-16,             2153P   2612
-10.2058583442345,0.,0.143381289259797,0.,0.,0.;                    2153P   2613
126,2,2,0,0,0,0,-4.13087061113792,-4.13087061113792,                2155P   2614
-4.13087061113792,-4.02794467137047,-4.02794467137047,              2155P   2615
-4.02794467137047,1.,0.998676073598781,1.,-9.57143686331106,        2155P   2616
16.05,-14.5608454895878,-10.321443448288,16.05,                     2155P   2617
-14.0678356104357,-11.0168268898061,16.05,-13.5003759310637,        2155P   2618
-4.13087061113792,-4.02794467137047,0.,0.,0.;                       2155P   2619
126,2,2,0,0,0,0,1.15446053172039,1.15446053172039,                  2157P   2620
1.15446053172039,1.4592941802543,1.4592941802543,                   2157P   2621
1.4592941802543,1.,0.988407024858588,1.,-9.57143686331106,16.05,    2157P   2622
-14.5608454895878,-11.8081014766885,8.83735026721106,               2157P   2623
-13.0905947306843,-13.5003759310637,0.999999999999996,              2157P   2624
-11.0168268898061,1.15446053172039,1.4592941802543,0.,0.,0.;        2157P   2625
126,2,2,0,0,0,0,-2.24127516375415,-2.24127516375415,                2159P   2626
-2.24127516375415,-2.10222401036947,-2.10222401036947,              2159P   2627
-2.10222401036947,1.,0.997584070505859,1.,-10.2058583442345,        2159P   2628
17.05,-12.869385395481,-9.30966242503667,17.05,                     2159P   2629
-13.5800991023862,-8.32360922940595,17.05,-14.1597370878187,        2159P   2630
-2.24127516375415,-2.10222401036947,0.,0.,0.;                       2159P   2631
126,2,2,0,0,0,0,0.,0.,0.,0.164864133041395,0.164864133041395,       2161P   2632
0.164864133041395,1.,1.00047259044915,1.,-8.32360922940595,         2161P   2633
17.05,-14.1597370878187,-8.93157169515485,16.5706816272723,         2161P   2634
-14.3583539310249,-9.57143686331105,16.05,-14.5608454895878,0.,     2161P   2635
0.164864133041395,0.,0.,0.;                                         2161P   2636
126,1,1,0,0,1,0,-0.934509318605681,-0.934509318605681,              2163P   2637
0.87991378346575,0.87991378346575,1.,1.,-5.36692738616194,17.05,    2163P   2638
-14.0236846829837,-10.3874380758661,-1.11022302462516D-15,          2163P   2639
-10.376070154608,-0.934509318605681,0.87991378346575,0.,0.,0.;      2163P   2640
126,1,1,0,0,1,0,-1.04039964771682,-1.04039964771682,                2165P   2641
-0.898720866875271,-0.898720866875271,1.,1.,-5.72948928830513,      2165P   2642
17.05,-15.3932965116377,-5.36692738616194,17.05,                    2165P   2643
-14.0236846829837,-1.04039964771682,-0.898720866875271,0.,0.,0.;    2165P   2644
126,2,2,0,0,0,0,0.,0.,0.,0.143381289259796,0.143381289259796,       2167P   2645
0.143381289259796,1.,1.0003906148629,1.,-6.3057794092966,16.05,     2167P   2646
-16.2440072347094,-6.00954499156005,16.5644051041413,               2167P   2647
-15.8071987584848,-5.72948928830513,17.05,-15.3932965116377,0.,     2167P   2648
0.143381289259796,0.,0.,0.;                                         2167P   2649
126,2,2,0,0,0,0,-1.9871321218694,-1.9871321218694,                  2169P   2650
-1.9871321218694,-1.6822984733355,-1.6822984733355,                 2169P   2651
-1.6822984733355,1.,0.988407024858575,1.,-10.8904503342894,1.,      2169P   2652
-13.6025261079101,-8.80099139319557,8.21264973278907,               2169P   2653
-15.2753880927356,-6.3057794092966,16.05,-16.2440072347094,         2169P   2654
-1.9871321218694,-1.6822984733355,0.,0.,0.;                         2169P   2655
126,2,2,0,0,0,0,0.,0.,0.,0.164864133041396,0.164864133041396,       2171P   2656
0.164864133041396,1.,1.00047259044849,1.,-10.8945735199735,         2171P   2657
-1.31838984174237D-15,-12.2918221927382,-10.8955986290922,          2171P   2658
0.479318372727215,-12.9314048373708,-10.8904503342894,1.,           2171P   2659
-13.6025261079101,0.,0.164864133041396,0.,0.,0.;                    2171P   2660
126,1,1,0,0,1,0,-0.87991378346575,-0.87991378346575,                2173P   2661
0.93450931860568,0.93450931860568,1.,1.,-6.65833424061557,17.05,    2173P   2662
-13.0854226822655,-11.6788449303198,-1.11022302462516D-15,          2173P   2663
-9.43780815388983,-0.87991378346575,0.93450931860568,0.,0.,0.;      2173P   2664
126,1,1,0,0,1,0,-0.42177214585257,-0.42177214585257,                2175P   2665
-0.262145479981183,-0.262145479981183,1.,1.,-5.36692738616194,      2175P   2666
17.05,-14.0236846829837,-6.65833424061558,17.05,                    2175P   2667
-13.0854226822655,-0.42177214585257,-0.262145479981183,0.,0.,0.;    2175P   2668
126,1,1,0,0,1,0,0.65170182215132,0.65170182215132,                  2177P   2669
0.849875791942258,0.849875791942258,1.,1.,-6.65833424061558,        2177P   2670
17.05,-13.0854226822655,-8.32360922940595,17.05,                    2177P   2671
-14.1597370878187,0.65170182215132,0.849875791942258,0.,0.,0.;      2177P   2672
126,2,2,0,0,0,0,-2.24591501898404,-2.24591501898404,                2179P   2673
-2.24591501898404,-2.1429890792166,-2.1429890792166,                2179P   2674
-2.1429890792166,1.,0.998676073598712,1.,-10.8904503342894,1.,      2179P   2675
-13.6025261079101,-10.1898052954729,1.,-14.163476326764,            2179P   2676
-9.43523376863541,1.,-14.649470595595,-2.24591501898404,            2179P   2677
-2.1429890792166,0.,0.,0.;                                          2179P   2678
126,2,2,0,0,0,0,0.,0.,0.,0.143381289259797,0.143381289259797,       2181P   2679
0.143381289259797,1.,1.00039061486217,1.,-9.43523376863541,1.,      2181P   2680
-14.649470595595,-9.2559705100502,0.485594895860155,                2181P   2681
-14.1530623369276,-9.08572917053402,-1.04083408558608D-15,          2181P   2682
-13.6832068770339,0.,0.143381289259797,0.,0.,0.;                    2181P   2683
126,2,2,0,0,0,0,-4.44502987649689,-4.44502987649689,                2183P   2684
-4.44502987649689,-4.34210393672945,-4.34210393672945,              2183P   2685
-4.34210393672945,1.,0.998676073598659,1.,-4.6034286904092,         2183P   2686
16.05,-16.8059236369894,-5.46907577136859,16.05,                    2183P   2687
-16.5688081594748,-6.30577940929661,16.05,-16.2440072347094,        2183P   2688
-4.44502987649689,-4.34210393672945,0.,0.,0.;                       2183P   2689
126,2,2,0,0,0,0,1.15446053172039,1.15446053172039,                  2185P   2690
1.15446053172039,1.4592941802543,1.4592941802543,                   2185P   2691
1.4592941802543,1.,0.988407024858577,1.,-4.60342869040919,16.05,    2185P   2692
-16.8059236369894,-7.18495561622241,8.83735026721115,               2185P   2693
-16.0987994483969,-9.43523376863541,0.999999999999999,              2185P   2694
-14.649470595595,1.15446053172039,1.4592941802543,0.,0.,0.;         2185P   2695
126,2,2,0,0,0,0,-1.92711589839517,-1.92711589839517,                2187P   2696
-1.92711589839517,-1.78806474501049,-1.78806474501049,              2187P   2697
-1.78806474501049,1.,0.99758407050583,1.,-5.72948928830513,         2187P   2698
17.05,-15.3932965116377,-4.65753370590599,17.05,                    2187P   2699
-15.7922856444886,-3.54062340070381,17.05,-16.0388469328187,        2187P   2700
-1.92711589839517,-1.78806474501049,0.,0.,0.;                       2187P   2701
126,2,2,0,0,0,0,0.,0.,0.,0.164864133041395,0.164864133041395,       2189P   2702
0.164864133041395,1.,1.00047259044975,1.,-3.54062340070381,         2189P   2703
17.05,-16.0388469328187,-4.05745408549686,16.5706816272728,         2189P   2704
-16.4156135096541,-4.60342869040918,16.05,-16.8059236369894,0.,     2189P   2705
0.164864133041395,0.,0.,0.;                                         2189P   2706
126,1,1,0,0,1,0,-0.934509318605681,-0.934509318605681,              2191P   2707
0.87991378346575,0.87991378346575,1.,1.,-0.770694372294632,         2191P   2708
17.05,-14.9957884701205,-6.67265865706432,-1.11022302462516D-15,    2191P   2709
-13.0781240275357,-0.934509318605681,0.87991378346575,0.,0.,0.;     2191P   2710
126,1,1,0,0,1,0,-1.04039964771682,-1.04039964771682,                2193P   2711
-0.898720866875271,-0.898720866875271,1.,1.,-0.692277901137237,     2193P   2712
17.05,-16.410404513832,-0.770694372294633,17.05,                    2193P   2713
-14.9957884701205,-1.04039964771682,-0.898720866875271,0.,0.,0.;    2193P   2714
126,2,2,0,0,0,0,0.,0.,0.,0.143381289259796,0.143381289259796,       2195P   2715
0.143381289259796,1.,1.000390614874,1.,-0.977478305256537,16.05,    2195P   2716
-17.3975619315683,-0.830723874364243,16.5644051041184,              2195P   2717
-16.8905909145051,-0.692277901137237,17.05,-16.410404513832,0.,     2195P   2718
0.143381289259796,0.,0.,0.;                                         2195P   2719
126,2,2,0,0,0,0,-1.9871321218694,-1.9871321218694,                  2197P   2720
-1.9871321218694,-1.6822984733355,-1.6822984733355,                 2197P   2721
-1.6822984733355,1.,0.988407024858587,1.,-6.15402202204158,         2197P   2722
1.00000000000001,-16.3021053226946,-3.6498856980282,                2197P   2723
8.21264973278902,-17.2474132923787,-0.977478305256535,16.05,        2197P   2724
-17.3975619315683,-1.9871321218694,-1.6822984733355,0.,0.,0.;       2197P   2725
126,2,2,0,0,0,0,0.,0.,0.,0.164864133041396,0.164864133041396,       2199P   2726
0.164864133041396,1.,1.00047259044988,1.,-6.56297318903621,         2199P   2727
-9.71445146547012D-16,-15.0568259576842,-6.3663062192446,           2199P   2728
0.479318372727495,-15.6654219757104,-6.15402202204158,1.,           2199P   2729
-16.3021053226946,0.,0.164864133041396,0.,0.,0.;                    2199P   2730
126,1,1,0,0,1,0,-0.87991378346575,-0.87991378346575,                2201P   2731
0.934509318605681,0.934509318605681,1.,1.,-2.28883417980915,        2201P   2732
17.05,-14.5025149450238,-8.19079846457884,-1.11022302462516D-15,    2201P   2733
-12.584850502439,-0.87991378346575,0.934509318605681,0.,0.,0.;      2201P   2734
126,1,1,0,0,1,0,-0.42177214585257,-0.42177214585257,                2203P   2735
-0.262145479981183,-0.262145479981183,1.,1.,-0.770694372294632,     2203P   2736
17.05,-14.9957884701205,-2.28883417980915,17.05,                    2203P   2737
-14.5025149450238,-0.42177214585257,-0.262145479981183,0.,0.,0.;    2203P   2738
126,1,1,0,0,1,0,0.65170182215132,0.65170182215132,                  2205P   2739
0.849875791942258,0.849875791942258,1.,1.,-2.28883417980915,        2205P   2740
17.05,-14.5025149450238,-3.54062340070381,17.05,                    2205P   2741
-16.0388469328187,0.65170182215132,0.849875791942258,0.,0.,0.;      2205P   2742
126,2,2,0,0,0,0,-1.93175575362506,-1.93175575362506,                2207P   2743
-1.93175575362506,-1.82882981385762,-1.82882981385762,              2207P   2744
-1.82882981385762,1.,0.998676073598711,1.,-6.15402202204159,1.,     2207P   2745
-16.3021053226946,-5.31432584164103,1.,-16.619089459634,            2207P   2746
-4.44650518579385,1.,-16.8481220506236,-1.93175575362506,           2207P   2747
-1.82882981385762,0.,0.,0.;                                         2207P   2748
126,2,2,0,0,0,0,0.,0.,0.,0.143381289259797,0.143381289259797,       2209P   2749
0.143381289259797,1.,1.00039061485973,1.,-4.44650518579385,1.,      2209P   2750
-16.8481220506236,-4.42941428366076,0.485594895871633,              2209P   2751
-16.3206143481172,-4.41269847037773,-1.17961196366423D-15,          2209P   2752
-15.8211477842009,0.,0.143381289259797,0.,0.,0.;                    2209P   2753
126,2,2,0,0,0,0,-4.75918914185587,-4.75918914185587,                2211P   2754
-4.75918914185587,-4.65626320208843,-4.65626320208843,              2211P   2755
-4.65626320208843,1.,0.998676073598496,1.,0.815195156683605,        2211P   2756
16.05,-17.4059208850471,-0.0813568526560056,16.05,                  2211P   2757
-17.44791032419,-0.977478305256546,16.05,-17.3975619315683,         2211P   2758
-4.75918914185587,-4.65626320208843,0.,0.,0.;                       2211P   2759
126,2,2,0,0,0,0,1.15446053172039,1.15446053172039,                  2213P   2760
1.15446053172039,1.4592941802543,1.4592941802543,                   2213P   2761
1.4592941802543,1.,0.988407024858597,1.,0.815195156683616,16.05,    2213P   2762
-17.4059208850471,-1.85849623951117,8.83735026721096,               2213P   2763
-17.5311415091692,-4.44650518579385,1.,-16.8481220506236,           2213P   2764
1.15446053172039,1.4592941802543,0.,0.,0.;                          2213P   2765
126,2,2,0,0,0,0,-1.61295663303619,-1.61295663303619,                2215P   2766
-1.61295663303619,-1.47390547965151,-1.47390547965151,              2215P   2767
-1.47390547965151,1.,0.99758407050579,1.,-0.692277901137235,        2215P   2768
17.05,-16.410404513832,0.450506863304266,17.05,                     2215P   2769
-16.4586132363843,1.58894331543302,17.05,-16.3479626908169,         2215P   2770
-1.61295663303619,-1.47390547965151,0.,0.,0.;                       2215P   2771
126,2,2,0,0,0,0,0.,0.,0.,0.164864133041395,0.164864133041395,       2217P   2772
0.164864133041395,1.,1.00047259045078,1.,1.58894331543302,17.05,    2217P   2773
-16.3479626908169,1.21383539999418,16.5706816272732,                2217P   2774
-16.8659984636535,0.815195156683618,16.05,-17.4059208850471,0.,     2217P   2775
0.164864133041395,0.,0.,0.;                                         2217P   2776
126,1,1,0,0,1,0,-0.934509318605681,-0.934509318605681,              2219P   2777
0.87991378346575,0.87991378346575,1.,1.,3.90097957647631,17.05,     2219P   2778
-14.5,-2.30471291776244,-1.11022302462516D-15,-14.5,                2219P   2779
-0.934509318605681,0.87991378346575,0.,0.,0.;                       2219P   2780
126,1,1,0,0,1,0,-1.04039964771682,-1.04039964771682,                2221P   2781
-0.898720866875271,-0.898720866875271,1.,1.,4.41269847037773,       2221P   2782
17.05,-15.8211477842009,3.90097957647631,17.05,-14.5,               2221P   2783
-1.04039964771682,-0.898720866875271,0.,0.,0.;                      2221P   2784
126,2,2,0,0,0,0,0.,0.,0.,0.143381289259796,0.143381289259796,       2223P   2785
0.143381289259796,1.,1.00039061484653,1.,4.44650518579385,16.05,    2223P   2786
-16.8481220506236,4.42941428366069,16.5644051041305,                2223P   2787
-16.320614348115,4.41269847037773,17.05,-15.8211477842009,0.,       2223P   2788
0.143381289259796,0.,0.,0.;                                         2223P   2789
126,2,2,0,0,0,0,-1.9871321218694,-1.9871321218694,                  2225P   2790
-1.9871321218694,-1.6822984733355,-1.6822984733355,                 2225P   2791
-1.6822984733355,1.,0.988407024858602,1.,-0.815195156683611,        2225P   2792
1.00000000000001,-17.4059208850471,1.85849623951116,                2225P   2793
8.21264973278901,-17.5311415091692,4.44650518579386,16.05,          2225P   2794
-16.8481220506236,-1.9871321218694,-1.6822984733355,0.,0.,0.;       2225P   2795
126,2,2,0,0,0,0,0.,0.,0.,0.164864133041396,0.164864133041396,       2227P   2796
0.164864133041396,1.,1.00047259045065,1.,-1.58894331543302,         2227P   2797
-6.93889390390723D-17,-16.3479626908169,-1.21383539999385,          2227P   2798
0.479318372727259,-16.8659984636539,-0.81519515668361,1.,           2227P   2799
-17.4059208850471,0.,0.164864133041396,0.,0.,0.;                    2227P   2800
126,1,1,0,0,1,0,-0.87991378346575,-0.87991378346575,                2229P   2801
0.934509318605681,0.934509318605681,1.,1.,2.30471291776244,         2229P   2802
17.05,-14.5,-3.90097957647631,-1.11022302462516D-15,-14.5,          2229P   2803
-0.87991378346575,0.934509318605681,0.,0.,0.;                       2229P   2804
126,1,1,0,0,1,0,-0.42177214585257,-0.42177214585257,                2231P   2805
-0.262145479981183,-0.262145479981183,1.,1.,3.90097957647631,       2231P   2806
17.05,-14.5,2.30471291776244,17.05,-14.5,-0.42177214585257,         2231P   2807
-0.262145479981183,0.,0.,0.;                                        2231P   2808
126,1,1,0,0,1,0,0.65170182215132,0.65170182215132,                  2233P   2809
0.849875791942258,0.849875791942258,1.,1.,2.30471291776244,         2233P   2810
17.05,-14.5,1.58894331543302,17.05,-16.3479626908169,               2233P   2811
0.65170182215132,0.849875791942258,0.,0.,0.;                        2233P   2812
126,2,2,0,0,0,0,-1.61759648826608,-1.61759648826608,                2235P   2813
-1.61759648826608,-1.51467054849864,-1.51467054849864,              2235P   2814
-1.51467054849864,1.,0.998676073598493,1.,-0.815195156683615,1.,    2235P   2815
-17.4059208850471,0.0813568526559975,1.,-17.44791032419,            2235P   2816
0.97747830525654,1.,-17.3975619315683,-1.61759648826608,            2235P   2817
-1.51467054849864,0.,0.,0.;                                         2235P   2818
126,2,2,0,0,0,0,0.,0.,0.,0.143381289259797,0.143381289259797,       2237P   2819
0.143381289259797,1.,1.00039061484695,1.,0.97747830525654,1.,       2237P   2820
-17.3975619315683,0.830723874379504,0.485594895935052,              2237P   2821
-16.8905909145579,0.692277901137239,1.11022302462516D-15,           2237P   2822
-16.410404513832,0.,0.143381289259797,0.,0.,0.;                     2237P   2823
126,2,2,0,0,0,0,-5.07334840721485,-5.07334840721485,                2239P   2824
-5.07334840721485,-4.97042246744741,-4.97042246744741,              2239P   2825
-4.97042246744741,1.,0.99867607359883,1.,6.15402202204158,16.05,    2239P   2826
-16.3021053226946,5.31432584164102,16.05,-16.619089459634,          2239P   2827
4.44650518579384,16.05,-16.8481220506236,-5.07334840721485,         2239P   2828
-4.97042246744741,0.,0.,0.;                                         2239P   2829
126,2,2,0,0,0,0,1.15446053172039,1.15446053172039,                  2241P   2830
1.15446053172039,1.4592941802543,1.4592941802543,                   2241P   2831
1.4592941802543,1.,0.988407024858587,1.,6.15402202204159,16.05,     2241P   2832
-16.3021053226946,3.64988569802813,8.83735026721078,                2241P   2833
-17.2474132923787,0.97747830525654,1.,-17.3975619315683,            2241P   2834
1.15446053172039,1.4592941802543,0.,0.,0.;                          2241P   2835
126,2,2,0,0,0,0,-1.29879736767721,-1.29879736767721,                2243P   2836
-1.29879736767721,-1.15974621429253,-1.15974621429253,              2243P   2837
-1.15974621429253,1.,0.997584070505878,1.,4.41269847037773,         2243P   2838
17.05,-15.8211477842009,5.51444868186843,17.05,                     2243P   2839
-15.5138570908014,6.56297318903621,17.05,-15.0568259576842,         2243P   2840
-1.29879736767721,-1.15974621429253,0.,0.,0.;                       2243P   2841
126,2,2,0,0,0,0,0.,0.,0.,0.164864133041395,0.164864133041395,       2245P   2842
0.164864133041395,1.,1.0004725904509,1.,6.56297318903621,17.05,     2245P   2843
-15.0568259576842,6.36630621924464,16.5706816272726,                2245P   2844
-15.6654219757103,6.15402202204159,16.05,-16.3021053226946,0.,      2245P   2845
0.164864133041395,0.,0.,0.;                                         2245P   2846
126,1,1,0,0,1,0,-0.934509318605681,-0.934509318605681,              2247P   2847
0.87991378346575,0.87991378346575,1.,1.,8.19079846457884,17.05,     2247P   2848
-12.584850502439,2.28883417980915,-1.11022302462516D-15,            2247P   2849
-14.5025149450238,-0.934509318605681,0.87991378346575,0.,0.,0.;     2247P   2850
126,1,1,0,0,1,0,-1.04039964771682,-1.04039964771682,                2249P   2851
-0.89872086687527,-0.89872086687527,1.,1.,9.08572917053403,         2249P   2852
17.05,-13.6832068770339,8.19079846457884,17.05,-12.584850502439,    2249P   2853
-1.04039964771682,-0.89872086687527,0.,0.,0.;                       2249P   2854
126,2,2,0,0,0,0,0.,0.,0.,0.143381289259796,0.143381289259796,       2251P   2855
0.143381289259796,1.,1.00039061485638,1.,9.43523376863541,16.05,    2251P   2856
-14.649470595595,9.25597051005353,16.5644051041303,                 2251P   2857
-14.1530623369368,9.08572917053403,17.05,-13.6832068770339,0.,      2251P   2858
0.143381289259796,0.,0.,0.;                                         2251P   2859
126,2,2,0,0,0,0,-1.9871321218694,-1.9871321218694,                  2253P   2860
-1.9871321218694,-1.6822984733355,-1.6822984733355,                 2253P   2861
-1.6822984733355,1.,0.988407024858588,1.,4.60342869040919,          2253P   2862
0.999999999999996,-16.8059236369894,7.18495561622245,               2253P   2863
8.21264973278893,-16.0987994483969,9.43523376863541,16.05,          2253P   2864
-14.649470595595,-1.9871321218694,-1.6822984733355,0.,0.,0.;        2253P   2865
126,2,2,0,0,0,0,0.,0.,0.,0.164864133041396,0.164864133041396,       2255P   2866
0.164864133041396,1.,1.00047259045073,1.,3.54062340070381,          2255P   2867
-1.04083408558608D-15,-16.0388469328187,4.057454085497,             2255P   2868
0.479318372727318,-16.4156135096542,4.60342869040919,1.,            2255P   2869
-16.8059236369894,0.,0.164864133041396,0.,0.,0.;                    2255P   2870
126,1,1,0,0,1,0,-0.87991378346575,-0.87991378346575,                2257P   2871
0.934509318605681,0.934509318605681,1.,1.,6.67265865706433,         2257P   2872
17.05,-13.0781240275357,0.770694372294636,-1.11022302462516D-15,    2257P   2873
-14.9957884701205,-0.87991378346575,0.934509318605681,0.,0.,0.;     2257P   2874
126,1,1,0,0,1,0,-0.42177214585257,-0.42177214585257,                2259P   2875
-0.262145479981183,-0.262145479981183,1.,1.,8.19079846457884,       2259P   2876
17.05,-12.584850502439,6.67265865706433,17.05,-13.0781240275357,    2259P   2877
-0.42177214585257,-0.262145479981183,0.,0.,0.;                      2259P   2878
126,1,1,0,0,1,0,0.65170182215132,0.65170182215132,                  2261P   2879
0.849875791942258,0.849875791942258,1.,1.,6.67265865706432,         2261P   2880
17.05,-13.0781240275357,6.56297318903621,17.05,                     2261P   2881
-15.0568259576842,0.65170182215132,0.849875791942258,0.,0.,0.;      2261P   2882
126,2,2,0,0,0,0,-1.3034372229071,-1.3034372229071,                  2263P   2883
-1.3034372229071,-1.20051128313966,-1.20051128313966,               2263P   2884
-1.20051128313966,1.,0.998676073598767,1.,4.60342869040919,1.,      2263P   2885
-16.8059236369894,5.46907577136858,1.,-16.5688081594748,            2263P   2886
6.3057794092966,1.,-16.2440072347094,-1.3034372229071,              2263P   2887
-1.20051128313966,0.,0.,0.;                                         2263P   2888
126,2,2,0,0,0,0,0.,0.,0.,0.143381289259797,0.143381289259797,       2265P   2889
0.143381289259797,1.,1.00039061486746,1.,6.3057794092966,1.,        2265P   2890
-16.2440072347094,6.00954499156912,0.485594895874401,               2265P   2891
-15.8071987584982,5.72948928830513,-6.93889390390723D-17,           2265P   2892
-15.3932965116377,0.,0.143381289259797,0.,0.,0.;                    2265P   2893
126,2,2,0,0,0,0,-5.38750767257383,-5.38750767257383,                2267P   2894
-5.38750767257383,-5.28458173280639,-5.28458173280639,              2267P   2895
-5.28458173280639,1.,0.998676073598736,1.,10.8904503342894,         2267P   2896
16.05,-13.6025261079101,10.1898052954729,16.05,-14.163476326764,    2267P   2897
9.4352337686354,16.05,-14.649470595595,-5.38750767257383,           2267P   2898
-5.28458173280639,0.,0.,0.;                                         2267P   2899
126,2,2,0,0,0,0,1.15446053172039,1.15446053172039,                  2269P   2900
1.15446053172039,1.4592941802543,1.4592941802543,                   2269P   2901
1.4592941802543,1.,0.988407024858595,1.,10.8904503342894,16.05,     2269P   2902
-13.6025261079101,8.80099139319562,8.83735026721109,                2269P   2903
-15.2753880927356,6.3057794092966,1.,-16.2440072347094,             2269P   2904
1.15446053172039,1.4592941802543,0.,0.,0.;                          2269P   2905
126,2,2,0,0,0,0,-0.984638102318235,-0.984638102318235,              2271P   2906
-0.984638102318235,-0.845586948933554,-0.845586948933554,           2271P   2907
-0.845586948933554,1.,0.997584070505922,1.,9.08572917053403,        2271P   2908
17.05,-13.6832068770339,10.0385978420281,17.05,                     2271P   2909
-13.0504965217726,10.8945735199735,17.05,-12.2918221927382,         2271P   2910
-0.984638102318235,-0.845586948933554,0.,0.,0.;                     2271P   2911
126,2,2,0,0,0,0,0.,0.,0.,0.164864133041395,0.164864133041395,       2273P   2912
0.164864133041395,1.,1.00047259044966,1.,10.8945735199735,17.05,    2273P   2913
-12.2918221927382,10.8955986290922,16.5706816272728,                2273P   2914
-12.9314048373708,10.8904503342894,16.05,-13.6025261079101,0.,      2273P   2915
0.164864133041395,0.,0.,0.;                                         2273P   2916
126,1,1,0,0,1,0,-0.934509318605681,-0.934509318605681,              2275P   2917
0.87991378346575,0.87991378346575,1.,1.,11.6788449303198,17.05,     2275P   2918
-9.43780815388982,6.65833424061558,-1.11022302462516D-15,           2275P   2919
-13.0854226822655,-0.934509318605681,0.87991378346575,0.,0.,0.;     2275P   2920
126,1,1,0,0,1,0,-1.04039964771682,-1.04039964771682,                2277P   2921
-0.89872086687527,-0.89872086687527,1.,1.,12.869385395481,17.05,    2277P   2922
-10.2058583442345,11.6788449303198,17.05,-9.43780815388982,         2277P   2923
-1.04039964771682,-0.89872086687527,0.,0.,0.;                       2277P   2924
126,2,2,0,0,0,0,0.,0.,0.,0.143381289259796,0.143381289259796,       2279P   2925
0.143381289259796,1.,1.00039061483898,1.,13.5003759310637,16.05,    2279P   2926
-11.0168268898061,13.1764878527977,16.5644051041081,                2279P   2927
-10.6001099740534,12.869385395481,17.05,-10.2058583442345,0.,       2279P   2928
0.143381289259796,0.,0.,0.;                                         2279P   2929
126,2,2,0,0,0,0,-1.9871321218694,-1.9871321218694,                  2281P   2930
-1.9871321218694,-1.6822984733355,-1.6822984733355,                 2281P   2931
-1.6822984733355,1.,0.988407024858592,1.,9.57143686331106,          2281P   2932
1.00000000000001,-14.5608454895878,11.8081014766885,                2281P   2933
8.21264973278904,-13.0905947306842,13.5003759310637,16.05,          2281P   2934
-11.0168268898061,-1.9871321218694,-1.6822984733355,0.,0.,0.;       2281P   2935
126,2,2,0,0,0,0,0.,0.,0.,0.164864133041396,0.164864133041396,       2283P   2936
0.164864133041396,1.,1.00047259044903,1.,8.32360922940596,          2283P   2937
-9.0205620750794D-16,-14.1597370878187,8.93157169515406,            2283P   2938
0.479318372727031,-14.3583539310246,9.57143686331106,1.,            2283P   2939
-14.5608454895878,0.,0.164864133041396,0.,0.,0.;                    2283P   2940
126,1,1,0,0,1,0,-0.87991378346575,-0.87991378346575,                2285P   2941
0.934509318605681,0.934509318605681,1.,1.,10.3874380758661,         2285P   2942
17.05,-10.376070154608,5.36692738616194,-1.11022302462516D-15,      2285P   2943
-14.0236846829837,-0.87991378346575,0.934509318605681,0.,0.,0.;     2285P   2944
126,1,1,0,0,1,0,-0.42177214585257,-0.42177214585257,                2287P   2945
-0.262145479981183,-0.262145479981183,1.,1.,11.6788449303198,       2287P   2946
17.05,-9.43780815388982,10.3874380758661,17.05,-10.376070154608,    2287P   2947
-0.42177214585257,-0.262145479981183,0.,0.,0.;                      2287P   2948
126,1,1,0,0,1,0,0.65170182215132,0.65170182215132,                  2289P   2949
0.849875791942258,0.849875791942258,1.,1.,10.3874380758661,         2289P   2950
17.05,-10.376070154608,10.8945735199735,17.05,-12.2918221927382,    2289P   2951
0.65170182215132,0.849875791942258,0.,0.,0.;                        2289P   2952
126,2,2,0,0,0,0,-0.989277957548122,-0.989277957548122,              2291P   2953
-0.989277957548122,-0.886352017780678,-0.886352017780678,           2291P   2954
-0.886352017780678,1.,0.998676073598749,1.,9.57143686331106,1.,     2291P   2955
-14.5608454895878,10.321443448288,1.,-14.0678356104357,             2291P   2956
11.0168268898061,1.,-13.5003759310637,-0.989277957548122,           2291P   2957
-0.886352017780678,0.,0.,0.;                                        2291P   2958
126,2,2,0,0,0,0,0.,0.,0.,0.143381289259797,0.143381289259797,       2293P   2959
0.143381289259797,1.,1.00039061486176,1.,11.0168268898061,1.,       2293P   2960
-13.5003759310637,10.6001099740515,0.485594895889586,               2293P   2961
-13.1764878527962,10.2058583442345,1.38777878078145D-16,            2293P   2962
-12.869385395481,0.,0.143381289259797,0.,0.,0.;                     2293P   2963
126,2,2,0,0,0,0,-5.70166693793281,-5.70166693793281,                2295P   2964
-5.70166693793281,-5.59874099816537,-5.59874099816537,              2295P   2965
-5.59874099816537,1.,0.9986760735988,1.,14.5608454895878,16.05,     2295P   2966
-9.57143686331105,14.0678356104357,16.05,-10.321443448288,          2295P   2967
13.5003759310637,16.05,-11.0168268898061,-5.70166693793281,         2295P   2968
-5.59874099816537,0.,0.,0.;                                         2295P   2969
126,2,2,0,0,0,0,1.15446053172039,1.15446053172039,                  2297P   2970
1.15446053172039,1.4592941802543,1.4592941802543,                   2297P   2971
1.4592941802543,1.,0.988407024858616,1.,14.5608454895878,16.05,     2297P   2972
-9.57143686331106,13.0905947306842,8.83735026721102,                2297P   2973
-11.8081014766885,11.0168268898061,1.00000000000001,                2297P   2974
-13.5003759310637,1.15446053172039,1.4592941802543,0.,0.,0.;        2297P   2975
126,2,2,0,0,0,0,-0.670478836959256,-0.670478836959256,              2299P   2976
-0.670478836959256,-0.531427683574574,-0.531427683574574,           2299P   2977
-0.531427683574574,1.,0.997584070505779,1.,12.869385395481,         2299P   2978
17.05,-10.2058583442345,13.5800991023862,17.05,                     2299P   2979
-9.30966242503665,14.1597370878187,17.05,-8.32360922940595,         2299P   2980
-0.670478836959256,-0.531427683574574,0.,0.,0.;                     2299P   2981
126,2,2,0,0,0,0,0.,0.,0.,0.164864133041395,0.164864133041395,       2301P   2982
0.164864133041395,1.,1.00047259045066,1.,14.1597370878187,17.05,    2301P   2983
-8.32360922940595,14.3583539310247,16.5706816272728,                2301P   2984
-8.93157169515429,14.5608454895878,16.05,-9.57143686331105,0.,      2301P   2985
0.164864133041395,0.,0.,0.;                                         2301P   2986
126,1,1,0,0,1,0,-0.934509318605681,-0.934509318605681,              2303P   2987
0.87991378346575,0.87991378346575,1.,1.,14.0236846829837,17.05,     2303P   2988
-5.36692738616194,10.376070154608,-1.11022302462516D-15,            2303P   2989
-10.3874380758661,-0.934509318605681,0.87991378346575,0.,0.,0.;     2303P   2990
126,1,1,0,0,1,0,-1.04039964771682,-1.04039964771682,                2305P   2991
-0.898720866875271,-0.898720866875271,1.,1.,15.3932965116377,       2305P   2992
17.05,-5.72948928830513,14.0236846829837,17.05,                     2305P   2993
-5.36692738616194,-1.04039964771682,-0.898720866875271,0.,0.,0.;    2305P   2994
126,2,2,0,0,0,0,0.,0.,0.,0.143381289259796,0.143381289259796,       2307P   2995
0.143381289259796,1.,1.00039061487059,1.,16.2440072347094,16.05,    2307P   2996
-6.3057794092966,15.8071987584848,16.5644051041414,                 2307P   2997
-6.00954499156004,15.3932965116377,17.05,-5.72948928830513,0.,      2307P   2998
0.143381289259796,0.,0.,0.;                                         2307P   2999
126,2,2,0,0,0,0,-1.9871321218694,-1.9871321218694,                  2309P   3000
-1.9871321218694,-1.6822984733355,-1.6822984733355,                 2309P   3001
-1.6822984733355,1.,0.988407024858591,1.,13.6025261079101,          2309P   3002
1.00000000000001,-10.8904503342894,15.2753880927356,                2309P   3003
8.21264973278874,-8.80099139319567,16.2440072347094,16.05,          2309P   3004
-6.3057794092966,-1.9871321218694,-1.6822984733355,0.,0.,0.;        2309P   3005
126,2,2,0,0,0,0,0.,0.,0.,0.164864133041396,0.164864133041396,       2311P   3006
0.164864133041396,1.,1.00047259045047,1.,12.2918221927382,          2311P   3007
-1.2490009027033D-15,-10.8945735199735,12.9314048373707,            2311P   3008
0.479318372727161,-10.8955986290922,13.6025261079101,1.,            2311P   3009
-10.8904503342894,0.,0.164864133041396,0.,0.,0.;                    2311P   3010
126,1,1,0,0,1,0,-0.87991378346575,-0.87991378346575,                2313P   3011
0.93450931860568,0.93450931860568,1.,1.,13.0854226822655,17.05,     2313P   3012
-6.65833424061557,9.43780815388983,-1.11022302462516D-15,           2313P   3013
-11.6788449303198,-0.87991378346575,0.93450931860568,0.,0.,0.;      2313P   3014
126,1,1,0,0,1,0,-0.42177214585257,-0.42177214585257,                2315P   3015
-0.262145479981183,-0.262145479981183,1.,1.,14.0236846829837,       2315P   3016
17.05,-5.36692738616194,13.0854226822655,17.05,                     2315P   3017
-6.65833424061558,-0.42177214585257,-0.262145479981183,0.,0.,0.;    2315P   3018
126,1,1,0,0,1,0,0.65170182215132,0.65170182215132,                  2317P   3019
0.849875791942258,0.849875791942258,1.,1.,13.0854226822655,         2317P   3020
17.05,-6.65833424061558,14.1597370878187,17.05,                     2317P   3021
-8.32360922940595,0.65170182215132,0.849875791942258,0.,0.,0.;      2317P   3022
126,2,2,0,0,0,0,-0.675118692189143,-0.675118692189143,              2319P   3023
-0.675118692189143,-0.572192752421699,-0.572192752421699,           2319P   3024
-0.572192752421699,1.,0.998676073598634,1.,13.6025261079101,1.,     2319P   3025
-10.8904503342894,14.163476326764,1.,-10.1898052954729,             2319P   3026
14.649470595595,1.,-9.43523376863541,-0.675118692189143,            2319P   3027
-0.572192752421699,0.,0.,0.;                                        2319P   3028
126,2,2,0,0,0,0,0.,0.,0.,0.143381289259797,0.143381289259797,       2321P   3029
0.143381289259797,1.,1.00039061486488,1.,14.649470595595,1.,        2321P   3030
-9.43523376863541,14.153062336959,0.485594895892625,                2321P   3031
-9.25597051006155,13.6832068770339,-9.71445146547012D-16,           2321P   3032
-9.08572917053402,0.,0.143381289259797,0.,0.,0.;                    2321P   3033
126,2,2,0,0,0,0,-6.01582620329179,-6.01582620329179,                2323P   3034
-6.01582620329179,-5.91290026352435,-5.91290026352435,              2323P   3035
-5.91290026352435,1.,0.99867607359882,1.,16.8059236369894,16.05,    2323P   3036
-4.60342869040918,16.5688081594748,16.05,-5.46907577136858,         2323P   3037
16.2440072347094,16.05,-6.30577940929661,-6.01582620329179,         2323P   3038
-5.91290026352435,0.,0.,0.;                                         2323P   3039
126,2,2,0,0,0,0,1.15446053172039,1.15446053172039,                  2325P   3040
1.15446053172039,1.4592941802543,1.4592941802543,                   2325P   3041
1.4592941802543,1.,0.988407024858565,1.,16.8059236369894,16.05,     2325P   3042
-4.60342869040919,16.0987994483969,8.83735026721113,                2325P   3043
-7.18495561622242,14.649470595595,1.,-9.43523376863541,             2325P   3044
1.15446053172039,1.4592941802543,0.,0.,0.;                          2325P   3045
126,2,2,0,0,0,0,-0.356319571600277,-0.356319571600277,              2327P   3046
-0.356319571600277,-0.217268418215595,-0.217268418215595,           2327P   3047
-0.217268418215595,1.,0.997584070505848,1.,15.3932965116377,        2327P   3048
17.05,-5.72948928830513,15.7922856444886,17.05,                     2327P   3049
-4.65753370590599,16.0388469328187,17.05,-3.54062340070381,         2327P   3050
-0.356319571600277,-0.217268418215595,0.,0.,0.;                     2327P   3051
126,2,2,0,0,0,0,0.,0.,0.,0.164864133041395,0.164864133041395,       2329P   3052
0.164864133041395,1.,1.00047259044958,1.,16.0388469328187,17.05,    2329P   3053
-3.54062340070382,16.4156135096541,16.5706816272727,                2329P   3054
-4.05745408549693,16.8059236369894,16.05,-4.60342869040918,0.,      2329P   3055
0.164864133041395,0.,0.,0.;                                         2329P   3056
126,1,1,0,0,1,0,-0.934509318605681,-0.934509318605681,              2331P   3057
0.87991378346575,0.87991378346575,1.,1.,14.9957884701205,17.05,     2331P   3058
-0.770694372294633,13.0781240275357,-1.11022302462516D-15,          2331P   3059
-6.67265865706432,-0.934509318605681,0.87991378346575,0.,0.,0.;     2331P   3060
126,1,1,0,0,1,0,-1.04039964771682,-1.04039964771682,                2333P   3061
-0.898720866875271,-0.898720866875271,1.,1.,16.410404513832,        2333P   3062
17.05,-0.692277901137238,14.9957884701205,17.05,                    2333P   3063
-0.770694372294635,-1.04039964771682,-0.898720866875271,0.,0.,      2333P   3064
0.;                                                                 2333P   3065
126,2,2,0,0,0,0,0.,0.,0.,0.143381289259796,0.143381289259796,       2335P   3066
0.143381289259796,1.,1.00039061487686,1.,17.3975619315683,16.05,    2335P   3067
-0.977478305256539,16.8905909145044,16.5644051041192,               2335P   3068
-0.830723874364029,16.410404513832,17.05,-0.692277901137238,0.,     2335P   3069
0.143381289259796,0.,0.,0.;                                         2335P   3070
126,2,2,0,0,0,0,1.15446053172039,1.15446053172039,                  2337P   3071
1.15446053172039,1.4592941802543,1.4592941802543,                   2337P   3072
1.4592941802543,1.,0.988407024858631,1.,16.3021053226946,           2337P   3073
1.00000000000001,-6.15402202204159,17.2474132923787,                2337P   3074
8.21264973278903,-3.6498856980282,17.3975619315683,16.05,           2337P   3075
-0.977478305256538,1.15446053172039,1.4592941802543,0.,0.,0.;       2337P   3076
126,2,2,0,0,0,0,0.,0.,0.,0.164864133041396,0.164864133041396,       2339P   3077
0.164864133041396,1.,1.00047259044969,1.,15.0568259576842,          2339P   3078
-1.2490009027033D-15,-6.56297318903621,15.6654219757098,            2339P   3079
0.479318372727005,-6.3663062192448,16.3021053226946,1.,             2339P   3080
-6.15402202204159,0.,0.164864133041396,0.,0.,0.;                    2339P   3081
126,1,1,0,0,1,0,-0.87991378346575,-0.87991378346575,                2341P   3082
0.934509318605681,0.934509318605681,1.,1.,14.5025149450238,         2341P   3083
17.05,-2.28883417980915,12.584850502439,-1.11022302462516D-15,      2341P   3084
-8.19079846457884,-0.87991378346575,0.934509318605681,0.,0.,0.;     2341P   3085
126,1,1,0,0,1,0,-0.42177214585257,-0.42177214585257,                2343P   3086
-0.262145479981183,-0.262145479981183,1.,1.,14.9957884701205,       2343P   3087
17.05,-0.770694372294632,14.5025149450238,17.05,                    2343P   3088
-2.28883417980915,-0.42177214585257,-0.262145479981183,0.,0.,0.;    2343P   3089
126,1,1,0,0,1,0,0.65170182215132,0.65170182215132,                  2345P   3090
0.849875791942258,0.849875791942258,1.,1.,14.5025149450238,         2345P   3091
17.05,-2.28883417980915,16.0388469328187,17.05,                     2345P   3092
-3.54062340070381,0.65170182215132,0.849875791942258,0.,0.,0.;      2345P   3093
126,2,2,0,0,0,0,-0.360959426830164,-0.360959426830164,              2347P   3094
-0.360959426830164,-0.25803348706272,-0.25803348706272,             2347P   3095
-0.25803348706272,1.,0.998676073598767,1.,16.3021053226946,1.,      2347P   3096
-6.15402202204159,16.619089459634,1.,-5.31432584164103,             2347P   3097
16.8481220506236,1.,-4.44650518579385,-0.360959426830164,           2347P   3098
-0.25803348706272,0.,0.,0.;                                         2347P   3099
126,2,2,0,0,0,0,0.,0.,0.,0.143381289259797,0.143381289259797,       2349P   3100
0.143381289259797,1.,1.00039061487513,1.,16.8481220506236,1.,       2349P   3101
-4.44650518579385,16.320614348144,0.485594895897706,                2349P   3102
-4.42941428366164,15.8211477842009,-1.17961196366423D-15,           2349P   3103
-4.41269847037773,0.,0.143381289259797,0.,0.,0.;                    2349P   3104
126,2,2,0,0,0,0,-6.32998546865077,-6.32998546865077,                2351P   3105
-6.32998546865077,-6.22705952888333,-6.22705952888333,              2351P   3106
-6.22705952888333,1.,0.998676073598493,1.,17.4059208850471,         2351P   3107
16.05,0.815195156683619,17.44791032419,16.05,                       2351P   3108
-0.0813568526559989,17.3975619315683,16.05,-0.977478305256547,      2351P   3109
-6.32998546865077,-6.22705952888333,0.,0.,0.;                       2351P   3110
126,2,2,0,0,0,0,1.15446053172039,1.15446053172039,                  2353P   3111
1.15446053172039,1.4592941802543,1.4592941802543,                   2353P   3112
1.4592941802543,1.,0.988407024858598,1.,17.4059208850471,16.05,     2353P   3113
0.815195156683616,17.5311415091692,8.83735026721117,                2353P   3114
-1.8584962395111,16.8481220506236,1.,-4.44650518579385,             2353P   3115
1.15446053172039,1.4592941802543,0.,0.,0.;                          2353P   3116
126,2,2,0,0,0,0,-0.0421603062412975,-0.0421603062412975,            2355P   3117
-0.0421603062412975,0.0968908471433843,0.0968908471433843,          2355P   3118
0.0968908471433843,1.,0.997584070505779,1.,16.410404513832,         2355P   3119
17.05,-0.692277901137237,16.4586132363843,17.05,                    2355P   3120
0.45050686330432,16.3479626908169,17.05,1.58894331543302,           2355P   3121
-0.0421603062412975,0.0968908471433843,0.,0.,0.;                    2355P   3122
126,2,2,0,0,0,0,0.,0.,0.,0.164864133041395,0.164864133041395,       2357P   3123
0.164864133041395,1.,1.00047259044941,1.,16.3479626908169,17.05,    2357P   3124
1.58894331543302,16.8659984636537,16.570681627273,                  2357P   3125
1.21383539999402,17.4059208850471,16.05,0.815195156683616,0.,       2357P   3126
0.164864133041395,0.,0.,0.;                                         2357P   3127
126,1,1,0,0,1,0,-0.934509318605681,-0.934509318605681,              2359P   3128
0.87991378346575,0.87991378346575,1.,1.,14.5,17.05,                 2359P   3129
3.90097957647631,14.5,-1.11022302462516D-15,-2.30471291776244,      2359P   3130
-0.934509318605681,0.87991378346575,0.,0.,0.;                       2359P   3131
126,1,1,0,0,1,0,-1.04039964771682,-1.04039964771682,                2361P   3132
-0.89872086687527,-0.89872086687527,1.,1.,15.8211477842009,         2361P   3133
17.05,4.41269847037773,14.5,17.05,3.90097957647631,                 2361P   3134
-1.04039964771682,-0.89872086687527,0.,0.,0.;                       2361P   3135
126,2,2,0,0,0,0,0.,0.,0.,0.143381289259796,0.143381289259796,       2363P   3136
0.143381289259796,1.,1.00039061486936,1.,16.8481220506236,16.05,    2363P   3137
4.44650518579385,16.3206143481159,16.5644051041297,                 2363P   3138
4.42941428366072,15.8211477842009,17.05,4.41269847037773,0.,        2363P   3139
0.143381289259796,0.,0.,0.;                                         2363P   3140
126,2,2,0,0,0,0,1.15446053172039,1.15446053172039,                  2365P   3141
1.15446053172039,1.4592941802543,1.4592941802543,                   2365P   3142
1.4592941802543,1.,0.988407024858605,1.,17.4059208850471,1.,        2365P   3143
-0.815195156683614,17.5311415091692,8.212649732789,                 2365P   3144
1.85849623951116,16.8481220506236,16.05,4.44650518579385,           2365P   3145
1.15446053172039,1.4592941802543,0.,0.,0.;                          2365P   3146
126,2,2,0,0,0,0,0.,0.,0.,0.164864133041396,0.164864133041396,       2367P   3147
0.164864133041396,1.,1.0004725904491,1.,16.3479626908169,           2367P   3148
-3.46944695195361D-16,-1.58894331543302,16.865998463654,            2367P   3149
0.479318372727334,-1.21383539999379,17.4059208850471,1.,            2367P   3150
-0.815195156683615,0.,0.164864133041396,0.,0.,0.;                   2367P   3151
126,1,1,0,0,1,0,-0.87991378346575,-0.87991378346575,                2369P   3152
0.934509318605681,0.934509318605681,1.,1.,14.5,17.05,               2369P   3153
2.30471291776244,14.5,-1.11022302462516D-15,-3.90097957647631,      2369P   3154
-0.87991378346575,0.934509318605681,0.,0.,0.;                       2369P   3155
126,1,1,0,0,1,0,-0.42177214585257,-0.42177214585257,                2371P   3156
-0.262145479981183,-0.262145479981183,1.,1.,14.5,17.05,             2371P   3157
3.90097957647631,14.5,17.05,2.30471291776244,-0.42177214585257,     2371P   3158
-0.262145479981183,0.,0.,0.;                                        2371P   3159
126,1,1,0,0,1,0,0.65170182215132,0.65170182215132,                  2373P   3160
0.849875791942258,0.849875791942258,1.,1.,14.5,17.05,               2373P   3161
2.30471291776244,16.3479626908169,17.05,1.58894331543302,           2373P   3162
0.65170182215132,0.849875791942258,0.,0.,0.;                        2373P   3163
126,2,2,0,0,0,0,-0.0468001614711846,-0.0468001614711846,            2375P   3164
-0.0468001614711846,0.0561257782962599,0.0561257782962599,          2375P   3165
0.0561257782962599,1.,0.998676073598493,1.,17.4059208850471,1.,     2375P   3166
-0.815195156683616,17.44791032419,1.,0.0813568526559969,            2375P   3167
17.3975619315683,1.,0.97747830525654,-0.0468001614711846,           2375P   3168
0.0561257782962599,0.,0.,0.;                                        2375P   3169
126,2,2,0,0,0,0,0.,0.,0.,0.143381289259796,0.143381289259796,       2377P   3170
0.143381289259796,1.,1.00039061486766,1.,17.3975619315683,1.,       2377P   3171
0.977478305256539,16.8905909145028,0.485594895879165,               2377P   3172
0.830723874363566,16.410404513832,-1.17961196366423D-15,            2377P   3173
0.692277901137239,0.,0.143381289259796,0.,0.,0.;                    2377P   3174
126,2,2,0,0,0,0,-6.64414473400975,-6.64414473400975,                2379P   3175
-6.64414473400975,-6.54121879424231,-6.54121879424231,              2379P   3176
-6.54121879424231,1.,0.998676073598841,1.,16.3021053226946,         2379P   3177
16.05,6.15402202204159,16.619089459634,16.05,5.31432584164102,      2379P   3178
16.8481220506236,16.05,4.44650518579384,-6.64414473400975,          2379P   3179
-6.54121879424231,0.,0.,0.;                                         2379P   3180
126,2,2,0,0,0,0,1.15446053172039,1.15446053172039,                  2381P   3181
1.15446053172039,1.4592941802543,1.4592941802543,                   2381P   3182
1.4592941802543,1.,0.988407024858587,1.,16.3021053226946,16.05,     2381P   3183
6.15402202204159,17.2474132923787,8.83735026721112,                 2381P   3184
3.64988569802825,17.3975619315683,0.999999999999999,                2381P   3185
0.977478305256539,1.15446053172039,1.4592941802543,0.,0.,0.;        2381P   3186
126,2,2,0,0,0,0,0.271998959117682,0.271998959117682,                2383P   3187
0.271998959117682,0.411050112502364,0.411050112502364,              2383P   3188
0.411050112502364,1.,0.997584070505861,1.,15.8211477842009,         2383P   3189
17.05,4.41269847037773,15.5138570908014,17.05,5.51444868186847,     2383P   3190
15.0568259576842,17.05,6.56297318903621,0.271998959117682,          2383P   3191
0.411050112502364,0.,0.,0.;                                         2383P   3192
126,2,2,0,0,0,0,0.,0.,0.,0.164864133041395,0.164864133041395,       2385P   3193
0.164864133041395,1.,1.00047259044935,1.,15.0568259576842,17.05,    2385P   3194
6.56297318903621,15.6654219757101,16.5706816272728,                 2385P   3195
6.36630621924471,16.3021053226946,16.05,6.15402202204159,0.,        2385P   3196
0.164864133041395,0.,0.,0.;                                         2385P   3197
126,1,1,0,0,1,0,-0.934509318605681,-0.934509318605681,              2387P   3198
0.87991378346575,0.87991378346575,1.,1.,12.584850502439,17.05,      2387P   3199
8.19079846457884,14.5025149450238,-1.11022302462516D-15,            2387P   3200
2.28883417980915,-0.934509318605681,0.87991378346575,0.,0.,0.;      2387P   3201
126,1,1,0,0,1,0,-1.04039964771682,-1.04039964771682,                2389P   3202
-0.898720866875271,-0.898720866875271,1.,1.,13.6832068770339,       2389P   3203
17.05,9.08572917053402,12.584850502439,17.05,8.19079846457884,      2389P   3204
-1.04039964771682,-0.898720866875271,0.,0.,0.;                      2389P   3205
126,2,2,0,0,0,0,0.,0.,0.,0.143381289259796,0.143381289259796,       2391P   3206
0.143381289259796,1.,1.00039061486289,1.,14.649470595595,16.05,     2391P   3207
9.43523376863541,14.1530623369276,16.5644051041398,                 2391P   3208
9.25597051005021,13.6832068770339,17.05,9.08572917053403,0.,        2391P   3209
0.143381289259796,0.,0.,0.;                                         2391P   3210
126,2,2,0,0,0,0,1.15446053172039,1.15446053172039,                  2393P   3211
1.15446053172039,1.4592941802543,1.4592941802543,                   2393P   3212
1.4592941802543,1.,0.98840702485863,1.,16.8059236369894,            2393P   3213
1.00000000000001,4.60342869040919,16.0987994483969,                 2393P   3214
8.21264973278902,7.18495561622247,14.649470595595,16.05,            2393P   3215
9.43523376863541,1.15446053172039,1.4592941802543,0.,0.,0.;         2393P   3216
126,2,2,0,0,0,0,0.,0.,0.,0.164864133041396,0.164864133041396,       2395P   3217
0.164864133041396,1.,1.00047259044869,1.,16.0388469328187,          2395P   3218
-1.17961196366423D-15,3.54062340070381,16.4156135096542,            2395P   3219
0.47931837272735,4.05745408549703,16.8059236369894,1.,              2395P   3220
4.60342869040919,0.,0.164864133041396,0.,0.,0.;                     2395P   3221
126,1,1,0,0,1,0,-0.87991378346575,-0.87991378346575,                2397P   3222
0.934509318605681,0.934509318605681,1.,1.,13.0781240275357,         2397P   3223
17.05,6.67265865706432,14.9957884701205,-1.11022302462516D-15,      2397P   3224
0.770694372294636,-0.87991378346575,0.934509318605681,0.,0.,0.;     2397P   3225
126,1,1,0,0,1,0,-0.42177214585257,-0.42177214585257,                2399P   3226
-0.262145479981183,-0.262145479981183,1.,1.,12.584850502439,        2399P   3227
17.05,8.19079846457884,13.0781240275357,17.05,6.67265865706432,     2399P   3228
-0.42177214585257,-0.262145479981183,0.,0.,0.;                      2399P   3229
126,1,1,0,0,1,0,0.65170182215132,0.65170182215132,                  2401P   3230
0.849875791942258,0.849875791942258,1.,1.,13.0781240275357,         2401P   3231
17.05,6.67265865706432,15.0568259576842,17.05,6.56297318903621,     2401P   3232
0.65170182215132,0.849875791942258,0.,0.,0.;                        2401P   3233
126,2,2,0,0,0,0,0.267359103887795,0.267359103887795,                2403P   3234
0.267359103887795,0.370285043655239,0.370285043655239,              2403P   3235
0.370285043655239,1.,0.99867607359874,1.,16.8059236369894,1.,       2403P   3236
4.60342869040919,16.5688081594748,1.,5.46907577136857,              2403P   3237
16.2440072347094,1.,6.3057794092966,0.267359103887795,              2403P   3238
0.370285043655239,0.,0.,0.;                                         2403P   3239
126,2,2,0,0,0,0,0.,0.,0.,0.143381289259796,0.143381289259796,       2405P   3240
0.143381289259796,1.,1.00039061485608,1.,16.2440072347094,1.,       2405P   3241
6.3057794092966,15.8071987584853,0.485594895859276,                 2405P   3242
6.0095449915604,15.3932965116377,-9.0205620750794D-16,              2405P   3243
5.72948928830513,0.,0.143381289259796,0.,0.,0.;                     2405P   3244
126,2,2,0,0,0,0,-6.95830399936873,-6.95830399936873,                2407P   3245
-6.95830399936873,-6.85537805960128,-6.85537805960128,              2407P   3246
-6.85537805960128,1.,0.998676073598736,1.,13.6025261079101,         2407P   3247
16.05,10.8904503342894,14.163476326764,16.05,10.1898052954729,      2407P   3248
14.649470595595,16.05,9.4352337686354,-6.95830399936873,            2407P   3249
-6.85537805960128,0.,0.,0.;                                         2407P   3250
126,2,2,0,0,0,0,-1.9871321218694,-1.9871321218694,                  2409P   3251
-1.9871321218694,-1.6822984733355,-1.6822984733355,                 2409P   3252
-1.6822984733355,1.,0.988407024858615,1.,13.6025261079101,16.05,    2409P   3253
10.8904503342894,15.2753880927356,8.83735026721109,                 2409P   3254
8.80099139319562,16.2440072347094,1.,6.3057794092966,               2409P   3255
-1.9871321218694,-1.6822984733355,0.,0.,0.;                         2409P   3256
126,2,2,0,0,0,0,0.586158224476661,0.586158224476661,                2411P   3257
0.586158224476661,0.725209377861343,0.725209377861343,              2411P   3258
0.725209377861343,1.,0.997584070505885,1.,13.6832068770339,         2411P   3259
17.05,9.08572917053403,13.0504965217726,17.05,10.0385978420281,     2411P   3260
12.2918221927382,17.05,10.8945735199735,0.586158224476661,          2411P   3261
0.725209377861343,0.,0.,0.;                                         2411P   3262
126,2,2,0,0,0,0,0.,0.,0.,0.164864133041395,0.164864133041395,       2413P   3263
0.164864133041395,1.,1.00047259045064,1.,12.2918221927382,17.05,    2413P   3264
10.8945735199735,12.9314048373703,16.5706816272732,                 2413P   3265
10.8955986290922,13.6025261079101,16.05,10.8904503342894,0.,        2413P   3266
0.164864133041395,0.,0.,0.;                                         2413P   3267
126,1,1,0,0,1,0,-0.934509318605681,-0.934509318605681,              2415P   3268
0.87991378346575,0.87991378346575,1.,1.,9.43780815388983,17.05,     2415P   3269
11.6788449303198,13.0854226822655,-1.11022302462516D-15,            2415P   3270
6.65833424061557,-0.934509318605681,0.87991378346575,0.,0.,0.;      2415P   3271
126,1,1,0,0,1,0,-1.04039964771682,-1.04039964771682,                2417P   3272
-0.898720866875271,-0.898720866875271,1.,1.,10.2058583442345,       2417P   3273
17.05,12.869385395481,9.43780815388983,17.05,11.6788449303198,      2417P   3274
-1.04039964771682,-0.898720866875271,0.,0.,0.;                      2417P   3275
126,2,2,0,0,0,0,0.,0.,0.,0.143381289259796,0.143381289259796,       2419P   3276
0.143381289259796,1.,1.00039061487243,1.,11.0168268898061,16.05,    2419P   3277
13.5003759310637,10.6001099740257,16.5644051041423,                 2419P   3278
13.1764878527761,10.2058583442345,17.05,12.869385395481,0.,         2419P   3279
0.143381289259796,0.,0.,0.;                                         2419P   3280
126,2,2,0,0,0,0,1.15446053172039,1.15446053172039,                  2421P   3281
1.15446053172039,1.4592941802543,1.4592941802543,                   2421P   3282
1.4592941802543,1.,0.988407024858578,1.,14.5608454895878,           2421P   3283
1.00000000000001,9.57143686331105,13.0905947306843,                 2421P   3284
8.21264973278889,11.8081014766885,11.0168268898061,16.05,           2421P   3285
13.5003759310637,1.15446053172039,1.4592941802543,0.,0.,0.;         2421P   3286
126,2,2,0,0,0,0,0.,0.,0.,0.164864133041396,0.164864133041396,       2423P   3287
0.164864133041396,1.,1.0004725904494,1.,14.1597370878187,           2423P   3288
3.46944695195361D-16,8.32360922940595,14.3583539310248,             2423P   3289
0.479318372727566,8.93157169515473,14.5608454895878,1.,             2423P   3290
9.57143686331106,0.,0.164864133041396,0.,0.,0.;                     2423P   3291
126,1,1,0,0,1,0,-0.87991378346575,-0.87991378346575,                2425P   3292
0.934509318605681,0.934509318605681,1.,1.,10.376070154608,17.05,    2425P   3293
10.3874380758661,14.0236846829837,-1.11022302462516D-15,            2425P   3294
5.36692738616194,-0.87991378346575,0.934509318605681,0.,0.,0.;      2425P   3295
126,1,1,0,0,1,0,-0.42177214585257,-0.42177214585257,                2427P   3296
-0.262145479981183,-0.262145479981183,1.,1.,9.43780815388983,       2427P   3297
17.05,11.6788449303198,10.376070154608,17.05,10.3874380758661,      2427P   3298
-0.42177214585257,-0.262145479981183,0.,0.,0.;                      2427P   3299
126,1,1,0,0,1,0,0.65170182215132,0.65170182215132,                  2429P   3300
0.849875791942258,0.849875791942258,1.,1.,10.376070154608,17.05,    2429P   3301
10.3874380758661,12.2918221927382,17.05,10.8945735199735,           2429P   3302
0.65170182215132,0.849875791942258,0.,0.,0.;                        2429P   3303
126,2,2,0,0,0,0,0.581518369246774,0.581518369246774,                2431P   3304
0.581518369246774,0.684444309014218,0.684444309014218,              2431P   3305
0.684444309014218,1.,0.998676073598805,1.,14.5608454895878,1.,      2431P   3306
9.57143686331106,14.0678356104357,1.,10.321443448288,               2431P   3307
13.5003759310637,1.,11.0168268898061,0.581518369246774,             2431P   3308
0.684444309014218,0.,0.,0.;                                         2431P   3309
126,2,2,0,0,0,0,0.,0.,0.,0.143381289259796,0.143381289259796,       2433P   3310
0.143381289259796,1.,1.00039061487199,1.,13.5003759310637,1.,       2433P   3311
11.0168268898061,13.1764878528051,0.485594895903625,                2433P   3312
10.6001099740629,12.869385395481,-6.93889390390723D-17,             2433P   3313
10.2058583442345,0.,0.143381289259796,0.,0.,0.;                     2433P   3314
126,2,2,0,0,0,0,-7.27246326472771,-7.27246326472771,                2435P   3315
-7.27246326472771,-7.16953732496026,-7.16953732496026,              2435P   3316
-7.16953732496026,1.,0.998676073598777,1.,9.57143686331106,         2435P   3317
16.05,14.5608454895878,10.3214434482881,16.05,14.0678356104357,     2435P   3318
11.0168268898061,16.05,13.5003759310637,-7.27246326472771,          2435P   3319
-7.16953732496026,0.,0.,0.;                                         2435P   3320
126,2,2,0,0,0,0,-1.9871321218694,-1.9871321218694,                  2437P   3321
-1.9871321218694,-1.6822984733355,-1.6822984733355,                 2437P   3322
-1.6822984733355,1.,0.988407024858601,1.,9.57143686331106,16.05,    2437P   3323
14.5608454895878,11.8081014766886,8.83735026721083,                 2437P   3324
13.0905947306842,13.5003759310637,1.,11.0168268898061,              2437P   3325
-1.9871321218694,-1.6822984733355,0.,0.,0.;                         2437P   3326
126,2,2,0,0,0,0,0.90031748983564,0.90031748983564,                  2439P   3327
0.90031748983564,1.03936864322032,1.03936864322032,                 2439P   3328
1.03936864322032,1.,0.997584070505988,1.,10.2058583442345,17.05,    2439P   3329
12.869385395481,9.30966242503666,17.05,13.5800991023862,            2439P   3330
8.32360922940595,17.05,14.1597370878187,0.90031748983564,           2439P   3331
1.03936864322032,0.,0.,0.;                                          2439P   3332
126,2,2,0,0,0,0,0.,0.,0.,0.164864133041395,0.164864133041395,       2441P   3333
0.164864133041395,1.,1.0004725904502,1.,8.32360922940596,17.05,     2441P   3334
14.1597370878187,8.93157169515435,16.5706816272727,                 2441P   3335
14.3583539310247,9.57143686331105,16.05,14.5608454895878,0.,        2441P   3336
0.164864133041395,0.,0.,0.;                                         2441P   3337
126,1,1,0,0,1,0,-0.934509318605681,-0.934509318605681,              2443P   3338
0.87991378346575,0.87991378346575,1.,1.,5.36692738616194,17.05,     2443P   3339
14.0236846829837,10.3874380758661,-1.11022302462516D-15,            2443P   3340
10.376070154608,-0.934509318605681,0.87991378346575,0.,0.,0.;       2443P   3341
126,1,1,0,0,1,0,-1.04039964771682,-1.04039964771682,                2445P   3342
-0.898720866875271,-0.898720866875271,1.,1.,5.72948928830513,       2445P   3343
17.05,15.3932965116377,5.36692738616194,17.05,14.0236846829837,     2445P   3344
-1.04039964771682,-0.898720866875271,0.,0.,0.;                      2445P   3345
126,2,2,0,0,0,0,0.,0.,0.,0.143381289259796,0.143381289259796,       2447P   3346
0.143381289259796,1.,1.0003906148514,1.,6.3057794092966,16.05,      2447P   3347
16.2440072347094,6.00954499158972,16.5644051040899,                 2447P   3348
15.8071987585286,5.72948928830513,17.05,15.3932965116377,0.,        2447P   3349
0.143381289259796,0.,0.,0.;                                         2447P   3350
126,2,2,0,0,0,0,1.15446053172039,1.15446053172039,                  2449P   3351
1.15446053172039,1.4592941802543,1.4592941802543,                   2449P   3352
1.4592941802543,1.,0.988407024858592,1.,10.8904503342894,           2449P   3353
1.00000000000001,13.6025261079101,8.80099139319551,                 2449P   3354
8.21264973278926,15.2753880927356,6.3057794092966,16.05,            2449P   3355
16.2440072347094,1.15446053172039,1.4592941802543,0.,0.,0.;         2449P   3356
126,2,2,0,0,0,0,0.,0.,0.,0.164864133041396,0.164864133041396,       2451P   3357
0.164864133041396,1.,1.0004725904494,1.,10.8945735199735,           2451P   3358
-4.16333634234434D-16,12.2918221927382,10.8955986290922,            2451P   3359
0.479318372727329,12.9314048373709,10.8904503342894,1.,             2451P   3360
13.6025261079101,0.,0.164864133041396,0.,0.,0.;                     2451P   3361
126,1,1,0,0,1,0,-0.87991378346575,-0.87991378346575,                2453P   3362
0.93450931860568,0.93450931860568,1.,1.,6.65833424061557,17.05,     2453P   3363
13.0854226822655,11.6788449303198,-1.11022302462516D-15,            2453P   3364
9.43780815388983,-0.87991378346575,0.93450931860568,0.,0.,0.;       2453P   3365
126,1,1,0,0,1,0,-0.42177214585257,-0.42177214585257,                2455P   3366
-0.262145479981183,-0.262145479981183,1.,1.,5.36692738616194,       2455P   3367
17.05,14.0236846829837,6.65833424061558,17.05,13.0854226822655,     2455P   3368
-0.42177214585257,-0.262145479981183,0.,0.,0.;                      2455P   3369
126,1,1,0,0,1,0,0.65170182215132,0.65170182215132,                  2457P   3370
0.849875791942258,0.849875791942258,1.,1.,6.65833424061558,         2457P   3371
17.05,13.0854226822655,8.32360922940595,17.05,14.1597370878187,     2457P   3372
0.65170182215132,0.849875791942258,0.,0.,0.;                        2457P   3373
126,2,2,0,0,0,0,0.895677634605753,0.895677634605753,                2459P   3374
0.895677634605753,0.998603574373198,0.998603574373198,              2459P   3375
0.998603574373198,1.,0.998676073598835,1.,10.8904503342894,1.,      2459P   3376
13.6025261079101,10.1898052954729,1.,14.163476326764,               2459P   3377
9.43523376863541,1.,14.649470595595,0.895677634605753,              2459P   3378
0.998603574373198,0.,0.,0.;                                         2459P   3379
126,2,2,0,0,0,0,0.,0.,0.,0.143381289259797,0.143381289259797,       2461P   3380
0.143381289259797,1.,1.00039061486652,1.,9.43523376863541,1.,       2461P   3381
14.649470595595,9.25597051006937,0.485594895915015,                 2461P   3382
14.1530623369806,9.08572917053402,-1.38777878078145D-16,            2461P   3383
13.6832068770339,0.,0.143381289259797,0.,0.,0.;                     2461P   3384
126,2,2,0,0,0,0,-7.58662253008669,-7.58662253008669,                2463P   3385
-7.58662253008669,-7.48369659031924,-7.48369659031924,              2463P   3386
-7.48369659031924,1.,0.998676073598618,1.,4.6034286904092,16.05,    2463P   3387
16.8059236369894,5.46907577136863,16.05,16.5688081594748,           2463P   3388
6.30577940929661,16.05,16.2440072347094,-7.58662253008669,          2463P   3389
-7.48369659031924,0.,0.,0.;                                         2463P   3390
126,2,2,0,0,0,0,-1.9871321218694,-1.9871321218694,                  2465P   3391
-1.9871321218694,-1.6822984733355,-1.6822984733355,                 2465P   3392
-1.6822984733355,1.,0.988407024858591,1.,4.60342869040919,16.05,    2465P   3393
16.8059236369894,7.18495561622242,8.83735026721113,                 2465P   3394
16.0987994483969,9.43523376863541,1.,14.649470595595,               2465P   3395
-1.9871321218694,-1.6822984733355,0.,0.,0.;                         2465P   3396
126,2,2,0,0,0,0,1.21447675519462,1.21447675519462,                  2467P   3397
1.21447675519462,1.3535279085793,1.3535279085793,                   2467P   3398
1.3535279085793,1.,0.997584070505822,1.,5.72948928830513,17.05,     2467P   3399
15.3932965116377,4.65753370590596,17.05,15.7922856444886,           2467P   3400
3.54062340070382,17.05,16.0388469328187,1.21447675519462,           2467P   3401
1.3535279085793,0.,0.,0.;                                           2467P   3402
126,2,2,0,0,0,0,0.,0.,0.,0.164864133041395,0.164864133041395,       2469P   3403
0.164864133041395,1.,1.00047259044915,1.,3.54062340070382,17.05,    2469P   3404
16.0388469328187,4.05745408549726,16.5706816272724,                 2469P   3405
16.4156135096544,4.60342869040918,16.05,16.8059236369894,0.,        2469P   3406
0.164864133041395,0.,0.,0.;                                         2469P   3407
126,1,1,0,0,1,0,-0.934509318605681,-0.934509318605681,              2471P   3408
0.87991378346575,0.87991378346575,1.,1.,0.770694372294635,17.05,    2471P   3409
14.9957884701205,6.67265865706432,-1.11022302462516D-15,            2471P   3410
13.0781240275357,-0.934509318605681,0.87991378346575,0.,0.,0.;      2471P   3411
126,1,1,0,0,1,0,-1.04039964771682,-1.04039964771682,                2473P   3412
-0.89872086687527,-0.89872086687527,1.,1.,0.692277901137239,        2473P   3413
17.05,16.410404513832,0.770694372294636,17.05,14.9957884701205,     2473P   3414
-1.04039964771682,-0.89872086687527,0.,0.,0.;                       2473P   3415
126,2,2,0,0,0,0,0.,0.,0.,0.143381289259796,0.143381289259796,       2475P   3416
0.143381289259796,1.,1.00039061486644,1.,0.977478305256539,         2475P   3417
16.05,17.3975619315683,0.830723874372084,16.564405104091,           2475P   3418
16.8905909145323,0.692277901137239,17.05,16.410404513832,0.,        2475P   3419
0.143381289259796,0.,0.,0.;                                         2475P   3420
126,2,2,0,0,0,0,1.15446053172039,1.15446053172039,                  2477P   3421
1.15446053172039,1.4592941802543,1.4592941802543,                   2477P   3422
1.4592941802543,1.,0.988407024858631,1.,6.15402202204159,           2477P   3423
1.00000000000001,16.3021053226946,3.6498856980282,                  2477P   3424
8.21264973278903,17.2474132923787,0.977478305256539,16.05,          2477P   3425
17.3975619315683,1.15446053172039,1.4592941802543,0.,0.,0.;         2477P   3426
126,2,2,0,0,0,0,0.,0.,0.,0.164864133041395,0.164864133041395,       2479P   3427
0.164864133041395,1.,1.00047259044874,1.,6.56297318903621,          2479P   3428
2.77555756156289D-16,15.0568259576842,6.36630621924449,             2479P   3429
0.479318372727763,15.6654219757107,6.15402202204159,1.,             2479P   3430
16.3021053226946,0.,0.164864133041395,0.,0.,0.;                     2479P   3431
126,1,1,0,0,1,0,-0.87991378346575,-0.87991378346575,                2481P   3432
0.934509318605681,0.934509318605681,1.,1.,2.28883417980915,         2481P   3433
17.05,14.5025149450238,8.19079846457884,-1.11022302462516D-15,      2481P   3434
12.584850502439,-0.87991378346575,0.934509318605681,0.,0.,0.;       2481P   3435
126,1,1,0,0,1,0,-0.42177214585257,-0.42177214585257,                2483P   3436
-0.262145479981183,-0.262145479981183,1.,1.,0.770694372294634,      2483P   3437
17.05,14.9957884701205,2.28883417980915,17.05,14.5025149450238,     2483P   3438
-0.42177214585257,-0.262145479981183,0.,0.,0.;                      2483P   3439
126,1,1,0,0,1,0,0.65170182215132,0.65170182215132,                  2485P   3440
0.849875791942258,0.849875791942258,1.,1.,2.28883417980915,         2485P   3441
17.05,14.5025149450238,3.54062340070381,17.05,16.0388469328187,     2485P   3442
0.65170182215132,0.849875791942258,0.,0.,0.;                        2485P   3443
126,2,2,0,0,0,0,1.20983689996473,1.20983689996473,                  2487P   3444
1.20983689996473,1.31276283973218,1.31276283973218,                 2487P   3445
1.31276283973218,1.,0.998676073598816,1.,6.15402202204159,1.,       2487P   3446
16.3021053226946,5.31432584164104,1.,16.619089459634,               2487P   3447
4.44650518579385,1.,16.8481220506236,1.20983689996473,              2487P   3448
1.31276283973218,0.,0.,0.;                                          2487P   3449
126,2,2,0,0,0,0,0.,0.,0.,0.143381289259796,0.143381289259796,       2489P   3450
0.143381289259796,1.,1.00039061484062,1.,4.44650518579385,1.,       2489P   3451
16.8481220506236,4.42941428366082,0.485594895873288,                2489P   3452
16.3206143481189,4.41269847037773,0.,15.8211477842009,0.,           2489P   3453
0.143381289259796,0.,0.,0.;                                         2489P   3454
126,2,2,0,0,0,0,-7.90078179544567,-7.90078179544567,                2491P   3455
-7.90078179544567,-7.79785585567822,-7.79785585567822,              2491P   3456
-7.79785585567822,1.,0.998676073598497,1.,-0.815195156683603,       2491P   3457
16.05,17.4059208850471,0.0813568526560077,16.05,17.44791032419,     2491P   3458
0.977478305256548,16.05,17.3975619315683,-7.90078179544567,         2491P   3459
-7.79785585567822,0.,0.,0.;                                         2491P   3460
126,2,2,0,0,0,0,-1.9871321218694,-1.9871321218694,                  2493P   3461
-1.9871321218694,-1.6822984733355,-1.6822984733355,                 2493P   3462
-1.6822984733355,1.,0.98840702485861,1.,-0.815195156683621,         2493P   3463
16.05,17.4059208850471,1.85849623951109,8.83735026721119,           2493P   3464
17.5311415091692,4.44650518579385,0.999999999999995,                2493P   3465
16.8481220506236,-1.9871321218694,-1.6822984733355,0.,0.,0.;        2493P   3466
126,2,2,0,0,0,0,1.5286360205536,1.5286360205536,1.5286360205536,    2495P   3467
1.66768717393828,1.66768717393828,1.66768717393828,1.,              2495P   3468
0.997584070505835,1.,0.692277901137238,17.05,16.410404513832,       2495P   3469
-0.450506863304319,17.05,16.4586132363843,-1.58894331543302,        2495P   3470
17.05,16.3479626908169,1.5286360205536,1.66768717393828,0.,0.,      2495P   3471
0.;                                                                 2495P   3472
126,2,2,0,0,0,0,0.,0.,0.,0.164864133041395,0.164864133041395,       2497P   3473
0.164864133041395,1.,1.00047259044961,1.,-1.58894331543302,         2497P   3474
17.05,16.3479626908169,-1.21383539999409,16.5706816272731,          2497P   3475
16.8659984636536,-0.815195156683614,16.05,17.4059208850471,0.,      2497P   3476
0.164864133041395,0.,0.,0.;                                         2497P   3477
126,1,1,0,0,1,0,0.65170182215132,0.65170182215132,                  2499P   3478
0.849875791942258,0.849875791942258,1.,1.,-2.30471291776244,        2499P   3479
17.05,14.5,-1.58894331543302,17.05,16.3479626908169,                2499P   3480
0.65170182215132,0.849875791942258,0.,0.,0.;                        2499P   3481
126,1,1,0,0,1,0,-0.87991378346575,-0.87991378346575,                2501P   3482
0.934509318605681,0.934509318605681,1.,1.,-2.30471291776244,        2501P   3483
17.05,14.5,3.90097957647631,-1.11022302462516D-15,14.5,             2501P   3484
-0.87991378346575,0.934509318605681,0.,0.,0.;                       2501P   3485
126,1,1,0,0,1,0,-1.04039964771682,-1.04039964771682,                2503P   3486
-0.89872086687527,-0.89872086687527,1.,1.,-4.41269847037772,        2503P   3487
17.05,15.8211477842009,-3.90097957647631,17.05,14.5,                2503P   3488
-1.04039964771682,-0.89872086687527,0.,0.,0.;                       2503P   3489
126,2,2,0,0,0,0,0.,0.,0.,0.143381289259796,0.143381289259796,       2505P   3490
0.143381289259796,1.,1.00039061484749,1.,-4.44650518579385,         2505P   3491
16.05,16.8481220506236,-4.42941428366071,16.5644051041298,          2505P   3492
16.3206143481157,-4.41269847037773,17.05,15.8211477842009,0.,       2505P   3493
0.143381289259796,0.,0.,0.;                                         2505P   3494
126,2,2,0,0,0,0,1.15446053172039,1.15446053172039,                  2507P   3495
1.15446053172039,1.4592941802543,1.4592941802543,                   2507P   3496
1.4592941802543,1.,0.9884070248586,1.,0.815195156683616,1.,         2507P   3497
17.4059208850471,-1.85849623951117,8.21264973278903,                2507P   3498
17.5311415091692,-4.44650518579385,16.05,16.8481220506236,          2507P   3499
1.15446053172039,1.4592941802543,0.,0.,0.;                          2507P   3500
126,1,1,0,0,1,0,-0.934509318605681,-0.934509318605681,              2509P   3501
0.87991378346575,0.87991378346575,1.,1.,-3.90097957647631,17.05,    2509P   3502
14.5,2.30471291776244,-1.11022302462516D-15,14.5,                   2509P   3503
-0.934509318605681,0.87991378346575,0.,0.,0.;                       2509P   3504
126,1,1,0,0,1,0,-0.42177214585257,-0.42177214585257,                2511P   3505
-0.262145479981183,-0.262145479981183,1.,1.,-3.90097957647631,      2511P   3506
17.05,14.5,-2.30471291776244,17.05,14.5,-0.42177214585257,          2511P   3507
-0.262145479981183,0.,0.,0.;                                        2511P   3508
126,2,2,0,0,0,0,-1.93175575362506,-1.93175575362506,                2513P   3509
-1.93175575362506,-1.82882981385762,-1.82882981385762,              2513P   3510
-1.82882981385762,1.,0.99867607359867,1.,-6.15402202204159,         2513P   3511
16.05,16.3021053226946,-5.31432584164104,16.05,16.619089459634,     2513P   3512
-4.44650518579385,16.05,16.8481220506236,-1.93175575362506,         2513P   3513
-1.82882981385762,0.,0.,0.;                                         2513P   3514
126,2,2,0,0,0,0,-4.44039002126701,-4.44039002126701,                2515P   3515
-4.44039002126701,-4.30133886788233,-4.30133886788233,              2515P   3516
-4.30133886788233,1.,0.997584070505913,1.,-4.41269847037772,        2515P   3517
17.05,15.8211477842009,-5.51444868186847,17.05,15.5138570908014,    2515P   3518
-6.56297318903622,17.05,15.0568259576842,-4.44039002126701,         2515P   3519
-4.30133886788233,0.,0.,0.;                                         2515P   3520
126,8,2,0,1,0,0,-3.14159265358979,-3.14159265358979,                2517P   3521
-3.14159265358979,-1.5707963267949,-1.5707963267949,0.,0.,          2517P   3522
1.5707963267949,1.5707963267949,3.14159265358979,                   2517P   3523
3.14159265358979,3.14159265358979,1.,0.707106781186548,1.,          2517P   3524
0.707106781186548,1.,0.707106781186548,1.,0.707106781186548,1.,     2517P   3525
-8.,-42.,-9.79717439317883D-16,-8.,-42.,-8.,                        2517P   3526
4.89858719658941D-16,-42.,-8.,8.,-42.,-8.,8.,-42.,0.,8.,-42.,8.,    2517P   3527
4.89858719658941D-16,-42.,8.,-8.,-42.,8.,-8.,-42.,                  2517P   3528
9.79717439317883D-16,-3.14159265358979,3.14159265358979,0.,0.,      2517P   3529
0.;                                                                 2517P   3530
126,1,1,0,0,1,0,-0.125,-0.125,0.,0.,1.,1.,-8.,-42.,0.,-8.,-41.,     2519P   3531
0.,-0.125,0.,0.,0.,0.;                                              2519P   3532
126,8,2,0,1,0,0,-3.14159265358979,-3.14159265358979,                2521P   3533
-3.14159265358979,-1.5707963267949,-1.5707963267949,0.,0.,          2521P   3534
1.5707963267949,1.5707963267949,3.14159265358979,                   2521P   3535
3.14159265358979,3.14159265358979,1.,0.707106781186548,1.,          2521P   3536
0.707106781186548,1.,0.707106781186548,1.,0.707106781186548,1.,     2521P   3537
-8.,-41.,9.79717439317883D-16,-8.,-41.,8.,4.89858719658941D-16,     2521P   3538
-41.,8.,8.,-41.,8.,8.,-41.,0.,8.,-41.,-8.,4.89858719658941D-16,     2521P   3539
-41.,-8.,-8.,-41.,-8.,-8.,-41.,-9.79717439317883D-16,               2521P   3540
-3.14159265358979,3.14159265358979,0.,0.,0.;                        2521P   3541
126,8,2,0,1,0,0,-3.14159265358979,-3.14159265358979,                2523P   3542
-3.14159265358979,-1.5707963267949,-1.5707963267949,0.,0.,          2523P   3543
1.5707963267949,1.5707963267949,3.14159265358979,                   2523P   3544
3.14159265358979,3.14159265358979,1.,0.707106781186547,1.,          2523P   3545
0.707106781186547,1.,0.707106781186547,1.,0.707106781186547,1.,     2523P   3546
-8.5,-41.,-1.04094977927525D-15,-8.5,-41.,-8.5,                     2523P   3547
5.20474889637625D-16,-41.,-8.5,8.5,-41.,-8.5,8.5,-41.,0.,8.5,       2523P   3548
-41.,8.5,5.20474889637625D-16,-41.,8.5,-8.5,-41.,8.5,-8.5,-41.,     2523P   3549
1.04094977927525D-15,-3.14159265358979,3.14159265358979,0.,0.,      2523P   3550
0.;                                                                 2523P   3551
126,1,1,0,0,1,0,-4.11764705882353,-4.11764705882353,                2525P   3552
-0.588235294117647,-0.588235294117647,1.,1.,-8.5,-41.,0.,-8.5,      2525P   3553
-11.,0.,-4.11764705882353,-0.588235294117647,0.,0.,0.;              2525P   3554
126,8,2,0,1,0,0,-3.14159265358979,-3.14159265358979,                2527P   3555
-3.14159265358979,-1.5707963267949,-1.5707963267949,0.,0.,          2527P   3556
1.5707963267949,1.5707963267949,3.14159265358979,                   2527P   3557
3.14159265358979,3.14159265358979,1.,0.707106781186548,1.,          2527P   3558
0.707106781186548,1.,0.707106781186548,1.,0.707106781186548,1.,     2527P   3559
-12.,-6.,-1.46957615897682D-15,-12.,-6.,-12.,                       2527P   3560
7.34788079488412D-16,-6.,-12.,12.,-6.,-12.,12.,-6.,0.,12.,-6.,      2527P   3561
12.,7.34788079488412D-16,-6.,12.,-12.,-6.,12.,-12.,-6.,             2527P   3562
1.46957615897682D-15,-3.14159265358979,3.14159265358979,0.,0.,      2527P   3563
0.;                                                                 2527P   3564
126,1,1,0,0,1,0,-0.5,-0.5,0.,0.,1.,1.,-12.,-6.,0.,-12.,0.,0.,       2529P   3565
-0.5,0.,0.,0.,0.;                                                   2529P   3566
126,8,2,0,1,0,0,-3.14159265358979,-3.14159265358979,                2531P   3567
-3.14159265358979,-1.5707963267949,-1.5707963267949,0.,0.,          2531P   3568
1.5707963267949,1.5707963267949,3.14159265358979,                   2531P   3569
3.14159265358979,3.14159265358979,1.,0.707106781186548,1.,          2531P   3570
0.707106781186548,1.,0.707106781186548,1.,0.707106781186548,1.,     2531P   3571
-8.5,-79.9,-1.04094977927525D-15,-8.5,-79.9,-8.5,                   2531P   3572
5.20474889637625D-16,-79.9,-8.5,8.5,-79.9,-8.5,8.5,-79.9,0.,8.5,    2531P   3573
-79.9,8.5,5.20474889637625D-16,-79.9,8.5,-8.5,-79.9,8.5,-8.5,       2531P   3574
-79.9,1.04094977927525D-15,-3.14159265358979,3.14159265358979,      2531P   3575
0.,0.,0.;                                                           2531P   3576
126,1,1,0,0,1,0,-4.45882352941176,-4.45882352941176,0.,0.,1.,1.,    2533P   3577
-8.5,-79.9,0.,-8.5,-42.,0.,-4.45882352941176,0.,0.,0.,0.;           2533P   3578
126,8,2,0,1,0,0,-3.14159265358979,-3.14159265358979,                2535P   3579
-3.14159265358979,-1.5707963267949,-1.5707963267949,0.,0.,          2535P   3580
1.5707963267949,1.5707963267949,3.14159265358979,                   2535P   3581
3.14159265358979,3.14159265358979,1.,0.707106781186548,1.,          2535P   3582
0.707106781186548,1.,0.707106781186548,1.,0.707106781186548,1.,     2535P   3583
-8.5,-42.,-1.04094977927525D-15,-8.5,-42.,-8.5,                     2535P   3584
5.20474889637625D-16,-42.,-8.5,8.5,-42.,-8.5,8.5,-42.,0.,8.5,       2535P   3585
-42.,8.5,5.20474889637625D-16,-42.,8.5,-8.5,-42.,8.5,-8.5,-42.,     2535P   3586
1.04094977927525D-15,-3.14159265358979,3.14159265358979,0.,0.,      2535P   3587
0.;                                                                 2535P   3588
126,8,2,0,1,0,0,-3.14159265358979,-3.14159265358979,                2537P   3589
-3.14159265358979,-1.5707963267949,-1.5707963267949,0.,0.,          2537P   3590
1.5707963267949,1.5707963267949,3.14159265358979,                   2537P   3591
3.14159265358979,3.14159265358979,1.,0.707106781186544,1.,          2537P   3592
0.707106781186544,1.,0.707106781186544,1.,0.707106781186544,1.,     2537P   3593
20.,-3.,23.,20.,-3.,26.,23.,-3.,26.,26.,-3.,26.,26.,-3.,23.,26.,    2537P   3594
-3.,20.,23.,-3.,20.,20.,-3.,20.,20.,-3.,23.,-3.14159265358979,      2537P   3595
3.14159265358979,0.,0.,0.;                                          2537P   3596
126,1,1,0,0,1,0,0.,0.,2.66666666666666,2.66666666666666,1.,1.,      2539P   3597
20.,-3.,23.,20.,5.,23.,0.,2.66666666666666,0.,0.,0.;                2539P   3598
126,8,2,0,1,0,0,-3.14159265358979,-3.14159265358979,                2541P   3599
-3.14159265358979,-1.5707963267949,-1.5707963267949,0.,0.,          2541P   3600
1.5707963267949,1.5707963267949,3.14159265358979,                   2541P   3601
3.14159265358979,3.14159265358979,1.,0.707106781186544,1.,          2541P   3602
0.707106781186544,1.,0.707106781186544,1.,0.707106781186544,1.,     2541P   3603
20.,5.,23.,20.,5.,20.,23.,5.,20.,26.,5.,20.,26.,5.,23.,26.,5.,      2541P   3604
26.,23.,5.,26.,20.,5.,26.,20.,5.,23.,-3.14159265358979,             2541P   3605
3.14159265358979,0.,0.,0.;                                          2541P   3606
126,8,2,0,1,0,0,-3.14159265358979,-3.14159265358979,                2543P   3607
-3.14159265358979,-1.5707963267949,-1.5707963267949,0.,0.,          2543P   3608
1.5707963267949,1.5707963267949,3.14159265358979,                   2543P   3609
3.14159265358979,3.14159265358979,1.,0.707106781186544,1.,          2543P   3610
0.707106781186544,1.,0.707106781186544,1.,0.707106781186544,1.,     2543P   3611
20.,-3.,-23.,20.,-3.,-20.,23.,-3.,-20.,26.,-3.,-20.,26.,-3.,        2543P   3612
-23.,26.,-3.,-26.,23.,-3.,-26.,20.,-3.,-26.,20.,-3.,-23.,           2543P   3613
-3.14159265358979,3.14159265358979,0.,0.,0.;                        2543P   3614
126,1,1,0,0,1,0,0.,0.,2.66666666666666,2.66666666666666,1.,1.,      2545P   3615
20.,-3.,-23.,20.,5.,-23.,0.,2.66666666666666,0.,0.,0.;              2545P   3616
126,8,2,0,1,0,0,-3.14159265358979,-3.14159265358979,                2547P   3617
-3.14159265358979,-1.5707963267949,-1.5707963267949,0.,0.,          2547P   3618
1.5707963267949,1.5707963267949,3.14159265358979,                   2547P   3619
3.14159265358979,3.14159265358979,1.,0.707106781186544,1.,          2547P   3620
0.707106781186544,1.,0.707106781186544,1.,0.707106781186544,1.,     2547P   3621
20.,5.,-23.,20.,5.,-26.,23.,5.,-26.,26.,5.,-26.,26.,5.,-23.,26.,    2547P   3622
5.,-20.,23.,5.,-20.,20.,5.,-20.,20.,5.,-23.,-3.14159265358979,      2547P   3623
3.14159265358979,0.,0.,0.;                                          2547P   3624
126,8,2,0,1,0,0,-3.14159265358979,-3.14159265358979,                2549P   3625
-3.14159265358979,-1.5707963267949,-1.5707963267949,0.,0.,          2549P   3626
1.5707963267949,1.5707963267949,3.14159265358979,                   2549P   3627
3.14159265358979,3.14159265358979,1.,0.707106781186547,1.,          2549P   3628
0.707106781186546,1.,0.707106781186548,1.,0.707106781186549,1.,     2549P   3629
-26.,-3.,23.,-26.,-3.,26.,-23.,-3.,26.,-20.,-3.,26.,-20.,-3.,       2549P   3630
23.,-20.,-3.,20.,-23.,-3.,20.,-26.,-3.,20.,-26.,-3.,23.,            2549P   3631
-3.14159265358979,3.14159265358979,0.,0.,0.;                        2549P   3632
126,1,1,0,0,1,0,0.,0.,2.66666666666667,2.66666666666667,1.,1.,      2551P   3633
-26.,-3.,23.,-26.,5.,23.,0.,2.66666666666667,0.,0.,0.;              2551P   3634
126,8,2,0,1,0,0,-3.14159265358979,-3.14159265358979,                2553P   3635
-3.14159265358979,-1.5707963267949,-1.5707963267949,0.,0.,          2553P   3636
1.5707963267949,1.5707963267949,3.14159265358979,                   2553P   3637
3.14159265358979,3.14159265358979,1.,0.707106781186549,1.,          2553P   3638
0.707106781186548,1.,0.707106781186546,1.,0.707106781186547,1.,     2553P   3639
-26.,5.,23.,-26.,5.,20.,-23.,5.,20.,-20.,5.,20.,-20.,5.,23.,        2553P   3640
-20.,5.,26.,-23.,5.,26.,-26.,5.,26.,-26.,5.,23.,                    2553P   3641
-3.14159265358979,3.14159265358979,0.,0.,0.;                        2553P   3642
126,8,2,0,1,0,0,-3.14159265358979,-3.14159265358979,                2555P   3643
-3.14159265358979,-1.5707963267949,-1.5707963267949,0.,0.,          2555P   3644
1.5707963267949,1.5707963267949,3.14159265358979,                   2555P   3645
3.14159265358979,3.14159265358979,1.,0.707106781186547,1.,          2555P   3646
0.707106781186549,1.,0.707106781186549,1.,0.707106781186547,1.,     2555P   3647
-26.,-3.,-23.,-26.,-3.,-20.,-23.,-3.,-20.,-20.,-3.,-20.,-20.,       2555P   3648
-3.,-23.,-20.,-3.,-26.,-23.,-3.,-26.,-26.,-3.,-26.,-26.,-3.,        2555P   3649
-23.,-3.14159265358979,3.14159265358979,0.,0.,0.;                   2555P   3650
126,1,1,0,0,1,0,0.,0.,2.66666666666667,2.66666666666667,1.,1.,      2557P   3651
-26.,-3.,-23.,-26.,5.,-23.,0.,2.66666666666667,0.,0.,0.;            2557P   3652
126,8,2,0,1,0,0,-3.14159265358979,-3.14159265358979,                2559P   3653
-3.14159265358979,-1.5707963267949,-1.5707963267949,0.,0.,          2559P   3654
1.5707963267949,1.5707963267949,3.14159265358979,                   2559P   3655
3.14159265358979,3.14159265358979,1.,0.707106781186547,1.,          2559P   3656
0.707106781186549,1.,0.707106781186549,1.,0.707106781186547,1.,     2559P   3657
-26.,5.,-23.,-26.,5.,-26.,-23.,5.,-26.,-20.,5.,-26.,-20.,5.,        2559P   3658
-23.,-20.,5.,-20.,-23.,5.,-20.,-26.,5.,-20.,-26.,5.,-23.,           2559P   3659
-3.14159265358979,3.14159265358979,0.,0.,0.;                        2559P   3660
126,1,1,0,0,1,0,0.,0.,5.8,5.8,1.,1.,29.,-3.,-29.,29.,-3.,29.,0.,    2561P   3661
5.8,0.,0.,0.;                                                       2561P   3662
126,1,1,0,0,1,0,0.,0.,0.8,0.8,1.,1.,29.,-3.,-29.,29.,5.,-29.,0.,    2563P   3663
0.8,0.,0.,0.;                                                       2563P   3664
126,1,1,0,0,1,0,-5.8,-5.8,0.,0.,1.,1.,29.,5.,29.,29.,5.,-29.,       2565P   3665
-5.8,0.,0.,0.,0.;                                                   2565P   3666
126,1,1,0,0,1,0,0.,0.,0.8,0.8,1.,1.,29.,-3.,29.,29.,5.,29.,0.,      2567P   3667
0.8,0.,0.,0.;                                                       2567P   3668
126,1,1,0,0,1,0,0.,0.,5.8,5.8,1.,1.,29.,-3.,29.,-29.,-3.,29.,0.,    2569P   3669
5.8,0.,0.,0.;                                                       2569P   3670
126,1,1,0,0,1,0,-5.8,-5.8,0.,0.,1.,1.,-29.,5.,29.,29.,5.,29.,       2571P   3671
-5.8,0.,0.,0.,0.;                                                   2571P   3672
126,1,1,0,0,1,0,0.,0.,0.8,0.8,1.,1.,-29.,-3.,29.,-29.,5.,29.,0.,    2573P   3673
0.8,0.,0.,0.;                                                       2573P   3674
126,1,1,0,0,1,0,0.,0.,5.8,5.8,1.,1.,-29.,-3.,29.,-29.,-3.,-29.,     2575P   3675
0.,5.8,0.,0.,0.;                                                    2575P   3676
126,1,1,0,0,1,0,-5.8,-5.8,0.,0.,1.,1.,-29.,5.,-29.,-29.,5.,29.,     2577P   3677
-5.8,0.,0.,0.,0.;                                                   2577P   3678
126,1,1,0,0,1,0,0.,0.,0.8,0.8,1.,1.,-29.,-3.,-29.,-29.,5.,-29.,     2579P   3679
0.,0.8,0.,0.,0.;                                                    2579P   3680
126,1,1,0,0,1,0,0.,0.,5.8,5.8,1.,1.,-29.,-3.,-29.,29.,-3.,-29.,     2581P   3681
0.,5.8,0.,0.,0.;                                                    2581P   3682
126,1,1,0,0,1,0,-5.8,-5.8,0.,0.,1.,1.,29.,5.,-29.,-29.,5.,-29.,     2583P   3683
-5.8,0.,0.,0.,0.;                                                   2583P   3684
126,8,2,0,1,0,0,-3.14159265358979,-3.14159265358979,                2585P   3685
-3.14159265358979,-1.5707963267949,-1.5707963267949,0.,0.,          2585P   3686
1.5707963267949,1.5707963267949,3.14159265358979,                   2585P   3687
3.14159265358979,3.14159265358979,1.,0.707106781186547,1.,          2585P   3688
0.707106781186548,1.,0.707106781186548,1.,0.707106781186547,1.,     2585P   3689
-18.5,31.6,2.2655965784226D-15,-18.5,31.6,18.5,                     2585P   3690
1.1327982892113D-15,31.6,18.5,18.5,31.6,18.5,18.5,31.6,0.,18.5,     2585P   3691
31.6,-18.5,1.1327982892113D-15,31.6,-18.5,-18.5,31.6,-18.5,         2585P   3692
-18.5,31.6,-2.2655965784226D-15,-3.14159265358979,                  2585P   3693
3.14159265358979,0.,0.,0.;                                          2585P   3694
126,1,1,0,0,1,0,0.,0.,0.0864864864864865,0.0864864864864865,1.,     2587P   3695
1.,-18.5,31.6,0.,-18.5,30.,0.,0.,0.0864864864864865,0.,0.,0.;       2587P   3696
126,8,2,0,1,0,0,-3.14159265358979,-3.14159265358979,                2589P   3697
-3.14159265358979,-1.5707963267949,-1.5707963267949,0.,0.,          2589P   3698
1.5707963267949,1.5707963267949,3.14159265358979,                   2589P   3699
3.14159265358979,3.14159265358979,1.,0.707106781186547,1.,          2589P   3700
0.707106781186548,1.,0.707106781186548,1.,0.707106781186547,1.,     2589P   3701
-18.5,30.,-2.2655965784226D-15,-18.5,30.,-18.5,                     2589P   3702
1.1327982892113D-15,30.,-18.5,18.5,30.,-18.5,18.5,30.,0.,18.5,      2589P   3703
30.,18.5,1.1327982892113D-15,30.,18.5,-18.5,30.,18.5,-18.5,30.,     2589P   3704
2.2655965784226D-15,-3.14159265358979,3.14159265358979,0.,0.,0.;    2589P   3705
126,8,2,0,1,0,0,-3.14159265358979,-3.14159265358979,                2591P   3706
-3.14159265358979,-1.5707963267949,-1.5707963267949,0.,0.,          2591P   3707
1.5707963267949,1.5707963267949,3.14159265358979,                   2591P   3708
3.14159265358979,3.14159265358979,1.,0.707106781186547,1.,          2591P   3709
0.707106781186547,1.,0.707106781186547,1.,0.707106781186547,1.,     2591P   3710
-17.5,31.6,-2.14313189850787D-15,-17.5,31.6,-17.5,                  2591P   3711
1.07156594925393D-15,31.6,-17.5,17.5,31.6,-17.5,17.5,31.6,0.,       2591P   3712
17.5,31.6,17.5,1.07156594925393D-15,31.6,17.5,-17.5,31.6,17.5,      2591P   3713
-17.5,31.6,2.14313189850787D-15,-3.14159265358979,                  2591P   3714
3.14159265358979,0.,0.,0.;                                          2591P   3715
126,8,2,0,1,0,0,-3.14159265358979,-3.14159265358979,                2593P   3716
-3.14159265358979,-1.5707963267949,-1.5707963267949,0.,0.,          2593P   3717
1.5707963267949,1.5707963267949,3.14159265358979,                   2593P   3718
3.14159265358979,3.14159265358979,1.,0.707106781186547,1.,          2593P   3719
0.707106781186547,1.,0.707106781186547,1.,0.707106781186547,1.,     2593P   3720
-17.5,30.,2.14313189850787D-15,-17.5,30.,17.5,                      2593P   3721
1.07156594925393D-15,30.,17.5,17.5,30.,17.5,17.5,30.,0.,17.5,       2593P   3722
30.,-17.5,1.07156594925393D-15,30.,-17.5,-17.5,30.,-17.5,-17.5,     2593P   3723
30.,-2.14313189850787D-15,-3.14159265358979,3.14159265358979,0.,    2593P   3724
0.,0.;                                                              2593P   3725
126,1,1,0,0,1,0,-1.88571428571429,-1.88571428571429,                2595P   3726
-0.171428571428571,-0.171428571428571,1.,1.,-17.5,30.,0.,-17.5,     2595P   3727
0.,0.,-1.88571428571429,-0.171428571428571,0.,0.,0.;                2595P   3728
126,4,2,0,0,0,0,3.14159265358979,3.14159265358979,                  2597P   3729
3.14159265358979,4.71238898038469,4.71238898038469,                 2597P   3730
6.28318530717959,6.28318530717959,6.28318530717959,1.,              2597P   3731
0.707106781186547,1.,0.707106781186548,1.,-17.5,0.,                 2597P   3732
2.14313189850787D-15,-17.5,0.,-17.5,-3.2146978477618D-15,0.,        2597P   3733
-17.5,17.5,0.,-17.5,17.5,0.,-4.28626379701574D-15,                  2597P   3734
3.14159265358979,6.28318530717959,0.,0.,0.;                         2597P   3735
126,4,2,0,0,0,0,1.22464679914735D-16,1.22464679914735D-16,          2599P   3736
1.22464679914735D-16,1.5707963267949,1.5707963267949,               2599P   3737
3.14159265358979,3.14159265358979,3.14159265358979,1.,              2599P   3738
0.707106781186547,1.,0.707106781186547,1.,17.5,0.,                  2599P   3739
2.14313189850787D-15,17.5,0.,17.5,1.07156594925393D-15,0.,17.5,     2599P   3740
-17.5,0.,17.5,-17.5,0.,2.14313189850787D-15,                        2599P   3741
1.22464679914735D-16,3.14159265358979,0.,0.,0.;                     2599P   3742
126,8,2,0,1,0,0,-3.14159265358979,-3.14159265358979,                2601P   3743
-3.14159265358979,-1.5707963267949,-1.5707963267949,0.,0.,          2601P   3744
1.5707963267949,1.5707963267949,3.14159265358979,                   2601P   3745
3.14159265358979,3.14159265358979,1.,0.707106781186548,1.,          2601P   3746
0.707106781186548,1.,0.707106781186548,1.,0.707106781186548,1.,     2601P   3747
14.,0.,1.71450551880629D-15,14.,0.,14.,-8.57252759403147D-16,0.,    2601P   3748
14.,-14.,0.,14.,-14.,0.,0.,-14.,0.,-14.,-8.57252759403147D-16,      2601P   3749
0.,-14.,14.,0.,-14.,14.,0.,-1.71450551880629D-15,                   2601P   3750
-3.14159265358979,3.14159265358979,0.,0.,0.;                        2601P   3751
126,1,1,0,0,1,0,-0.214285714285714,-0.214285714285714,0.,0.,1.,     2603P   3752
1.,14.,0.,0.,14.,-3.,0.,-0.214285714285714,0.,0.,0.,0.;             2603P   3753
126,8,2,0,1,0,0,-3.14159265358979,-3.14159265358979,                2605P   3754
-3.14159265358979,-1.5707963267949,-1.5707963267949,0.,0.,          2605P   3755
1.5707963267949,1.5707963267949,3.14159265358979,                   2605P   3756
3.14159265358979,3.14159265358979,1.,0.707106781186548,1.,          2605P   3757
0.707106781186548,1.,0.707106781186548,1.,0.707106781186548,1.,     2605P   3758
14.,-3.,-1.71450551880629D-15,14.,-3.,-14.,                         2605P   3759
-8.57252759403147D-16,-3.,-14.,-14.,-3.,-14.,-14.,-3.,0.,-14.,      2605P   3760
-3.,14.,-8.57252759403147D-16,-3.,14.,14.,-3.,14.,14.,-3.,          2605P   3761
1.71450551880629D-15,-3.14159265358979,3.14159265358979,0.,0.,      2605P   3762
0.;                                                                 2605P   3763
126,8,2,0,1,0,0,-3.14159265358979,-3.14159265358979,                2607P   3764
-3.14159265358979,-1.5707963267949,-1.5707963267949,0.,0.,          2607P   3765
1.5707963267949,1.5707963267949,3.14159265358979,                   2607P   3766
3.14159265358979,3.14159265358979,1.,0.707106781186548,1.,          2607P   3767
0.707106781186548,1.,0.707106781186548,1.,0.707106781186548,1.,     2607P   3768
21.,33.,-2.57175827820944D-15,21.,33.,-21.,                         2607P   3769
-1.28587913910472D-15,33.,-21.,-21.,33.,-21.,-21.,33.,0.,-21.,      2607P   3770
33.,21.,-1.28587913910472D-15,33.,21.,21.,33.,21.,21.,33.,          2607P   3771
2.57175827820944D-15,-3.14159265358979,3.14159265358979,0.,0.,      2607P   3772
0.;                                                                 2607P   3773
126,1,1,0,0,1,0,0.,0.,1.33333333333333,1.33333333333333,1.,1.,      2609P   3774
21.,33.,0.,21.,5.,0.,0.,1.33333333333333,0.,0.,0.;                  2609P   3775
126,8,2,0,1,0,0,-3.14159265358979,-3.14159265358979,                2611P   3776
-3.14159265358979,-1.5707963267949,-1.5707963267949,0.,0.,          2611P   3777
1.5707963267949,1.5707963267949,3.14159265358979,                   2611P   3778
3.14159265358979,3.14159265358979,1.,0.707106781186548,1.,          2611P   3779
0.707106781186548,1.,0.707106781186548,1.,0.707106781186548,1.,     2611P   3780
21.,5.,-2.57175827820944D-15,21.,5.,-21.,-1.28587913910472D-15,     2611P   3781
5.,-21.,-21.,5.,-21.,-21.,5.,0.,-21.,5.,21.,                        2611P   3782
-1.28587913910472D-15,5.,21.,21.,5.,21.,21.,5.,                     2611P   3783
2.57175827820944D-15,-3.14159265358979,3.14159265358979,0.,0.,      2611P   3784
0.;                                                                 2611P   3785
126,8,2,0,1,0,0,-3.14159265358979,-3.14159265358979,                2613P   3786
-3.14159265358979,-1.5707963267949,-1.5707963267949,0.,0.,          2613P   3787
1.5707963267949,1.5707963267949,3.14159265358979,                   2613P   3788
3.14159265358979,3.14159265358979,1.,0.707106781186547,1.,          2613P   3789
0.707106781186547,1.,0.707106781186547,1.,0.707106781186547,1.,     2613P   3790
-17.5,33.,-2.14313189850787D-15,-17.5,33.,-17.5,                    2613P   3791
1.07156594925393D-15,33.,-17.5,17.5,33.,-17.5,17.5,33.,0.,17.5,     2613P   3792
33.,17.5,1.07156594925393D-15,33.,17.5,-17.5,33.,17.5,-17.5,33.,    2613P   3793
2.14313189850787D-15,-3.14159265358979,3.14159265358979,0.,0.,      2613P   3794
0.;                                                                 2613P   3795
126,1,1,0,0,1,0,-2.05714285714286,-2.05714285714286,                2615P   3796
-1.97714285714286,-1.97714285714286,1.,1.,-17.5,33.,0.,-17.5,       2615P   3797
31.6,0.,-2.05714285714286,-1.97714285714286,0.,0.,0.;               2615P   3798
126,2,2,0,0,0,0,-0.785398163397448,-0.785398163397448,              2617P   3799
-0.785398163397448,0.785398163397448,0.785398163397448,             2617P   3800
0.785398163397448,1.,0.707106781186545,1.,-84.541228852683,9.,      2617P   3801
-45.9047625420198,-79.541228852683,9.,-45.9047625420198,            2617P   3802
-79.541228852683,9.,-40.9047625420198,-0.785398163397448,           2617P   3803
0.785398163397448,0.,0.,0.;                                         2617P   3804
126,1,1,0,0,1,0,-0.9,-0.9,0.,0.,1.,1.,-79.541228852683,9.,          2619P   3805
-40.9047625420198,-79.541228852683,0.,-40.9047625420198,-0.9,0.,    2619P   3806
0.,0.,0.;                                                           2619P   3807
126,2,2,0,0,0,0,-0.785398163397448,-0.785398163397448,              2621P   3808
-0.785398163397448,0.785398163397448,0.785398163397448,             2621P   3809
0.785398163397448,1.,0.707106781186545,1.,-79.541228852683,0.,      2621P   3810
-40.9047625420198,-79.541228852683,0.,-45.9047625420198,            2621P   3811
-84.541228852683,0.,-45.9047625420198,-0.785398163397448,           2621P   3812
0.785398163397448,0.,0.,0.;                                         2621P   3813
126,1,1,0,0,1,0,0.,0.,0.9,0.9,1.,1.,-84.541228852683,0.,            2623P   3814
-45.9047625420198,-84.541228852683,9.,-45.9047625420198,0.,0.9,     2623P   3815
0.,0.,0.;                                                           2623P   3816
126,1,1,0,0,1,0,0.5,0.5,8.085,8.085,1.,1.,-160.391228852683,0.,     2625P   3817
-45.9047625420198,-84.541228852683,0.,-45.9047625420198,0.5,        2625P   3818
8.085,0.,0.,0.;                                                     2625P   3819
126,1,1,0,0,1,0,-0.9,-0.9,0.,0.,1.,1.,-160.391228852683,9.,         2627P   3820
-45.9047625420198,-160.391228852683,0.,-45.9047625420198,-0.9,      2627P   3821
0.,0.,0.,0.;                                                        2627P   3822
126,1,1,0,0,1,0,-8.085,-8.085,-0.5,-0.5,1.,1.,-84.541228852683,     2629P   3823
9.,-45.9047625420198,-160.391228852683,9.,-45.9047625420198,        2629P   3824
-8.085,-0.5,0.,0.,0.;                                               2629P   3825
126,1,1,0,0,1,0,0.5,0.5,0.60438929194038,0.60438929194038,1.,1.,    2631P   3826
-79.541228852683,0.,-40.9047625420198,-79.541228852683,0.,          2631P   3827
-39.860869622616,0.5,0.60438929194038,0.,0.,0.;                     2631P   3828
126,2,2,0,0,0,0,-0.664236511968188,-0.664236511968188,              2633P   3829
-0.664236511968188,0.664236511968196,0.664236511968196,             2633P   3830
0.664236511968196,1.,0.787387672993019,1.,-81.8213527671947,0.,     2633P   3831
-36.9485203266794,-79.541228852683,0.,-37.5121225979788,            2633P   3832
-79.541228852683,0.,-39.860869622616,-0.664236511968188,            2633P   3833
0.664236511968196,0.,0.,0.;                                         2633P   3834
126,2,2,0,0,0,0,0.544717483321542,0.544717483321542,                2635P   3835
0.544717483321542,0.582692289799024,0.582692289799024,              2635P   3836
0.582692289799024,1.,0.999819744674715,1.,-83.6364521850902,0.,     2635P   3837
-36.5362663018555,-82.7249881890332,0.,-36.7251592308489,           2635P   3838
-81.8213527671948,0.,-36.9485203266794,0.544717483321542,           2635P   3839
0.582692289799024,0.,0.,0.;                                         2635P   3840
126,4,2,0,0,0,0,-0.982376895277581,-0.982376895277581,              2637P   3841
-0.982376895277581,-1.03805852802452D-14,-1.03805852802452D-14,     2637P   3842
0.98237689527756,0.98237689527756,0.98237689527756,1.,              2637P   3843
0.881772921409594,1.,0.88177292140937,1.,-84.2289558175898,0.,      2637P   3844
-37.1201004450177,-84.2793649031996,0.,-36.8574359816846,           2637P   3845
-84.0888550202241,0.,-36.6697136316599,-83.8983451372485,0.,        2637P   3846
-36.4819912816353,-83.6364521850902,0.,-36.5362663018554,           2637P   3847
-0.982376895277581,0.98237689527756,0.,0.,0.;                       2637P   3848
126,6,2,0,0,0,0,-0.189608967379212,-0.189608967379212,              2639P   3849
-0.189608967379212,1.06792346231537,1.06792346231537,               2639P   3850
2.32545589200996,2.32545589200996,3.58298832170454,                 2639P   3851
3.58298832170454,3.58298832170454,1.,0.808753771182801,1.,          2639P   3852
0.808753771182804,1.,0.808753771182798,1.,-84.2289558175898,0.,     2639P   3853
-37.1201004450177,-83.7492318939716,0.,-39.6197773469284,           2639P   3854
-85.979422289024,0.,-40.8464682039308,-88.2096126840765,0.,         2639P   3855
-42.0731590609332,-90.0638713026305,0.,-40.3295293317889,           2639P   3856
-91.9181299211845,0.,-38.5858996026447,-90.8307759450497,0.,        2639P   3857
-36.2845563020002,-0.189608967379212,3.58298832170454,0.,0.,0.;     2639P   3858
126,4,2,0,0,0,0,-0.982376895277551,-0.982376895277551,              2641P   3859
-0.982376895277551,9.82547376793264D-15,9.82547376793264D-15,       2641P   3860
0.982376895277571,0.982376895277571,0.982376895277571,1.,           2641P   3861
0.881772921409263,1.,0.881772921409249,1.,-91.2591438941021,0.,     2641P   3862
-35.5715179008801,-90.9919869389285,0.,-35.5842008623833,           2641P   3863
-90.8542522089317,0.,-35.8134667350352,-90.716517478935,0.,         2641P   3864
-36.0427326076871,-90.8307759450497,0.,-36.2845563020002,           2641P   3865
-0.982376895277551,0.982376895277571,0.,0.,0.;                      2641P   3866
126,2,2,0,0,0,0,0.,0.,0.,0.387807191295031,0.387807191295031,       2643P   3867
0.387807191295031,1.,0.981259526319429,1.,-109.947418843049,0.,     2643P   3868
-38.3284456284189,-100.873971526461,0.,-35.1150652936789,           2643P   3869
-91.2591438941021,0.,-35.5715179008802,0.,0.387807191295031,0.,     2643P   3870
0.,0.;                                                              2643P   3871
126,6,2,0,0,0,0,0.,0.,0.,1.27411020915694,1.27411020915694,         2645P   3872
2.54822041831388,2.54822041831388,3.82233062747082,                 2645P   3873
3.82233062747082,3.82233062747082,1.,0.803850955414585,1.,          2645P   3874
0.803850955414584,1.,0.803850955414587,1.,-109.947418843049,0.,     2645P   3875
-38.3284456284189,-136.104611459837,0.,-47.5920700739072,           2645P   3876
-152.61063968073,0.,-25.2859163079635,-169.116667901623,0.,         2645P   3877
-2.97976254201971,-152.61063968073,0.,19.326391223924,              2645P   3878
-136.104611459837,0.,41.6325449898677,-109.947418843049,0.,         2645P   3879
32.3689205443793,0.,3.82233062747082,0.,0.,0.;                      2645P   3880
126,2,2,0,0,0,0,0.243107391966894,0.243107391966894,                2647P   3881
0.243107391966894,0.630914583261927,0.630914583261927,              2647P   3882
0.630914583261927,1.,0.981259526319429,1.,-91.259143894102,0.,      2647P   3883
29.6119928168402,-100.873971526461,0.,29.155540209639,              2647P   3884
-109.947418843049,0.,32.368920544379,0.243107391966894,             2647P   3885
0.630914583261927,0.,0.,0.;                                         2647P   3886
126,4,2,0,0,0,0,-0.982376895277617,-0.982376895277617,              2649P   3887
-0.982376895277617,-8.60422844084496D-15,-8.60422844084496D-15,     2649P   3888
0.9823768952776,0.9823768952776,0.9823768952776,1.,                 2649P   3889
0.881772921409394,1.,0.881772921409554,1.,-90.8307759450495,0.,     2649P   3890
30.3250312179603,-90.7165174789348,0.,30.0832075236472,             2649P   3891
-90.8542522089316,0.,29.8539416509953,-90.9919869389284,0.,         2649P   3892
29.6246757783434,-91.259143894102,0.,29.6119928168402,              2649P   3893
-0.982376895277617,0.9823768952776,0.,0.,0.;                        2649P   3894
126,6,2,0,0,0,0,2.70019698547496,2.70019698547496,                  2651P   3895
2.70019698547496,3.9577294151696,3.9577294151696,                   2651P   3896
5.21526184486424,5.21526184486424,6.47279427455889,                 2651P   3897
6.47279427455889,6.47279427455889,1.,0.808753771182759,1.,          2651P   3898
0.808753771182771,1.,0.808753771182771,1.,-90.8307759450495,0.,     2651P   3899
30.3250312179603,-91.9181299211847,0.,32.6263745186049,             2651P   3900
-90.0638713026306,0.,34.3700042477493,-88.2096126840765,0.,         2651P   3901
36.1136339768937,-85.9794222890239,0.,34.8869431198912,             2651P   3902
-83.7492318939714,0.,33.6602522628887,-84.2289558175898,0.,         2651P   3903
31.1605753609779,2.70019698547496,6.47279427455889,0.,0.,0.;        2651P   3904
126,4,2,0,0,0,0,-0.982376895277631,-0.982376895277631,              2653P   3905
-0.982376895277631,-1.0769163338864D-14,-1.0769163338864D-14,       2653P   3906
0.98237689527761,0.98237689527761,0.98237689527761,1.,              2653P   3907
0.881772921409566,1.,0.881772921409745,1.,-83.6364521850902,0.,     2653P   3908
30.5767412178155,-83.8983451372486,0.,30.5224661975953,             2653P   3909
-84.0888550202241,0.,30.71018854762,-84.2793649031996,0.,           2653P   3910
30.8979108976447,-84.2289558175898,0.,31.1605753609779,             2653P   3911
-0.982376895277631,0.98237689527761,0.,0.,0.;                       2653P   3912
126,2,2,0,0,0,0,0.0482222934629058,0.0482222934629058,              2655P   3913
0.0482222934629058,0.0861970999403877,0.0861970999403877,           2655P   3914
0.0861970999403877,1.,0.999819744674715,1.,-81.8213527671948,0.,    2655P   3915
30.9889952426395,-82.7249881890333,0.,30.765634146809,              2655P   3916
-83.6364521850902,0.,30.5767412178155,0.0482222934629058,           2655P   3917
0.0861970999403877,0.,0.,0.;                                        2655P   3918
126,2,2,0,0,0,0,-0.664236511968196,-0.664236511968196,              2657P   3919
-0.664236511968196,0.664236511968199,0.664236511968199,             2657P   3920
0.664236511968199,1.,0.787387672993033,1.,-79.541228852683,0.,      2657P   3921
33.901344538576,-79.541228852683,0.,31.5525975139388,               2657P   3922
-81.8213527671948,0.,30.9889952426395,-0.664236511968196,           2657P   3923
0.664236511968199,0.,0.,0.;                                         2657P   3924
126,1,1,0,0,1,0,7.98061070805958,7.98061070805958,8.085,8.085,      2659P   3925
1.,1.,-79.541228852683,0.,33.901344538576,-79.541228852683,0.,      2659P   3926
34.9452374579802,7.98061070805958,8.085,0.,0.,0.;                   2659P   3927
126,2,2,0,0,0,0,-0.785398163397448,-0.785398163397448,              2661P   3928
-0.785398163397448,0.785398163397448,0.785398163397448,             2661P   3929
0.785398163397448,1.,0.707106781186545,1.,-84.541228852683,0.,      2661P   3930
39.9452374579802,-79.541228852683,0.,39.9452374579802,              2661P   3931
-79.541228852683,0.,34.9452374579802,-0.785398163397448,            2661P   3932
0.785398163397448,0.,0.,0.;                                         2661P   3933
126,1,1,0,0,1,0,0.500000000000001,0.500000000000001,8.085,8.085,    2663P   3934
1.,1.,-84.541228852683,0.,39.9452374579802,-160.391228852683,0.,    2663P   3935
39.9452374579802,0.500000000000001,8.085,0.,0.,0.;                  2663P   3936
126,2,2,0,0,0,0,-0.785398163397448,-0.785398163397448,              2665P   3937
-0.785398163397448,0.785398163397448,0.785398163397448,             2665P   3938
0.785398163397448,1.,0.707106781186545,1.,-165.391228852683,0.,     2665P   3939
34.9452374579802,-165.391228852683,0.,39.9452374579802,             2665P   3940
-160.391228852683,0.,39.9452374579802,-0.785398163397448,           2665P   3941
0.785398163397448,0.,0.,0.;                                         2665P   3942
126,1,1,0,0,1,0,0.5,0.5,8.085,8.085,1.,1.,-165.391228852683,0.,     2667P   3943
34.9452374579802,-165.391228852683,0.,-40.9047625420198,0.5,        2667P   3944
8.085,0.,0.,0.;                                                     2667P   3945
126,2,2,0,0,0,0,-0.785398163397448,-0.785398163397448,              2669P   3946
-0.785398163397448,0.785398163397448,0.785398163397448,             2669P   3947
0.785398163397448,1.,0.707106781186545,1.,-160.391228852683,0.,     2669P   3948
-45.9047625420198,-165.391228852683,0.,-45.9047625420198,           2669P   3949
-165.391228852683,0.,-40.9047625420198,-0.785398163397448,          2669P   3950
0.785398163397448,0.,0.,0.;                                         2669P   3951
126,8,2,0,1,0,0,-3.14159265358979,-3.14159265358979,                2671P   3952
-3.14159265358979,-1.5707963267949,-1.5707963267949,0.,0.,          2671P   3953
1.5707963267949,1.5707963267949,3.14159265358979,                   2671P   3954
3.14159265358979,3.14159265358979,1.,0.707106781186547,1.,          2671P   3955
0.707106781186547,1.,0.707106781186547,1.,0.707106781186547,1.,     2671P   3956
-160.766228852683,0.,31.8202374579802,-160.766228852683,0.,         2671P   3957
28.3202374579802,-157.266228852683,0.,28.3202374579802,             2671P   3958
-153.766228852683,0.,28.3202374579802,-153.766228852683,0.,         2671P   3959
31.8202374579802,-153.766228852683,0.,35.3202374579802,             2671P   3960
-157.266228852683,0.,35.3202374579802,-160.766228852683,0.,         2671P   3961
35.3202374579802,-160.766228852683,0.,31.8202374579802,             2671P   3962
-3.14159265358979,3.14159265358979,0.,0.,0.;                        2671P   3963
126,8,2,0,1,0,0,-3.14159265358979,-3.14159265358979,                2673P   3964
-3.14159265358979,-1.5707963267949,-1.5707963267949,0.,0.,          2673P   3965
1.5707963267949,1.5707963267949,3.14159265358979,                   2673P   3966
3.14159265358979,3.14159265358979,1.,0.707106781186533,1.,          2673P   3967
0.707106781186543,1.,0.707106781186547,1.,0.707106781186537,1.,     2673P   3968
-160.766228852683,0.,-37.7797625420198,-160.766228852683,0.,        2673P   3969
-41.2797625420198,-157.266228852683,0.,-41.2797625420198,           2673P   3970
-153.766228852683,0.,-41.2797625420198,-153.766228852683,0.,        2673P   3971
-37.7797625420198,-153.766228852683,0.,-34.2797625420198,           2673P   3972
-157.266228852683,0.,-34.2797625420198,-160.766228852683,0.,        2673P   3973
-34.2797625420198,-160.766228852683,0.,-37.7797625420198,           2673P   3974
-3.14159265358979,3.14159265358979,0.,0.,0.;                        2673P   3975
126,2,2,0,0,0,0,-0.785398163397448,-0.785398163397448,              2675P   3976
-0.785398163397448,0.785398163397448,0.785398163397448,             2675P   3977
0.785398163397448,1.,0.707106781186545,1.,-165.391228852683,9.,     2675P   3978
-40.9047625420198,-165.391228852683,9.,-45.9047625420198,           2675P   3979
-160.391228852683,9.,-45.9047625420198,-0.785398163397448,          2675P   3980
0.785398163397448,0.,0.,0.;                                         2675P   3981
126,1,1,0,0,1,0,0.,0.,0.9,0.9,1.,1.,-165.391228852683,0.,           2677P   3982
-40.9047625420198,-165.391228852683,9.,-40.9047625420198,0.,0.9,    2677P   3983
0.,0.,0.;                                                           2677P   3984
126,1,1,0,0,1,0,-0.9,-0.9,0.,0.,1.,1.,-165.391228852683,9.,         2679P   3985
34.9452374579802,-165.391228852683,0.,34.9452374579802,-0.9,0.,     2679P   3986
0.,0.,0.;                                                           2679P   3987
126,1,1,0,0,1,0,-8.085,-8.085,-0.5,-0.5,1.,1.,-165.391228852683,    2681P   3988
9.,-40.9047625420198,-165.391228852683,9.,34.9452374579802,         2681P   3989
-8.085,-0.5,0.,0.,0.;                                               2681P   3990
126,2,2,0,0,0,0,-0.785398163397448,-0.785398163397448,              2683P   3991
-0.785398163397448,0.785398163397448,0.785398163397448,             2683P   3992
0.785398163397448,1.,0.707106781186545,1.,-79.541228852683,9.,      2683P   3993
34.9452374579802,-79.541228852683,9.,39.9452374579802,              2683P   3994
-84.541228852683,9.,39.9452374579802,-0.785398163397448,            2683P   3995
0.785398163397448,0.,0.,0.;                                         2683P   3996
126,1,1,0,0,1,0,-0.9,-0.9,0.,0.,1.,1.,-84.541228852683,9.,          2685P   3997
39.9452374579802,-84.541228852683,0.,39.9452374579802,-0.9,0.,      2685P   3998
0.,0.,0.;                                                           2685P   3999
126,1,1,0,0,1,0,0.,0.,0.9,0.9,1.,1.,-79.541228852683,0.,            2687P   4000
34.9452374579802,-79.541228852683,9.,34.9452374579802,0.,0.9,0.,    2687P   4001
0.,0.;                                                              2687P   4002
126,1,1,0,0,1,0,-8.085,-8.085,-0.500000000000001,                   2689P   4003
-0.500000000000001,1.,1.,-160.391228852683,9.,39.9452374579802,     2689P   4004
-84.541228852683,9.,39.9452374579802,-8.085,-0.500000000000001,     2689P   4005
0.,0.,0.;                                                           2689P   4006
126,1,1,0,0,1,0,0.,0.,0.9,0.9,1.,1.,-160.391228852683,0.,           2691P   4007
39.9452374579802,-160.391228852683,9.,39.9452374579802,0.,0.9,      2691P   4008
0.,0.,0.;                                                           2691P   4009
126,2,2,0,0,0,0,-0.785398163397448,-0.785398163397448,              2693P   4010
-0.785398163397448,0.785398163397448,0.785398163397448,             2693P   4011
0.785398163397448,1.,0.707106781186545,1.,-160.391228852683,9.,     2693P   4012
39.9452374579802,-165.391228852683,9.,39.9452374579802,             2693P   4013
-165.391228852683,9.,34.9452374579802,-0.785398163397448,           2693P   4014
0.785398163397448,0.,0.,0.;                                         2693P   4015
126,2,2,0,0,0,0,-0.664236511968196,-0.664236511968196,              2695P   4016
-0.664236511968196,0.664236511968188,0.664236511968188,             2695P   4017
0.664236511968188,1.,0.787387672993019,1.,-79.541228852683,9.,      2695P   4018
-39.860869622616,-79.541228852683,9.,-37.5121225979788,             2695P   4019
-81.8213527671947,9.,-36.9485203266794,-0.664236511968196,          2695P   4020
0.664236511968188,0.,0.,0.;                                         2695P   4021
126,1,1,0,0,1,0,-0.9,-0.9,0.,0.,1.,1.,-81.8213527671948,9.,         2697P   4022
-36.9485203266794,-81.8213527671948,0.,-36.9485203266794,-0.9,      2697P   4023
0.,0.,0.,0.;                                                        2697P   4024
126,1,1,0,0,1,0,0.,0.,0.9,0.9,1.,1.,-79.541228852683,0.,            2699P   4025
-39.860869622616,-79.541228852683,9.,-39.860869622616,0.,0.9,0.,    2699P   4026
0.,0.;                                                              2699P   4027
126,1,1,0,0,1,0,-0.60438929194038,-0.60438929194038,-0.5,-0.5,      2701P   4028
1.,1.,-79.541228852683,9.,-39.860869622616,-79.541228852683,9.,     2701P   4029
-40.9047625420198,-0.60438929194038,-0.5,0.,0.,0.;                  2701P   4030
126,2,2,0,0,0,0,-0.664236511968199,-0.664236511968199,              2703P   4031
-0.664236511968199,0.664236511968196,0.664236511968196,             2703P   4032
0.664236511968196,1.,0.787387672993033,1.,-81.8213527671948,9.,     2703P   4033
30.9889952426395,-79.541228852683,9.,31.5525975139388,              2703P   4034
-79.541228852683,9.,33.901344538576,-0.664236511968199,             2703P   4035
0.664236511968196,0.,0.,0.;                                         2703P   4036
126,1,1,0,0,1,0,-0.9,-0.9,0.,0.,1.,1.,-79.541228852683,9.,          2705P   4037
33.901344538576,-79.541228852683,0.,33.901344538576,-0.9,0.,0.,     2705P   4038
0.,0.;                                                              2705P   4039
126,1,1,0,0,1,0,0.,0.,0.9,0.9,1.,1.,-81.8213527671948,0.,           2707P   4040
30.9889952426395,-81.8213527671948,9.,30.9889952426395,0.,0.9,      2707P   4041
0.,0.,0.;                                                           2707P   4042
126,1,1,0,0,1,0,-0.9,-0.9,0.,0.,1.,1.,-83.6364521850902,9.,         2709P   4043
30.5767412178155,-83.6364521850902,0.,30.5767412178155,-0.9,0.,     2709P   4044
0.,0.,0.;                                                           2709P   4045
126,2,2,0,0,0,0,0.0482222934629058,0.0482222934629058,              2711P   4046
0.0482222934629058,0.0861970999403877,0.0861970999403877,           2711P   4047
0.0861970999403877,1.,0.999819744674715,1.,-81.8213527671948,9.,    2711P   4048
30.9889952426395,-82.7249881890333,9.,30.765634146809,              2711P   4049
-83.6364521850902,9.,30.5767412178155,0.0482222934629058,           2711P   4050
0.0861970999403877,0.,0.,0.;                                        2711P   4051
126,4,2,0,0,0,0,-0.982376895277571,-0.982376895277571,              2713P   4052
-0.982376895277571,-9.82547376793264D-15,-9.82547376793264D-15,     2713P   4053
0.982376895277551,0.982376895277551,0.982376895277551,1.,           2713P   4054
0.881772921409249,1.,0.881772921409263,1.,-90.8307759450497,9.,     2713P   4055
-36.2845563020002,-90.716517478935,9.,-36.0427326076871,            2713P   4056
-90.8542522089317,9.,-35.8134667350352,-90.9919869389285,9.,        2713P   4057
-35.5842008623833,-91.2591438941021,9.,-35.5715179008801,           2713P   4058
-0.982376895277571,0.982376895277551,0.,0.,0.;                      2713P   4059
126,1,1,0,0,1,0,-0.9,-0.9,0.,0.,1.,1.,-91.2591438941021,9.,         2715P   4060
-35.5715179008801,-91.2591438941021,0.,-35.5715179008801,-0.9,      2715P   4061
0.,0.,0.,0.;                                                        2715P   4062
126,1,1,0,0,1,0,0.,0.,0.9,0.9,1.,1.,-90.8307759450497,0.,           2717P   4063
-36.2845563020002,-90.8307759450497,9.,-36.2845563020002,0.,0.9,    2717P   4064
0.,0.,0.;                                                           2717P   4065
126,1,1,0,0,1,0,-0.9,-0.9,0.,0.,1.,1.,-84.2289558175898,9.,         2719P   4066
-37.1201004450177,-84.2289558175898,0.,-37.1201004450177,-0.9,      2719P   4067
0.,0.,0.,0.;                                                        2719P   4068
126,6,2,0,0,0,0,-3.58298832170454,-3.58298832170454,                2721P   4069
-3.58298832170454,-2.32545589200996,-2.32545589200996,              2721P   4070
-1.06792346231537,-1.06792346231537,0.189608967379212,              2721P   4071
0.189608967379212,0.189608967379212,1.,0.808753771182798,1.,        2721P   4072
0.808753771182804,1.,0.808753771182801,1.,-90.8307759450497,9.,     2721P   4073
-36.2845563020002,-91.9181299211845,9.,-38.5858996026447,           2721P   4074
-90.0638713026305,9.,-40.3295293317889,-88.2096126840765,9.,        2721P   4075
-42.0731590609332,-85.979422289024,9.,-40.8464682039308,            2721P   4076
-83.7492318939716,9.,-39.6197773469284,-84.2289558175898,9.,        2721P   4077
-37.1201004450177,-3.58298832170454,0.189608967379212,0.,0.,0.;     2721P   4078
126,4,2,0,0,0,0,-0.98237689527756,-0.98237689527756,                2723P   4079
-0.98237689527756,1.03805852802452D-14,1.03805852802452D-14,        2723P   4080
0.982376895277581,0.982376895277581,0.982376895277581,1.,           2723P   4081
0.88177292140937,1.,0.881772921409594,1.,-83.6364521850902,9.,      2723P   4082
-36.5362663018554,-83.8983451372485,9.,-36.4819912816353,           2723P   4083
-84.0888550202241,9.,-36.6697136316599,-84.2793649031996,9.,        2723P   4084
-36.8574359816846,-84.2289558175898,9.,-37.1201004450177,           2723P   4085
-0.98237689527756,0.982376895277581,0.,0.,0.;                       2723P   4086
126,1,1,0,0,1,0,0.,0.,0.9,0.9,1.,1.,-83.6364521850902,0.,           2725P   4087
-36.5362663018554,-83.6364521850902,9.,-36.5362663018554,0.,0.9,    2725P   4088
0.,0.,0.;                                                           2725P   4089
126,2,2,0,0,0,0,0.544717483321542,0.544717483321542,                2727P   4090
0.544717483321542,0.582692289799024,0.582692289799024,              2727P   4091
0.582692289799024,1.,0.999819744674715,1.,-83.6364521850902,9.,     2727P   4092
-36.5362663018555,-82.7249881890332,9.,-36.7251592308489,           2727P   4093
-81.8213527671948,9.,-36.9485203266794,0.544717483321542,           2727P   4094
0.582692289799024,0.,0.,0.;                                         2727P   4095
126,4,2,0,0,0,0,-0.9823768952776,-0.9823768952776,                  2729P   4096
-0.9823768952776,8.60422844084496D-15,8.60422844084496D-15,         2729P   4097
0.982376895277617,0.982376895277617,0.982376895277617,1.,           2729P   4098
0.881772921409554,1.,0.881772921409394,1.,-91.259143894102,9.,      2729P   4099
29.6119928168402,-90.9919869389284,9.,29.6246757783434,             2729P   4100
-90.8542522089316,9.,29.8539416509953,-90.7165174789348,9.,         2729P   4101
30.0832075236472,-90.8307759450495,9.,30.3250312179603,             2729P   4102
-0.9823768952776,0.982376895277617,0.,0.,0.;                        2729P   4103
126,1,1,0,0,1,0,-0.9,-0.9,0.,0.,1.,1.,-90.8307759450495,9.,         2731P   4104
30.3250312179603,-90.8307759450495,0.,30.3250312179603,-0.9,0.,     2731P   4105
0.,0.,0.;                                                           2731P   4106
126,1,1,0,0,1,0,0.,0.,0.9,0.9,1.,1.,-91.259143894102,0.,            2733P   4107
29.6119928168402,-91.259143894102,9.,29.6119928168402,0.,0.9,0.,    2733P   4108
0.,0.;                                                              2733P   4109
126,1,1,0,0,1,0,0.,0.,0.9,0.9,1.,1.,-109.947418843049,0.,           2735P   4110
32.368920544379,-109.947418843049,9.,32.368920544379,0.,0.9,0.,     2735P   4111
0.,0.;                                                              2735P   4112
126,2,2,0,0,0,0,0.243107391966894,0.243107391966894,                2737P   4113
0.243107391966894,0.630914583261927,0.630914583261927,              2737P   4114
0.630914583261927,1.,0.981259526319429,1.,-91.259143894102,9.,      2737P   4115
29.6119928168402,-100.873971526461,9.,29.155540209639,              2737P   4116
-109.947418843049,9.,32.368920544379,0.243107391966894,             2737P   4117
0.630914583261927,0.,0.,0.;                                         2737P   4118
126,4,2,0,0,0,0,-0.98237689527761,-0.98237689527761,                2739P   4119
-0.98237689527761,1.0769163338864D-14,1.0769163338864D-14,          2739P   4120
0.982376895277631,0.982376895277631,0.982376895277631,1.,           2739P   4121
0.881772921409745,1.,0.881772921409566,1.,-84.2289558175898,9.,     2739P   4122
31.1605753609779,-84.2793649031996,9.,30.8979108976447,             2739P   4123
-84.0888550202241,9.,30.71018854762,-83.8983451372486,9.,           2739P   4124
30.5224661975953,-83.6364521850902,9.,30.5767412178155,             2739P   4125
-0.98237689527761,0.982376895277631,0.,0.,0.;                       2739P   4126
126,1,1,0,0,1,0,0.,0.,0.9,0.9,1.,1.,-84.2289558175898,0.,           2741P   4127
31.1605753609779,-84.2289558175898,9.,31.1605753609779,0.,0.9,      2741P   4128
0.,0.,0.;                                                           2741P   4129
126,8,2,0,1,0,0,-3.14159265358979,-3.14159265358979,                2743P   4130
-3.14159265358979,-1.5707963267949,-1.5707963267949,0.,0.,          2743P   4131
1.5707963267949,1.5707963267949,3.14159265358979,                   2743P   4132
3.14159265358979,3.14159265358979,1.,0.707106781186533,1.,          2743P   4133
0.707106781186543,1.,0.707106781186547,1.,0.707106781186537,1.,     2743P   4134
-160.766228852683,9.,-37.7797625420198,-160.766228852683,9.,        2743P   4135
-41.2797625420198,-157.266228852683,9.,-41.2797625420198,           2743P   4136
-153.766228852683,9.,-41.2797625420198,-153.766228852683,9.,        2743P   4137
-37.7797625420198,-153.766228852683,9.,-34.2797625420198,           2743P   4138
-157.266228852683,9.,-34.2797625420198,-160.766228852683,9.,        2743P   4139
-34.2797625420198,-160.766228852683,9.,-37.7797625420198,           2743P   4140
-3.14159265358979,3.14159265358979,0.,0.,0.;                        2743P   4141
126,1,1,0,0,1,0,-2.57142857142857,-2.57142857142857,0.,0.,1.,1.,    2745P   4142
-160.766228852683,9.,-37.7797625420198,-160.766228852683,0.,        2745P   4143
-37.7797625420198,-2.57142857142857,0.,0.,0.,0.;                    2745P   4144
126,8,2,0,1,0,0,-3.14159265358979,-3.14159265358979,                2747P   4145
-3.14159265358979,-1.5707963267949,-1.5707963267949,0.,0.,          2747P   4146
1.5707963267949,1.5707963267949,3.14159265358979,                   2747P   4147
3.14159265358979,3.14159265358979,1.,0.707106781186547,1.,          2747P   4148
0.707106781186547,1.,0.707106781186547,1.,0.707106781186547,1.,     2747P   4149
-160.766228852683,9.,31.8202374579802,-160.766228852683,9.,         2747P   4150
28.3202374579802,-157.266228852683,9.,28.3202374579802,             2747P   4151
-153.766228852683,9.,28.3202374579802,-153.766228852683,9.,         2747P   4152
31.8202374579802,-153.766228852683,9.,35.3202374579802,             2747P   4153
-157.266228852683,9.,35.3202374579802,-160.766228852683,9.,         2747P   4154
35.3202374579802,-160.766228852683,9.,31.8202374579802,             2747P   4155
-3.14159265358979,3.14159265358979,0.,0.,0.;                        2747P   4156
126,1,1,0,0,1,0,-2.57142857142857,-2.57142857142857,0.,0.,1.,1.,    2749P   4157
-160.766228852683,9.,31.8202374579802,-160.766228852683,0.,         2749P   4158
31.8202374579802,-2.57142857142857,0.,0.,0.,0.;                     2749P   4159
126,6,2,0,0,0,0,-6.47279427455889,-6.47279427455889,                2751P   4160
-6.47279427455889,-5.21526184486424,-5.21526184486424,              2751P   4161
-3.9577294151696,-3.9577294151696,-2.70019698547496,                2751P   4162
-2.70019698547496,-2.70019698547496,1.,0.808753771182771,1.,        2751P   4163
0.808753771182771,1.,0.808753771182759,1.,-84.2289558175898,9.,     2751P   4164
31.1605753609779,-83.7492318939714,9.,33.6602522628887,             2751P   4165
-85.9794222890239,9.,34.8869431198912,-88.2096126840765,9.,         2751P   4166
36.1136339768937,-90.0638713026306,9.,34.3700042477493,             2751P   4167
-91.9181299211847,9.,32.6263745186049,-90.8307759450495,9.,         2751P   4168
30.3250312179603,-6.47279427455889,-2.70019698547496,0.,0.,0.;      2751P   4169
126,1,1,0,0,1,0,-8.085,-8.085,-7.98061070805958,                    2753P   4170
-7.98061070805958,1.,1.,-79.541228852683,9.,34.9452374579802,       2753P   4171
-79.541228852683,9.,33.901344538576,-8.085,-7.98061070805958,0.,    2753P   4172
0.,0.;                                                              2753P   4173
126,2,2,0,0,0,0,0.,0.,0.,0.387807191295031,0.387807191295031,       2755P   4174
0.387807191295031,1.,0.981259526319429,1.,-109.947418843049,9.,     2755P   4175
-38.3284456284189,-100.873971526461,9.,-35.1150652936789,           2755P   4176
-91.2591438941021,9.,-35.5715179008802,0.,0.387807191295031,0.,     2755P   4177
0.,0.;                                                              2755P   4178
126,1,1,0,0,1,0,0.,0.,0.9,0.9,1.,1.,-109.947418843049,0.,           2757P   4179
-38.3284456284189,-109.947418843049,9.,-38.3284456284189,0.,0.9,    2757P   4180
0.,0.,0.;                                                           2757P   4181
126,6,2,0,0,0,0,-3.82233062747082,-3.82233062747082,                2759P   4182
-3.82233062747082,-2.54822041831388,-2.54822041831388,              2759P   4183
-1.27411020915694,-1.27411020915694,0.,0.,0.,1.,                    2759P   4184
0.803850955414587,1.,0.803850955414584,1.,0.803850955414585,1.,     2759P   4185
-109.947418843049,9.,32.3689205443793,-136.104611459837,9.,         2759P   4186
41.6325449898677,-152.61063968073,9.,19.326391223924,               2759P   4187
-169.116667901623,9.,-2.97976254201971,-152.61063968073,9.,         2759P   4188
-25.2859163079635,-136.104611459837,9.,-47.5920700739072,           2759P   4189
-109.947418843049,9.,-38.3284456284189,-3.82233062747082,0.,0.,     2759P   4190
0.,0.;                                                              2759P   4191
126,2,2,0,0,0,0,-0.785398163397448,-0.785398163397448,              2761P   4192
-0.785398163397448,0.785398163397443,0.785398163397443,             2761P   4193
0.785398163397443,1.,0.707106781186546,1.,-49.4529621605817,8.,     2761P   4194
49.9999999999999,-54.4529621605817,8.,49.9999999999999,             2761P   4195
-54.4529621605817,8.,44.9999999999999,-0.785398163397448,           2761P   4196
0.785398163397443,0.,0.,0.;                                         2761P   4197
126,1,1,0,0,1,0,-0.400000000000001,-0.400000000000001,              2763P   4198
0.400000000000001,0.400000000000001,1.,1.,-54.4529621605817,        2763P   4199
8.00000000000002,44.9999999999999,-54.4529621605817,0.,             2763P   4200
44.9999999999999,-0.400000000000001,0.400000000000001,0.,0.,0.;     2763P   4201
126,2,2,0,0,0,0,-0.785398163397443,-0.785398163397443,              2765P   4202
-0.785398163397443,0.785398163397448,0.785398163397448,             2765P   4203
0.785398163397448,1.,0.707106781186546,1.,-54.4529621605817,0.,     2765P   4204
44.9999999999999,-54.4529621605817,0.,49.9999999999999,             2765P   4205
-49.4529621605817,0.,49.9999999999999,-0.785398163397443,           2765P   4206
0.785398163397448,0.,0.,0.;                                         2765P   4207
126,1,1,0,0,1,0,-0.400000000000001,-0.400000000000001,              2767P   4208
0.399999999999999,0.399999999999999,1.,1.,-49.4529621605817,0.,     2767P   4209
49.9999999999999,-49.4529621605817,8.,49.9999999999999,             2767P   4210
-0.400000000000001,0.399999999999999,0.,0.,0.;                      2767P   4211
126,1,1,0,0,1,0,-13.375,-13.375,4.12499999999999,                   2769P   4212
4.12499999999999,1.,1.,125.547037839418,0.,50.0000000000004,        2769P   4213
-49.4529621605817,0.,49.9999999999999,-13.375,4.12499999999999,     2769P   4214
0.,0.,0.;                                                           2769P   4215
126,1,1,0,0,1,0,-0.399999999999999,-0.399999999999999,              2771P   4216
0.400000000000001,0.400000000000001,1.,1.,125.547037839418,8.,      2771P   4217
50.0000000000004,125.547037839418,0.,50.0000000000004,              2771P   4218
-0.399999999999999,0.400000000000001,0.,0.,0.;                      2771P   4219
126,1,1,0,0,1,0,-4.12499999999999,-4.12499999999999,13.375,         2773P   4220
13.375,1.,1.,-49.4529621605817,8.,49.9999999999999,                 2773P   4221
125.547037839418,8.,50.0000000000004,-4.12499999999999,13.375,      2773P   4222
0.,0.,0.;                                                           2773P   4223
126,1,1,0,0,1,0,-8.50000000000001,-8.50000000000001,                2775P   4224
7.49999999999999,7.49999999999999,1.,1.,-54.4529621605817,0.,       2775P   4225
-115.,-54.4529621605817,0.,44.9999999999999,-8.50000000000001,      2775P   4226
7.49999999999999,0.,0.,0.;                                          2775P   4227
126,2,2,0,0,0,0,-0.78539816339745,-0.78539816339745,                2777P   4228
-0.78539816339745,0.785398163397448,0.785398163397448,              2777P   4229
0.785398163397448,1.,0.707106781186551,1.,-49.4529621605817,0.,     2777P   4230
-120.,-54.4529621605817,0.,-120.,-54.4529621605817,0.,-115.,        2777P   4231
-0.78539816339745,0.785398163397448,0.,0.,0.;                       2777P   4232
126,1,1,0,0,1,0,0.499999999999967,0.499999999999967,10.5,10.5,      2779P   4233
1.,1.,-49.4529621605817,2.52565330501084D-14,-120.,                 2779P   4234
50.5470378394186,1.83776612442124D-15,-120.,0.499999999999967,      2779P   4235
10.5,0.,0.,0.;                                                      2779P   4236
126,2,2,0,0,0,0,-0.78539816339745,-0.78539816339745,                2781P   4237
-0.78539816339745,0.785398163397448,0.785398163397448,              2781P   4238
0.785398163397448,1.,0.707106781186547,1.,55.5470378394186,0.,      2781P   4239
-115.,55.5470378394186,0.,-120.,50.5470378394186,0.,-120.,          2781P   4240
-0.78539816339745,0.785398163397448,0.,0.,0.;                       2781P   4241
126,1,1,0,0,1,0,0.500000000000002,0.500000000000002,                2783P   4242
8.49999999999998,8.49999999999998,1.,1.,55.5470378394186,           2783P   4243
4.67099657017215D-16,-115.,55.5470378394185,                        2783P   4244
-2.7285502808976D-15,-34.9999999999999,0.500000000000002,           2783P   4245
8.49999999999998,0.,0.,0.;                                          2783P   4246
126,2,2,0,0,0,0,-0.785398163397448,-0.785398163397448,              2785P   4247
-0.785398163397448,0.78539816339745,0.78539816339745,               2785P   4248
0.78539816339745,1.,0.707106781186547,1.,60.5470378394185,0.,       2785P   4249
-29.9999999999999,55.5470378394185,0.,-29.9999999999999,            2785P   4250
55.5470378394185,0.,-34.9999999999999,-0.785398163397448,           2785P   4251
0.78539816339745,0.,0.,0.;                                          2785P   4252
126,1,1,0,0,1,0,0.5,0.5,6.99999999999998,6.99999999999998,1.,1.,    2787P   4253
125.547037839418,0.,-29.9999999999999,60.5470378394185,0.,          2787P   4254
-29.9999999999999,0.5,6.99999999999998,0.,0.,0.;                    2787P   4255
126,2,2,0,0,0,0,-0.785398163397448,-0.785398163397448,              2789P   4256
-0.785398163397448,0.785398163397448,0.785398163397448,             2789P   4257
0.785398163397448,1.,0.707106781186545,1.,130.547037839418,0.,      2789P   4258
-24.9999999999999,130.547037839418,0.,-29.9999999999999,            2789P   4259
125.547037839418,0.,-29.9999999999999,-0.785398163397448,           2789P   4260
0.785398163397448,0.,0.,0.;                                         2789P   4261
126,1,1,0,0,1,0,2.49999999999997,2.49999999999997,9.5,9.5,1.,1.,    2791P   4262
130.547037839418,0.,45.0000000000004,130.547037839418,0.,           2791P   4263
-24.9999999999999,2.49999999999997,9.5,0.,0.,0.;                    2791P   4264
126,2,2,0,0,0,0,-0.785398163397448,-0.785398163397448,              2793P   4265
-0.785398163397448,0.785398163397452,0.785398163397452,             2793P   4266
0.785398163397452,1.,0.707106781186548,1.,125.547037839418,0.,      2793P   4267
50.0000000000004,130.547037839418,0.,50.0000000000004,              2793P   4268
130.547037839418,0.,45.0000000000004,-0.785398163397448,            2793P   4269
0.785398163397452,0.,0.,0.;                                         2793P   4270
126,1,1,0,0,1,0,-1.5,-1.5,0.,0.,1.,1.,23.7970378394186,             2795P   4271
7.78272128325105D-15,-112.,23.7970378394186,                        2795P   4272
7.18353691989202D-15,-96.9999999999999,-1.5,0.,0.,0.,0.;            2795P   4273
126,4,2,0,0,0,0,-3.14159265358979,-3.14159265358979,                2797P   4274
-3.14159265358979,-1.5707963267949,-1.5707963267949,0.,0.,0.,1.,    2797P   4275
0.707106781186544,1.,0.707106781186535,1.,23.7970378394186,         2797P   4276
7.18353691989203D-15,-96.9999999999999,23.7970378394186,            2797P   4277
7.0137680169403D-15,-92.7499999999999,28.0470378394186,             2797P   4278
6.0184704225986D-15,-92.7499999999998,32.2970378394186,             2797P   4279
5.0231728282569D-15,-92.7499999999998,32.2970378394186,             2797P   4280
5.19294173120862D-15,-96.9999999999998,-3.14159265358979,0.,0.,     2797P   4281
0.,0.;                                                              2797P   4282
126,1,1,0,0,1,0,-1.5,-1.5,0.,0.,1.,1.,32.2970378394186,             2799P   4283
5.19294173120863D-15,-96.9999999999998,32.2970378394186,            2799P   4284
5.79212609456765D-15,-112.,-1.5,0.,0.,0.,0.;                        2799P   4285
126,4,2,0,0,0,0,-3.14159265358979,-3.14159265358979,                2801P   4286
-3.14159265358979,-1.5707963267949,-1.5707963267949,0.,0.,0.,1.,    2801P   4287
0.707106781186544,1.,0.707106781186537,1.,32.2970378394186,         2801P   4288
5.79212609456765D-15,-112.,32.2970378394186,                        2801P   4289
5.96189499751938D-15,-116.25,28.0470378394186,                      2801P   4290
6.95719259186108D-15,-116.25,23.7970378394186,                      2801P   4291
7.95249018620278D-15,-116.25,23.7970378394186,                      2801P   4292
7.78272128325105D-15,-112.,-3.14159265358979,0.,0.,0.,0.;           2801P   4293
126,4,2,0,0,0,0,-3.14159265358979,-3.14159265358979,                2803P   4294
-3.14159265358979,-1.5707963267949,-1.5707963267949,0.,0.,0.,1.,    2803P   4295
0.707106781186544,1.,0.707106781186535,1.,-31.2029621605814,        2803P   4296
2.00638587290199D-14,-97.,-31.2029621605814,                        2803P   4297
1.98940898260682D-14,-92.75,-26.9529621605814,                      2803P   4298
1.88987922317265D-14,-92.75,-22.7029621605814,                      2803P   4299
1.79034946373848D-14,-92.75,-22.7029621605814,                      2803P   4300
1.80732635403365D-14,-97.,-3.14159265358979,0.,0.,0.,0.;            2803P   4301
126,1,1,0,0,1,0,-1.5,-1.5,0.,0.,1.,1.,-22.7029621605814,            2805P   4302
1.80732635403365D-14,-97.,-22.7029621605814,                        2805P   4303
1.86724479036955D-14,-112.,-1.5,0.,0.,0.,0.;                        2805P   4304
126,4,2,0,0,0,0,-3.14159265358979,-3.14159265358979,                2807P   4305
-3.14159265358979,-1.5707963267949,-1.5707963267949,0.,0.,0.,1.,    2807P   4306
0.707106781186544,1.,0.707106781186537,1.,-22.7029621605814,        2807P   4307
1.86724479036955D-14,-112.,-22.7029621605814,                       2807P   4308
1.88422168066473D-14,-116.25,-26.9529621605814,                     2807P   4309
1.9837514400989D-14,-116.25,-31.2029621605814,                      2807P   4310
2.08328119953307D-14,-116.25,-31.2029621605814,                     2807P   4311
2.06630430923789D-14,-112.,-3.14159265358979,0.,0.,0.,0.;           2807P   4312
126,1,1,0,0,1,0,-1.5,-1.5,0.,0.,1.,1.,-31.2029621605814,            2809P   4313
2.06630430923789D-14,-112.,-31.2029621605814,                       2809P   4314
2.00638587290199D-14,-97.,-1.5,0.,0.,0.,0.;                         2809P   4315
126,1,1,0,0,1,0,-1.5,-1.5,0.,0.,1.,1.,23.7970378394185,             2811P   4316
5.78544007205429D-15,-61.9999999999999,23.7970378394185,            2811P   4317
5.18625570869527D-15,-46.9999999999999,-1.5,0.,0.,0.,0.;            2811P   4318
126,4,2,0,0,0,0,-3.14159265358979,-3.14159265358979,                2813P   4319
-3.14159265358979,-1.5707963267949,-1.5707963267949,0.,0.,0.,1.,    2813P   4320
0.70710678118655,1.,0.707106781186544,1.,23.7970378394185,          2813P   4321
5.18625570869527D-15,-46.9999999999999,23.7970378394185,            2813P   4322
5.01648680574354D-15,-42.7499999999999,28.0470378394184,            2813P   4323
4.02118921140184D-15,-42.7499999999999,32.2970378394184,            2813P   4324
3.02589161706014D-15,-42.7499999999998,32.2970378394185,            2813P   4325
3.19566052001187D-15,-46.9999999999998,-3.14159265358979,0.,0.,     2813P   4326
0.,0.;                                                              2813P   4327
126,1,1,0,0,1,0,-1.5,-1.5,0.,0.,1.,1.,32.2970378394185,             2815P   4328
3.19566052001187D-15,-46.9999999999998,32.2970378394185,            2815P   4329
3.79484488337089D-15,-61.9999999999998,-1.5,0.,0.,0.,0.;            2815P   4330
126,4,2,0,0,0,0,-3.14159265358979,-3.14159265358979,                2817P   4331
-3.14159265358979,-1.5707963267949,-1.5707963267949,0.,0.,0.,1.,    2817P   4332
0.70710678118655,1.,0.707106781186545,1.,32.2970378394185,          2817P   4333
3.79484488337089D-15,-61.9999999999998,32.2970378394185,            2817P   4334
3.96461378632262D-15,-66.2499999999998,28.0470378394185,            2817P   4335
4.95991138066432D-15,-66.2499999999998,23.7970378394185,            2817P   4336
5.95520897500602D-15,-66.2499999999999,23.7970378394185,            2817P   4337
5.78544007205429D-15,-61.9999999999999,-3.14159265358979,0.,0.,     2817P   4338
0.,0.;                                                              2817P   4339
126,1,1,0,0,1,0,-1.5,-1.5,0.,0.,1.,1.,-31.2029621605815,            2819P   4340
1.86657618811822D-14,-62.,-31.2029621605815,                        2819P   4341
1.80665775178232D-14,-47.,-1.5,0.,0.,0.,0.;                         2819P   4342
126,4,2,0,0,0,0,-3.14159265358979,-3.14159265358979,                2821P   4343
-3.14159265358979,-1.5707963267949,-1.5707963267949,0.,0.,0.,1.,    2821P   4344
0.70710678118655,1.,0.707106781186544,1.,-31.2029621605815,         2821P   4345
1.80665775178232D-14,-47.,-31.2029621605815,                        2821P   4346
1.78968086148714D-14,-42.75,-26.9529621605816,                      2821P   4347
1.69015110205297D-14,-42.75,-22.7029621605816,                      2821P   4348
1.5906213426188D-14,-42.75,-22.7029621605815,                       2821P   4349
1.60759823291398D-14,-47.,-3.14159265358979,0.,0.,0.,0.;            2821P   4350
126,1,1,0,0,1,0,-1.5,-1.5,0.,0.,1.,1.,-22.7029621605815,            2823P   4351
1.60759823291398D-14,-47.,-22.7029621605815,                        2823P   4352
1.66751666924988D-14,-62.,-1.5,0.,0.,0.,0.;                         2823P   4353
126,4,2,0,0,0,0,-3.14159265358979,-3.14159265358979,                2825P   4354
-3.14159265358979,-1.5707963267949,-1.5707963267949,0.,0.,0.,1.,    2825P   4355
0.70710678118655,1.,0.707106781186545,1.,-22.7029621605815,         2825P   4356
1.66751666924988D-14,-62.,-22.7029621605815,                        2825P   4357
1.68449355954505D-14,-66.25,-26.9529621605815,                      2825P   4358
1.78402331897922D-14,-66.25,-31.2029621605815,                      2825P   4359
1.88355307841339D-14,-66.25,-31.2029621605815,                      2825P   4360
1.86657618811822D-14,-62.,-3.14159265358979,0.,0.,0.,0.;            2825P   4361
126,4,2,0,0,0,0,-3.14159265358979,-3.14159265358979,                2827P   4362
-3.14159265358979,-1.5707963267949,-1.5707963267949,0.,0.,0.,1.,    2827P   4363
0.707106781186546,1.,0.707106781186546,1.,29.6261263200093,0.,      2827P   4364
38.2514382989936,26.1261263200093,0.,38.2514382989936,              2827P   4365
26.1261263200093,0.,34.7514382989936,26.1261263200093,0.,           2827P   4366
31.2514382989936,29.6261263200093,0.,31.2514382989936,              2827P   4367
-3.14159265358979,0.,0.,0.,0.;                                      2827P   4368
126,1,1,0,0,1,0,-1.1,-1.1,0.,0.,1.,1.,40.6261263200093,0.,          2829P   4369
38.2514382989936,29.6261263200093,0.,38.2514382989936,-1.1,0.,      2829P   4370
0.,0.,0.;                                                           2829P   4371
126,4,2,0,0,0,0,-3.14159265358979,-3.14159265358979,                2831P   4372
-3.14159265358979,-1.5707963267949,-1.5707963267949,0.,0.,0.,1.,    2831P   4373
0.707106781186552,1.,0.707106781186552,1.,40.6261263200093,0.,      2831P   4374
31.2514382989936,44.1261263200093,0.,31.2514382989936,              2831P   4375
44.1261263200093,0.,34.7514382989936,44.1261263200093,0.,           2831P   4376
38.2514382989936,40.6261263200093,0.,38.2514382989936,              2831P   4377
-3.14159265358979,0.,0.,0.,0.;                                      2831P   4378
126,1,1,0,0,1,0,-1.1,-1.1,0.,0.,1.,1.,29.6261263200093,0.,          2833P   4379
31.2514382989936,40.6261263200093,0.,31.2514382989936,-1.1,0.,      2833P   4380
0.,0.,0.;                                                           2833P   4381
126,4,2,0,0,0,0,-3.14159265358979,-3.14159265358979,                2835P   4382
-3.14159265358979,-1.5707963267949,-1.5707963267949,0.,0.,0.,1.,    2835P   4383
0.707106781186546,1.,0.707106781186546,1.,-28.9738736799907,0.,     2835P   4384
31.2514382989936,-25.4738736799907,0.,31.2514382989936,             2835P   4385
-25.4738736799907,0.,34.7514382989936,-25.4738736799907,0.,         2835P   4386
38.2514382989936,-28.9738736799907,0.,38.2514382989936,             2835P   4387
-3.14159265358979,0.,0.,0.,0.;                                      2835P   4388
126,1,1,0,0,1,0,-1.1,-1.1,0.,0.,1.,1.,-39.9738736799907,0.,         2837P   4389
31.2514382989936,-28.9738736799907,0.,31.2514382989936,-1.1,0.,     2837P   4390
0.,0.,0.;                                                           2837P   4391
126,4,2,0,0,0,0,-3.14159265358979,-3.14159265358979,                2839P   4392
-3.14159265358979,-1.5707963267949,-1.5707963267949,0.,0.,0.,1.,    2839P   4393
0.707106781186546,1.,0.707106781186546,1.,-39.9738736799907,0.,     2839P   4394
38.2514382989936,-43.4738736799907,0.,38.2514382989936,             2839P   4395
-43.4738736799907,0.,34.7514382989936,-43.4738736799907,0.,         2839P   4396
31.2514382989936,-39.9738736799907,0.,31.2514382989936,             2839P   4397
-3.14159265358979,0.,0.,0.,0.;                                      2839P   4398
126,1,1,0,0,1,0,-1.1,-1.1,0.,0.,1.,1.,-28.9738736799907,0.,         2841P   4399
38.2514382989936,-39.9738736799907,0.,38.2514382989936,-1.1,0.,     2841P   4400
0.,0.,0.;                                                           2841P   4401
126,8,2,0,1,0,0,-3.14159265358979,-3.14159265358979,                2843P   4402
-3.14159265358979,-1.5707963267949,-1.5707963267949,0.,0.,          2843P   4403
1.5707963267949,1.5707963267949,3.14159265358979,                   2843P   4404
3.14159265358979,3.14159265358979,1.,0.707106781186548,1.,          2843P   4405
0.707106781186548,1.,0.707106781186547,1.,0.707106781186547,1.,     2843P   4406
69.3003772563542,0.,6.24137858794002D-14,69.3003772563542,0.,       2843P   4407
-24.9999999999999,94.3003772563542,0.,-24.9999999999999,            2843P   4408
119.300377256354,0.,-24.9999999999999,119.300377256354,0.,          2843P   4409
6.54754028772686D-14,119.300377256354,0.,25.0000000000001,          2843P   4410
94.3003772563542,0.,25.0000000000001,69.3003772563542,0.,           2843P   4411
25.0000000000001,69.3003772563542,0.,6.8537019875137D-14,           2843P   4412
-3.14159265358979,3.14159265358979,0.,0.,0.;                        2843P   4413
126,8,2,0,1,0,0,-3.14159265358979,-3.14159265358979,                2845P   4414
-3.14159265358979,-1.5707963267949,-1.5707963267949,0.,0.,          2845P   4415
1.5707963267949,1.5707963267949,3.14159265358979,                   2845P   4416
3.14159265358979,3.14159265358979,1.,0.70710678118655,1.,           2845P   4417
0.70710678118655,1.,0.70710678118655,1.,0.70710678118655,1.,        2845P   4418
114.300377256354,0.,23.,114.300377256354,0.,20.,                    2845P   4419
117.300377256354,0.,20.,120.300377256354,0.,20.,                    2845P   4420
120.300377256354,0.,23.,120.300377256354,0.,25.9999999999999,       2845P   4421
117.300377256354,0.,25.9999999999999,114.300377256354,0.,           2845P   4422
25.9999999999999,114.300377256354,0.,23.,-3.14159265358979,         2845P   4423
3.14159265358979,0.,0.,0.;                                          2845P   4424
126,8,2,0,1,0,0,-3.14159265358979,-3.14159265358979,                2847P   4425
-3.14159265358979,-1.5707963267949,-1.5707963267949,0.,0.,          2847P   4426
1.5707963267949,1.5707963267949,3.14159265358979,                   2847P   4427
3.14159265358979,3.14159265358979,1.,0.70710678118655,1.,           2847P   4428
0.70710678118655,1.,0.70710678118655,1.,0.70710678118655,1.,        2847P   4429
68.3003772563542,0.,22.9999999999999,68.3003772563542,0.,           2847P   4430
19.9999999999999,71.3003772563542,0.,19.9999999999999,              2847P   4431
74.3003772563542,0.,19.9999999999999,74.3003772563542,0.,           2847P   4432
22.9999999999999,74.3003772563542,0.,25.9999999999999,              2847P   4433
71.3003772563542,0.,25.9999999999999,68.3003772563542,0.,           2847P   4434
25.9999999999999,68.3003772563542,0.,22.9999999999999,              2847P   4435
-3.14159265358979,3.14159265358979,0.,0.,0.;                        2847P   4436
126,8,2,0,1,0,0,-3.14159265358979,-3.14159265358979,                2849P   4437
-3.14159265358979,-1.5707963267949,-1.5707963267949,0.,0.,          2849P   4438
1.5707963267949,1.5707963267949,3.14159265358979,                   2849P   4439
3.14159265358979,3.14159265358979,1.,0.70710678118655,1.,           2849P   4440
0.70710678118655,1.,0.70710678118655,1.,0.70710678118655,1.,        2849P   4441
68.3003772563542,0.,-22.9999999999999,68.3003772563542,0.,          2849P   4442
-25.9999999999998,71.3003772563542,0.,-25.9999999999998,            2849P   4443
74.3003772563542,0.,-25.9999999999998,74.3003772563542,0.,          2849P   4444
-22.9999999999999,74.3003772563542,0.,-19.9999999999999,            2849P   4445
71.3003772563542,0.,-19.9999999999999,68.3003772563542,0.,          2849P   4446
-19.9999999999999,68.3003772563542,0.,-22.9999999999999,            2849P   4447
-3.14159265358979,3.14159265358979,0.,0.,0.;                        2849P   4448
126,8,2,0,1,0,0,-3.14159265358979,-3.14159265358979,                2851P   4449
-3.14159265358979,-1.5707963267949,-1.5707963267949,0.,0.,          2851P   4450
1.5707963267949,1.5707963267949,3.14159265358979,                   2851P   4451
3.14159265358979,3.14159265358979,1.,0.70710678118655,1.,           2851P   4452
0.70710678118655,1.,0.70710678118655,1.,0.70710678118655,1.,        2851P   4453
114.300377256354,0.,-22.9999999999998,114.300377256354,0.,          2851P   4454
-25.9999999999998,117.300377256354,0.,-25.9999999999998,            2851P   4455
120.300377256354,0.,-25.9999999999998,120.300377256354,0.,          2851P   4456
-22.9999999999998,120.300377256354,0.,-19.9999999999998,            2851P   4457
117.300377256354,0.,-19.9999999999998,114.300377256354,0.,          2851P   4458
-19.9999999999998,114.300377256354,0.,-22.9999999999998,            2851P   4459
-3.14159265358979,3.14159265358979,0.,0.,0.;                        2851P   4460
126,1,1,0,0,1,0,2.80104557597044,2.80104557597044,                  2853P   4461
3.90104557597044,3.90104557597044,1.,1.,-28.9738736799907,0.,       2853P   4462
-38.2500000000002,-39.9738736799907,0.,-38.2500000000002,           2853P   4463
2.80104557597044,3.90104557597044,0.,0.,0.;                         2853P   4464
126,4,2,0,0,0,0,1.20323911612646D-16,1.20323911612646D-16,          2855P   4465
1.20323911612646D-16,1.57079632679489,1.57079632679489,             2855P   4466
3.14159265358979,3.14159265358979,3.14159265358979,1.,              2855P   4467
0.707106781186545,1.,0.707106781186544,1.,-39.9738736799907,0.,     2855P   4468
-38.2500000000002,-43.4738736799907,0.,-38.2500000000002,           2855P   4469
-43.4738736799907,0.,-34.7500000000002,-43.4738736799907,0.,        2855P   4470
-31.2500000000002,-39.9738736799906,0.,-31.2500000000002,           2855P   4471
1.20323911612646D-16,3.14159265358979,0.,0.,0.;                     2855P   4472
126,1,1,0,0,1,0,-4.45104557597044,-4.45104557597044,                2857P   4473
-3.35104557597044,-3.35104557597044,1.,1.,-39.9738736799906,0.,     2857P   4474
-31.2500000000002,-28.9738736799906,0.,-31.2500000000002,           2857P   4475
-4.45104557597044,-3.35104557597044,0.,0.,0.;                       2857P   4476
126,4,2,0,0,0,0,1.20323911612634D-16,1.20323911612634D-16,          2859P   4477
1.20323911612634D-16,1.5707963267949,1.5707963267949,               2859P   4478
3.14159265358979,3.14159265358979,3.14159265358979,1.,              2859P   4479
0.707106781186547,1.,0.707106781186549,1.,-28.9738736799906,0.,     2859P   4480
-31.2500000000002,-25.4738736799906,0.,-31.2500000000003,           2859P   4481
-25.4738736799907,0.,-34.7500000000002,-25.4738736799907,0.,        2859P   4482
-38.2500000000002,-28.9738736799907,0.,-38.2500000000002,           2859P   4483
1.20323911612634D-16,3.14159265358979,0.,0.,0.;                     2859P   4484
126,1,1,0,0,1,0,-0.676309595422474,-0.676309595422474,              2861P   4485
0.423690404577527,0.423690404577527,1.,1.,40.5732297478679,0.,      2861P   4486
-38.25,29.5732297478679,0.,-38.25,-0.676309595422474,               2861P   4487
0.423690404577527,0.,0.,0.;                                         2861P   4488
126,4,2,0,0,0,0,1.20323911612637D-16,1.20323911612637D-16,          2863P   4489
1.20323911612637D-16,1.5707963267949,1.5707963267949,               2863P   4490
3.14159265358979,3.14159265358979,3.14159265358979,1.,              2863P   4491
0.70710678118655,1.,0.707106781186545,1.,29.5732297478679,0.,       2863P   4492
-38.25,26.0732297478679,0.,-38.25,26.0732297478679,0.,-34.75,       2863P   4493
26.0732297478679,0.,-31.25,29.5732297478679,0.,-31.25,              2863P   4494
1.20323911612637D-16,3.14159265358979,0.,0.,0.;                     2863P   4495
126,1,1,0,0,1,0,-0.973690404577527,-0.973690404577527,              2865P   4496
0.126309595422473,0.126309595422473,1.,1.,29.5732297478679,0.,      2865P   4497
-31.25,40.5732297478679,0.,-31.25,-0.973690404577527,               2865P   4498
0.126309595422473,0.,0.,0.;                                         2865P   4499
126,4,2,0,0,0,0,1.20323911612637D-16,1.20323911612637D-16,          2867P   4500
1.20323911612637D-16,1.5707963267949,1.5707963267949,               2867P   4501
3.14159265358979,3.14159265358979,3.14159265358979,1.,              2867P   4502
0.707106781186552,1.,0.707106781186548,1.,40.5732297478679,0.,      2867P   4503
-31.25,44.0732297478679,0.,-31.25,44.0732297478679,0.,-34.75,       2867P   4504
44.0732297478679,0.,-38.25,40.5732297478679,0.,-38.25,              2867P   4505
1.20323911612637D-16,3.14159265358979,0.,0.,0.;                     2867P   4506
126,1,1,0,0,1,0,-0.400000000000001,-0.400000000000001,              2869P   4507
0.399999999999999,0.399999999999999,1.,1.,130.547037839418,0.,      2869P   4508
45.0000000000004,130.547037839418,8.,45.0000000000004,              2869P   4509
-0.400000000000001,0.399999999999999,0.,0.,0.;                      2869P   4510
126,2,2,0,0,0,0,-0.785398163397452,-0.785398163397452,              2871P   4511
-0.785398163397452,0.785398163397448,0.785398163397448,             2871P   4512
0.785398163397448,1.,0.707106781186548,1.,130.547037839418,8.,      2871P   4513
45.0000000000004,130.547037839418,8.,50.0000000000004,              2871P   4514
125.547037839418,8.,50.0000000000004,-0.785398163397452,            2871P   4515
0.785398163397448,0.,0.,0.;                                         2871P   4516
126,1,1,0,0,1,0,-8.5,-8.5,7.5,7.5,1.,1.,-54.4529621605814,          2873P   4517
8.00000000000003,-115.,-54.4529621605818,8.00000000000002,          2873P   4518
44.9999999999999,-8.5,7.5,0.,0.,0.;                                 2873P   4519
126,1,1,0,0,1,0,-3.33413889068445D-17,-3.33413889068445D-17,        2875P   4520
0.800000000000003,0.800000000000003,1.,1.,-54.4529621605817,0.,     2875P   4521
-115.,-54.4529621605817,8.00000000000003,-115.,                     2875P   4522
-3.33413889068445D-17,0.800000000000003,0.,0.,0.;                   2875P   4523
126,1,1,0,0,1,0,-0.423690404577527,-0.423690404577527,              2877P   4524
0.676309595422474,0.676309595422474,1.,1.,29.5732297478679,8.,      2877P   4525
-38.25,40.5732297478679,8.,-38.25,-0.423690404577527,               2877P   4526
0.676309595422474,0.,0.,0.;                                         2877P   4527
126,1,1,0,0,1,0,0.,0.,0.8,0.8,1.,1.,29.5732297478679,8.,-38.25,     2879P   4528
29.5732297478679,2.22044604925031D-15,-38.25,0.,0.8,0.,0.,0.;       2879P   4529
126,1,1,0,0,1,0,0.,0.,0.8,0.8,1.,1.,40.5732297478679,8.,-38.25,     2881P   4530
40.5732297478679,0.,-38.25,0.,0.8,0.,0.,0.;                         2881P   4531
126,4,2,0,0,0,0,-3.14159265358979,-3.14159265358979,                2883P   4532
-3.14159265358979,-1.5707963267949,-1.5707963267949,                2883P   4533
-1.20323911612637D-16,-1.20323911612637D-16,                        2883P   4534
-1.20323911612637D-16,1.,0.707106781186545,1.,0.70710678118655,     2883P   4535
1.,29.5732297478679,8.,-31.25,26.0732297478679,8.,-31.25,           2883P   4536
26.0732297478679,8.,-34.75,26.0732297478679,8.,-38.25,              2883P   4537
29.5732297478679,8.,-38.25,-3.14159265358979,                       2883P   4538
-1.20323911612637D-16,0.,0.,0.;                                     2883P   4539
126,1,1,0,0,1,0,0.,0.,0.8,0.8,1.,1.,29.5732297478679,8.,-31.25,     2885P   4540
29.5732297478679,2.22044604925031D-15,-31.25,0.,0.8,0.,0.,0.;       2885P   4541
126,1,1,0,0,1,0,-0.126309595422473,-0.126309595422473,              2887P   4542
0.973690404577527,0.973690404577527,1.,1.,40.5732297478679,8.,      2887P   4543
-31.25,29.5732297478679,8.,-31.25,-0.126309595422473,               2887P   4544
0.973690404577527,0.,0.,0.;                                         2887P   4545
126,1,1,0,0,1,0,0.,0.,0.8,0.8,1.,1.,40.5732297478679,8.,-31.25,     2889P   4546
40.5732297478679,0.,-31.25,0.,0.8,0.,0.,0.;                         2889P   4547
126,4,2,0,0,0,0,-3.14159265358979,-3.14159265358979,                2891P   4548
-3.14159265358979,-1.5707963267949,-1.5707963267949,                2891P   4549
-1.20323911612637D-16,-1.20323911612637D-16,                        2891P   4550
-1.20323911612637D-16,1.,0.707106781186548,1.,0.707106781186552,    2891P   4551
1.,40.5732297478679,8.,-38.25,44.0732297478679,8.,-38.25,           2891P   4552
44.0732297478679,8.,-34.75,44.0732297478679,8.,-31.25,              2891P   4553
40.5732297478679,8.,-31.25,-3.14159265358979,                       2891P   4554
-1.20323911612637D-16,0.,0.,0.;                                     2891P   4555
126,1,1,0,0,1,0,-3.90104557597044,-3.90104557597044,                2893P   4556
-2.80104557597044,-2.80104557597044,1.,1.,-39.9738736799907,8.,     2893P   4557
-38.2500000000002,-28.9738736799907,8.,-38.2500000000002,           2893P   4558
-3.90104557597044,-2.80104557597044,0.,0.,0.;                       2893P   4559
126,1,1,0,0,1,0,0.,0.,0.8,0.8,1.,1.,-39.9738736799907,              2895P   4560
8.00000000000002,-38.2500000000002,-39.9738736799907,               2895P   4561
1.88737914186277D-14,-38.2500000000002,0.,0.8,0.,0.,0.;             2895P   4562
126,1,1,0,0,1,0,0.,0.,0.8,0.8,1.,1.,-28.9738736799907,              2897P   4563
8.00000000000002,-38.2500000000002,-28.9738736799907,               2897P   4564
1.55431223447522D-14,-38.2500000000002,0.,0.8,0.,0.,0.;             2897P   4565
126,4,2,0,0,0,0,-3.14159265358979,-3.14159265358979,                2899P   4566
-3.14159265358979,-1.57079632679489,-1.57079632679489,              2899P   4567
-1.20323911612646D-16,-1.20323911612646D-16,                        2899P   4568
-1.20323911612646D-16,1.,0.707106781186544,1.,0.707106781186545,    2899P   4569
1.,-39.9738736799906,8.,-31.2500000000002,-43.4738736799907,8.,     2899P   4570
-31.2500000000002,-43.4738736799907,8.,-34.7500000000002,           2899P   4571
-43.4738736799907,8.,-38.2500000000002,-39.9738736799907,8.,        2899P   4572
-38.2500000000002,-3.14159265358979,-1.20323911612646D-16,0.,0.,    2899P   4573
0.;                                                                 2899P   4574
126,1,1,0,0,1,0,0.,0.,0.8,0.8,1.,1.,-39.9738736799906,              2901P   4575
8.00000000000002,-31.2500000000002,-39.9738736799906,               2901P   4576
1.88737914186277D-14,-31.2500000000002,0.,0.8,0.,0.,0.;             2901P   4577
126,1,1,0,0,1,0,3.35104557597044,3.35104557597044,                  2903P   4578
4.45104557597044,4.45104557597044,1.,1.,-28.9738736799906,8.,       2903P   4579
-31.2500000000002,-39.9738736799906,8.,-31.2500000000002,           2903P   4580
3.35104557597044,4.45104557597044,0.,0.,0.;                         2903P   4581
126,1,1,0,0,1,0,0.,0.,0.8,0.8,1.,1.,-28.9738736799906,              2905P   4582
8.00000000000002,-31.2500000000002,-28.9738736799906,               2905P   4583
1.55431223447522D-14,-31.2500000000002,0.,0.8,0.,0.,0.;             2905P   4584
126,4,2,0,0,0,0,-3.14159265358979,-3.14159265358979,                2907P   4585
-3.14159265358979,-1.5707963267949,-1.5707963267949,                2907P   4586
-1.20323911612634D-16,-1.20323911612634D-16,                        2907P   4587
-1.20323911612634D-16,1.,0.707106781186549,1.,0.707106781186547,    2907P   4588
1.,-28.9738736799907,8.,-38.2500000000002,-25.4738736799907,8.,     2907P   4589
-38.2500000000002,-25.4738736799907,8.,-34.7500000000002,           2907P   4590
-25.4738736799906,8.,-31.2500000000003,-28.9738736799906,8.,        2907P   4591
-31.2500000000002,-3.14159265358979,-1.20323911612634D-16,0.,0.,    2907P   4592
0.;                                                                 2907P   4593
126,1,1,0,0,1,0,-0.8,-0.8,0.,0.,1.,1.,130.547037839418,8.,          2909P   4594
-24.9999999999999,130.547037839418,0.,-24.9999999999999,-0.8,0.,    2909P   4595
0.,0.,0.;                                                           2909P   4596
126,1,1,0,0,1,0,2.49999999999997,2.49999999999997,9.5,9.5,1.,1.,    2911P   4597
130.547037839418,8.,45.0000000000004,130.547037839418,8.,           2911P   4598
-24.9999999999999,2.49999999999997,9.5,0.,0.,0.;                    2911P   4599
126,1,1,0,0,1,0,-1.26441107988896D-16,-1.26441107988896D-16,0.8,    2913P   4600
0.8,1.,1.,55.5470378394185,-2.7285502808976D-15,                    2913P   4601
-34.9999999999999,55.5470378394185,8.,-34.9999999999999,            2913P   4602
-1.26441107988896D-16,0.8,0.,0.,0.;                                 2913P   4603
126,2,2,0,0,0,0,-0.78539816339745,-0.78539816339745,                2915P   4604
-0.78539816339745,0.785398163397448,0.785398163397448,              2915P   4605
0.785398163397448,1.,0.707106781186547,1.,55.5470378394185,8.,      2915P   4606
-34.9999999999999,55.5470378394185,8.,-29.9999999999999,            2915P   4607
60.5470378394185,8.,-29.9999999999999,-0.78539816339745,            2915P   4608
0.785398163397448,0.,0.,0.;                                         2915P   4609
126,1,1,0,0,1,0,-0.8,-0.8,-1.11022302462516D-16,                    2917P   4610
-1.11022302462516D-16,1.,1.,60.5470378394185,8.,                    2917P   4611
-29.9999999999999,60.5470378394185,0.,-29.9999999999999,-0.8,       2917P   4612
-1.11022302462516D-16,0.,0.,0.;                                     2917P   4613
126,1,1,0,0,1,0,-0.8,-0.8,-1.11022302462516D-16,                    2919P   4614
-1.11022302462516D-16,1.,1.,55.5470378394186,8.,-115.,              2919P   4615
55.5470378394186,4.67099657017215D-16,-115.,-0.8,                   2919P   4616
-1.11022302462516D-16,0.,0.,0.;                                     2919P   4617
126,1,1,0,0,1,0,-8.49999999999998,-8.49999999999998,                2921P   4618
-0.500000000000002,-0.500000000000002,1.,1.,55.5470378394185,8.,    2921P   4619
-34.9999999999999,55.5470378394186,8.,-115.,-8.49999999999998,      2921P   4620
-0.500000000000002,0.,0.,0.;                                        2921P   4621
126,2,2,0,0,0,0,-0.785398163397448,-0.785398163397448,              2923P   4622
-0.785398163397448,0.785398163397448,0.785398163397448,             2923P   4623
0.785398163397448,1.,0.707106781186545,1.,125.547037839418,8.,      2923P   4624
-29.9999999999999,130.547037839418,8.,-29.9999999999999,            2923P   4625
130.547037839418,8.,-24.9999999999999,-0.785398163397448,           2923P   4626
0.785398163397448,0.,0.,0.;                                         2923P   4627
126,1,1,0,0,1,0,0.,0.,0.8,0.8,1.,1.,125.547037839418,0.,            2925P   4628
-29.9999999999999,125.547037839418,8.,-29.9999999999999,0.,0.8,     2925P   4629
0.,0.,0.;                                                           2925P   4630
126,1,1,0,0,1,0,0.5,0.5,6.99999999999998,6.99999999999998,1.,1.,    2927P   4631
125.547037839418,8.,-29.9999999999999,60.5470378394185,8.,          2927P   4632
-29.9999999999999,0.5,6.99999999999998,0.,0.,0.;                    2927P   4633
126,2,2,0,0,0,0,-0.785398163397448,-0.785398163397448,              2929P   4634
-0.785398163397448,0.78539816339745,0.78539816339745,               2929P   4635
0.78539816339745,1.,0.707106781186551,1.,-54.4529621605817,8.,      2929P   4636
-115.,-54.4529621605817,8.,-120.,-49.4529621605817,8.,-120.,        2929P   4637
-0.785398163397448,0.78539816339745,0.,0.,0.;                       2929P   4638
126,1,1,0,0,1,0,-0.800000000000003,-0.800000000000003,              2931P   4639
-2.33146835171283D-15,-2.33146835171283D-15,1.,1.,                  2931P   4640
-49.4529621605817,8.00000000000003,-120.,-49.4529621605817,         2931P   4641
2.52565330501084D-14,-120.,-0.800000000000003,                      2931P   4642
-2.33146835171283D-15,0.,0.,0.;                                     2931P   4643
126,2,2,0,0,0,0,-0.785398163397448,-0.785398163397448,              2933P   4644
-0.785398163397448,0.78539816339745,0.78539816339745,               2933P   4645
0.78539816339745,1.,0.707106781186547,1.,50.5470378394186,8.,       2933P   4646
-120.,55.5470378394186,8.,-120.,55.5470378394186,8.,-115.,          2933P   4647
-0.785398163397448,0.78539816339745,0.,0.,0.;                       2933P   4648
126,1,1,0,0,1,0,2.96849143636144D-16,2.96849143636144D-16,0.8,      2935P   4649
0.8,1.,1.,50.5470378394186,1.83776612442124D-15,-120.,              2935P   4650
50.5470378394186,8.,-120.,2.96849143636144D-16,0.8,0.,0.,0.;        2935P   4651
126,1,1,0,0,1,0,0.,0.,0.8,0.8,1.,1.,23.7970378394186,               2937P   4652
7.18353691989202D-15,-96.9999999999999,23.7970378394186,            2937P   4653
8.00000000000001,-96.9999999999999,0.,0.8,0.,0.,0.;                 2937P   4654
126,4,2,0,0,0,0,0.,0.,0.,1.5707963267949,1.5707963267949,           2939P   4655
3.14159265358979,3.14159265358979,3.14159265358979,1.,              2939P   4656
0.707106781186535,1.,0.707106781186544,1.,32.2970378394186,         2939P   4657
8.00000000000001,-96.9999999999998,32.2970378394186,                2939P   4658
8.00000000000001,-92.7499999999998,28.0470378394186,                2939P   4659
8.00000000000001,-92.7499999999998,23.7970378394186,                2939P   4660
8.00000000000001,-92.7499999999999,23.7970378394186,                2939P   4661
8.00000000000001,-96.9999999999999,0.,3.14159265358979,0.,0.,0.;    2939P   4662
126,1,1,0,0,1,0,0.,0.,0.8,0.8,1.,1.,32.2970378394186,               2941P   4663
5.19294173120863D-15,-96.9999999999998,32.2970378394186,            2941P   4664
8.00000000000001,-96.9999999999998,0.,0.8,0.,0.,0.;                 2941P   4665
126,1,1,0,0,1,0,0.,0.,1.5,1.5,1.,1.,32.2970378394186,               2943P   4666
8.00000000000001,-112.,32.2970378394186,8.00000000000001,           2943P   4667
-96.9999999999998,0.,1.5,0.,0.,0.;                                  2943P   4668
126,1,1,0,0,1,0,0.,0.,0.8,0.8,1.,1.,32.2970378394186,               2945P   4669
5.79212609456765D-15,-112.,32.2970378394186,8.00000000000001,       2945P   4670
-112.,0.,0.8,0.,0.,0.;                                              2945P   4671
126,4,2,0,0,0,0,0.,0.,0.,1.5707963267949,1.5707963267949,           2947P   4672
3.14159265358979,3.14159265358979,3.14159265358979,1.,              2947P   4673
0.707106781186537,1.,0.707106781186544,1.,23.7970378394186,         2947P   4674
8.00000000000001,-112.,23.7970378394186,8.00000000000001,           2947P   4675
-116.25,28.0470378394186,8.00000000000001,-116.25,                  2947P   4676
32.2970378394186,8.00000000000001,-116.25,32.2970378394186,         2947P   4677
8.00000000000001,-112.,0.,3.14159265358979,0.,0.,0.;                2947P   4678
126,1,1,0,0,1,0,0.,0.,0.8,0.8,1.,1.,23.7970378394186,               2949P   4679
7.78272128325105D-15,-112.,23.7970378394186,8.00000000000001,       2949P   4680
-112.,0.,0.8,0.,0.,0.;                                              2949P   4681
126,1,1,0,0,1,0,0.,0.,1.5,1.5,1.,1.,23.7970378394186,               2951P   4682
8.00000000000001,-96.9999999999999,23.7970378394186,                2951P   4683
8.00000000000001,-112.,0.,1.5,0.,0.,0.;                             2951P   4684
126,1,1,0,0,1,0,0.,0.,0.8,0.8,1.,1.,-22.7029621605814,              2953P   4685
1.80732635403365D-14,-97.,-22.7029621605814,8.00000000000002,       2953P   4686
-97.,0.,0.8,0.,0.,0.;                                               2953P   4687
126,1,1,0,0,1,0,0.,0.,1.5,1.5,1.,1.,-22.7029621605814,              2955P   4688
8.00000000000002,-112.,-22.7029621605814,8.00000000000002,-97.,     2955P   4689
0.,1.5,0.,0.,0.;                                                    2955P   4690
126,1,1,0,0,1,0,0.,0.,0.8,0.8,1.,1.,-22.7029621605814,              2957P   4691
1.86724479036955D-14,-112.,-22.7029621605814,8.00000000000002,      2957P   4692
-112.,0.,0.8,0.,0.,0.;                                              2957P   4693
126,4,2,0,0,0,0,0.,0.,0.,1.5707963267949,1.5707963267949,           2959P   4694
3.14159265358979,3.14159265358979,3.14159265358979,1.,              2959P   4695
0.707106781186537,1.,0.707106781186544,1.,-31.2029621605814,        2959P   4696
8.00000000000002,-112.,-31.2029621605814,8.00000000000002,          2959P   4697
-116.25,-26.9529621605814,8.00000000000002,-116.25,                 2959P   4698
-22.7029621605814,8.00000000000002,-116.25,-22.7029621605814,       2959P   4699
8.00000000000002,-112.,0.,3.14159265358979,0.,0.,0.;                2959P   4700
126,1,1,0,0,1,0,0.,0.,0.8,0.8,1.,1.,-31.2029621605814,              2961P   4701
2.06630430923789D-14,-112.,-31.2029621605814,8.00000000000002,      2961P   4702
-112.,0.,0.8,0.,0.,0.;                                              2961P   4703
126,1,1,0,0,1,0,0.,0.,1.5,1.5,1.,1.,-31.2029621605814,              2963P   4704
8.00000000000002,-97.,-31.2029621605814,8.00000000000002,-112.,     2963P   4705
0.,1.5,0.,0.,0.;                                                    2963P   4706
126,1,1,0,0,1,0,0.,0.,0.8,0.8,1.,1.,-31.2029621605814,              2965P   4707
2.00638587290199D-14,-97.,-31.2029621605814,8.00000000000002,       2965P   4708
-97.,0.,0.8,0.,0.,0.;                                               2965P   4709
126,4,2,0,0,0,0,0.,0.,0.,1.5707963267949,1.5707963267949,           2967P   4710
3.14159265358979,3.14159265358979,3.14159265358979,1.,              2967P   4711
0.707106781186535,1.,0.707106781186544,1.,-22.7029621605814,        2967P   4712
8.00000000000002,-97.,-22.7029621605814,8.00000000000002,-92.75,    2967P   4713
-26.9529621605814,8.00000000000002,-92.75,-31.2029621605814,        2967P   4714
8.00000000000002,-92.75,-31.2029621605814,8.00000000000002,-97.,    2967P   4715
0.,3.14159265358979,0.,0.,0.;                                       2967P   4716
126,1,1,0,0,1,0,0.,0.,0.8,0.8,1.,1.,23.7970378394185,               2969P   4717
5.18625570869527D-15,-46.9999999999999,23.7970378394185,            2969P   4718
8.00000000000001,-46.9999999999999,0.,0.8,0.,0.,0.;                 2969P   4719
126,4,2,0,0,0,0,0.,0.,0.,1.5707963267949,1.5707963267949,           2971P   4720
3.14159265358979,3.14159265358979,3.14159265358979,1.,              2971P   4721
0.707106781186544,1.,0.70710678118655,1.,32.2970378394185,8.,       2971P   4722
-46.9999999999998,32.2970378394184,8.,-42.7499999999998,            2971P   4723
28.0470378394184,8.00000000000001,-42.7499999999999,                2971P   4724
23.7970378394185,8.00000000000001,-42.7499999999999,                2971P   4725
23.7970378394185,8.00000000000001,-46.9999999999999,0.,             2971P   4726
3.14159265358979,0.,0.,0.;                                          2971P   4727
126,1,1,0,0,1,0,0.,0.,0.8,0.8,1.,1.,32.2970378394185,               2973P   4728
3.19566052001187D-15,-46.9999999999998,32.2970378394185,8.,         2973P   4729
-46.9999999999998,0.,0.8,0.,0.,0.;                                  2973P   4730
126,1,1,0,0,1,0,0.,0.,1.5,1.5,1.,1.,32.2970378394185,8.,            2975P   4731
-61.9999999999998,32.2970378394185,8.,-46.9999999999998,0.,1.5,     2975P   4732
0.,0.,0.;                                                           2975P   4733
126,1,1,0,0,1,0,0.,0.,0.8,0.8,1.,1.,32.2970378394185,               2977P   4734
3.79484488337089D-15,-61.9999999999998,32.2970378394185,8.,         2977P   4735
-61.9999999999998,0.,0.8,0.,0.,0.;                                  2977P   4736
126,4,2,0,0,0,0,0.,0.,0.,1.5707963267949,1.5707963267949,           2979P   4737
3.14159265358979,3.14159265358979,3.14159265358979,1.,              2979P   4738
0.707106781186545,1.,0.70710678118655,1.,23.7970378394185,          2979P   4739
8.00000000000001,-61.9999999999999,23.7970378394185,                2979P   4740
8.00000000000001,-66.2499999999999,28.0470378394185,                2979P   4741
8.00000000000001,-66.2499999999998,32.2970378394185,8.,             2979P   4742
-66.2499999999998,32.2970378394185,8.,-61.9999999999998,0.,         2979P   4743
3.14159265358979,0.,0.,0.;                                          2979P   4744
126,1,1,0,0,1,0,0.,0.,0.8,0.8,1.,1.,23.7970378394185,               2981P   4745
5.78544007205429D-15,-61.9999999999999,23.7970378394185,            2981P   4746
8.00000000000001,-61.9999999999999,0.,0.8,0.,0.,0.;                 2981P   4747
126,1,1,0,0,1,0,0.,0.,1.5,1.5,1.,1.,23.7970378394185,               2983P   4748
8.00000000000001,-46.9999999999999,23.7970378394185,                2983P   4749
8.00000000000001,-61.9999999999999,0.,1.5,0.,0.,0.;                 2983P   4750
126,1,1,0,0,1,0,0.,0.,0.8,0.8,1.,1.,-31.2029621605815,              2985P   4751
1.80665775178232D-14,-47.,-31.2029621605815,8.00000000000002,       2985P   4752
-47.,0.,0.8,0.,0.,0.;                                               2985P   4753
126,4,2,0,0,0,0,0.,0.,0.,1.5707963267949,1.5707963267949,           2987P   4754
3.14159265358979,3.14159265358979,3.14159265358979,1.,              2987P   4755
0.707106781186544,1.,0.70710678118655,1.,-22.7029621605815,         2987P   4756
8.00000000000002,-47.,-22.7029621605816,8.00000000000002,-42.75,    2987P   4757
-26.9529621605816,8.00000000000002,-42.75,-31.2029621605815,        2987P   4758
8.00000000000002,-42.75,-31.2029621605815,8.00000000000002,-47.,    2987P   4759
0.,3.14159265358979,0.,0.,0.;                                       2987P   4760
126,1,1,0,0,1,0,0.,0.,0.8,0.8,1.,1.,-22.7029621605815,              2989P   4761
1.60759823291398D-14,-47.,-22.7029621605815,8.00000000000002,       2989P   4762
-47.,0.,0.8,0.,0.,0.;                                               2989P   4763
126,1,1,0,0,1,0,0.,0.,1.5,1.5,1.,1.,-22.7029621605815,              2991P   4764
8.00000000000002,-62.,-22.7029621605815,8.00000000000002,-47.,      2991P   4765
0.,1.5,0.,0.,0.;                                                    2991P   4766
126,1,1,0,0,1,0,0.,0.,0.8,0.8,1.,1.,-22.7029621605815,              2993P   4767
1.66751666924988D-14,-62.,-22.7029621605815,8.00000000000002,       2993P   4768
-62.,0.,0.8,0.,0.,0.;                                               2993P   4769
126,4,2,0,0,0,0,0.,0.,0.,1.5707963267949,1.5707963267949,           2995P   4770
3.14159265358979,3.14159265358979,3.14159265358979,1.,              2995P   4771
0.707106781186545,1.,0.70710678118655,1.,-31.2029621605815,         2995P   4772
8.00000000000002,-62.,-31.2029621605815,8.00000000000002,-66.25,    2995P   4773
-26.9529621605815,8.00000000000002,-66.25,-22.7029621605815,        2995P   4774
8.00000000000002,-66.25,-22.7029621605815,8.00000000000002,-62.,    2995P   4775
0.,3.14159265358979,0.,0.,0.;                                       2995P   4776
126,1,1,0,0,1,0,0.,0.,0.8,0.8,1.,1.,-31.2029621605815,              2997P   4777
1.86657618811822D-14,-62.,-31.2029621605815,8.00000000000002,       2997P   4778
-62.,0.,0.8,0.,0.,0.;                                               2997P   4779
126,1,1,0,0,1,0,0.,0.,1.5,1.5,1.,1.,-31.2029621605815,              2999P   4780
8.00000000000002,-47.,-31.2029621605815,8.00000000000002,-62.,      2999P   4781
0.,1.5,0.,0.,0.;                                                    2999P   4782
126,1,1,0,0,1,0,-10.5,-10.5,-0.499999999999968,                     3001P   4783
-0.499999999999968,1.,1.,50.5470378394186,8.,-120.,                 3001P   4784
-49.4529621605817,8.00000000000003,-120.,-10.5,                     3001P   4785
-0.499999999999968,0.,0.,0.;                                        3001P   4786
126,8,2,0,1,0,0,-3.14159265358979,-3.14159265358979,                3003P   4787
-3.14159265358979,-1.5707963267949,-1.5707963267949,0.,0.,          3003P   4788
1.5707963267949,1.5707963267949,3.14159265358979,                   3003P   4789
3.14159265358979,3.14159265358979,1.,0.70710678118655,1.,           3003P   4790
0.70710678118655,1.,0.70710678118655,1.,0.70710678118655,1.,        3003P   4791
114.300377256354,8.,-22.9999999999998,114.300377256354,8.,          3003P   4792
-25.9999999999998,117.300377256354,8.,-25.9999999999998,            3003P   4793
120.300377256354,8.,-25.9999999999998,120.300377256354,8.,          3003P   4794
-22.9999999999998,120.300377256354,8.,-19.9999999999998,            3003P   4795
117.300377256354,8.,-19.9999999999998,114.300377256354,8.,          3003P   4796
-19.9999999999998,114.300377256354,8.,-22.9999999999998,            3003P   4797
-3.14159265358979,3.14159265358979,0.,0.,0.;                        3003P   4798
126,1,1,0,0,1,0,-2.66666666666668,-2.66666666666668,0.,0.,1.,1.,    3005P   4799
114.300377256354,8.,-22.9999999999998,114.300377256354,0.,          3005P   4800
-22.9999999999998,-2.66666666666668,0.,0.,0.,0.;                    3005P   4801
126,8,2,0,1,0,0,-3.14159265358979,-3.14159265358979,                3007P   4802
-3.14159265358979,-1.5707963267949,-1.5707963267949,0.,0.,          3007P   4803
1.5707963267949,1.5707963267949,3.14159265358979,                   3007P   4804
3.14159265358979,3.14159265358979,1.,0.70710678118655,1.,           3007P   4805
0.70710678118655,1.,0.70710678118655,1.,0.70710678118655,1.,        3007P   4806
68.3003772563542,8.,-22.9999999999999,68.3003772563542,8.,          3007P   4807
-25.9999999999998,71.3003772563542,8.,-25.9999999999998,            3007P   4808
74.3003772563542,8.,-25.9999999999998,74.3003772563542,8.,          3007P   4809
-22.9999999999999,74.3003772563542,8.,-19.9999999999999,            3007P   4810
71.3003772563542,8.,-19.9999999999999,68.3003772563542,8.,          3007P   4811
-19.9999999999999,68.3003772563542,8.,-22.9999999999999,            3007P   4812
-3.14159265358979,3.14159265358979,0.,0.,0.;                        3007P   4813
126,1,1,0,0,1,0,-2.66666666666668,-2.66666666666668,0.,0.,1.,1.,    3009P   4814
68.3003772563542,8.,-22.9999999999999,68.3003772563542,0.,          3009P   4815
-22.9999999999999,-2.66666666666668,0.,0.,0.,0.;                    3009P   4816
126,8,2,0,1,0,0,-3.14159265358979,-3.14159265358979,                3011P   4817
-3.14159265358979,-1.5707963267949,-1.5707963267949,0.,0.,          3011P   4818
1.5707963267949,1.5707963267949,3.14159265358979,                   3011P   4819
3.14159265358979,3.14159265358979,1.,0.70710678118655,1.,           3011P   4820
0.70710678118655,1.,0.70710678118655,1.,0.70710678118655,1.,        3011P   4821
68.3003772563542,8.,22.9999999999999,68.3003772563542,8.,           3011P   4822
19.9999999999999,71.3003772563542,8.,19.9999999999999,              3011P   4823
74.3003772563542,8.,19.9999999999999,74.3003772563542,8.,           3011P   4824
22.9999999999999,74.3003772563542,8.,25.9999999999999,              3011P   4825
71.3003772563542,8.,25.9999999999999,68.3003772563542,8.,           3011P   4826
25.9999999999999,68.3003772563542,8.,22.9999999999999,              3011P   4827
-3.14159265358979,3.14159265358979,0.,0.,0.;                        3011P   4828
126,1,1,0,0,1,0,-2.66666666666668,-2.66666666666668,0.,0.,1.,1.,    3013P   4829
68.3003772563542,8.,22.9999999999999,68.3003772563542,0.,           3013P   4830
22.9999999999999,-2.66666666666668,0.,0.,0.,0.;                     3013P   4831
126,8,2,0,1,0,0,-3.14159265358979,-3.14159265358979,                3015P   4832
-3.14159265358979,-1.5707963267949,-1.5707963267949,0.,0.,          3015P   4833
1.5707963267949,1.5707963267949,3.14159265358979,                   3015P   4834
3.14159265358979,3.14159265358979,1.,0.70710678118655,1.,           3015P   4835
0.70710678118655,1.,0.70710678118655,1.,0.70710678118655,1.,        3015P   4836
114.300377256354,8.,23.,114.300377256354,8.,20.,                    3015P   4837
117.300377256354,8.,20.,120.300377256354,8.,20.,                    3015P   4838
120.300377256354,8.,23.,120.300377256354,8.,25.9999999999999,       3015P   4839
117.300377256354,8.,25.9999999999999,114.300377256354,8.,           3015P   4840
25.9999999999999,114.300377256354,8.,23.,-3.14159265358979,         3015P   4841
3.14159265358979,0.,0.,0.;                                          3015P   4842
126,1,1,0,0,1,0,-2.66666666666668,-2.66666666666668,0.,0.,1.,1.,    3017P   4843
114.300377256354,8.,23.,114.300377256354,0.,23.,                    3017P   4844
-2.66666666666668,0.,0.,0.,0.;                                      3017P   4845
126,8,2,0,1,0,0,-3.14159265358979,-3.14159265358979,                3019P   4846
-3.14159265358979,-1.5707963267949,-1.5707963267949,0.,0.,          3019P   4847
1.5707963267949,1.5707963267949,3.14159265358979,                   3019P   4848
3.14159265358979,3.14159265358979,1.,0.707106781186548,1.,          3019P   4849
0.707106781186548,1.,0.707106781186547,1.,0.707106781186547,1.,     3019P   4850
69.3003772563542,8.,6.24137858794002D-14,69.3003772563542,8.,       3019P   4851
-24.9999999999999,94.3003772563542,8.,-24.9999999999999,            3019P   4852
119.300377256354,8.,-24.9999999999999,119.300377256354,8.,          3019P   4853
6.54754028772686D-14,119.300377256354,8.,25.0000000000001,          3019P   4854
94.3003772563542,8.,25.0000000000001,69.3003772563542,8.,           3019P   4855
25.0000000000001,69.3003772563542,8.,6.8537019875137D-14,           3019P   4856
-3.14159265358979,3.14159265358979,0.,0.,0.;                        3019P   4857
126,1,1,0,0,1,0,-0.32,-0.32,0.,0.,1.,1.,69.3003772563542,8.,        3021P   4858
6.54754028772686D-14,69.3003772563542,0.,6.54754028772686D-14,      3021P   4859
-0.32,0.,0.,0.,0.;                                                  3021P   4860
126,1,1,0,0,1,0,0.,0.,0.8,0.8,1.,1.,-28.9738736799907,0.,           3023P   4861
31.2514382989936,-28.9738736799907,8.,31.2514382989936,0.,0.8,      3023P   4862
0.,0.,0.;                                                           3023P   4863
126,1,1,0,0,1,0,-1.1,-1.1,0.,0.,1.,1.,-39.9738736799907,8.,         3025P   4864
31.2514382989936,-28.9738736799907,8.,31.2514382989936,-1.1,0.,     3025P   4865
0.,0.,0.;                                                           3025P   4866
126,1,1,0,0,1,0,0.,0.,0.8,0.8,1.,1.,-39.9738736799907,0.,           3027P   4867
31.2514382989936,-39.9738736799907,8.,31.2514382989936,0.,0.8,      3027P   4868
0.,0.,0.;                                                           3027P   4869
126,4,2,0,0,0,0,-3.14159265358979,-3.14159265358979,                3029P   4870
-3.14159265358979,-1.5707963267949,-1.5707963267949,0.,0.,0.,1.,    3029P   4871
0.707106781186546,1.,0.707106781186546,1.,-39.9738736799907,8.,     3029P   4872
38.2514382989936,-43.4738736799907,8.,38.2514382989936,             3029P   4873
-43.4738736799907,8.,34.7514382989936,-43.4738736799907,8.,         3029P   4874
31.2514382989936,-39.9738736799907,8.,31.2514382989936,             3029P   4875
-3.14159265358979,0.,0.,0.,0.;                                      3029P   4876
126,1,1,0,0,1,0,0.,0.,0.8,0.8,1.,1.,-39.9738736799907,0.,           3031P   4877
38.2514382989936,-39.9738736799907,8.,38.2514382989936,0.,0.8,      3031P   4878
0.,0.,0.;                                                           3031P   4879
126,1,1,0,0,1,0,-1.1,-1.1,0.,0.,1.,1.,-28.9738736799907,8.,         3033P   4880
38.2514382989936,-39.9738736799907,8.,38.2514382989936,-1.1,0.,     3033P   4881
0.,0.,0.;                                                           3033P   4882
126,1,1,0,0,1,0,0.,0.,0.8,0.8,1.,1.,-28.9738736799907,0.,           3035P   4883
38.2514382989936,-28.9738736799907,8.,38.2514382989936,0.,0.8,      3035P   4884
0.,0.,0.;                                                           3035P   4885
126,4,2,0,0,0,0,-3.14159265358979,-3.14159265358979,                3037P   4886
-3.14159265358979,-1.5707963267949,-1.5707963267949,0.,0.,0.,1.,    3037P   4887
0.707106781186546,1.,0.707106781186546,1.,-28.9738736799907,8.,     3037P   4888
31.2514382989936,-25.4738736799907,8.,31.2514382989936,             3037P   4889
-25.4738736799907,8.,34.7514382989936,-25.4738736799907,8.,         3037P   4890
38.2514382989936,-28.9738736799907,8.,38.2514382989936,             3037P   4891
-3.14159265358979,0.,0.,0.,0.;                                      3037P   4892
126,1,1,0,0,1,0,0.,0.,0.8,0.8,1.,1.,29.6261263200093,0.,            3039P   4893
38.2514382989936,29.6261263200093,8.,38.2514382989936,0.,0.8,0.,    3039P   4894
0.,0.;                                                              3039P   4895
126,1,1,0,0,1,0,-1.1,-1.1,0.,0.,1.,1.,40.6261263200093,8.,          3041P   4896
38.2514382989936,29.6261263200093,8.,38.2514382989936,-1.1,0.,      3041P   4897
0.,0.,0.;                                                           3041P   4898
126,1,1,0,0,1,0,0.,0.,0.8,0.8,1.,1.,40.6261263200093,0.,            3043P   4899
38.2514382989936,40.6261263200093,8.,38.2514382989936,0.,0.8,0.,    3043P   4900
0.,0.;                                                              3043P   4901
126,4,2,0,0,0,0,-3.14159265358979,-3.14159265358979,                3045P   4902
-3.14159265358979,-1.5707963267949,-1.5707963267949,0.,0.,0.,1.,    3045P   4903
0.707106781186552,1.,0.707106781186552,1.,40.6261263200093,8.,      3045P   4904
31.2514382989936,44.1261263200093,8.,31.2514382989936,              3045P   4905
44.1261263200093,8.,34.7514382989936,44.1261263200093,8.,           3045P   4906
38.2514382989936,40.6261263200093,8.,38.2514382989936,              3045P   4907
-3.14159265358979,0.,0.,0.,0.;                                      3045P   4908
126,1,1,0,0,1,0,0.,0.,0.8,0.8,1.,1.,40.6261263200093,0.,            3047P   4909
31.2514382989936,40.6261263200093,8.,31.2514382989936,0.,0.8,0.,    3047P   4910
0.,0.;                                                              3047P   4911
126,1,1,0,0,1,0,-1.1,-1.1,0.,0.,1.,1.,29.6261263200093,8.,          3049P   4912
31.2514382989936,40.6261263200093,8.,31.2514382989936,-1.1,0.,      3049P   4913
0.,0.,0.;                                                           3049P   4914
126,1,1,0,0,1,0,0.,0.,0.8,0.8,1.,1.,29.6261263200093,0.,            3051P   4915
31.2514382989936,29.6261263200093,8.,31.2514382989936,0.,0.8,0.,    3051P   4916
0.,0.;                                                              3051P   4917
126,4,2,0,0,0,0,-3.14159265358979,-3.14159265358979,                3053P   4918
-3.14159265358979,-1.5707963267949,-1.5707963267949,0.,0.,0.,1.,    3053P   4919
0.707106781186546,1.,0.707106781186546,1.,29.6261263200093,8.,      3053P   4920
38.2514382989936,26.1261263200093,8.,38.2514382989936,              3053P   4921
26.1261263200093,8.,34.7514382989936,26.1261263200093,8.,           3053P   4922
31.2514382989936,29.6261263200093,8.,31.2514382989936,              3053P   4923
-3.14159265358979,0.,0.,0.,0.;                                      3053P   4924
126,2,2,0,0,0,0,1.40227602535871,1.40227602535871,                  3055P   4925
1.40227602535871,1.91590386020033,1.91590386020033,                 3055P   4926
1.91590386020033,1.,0.967204151649342,1.,2.9000960946964,           3055P   4927
-23.8961267729264,-15.2804274142306,-1.11274073797264,              3055P   4928
-23.8961267729264,-15.9631470284324,-4.94323976492206,              3055P   4929
-23.8961267729264,-14.5861057357397,1.40227602535871,               3055P   4930
1.91590386020033,0.,0.,0.;                                          3055P   4931
126,1,1,0,0,1,0,0.,0.,1.,1.,1.,1.,-4.94323976492206,                3057P   4932
-23.8961267729264,-14.5861057357397,-4.94323976492204,              3057P   4933
-33.8961267729264,-14.5861057357397,0.,1.,0.,0.,0.;                 3057P   4934
126,2,2,0,0,0,0,1.40227602535871,1.40227602535871,                  3059P   4935
1.40227602535871,1.91590386020033,1.91590386020033,                 3059P   4936
1.91590386020033,1.,0.967204151649342,1.,2.90009609469641,          3059P   4937
-33.8961267729264,-15.2804274142306,-1.11274073797263,              3059P   4938
-33.8961267729264,-15.9631470284324,-4.94323976492204,              3059P   4939
-33.8961267729264,-14.5861057357397,1.40227602535871,               3059P   4940
1.91590386020033,0.,0.,0.;                                          3059P   4941
126,1,1,0,0,1,0,0.,0.,1.,1.,1.,1.,2.9000960946964,                  3061P   4942
-23.8961267729264,-15.2804274142306,2.90009609469642,               3061P   4943
-33.8961267729264,-15.2804274142306,0.,1.,0.,0.,0.;                 3061P   4944
126,1,1,0,0,1,0,0.,0.,6.72330797193353,6.72330797193353,1.,1.,      3063P   4945
66.1690515608668,-23.8961267729263,-38.0252352341757,               3063P   4946
2.9000960946964,-23.8961267729264,-15.2804274142306,0.,             3063P   4947
6.72330797193353,0.,0.,0.;                                          3063P   4948
126,1,1,0,0,1,0,0.,0.,6.72330797193353,6.72330797193353,1.,1.,      3065P   4949
66.1690515608668,-33.8961267729263,-38.0252352341757,               3065P   4950
2.90009609469641,-33.8961267729264,-15.2804274142306,0.,            3065P   4951
6.72330797193353,0.,0.,0.;                                          3065P   4952
126,1,1,0,0,1,0,0.,0.,1.,1.,1.,1.,66.1690515608668,                 3067P   4953
-23.8961267729263,-38.0252352341757,66.1690515608668,               3067P   4954
-33.8961267729263,-38.0252352341757,0.,1.,0.,0.,0.;                 3067P   4955
126,2,2,0,0,0,0,1.91590386020033,1.91590386020033,                  3069P   4956
1.91590386020033,2.20774177374533,2.20774177374533,                 3069P   4957
2.20774177374533,1.,0.989372705784559,1.,78.2988878946521,          3069P   4958
-23.8961267729263,-44.511148470999,71.7573734528438,                3069P   4959
-23.8961267729263,-42.1595134908723,66.1690515608668,               3069P   4960
-23.8961267729263,-38.0252352341757,1.91590386020033,               3069P   4961
2.20774177374533,0.,0.,0.;                                          3069P   4962
126,2,2,0,0,0,0,1.91590386020033,1.91590386020033,                  3071P   4963
1.91590386020033,2.20774177374533,2.20774177374533,                 3071P   4964
2.20774177374533,1.,0.989372705784559,1.,78.2988878946522,          3071P   4965
-33.8961267729263,-44.511148470999,71.7573734528438,                3071P   4966
-33.8961267729263,-42.1595134908723,66.1690515608668,               3071P   4967
-33.8961267729263,-38.0252352341757,1.91590386020033,               3071P   4968
2.20774177374533,0.,0.,0.;                                          3071P   4969
126,1,1,0,0,1,0,0.,0.,1.,1.,1.,1.,78.2988878946522,                 3073P   4970
-23.8961267729263,-44.5111484709988,78.2988878946522,               3073P   4971
-33.8961267729263,-44.5111484709988,0.,1.,0.,0.,0.;                 3073P   4972
126,1,1,0,0,1,0,0.,0.,8.8457673494163,8.8457673494163,1.,1.,        3075P   4973
78.2988878946522,-23.8961267729263,-44.5111484709988,               3075P   4974
-4.94323976492208,-23.8961267729264,-14.5861057357397,0.,           3075P   4975
8.8457673494163,0.,0.,0.;                                           3075P   4976
126,1,1,0,0,1,0,-8.8457673494163,-8.8457673494163,0.,0.,1.,1.,      3077P   4977
-4.94323976492206,-33.8961267729264,-14.5861057357397,              3077P   4978
78.2988878946522,-33.8961267729263,-44.5111484709988,               3077P   4979
-8.8457673494163,0.,0.,0.,0.;                                       3077P   4980
126,1,1,0,0,1,0,0.,0.,6.72330795673035,6.72330795673035,1.,1.,      3079P   4981
66.1690514775948,-23.8961267729263,38.0252351725706,                3079P   4982
2.90009615449227,-23.8961267729264,15.2804274040573,0.,             3079P   4983
6.72330795673035,0.,0.,0.;                                          3079P   4984
126,1,1,0,0,1,0,0.,0.,1.,1.,1.,1.,66.1690514775948,                 3081P   4985
-23.8961267729263,38.0252351725706,66.1690514775948,                3081P   4986
-33.8961267729263,38.0252351725706,0.,1.,0.,0.,0.;                  3081P   4987
126,1,1,0,0,1,0,-6.72330795673035,-6.72330795673035,0.,0.,1.,1.,    3083P   4988
2.90009615449229,-33.8961267729264,15.2804274040573,                3083P   4989
66.1690514775948,-33.8961267729263,38.0252351725706,                3083P   4990
-6.72330795673035,0.,0.,0.,0.;                                      3083P   4991
126,1,1,0,0,1,0,0.,0.,1.,1.,1.,1.,2.90009615449227,                 3085P   4992
-23.8961267729264,15.2804274040573,2.90009615449229,                3085P   4993
-33.8961267729264,15.2804274040573,0.,1.,0.,0.,0.;                  3085P   4994
126,2,2,0,0,0,0,-1.91590386020033,-1.91590386020033,                3087P   4995
-1.91590386020033,-1.40227602144548,-1.40227602144548,              3087P   4996
-1.40227602144548,1.,0.967204151152372,1.,-4.94323976492212,        3087P   4997
-23.8961267729264,14.5861057357397,-1.11274070746502,               3087P   4998
-23.8961267729264,15.9631470393997,2.90009615449228,                3087P   4999
-23.8961267729264,15.2804274040573,-1.91590386020033,               3087P   5000
-1.40227602144548,0.,0.,0.;                                         3087P   5001
126,2,2,0,0,0,0,-1.91590386020033,-1.91590386020033,                3089P   5002
-1.91590386020033,-1.40227602144548,-1.40227602144548,              3089P   5003
-1.40227602144548,1.,0.967204151152372,1.,-4.9432397649221,         3089P   5004
-33.8961267729264,14.5861057357397,-1.112740707465,                 3089P   5005
-33.8961267729264,15.9631470393997,2.9000961544923,                 3089P   5006
-33.8961267729264,15.2804274040573,-1.91590386020033,               3089P   5007
-1.40227602144548,0.,0.,0.;                                         3089P   5008
126,1,1,0,0,1,0,0.,0.,1.,1.,1.,1.,-4.94323976492213,                3091P   5009
-23.8961267729264,14.5861057357397,-4.94323976492211,               3091P   5010
-33.8961267729264,14.5861057357397,0.,1.,0.,0.,0.;                  3091P   5011
126,1,1,0,0,1,0,0.,0.,8.8457673494163,8.8457673494163,1.,1.,        3093P   5012
78.298887894652,-23.8961267729263,44.5111484709991,                 3093P   5013
-4.94323976492212,-23.8961267729264,14.5861057357397,0.,            3093P   5014
8.8457673494163,0.,0.,0.;                                           3093P   5015
126,1,1,0,0,1,0,0.,0.,8.8457673494163,8.8457673494163,1.,1.,        3095P   5016
78.2988878946521,-33.8961267729263,44.5111484709991,                3095P   5017
-4.9432397649221,-33.8961267729264,14.5861057357397,0.,             3095P   5018
8.8457673494163,0.,0.,0.;                                           3095P   5019
126,1,1,0,0,1,0,0.,0.,1.,1.,1.,1.,78.298887894652,                  3097P   5020
-23.8961267729263,44.5111484709991,78.2988878946521,                3097P   5021
-33.8961267729263,44.5111484709991,0.,1.,0.,0.,0.;                  3097P   5022
126,2,2,0,0,0,0,-2.20774177593524,-2.20774177593524,                3099P   5023
-2.20774177593524,-1.91590386020033,-1.91590386020033,              3099P   5024
-1.91590386020033,1.,0.989372705625289,1.,66.1690514775948,         3099P   5025
-23.8961267729263,38.0252351725706,71.7573734030533,                3099P   5026
-23.8961267729263,42.159513472973,78.298887894652,                  3099P   5027
-23.8961267729263,44.5111484709991,-2.20774177593524,               3099P   5028
-1.91590386020033,0.,0.,0.;                                         3099P   5029
126,2,2,0,0,0,0,-2.20774177593524,-2.20774177593524,                3101P   5030
-2.20774177593524,-1.91590386020033,-1.91590386020033,              3101P   5031
-1.91590386020033,1.,0.989372705625289,1.,66.1690514775948,         3101P   5032
-33.8961267729263,38.0252351725706,71.7573734030533,                3101P   5033
-33.8961267729263,42.159513472973,78.2988878946521,                 3101P   5034
-33.8961267729263,44.5111484709991,-2.20774177593524,               3101P   5035
-1.91590386020033,0.,0.,0.;                                         3101P   5036
128,1,8,1,2,0,1,0,0,1,0.,0.,4.75590551181102,4.75590551181102,      3103P   5037
-3.14159265358979,-3.14159265358979,-3.14159265358979,              3103P   5038
-1.5707963267949,-1.5707963267949,0.,0.,1.5707963267949,            3103P   5039
1.5707963267949,3.14159265358979,3.14159265358979,                  3103P   5040
3.14159265358979,1.,1.,0.707106781186548,0.707106781186548,1.,      3103P   5041
1.,0.707106781186548,0.707106781186548,1.,1.,0.707106781186548,     3103P   5042
0.707106781186548,1.,1.,0.707106781186548,0.707106781186548,1.,     3103P   5043
1.,0.,-1.52,-6.35,0.,-31.72,-6.35,-6.35,-1.52,-6.35,-6.35,          3103P   5044
-31.72,-6.35,-6.35,-1.52,0.,-6.35,-31.72,0.,-6.35,-1.52,6.35,       3103P   5045
-6.35,-31.72,6.35,0.,-1.52,6.35,0.,-31.72,6.35,6.35,-1.52,6.35,     3103P   5046
6.35,-31.72,6.35,6.35,-1.52,0.,6.35,-31.72,0.,6.35,-1.52,-6.35,     3103P   5047
6.35,-31.72,-6.35,0.,-1.52,-6.35,0.,-31.72,-6.35,0.,                3103P   5048
4.75590551181102,-3.14159265358979,3.14159265358979;                3103P   5049
128,1,1,1,1,0,0,1,0,0,-0.00635000000000001,-0.00635000000000001,    3105P   5050
0.00735,0.00735,-0.0084303848920675,-0.0084303848920675,            3105P   5051
0.00843038489206751,0.00843038489206751,1.,1.,1.,1.,                3105P   5052
8.4303848920675,-31.72,-7.35,8.4303848920675,-31.72,                3105P   5053
6.35000000000001,-8.43038489206751,-31.72,-7.35,                    3105P   5054
-8.43038489206751,-31.72,6.35000000000001,-0.00635000000000001,     3105P   5055
0.00735,-0.0084303848920675,0.00843038489206751;                    3105P   5056
128,1,1,1,1,0,0,1,0,0,-0.043925,-0.043925,0.043925,0.043925,        3107P   5057
-0.043925,-0.043925,0.043925,0.043925,1.,1.,1.,1.,43.925,118.,      3107P   5058
43.925,43.925,118.,-43.925,-43.925,118.,43.925,-43.925,118.,        3107P   5059
-43.925,-0.043925,0.043925,-0.043925,0.043925;                      3107P   5060
128,1,1,1,1,0,0,1,0,0,-0.08185,-0.08185,-0.00399999999999999,       3109P   5061
-0.00399999999999999,-0.119,-0.119,0.001,0.001,1.,1.,1.,1.,         3109P   5062
42.925,-0.999999999999996,38.925,42.925,-0.999999999999996,         3109P   5063
-38.925,42.925,119.,38.925,42.925,119.,-38.925,-0.08185,            3109P   5064
-0.00399999999999999,-0.119,0.001;                                  3109P   5065
128,1,1,1,1,0,0,1,0,0,-0.08185,-0.08185,-0.00399999999999999,       3111P   5066
-0.00399999999999999,-0.119,-0.119,0.001,0.001,1.,1.,1.,1.,         3111P   5067
-38.925,-0.999999999999996,42.925,38.925,-0.999999999999996,        3111P   5068
42.925,-38.925,119.,42.925,38.925,119.,42.925,-0.08185,             3111P   5069
-0.00399999999999999,-0.119,0.001;                                  3111P   5070
128,1,1,1,1,0,0,1,0,0,-0.08185,-0.08185,-0.00399999999999999,       3113P   5071
-0.00399999999999999,-0.119,-0.119,0.001,0.001,1.,1.,1.,1.,         3113P   5072
38.925,-0.999999999999996,-42.925,-38.925,-0.999999999999996,       3113P   5073
-42.925,38.925,119.,-42.925,-38.925,119.,-42.925,-0.08185,          3113P   5074
-0.00399999999999999,-0.119,0.001;                                  3113P   5075
128,1,1,1,1,0,0,1,0,0,-0.08185,-0.08185,-0.00399999999999999,       3115P   5076
-0.00399999999999999,-0.119,-0.119,0.001,0.001,1.,1.,1.,1.,         3115P   5077
-42.925,-0.999999999999996,-38.925,-42.925,-0.999999999999996,      3115P   5078
38.925,-42.925,119.,-38.925,-42.925,119.,38.925,-0.08185,           3115P   5079
-0.00399999999999999,-0.119,0.001;                                  3115P   5080
128,1,8,1,2,0,1,0,0,1,-1.53316183822799D-17,                        3117P   5081
-1.53316183822799D-17,0.0416438356164384,0.0416438356164384,        3117P   5082
-3.14159265358979,-3.14159265358979,-3.14159265358979,              3117P   5083
-1.5707963267949,-1.5707963267949,0.,0.,1.5707963267949,            3117P   5084
1.5707963267949,3.14159265358979,3.14159265358979,                  3117P   5085
3.14159265358979,1.,1.,0.707106781186548,0.707106781186548,1.,      3117P   5086
1.,0.707106781186548,0.707106781186548,1.,1.,0.707106781186548,     3117P   5087
0.707106781186548,1.,1.,0.707106781186548,0.707106781186548,1.,     3117P   5088
1.,0.,0.,-36.5,0.,-1.52,-36.5,-36.5,0.,-36.5,-36.5,-1.52,-36.5,     3117P   5089
-36.5,0.,0.,-36.5,-1.52,0.,-36.5,0.,36.5,-36.5,-1.52,36.5,0.,0.,    3117P   5090
36.5,0.,-1.52,36.5,36.5,0.,36.5,36.5,-1.52,36.5,36.5,0.,0.,36.5,    3117P   5091
-1.52,0.,36.5,0.,-36.5,36.5,-1.52,-36.5,0.,0.,-36.5,0.,-1.52,       3117P   5092
-36.5,-1.53316183822799D-17,0.0416438356164384,                     3117P   5093
-3.14159265358979,3.14159265358979;                                 3117P   5094
128,1,1,1,1,0,0,1,0,0,-0.0375,-0.0375,0.0375,0.0375,-0.0375,        3119P   5095
-0.0375,0.0375,0.0375,1.,1.,1.,1.,37.5,-1.52,-37.5,37.5,-1.52,      3119P   5096
37.5,-37.5,-1.52,-37.5,-37.5,-1.52,37.5,-0.0375,0.0375,-0.0375,     3119P   5097
0.0375;                                                             3119P   5098
128,1,1,1,1,0,0,1,0,0,-0.043925,-0.043925,0.043925,0.043925,        3121P   5099
-0.043925,-0.043925,0.043925,0.043925,1.,1.,1.,1.,43.925,0.,        3121P   5100
-43.925,43.925,0.,43.925,-43.925,0.,-43.925,-43.925,0.,43.925,      3121P   5101
-0.043925,0.043925,-0.043925,0.043925;                              3121P   5102
128,1,2,1,2,0,0,0,0,0,22.,22.,23.6,23.6,-1.5707963267949,           3123P   5103
-1.5707963267949,-1.5707963267949,0.,0.,0.,1.,1.,                   3123P   5104
0.707106781186548,0.707106781186548,1.,1.,-42.925,0.,-37.925,       3123P   5105
-42.925,8.00000000000001,-37.925,-42.925,0.,-42.925,-42.925,        3123P   5106
8.00000000000001,-42.925,-37.925,0.,-42.925,-37.925,                3123P   5107
8.00000000000001,-42.925,22.,23.6,-1.5707963267949,0.;              3123P   5108
128,1,2,1,2,0,0,0,0,0,22.,22.,23.6,23.6,0.,0.,0.,                   3125P   5109
1.5707963267949,1.5707963267949,1.5707963267949,1.,1.,              3125P   5110
0.707106781186548,0.707106781186548,1.,1.,37.925,0.,-42.925,        3125P   5111
37.925,8.00000000000001,-42.925,42.925,0.,-42.925,42.925,           3125P   5112
8.00000000000001,-42.925,42.925,0.,-37.925,42.925,                  3125P   5113
8.00000000000001,-37.925,22.,23.6,0.,1.5707963267949;               3125P   5114
128,1,2,1,2,0,0,0,0,0,22.,22.,23.6,23.6,1.5707963267949,            3127P   5115
1.5707963267949,1.5707963267949,3.14159265358979,                   3127P   5116
3.14159265358979,3.14159265358979,1.,1.,0.707106781186548,          3127P   5117
0.707106781186548,1.,1.,42.925,0.,37.925,42.925,                    3127P   5118
8.00000000000001,37.925,42.925,0.,42.925,42.925,                    3127P   5119
8.00000000000001,42.925,37.925,0.,42.925,37.925,                    3127P   5120
8.00000000000001,42.925,22.,23.6,1.5707963267949,                   3127P   5121
3.14159265358979;                                                   3127P   5122
128,1,2,1,2,0,0,0,0,0,22.,22.,23.6,23.6,-3.14159265358979,          3129P   5123
-3.14159265358979,-3.14159265358979,-1.5707963267949,               3129P   5124
-1.5707963267949,-1.5707963267949,1.,1.,0.707106781186548,          3129P   5125
0.707106781186548,1.,1.,-37.925,0.,42.925,-37.925,                  3129P   5126
8.00000000000001,42.925,-42.925,0.,42.925,-42.925,                  3129P   5127
8.00000000000001,42.925,-42.925,0.,37.925,-42.925,                  3129P   5128
8.00000000000001,37.925,22.,23.6,-3.14159265358979,                 3129P   5129
-1.5707963267949;                                                   3129P   5130
128,1,8,1,2,0,1,0,0,1,125964.422368646,125964.422368646,            3131P   5131
125967.331459555,125967.331459555,-3.14159265358979,                3131P   5132
-3.14159265358979,-3.14159265358979,-1.5707963267949,               3131P   5133
-1.5707963267949,0.,0.,1.5707963267949,1.5707963267949,             3131P   5134
3.14159265358979,3.14159265358979,3.14159265358979,1.,1.,           3131P   5135
0.707106781186548,0.707106781186548,1.,1.,0.707106781186548,        3131P   5136
0.707106781186548,1.,1.,0.707106781186548,0.707106781186548,1.,     3131P   5137
1.,0.707106781186548,0.707106781186548,1.,1.,34.75,                 3131P   5138
7.99999999995634,37.5,34.75,0.,37.5,32.,7.99999999995634,37.5,      3131P   5139
32.,0.,37.5,32.,7.99999999995634,34.75,32.,0.,34.75,32.,            3131P   5140
7.99999999995634,32.,32.,0.,32.,34.75,7.99999999995634,32.,         3131P   5141
34.75,0.,32.,37.5,7.99999999995634,32.,37.5,0.,32.,37.5,            3131P   5142
7.99999999995634,34.75,37.5,0.,34.75,37.5,7.99999999995634,37.5,    3131P   5143
37.5,0.,37.5,34.75,7.99999999995634,37.5,34.75,0.,37.5,             3131P   5144
125964.422368646,125967.331459555,-3.14159265358979,                3131P   5145
3.14159265358979;                                                   3131P   5146
128,1,8,1,2,0,1,0,0,1,125964.422368646,125964.422368646,            3133P   5147
125967.331459555,125967.331459555,-3.14159265358979,                3133P   5148
-3.14159265358979,-3.14159265358979,-1.5707963267949,               3133P   5149
-1.5707963267949,0.,0.,1.5707963267949,1.5707963267949,             3133P   5150
3.14159265358979,3.14159265358979,3.14159265358979,1.,1.,           3133P   5151
0.707106781186548,0.707106781186548,1.,1.,0.707106781186548,        3133P   5152
0.707106781186548,1.,1.,0.707106781186548,0.707106781186548,1.,     3133P   5153
1.,0.707106781186548,0.707106781186548,1.,1.,-34.75,                3133P   5154
7.99999999995634,37.5,-34.75,0.,37.5,-37.5,7.99999999995634,        3133P   5155
37.5,-37.5,0.,37.5,-37.5,7.99999999995634,34.75,-37.5,0.,34.75,     3133P   5156
-37.5,7.99999999995634,32.,-37.5,0.,32.,-34.75,7.99999999995634,    3133P   5157
32.,-34.75,0.,32.,-32.,7.99999999995634,32.,-32.,0.,32.,-32.,       3133P   5158
7.99999999995634,34.75,-32.,0.,34.75,-32.,7.99999999995634,37.5,    3133P   5159
-32.,0.,37.5,-34.75,7.99999999995634,37.5,-34.75,0.,37.5,           3133P   5160
125964.422368646,125967.331459555,-3.14159265358979,                3133P   5161
3.14159265358979;                                                   3133P   5162
128,1,8,1,2,0,1,0,0,1,125964.422368646,125964.422368646,            3135P   5163
125967.331459555,125967.331459555,-3.14159265358979,                3135P   5164
-3.14159265358979,-3.14159265358979,-1.5707963267949,               3135P   5165
-1.5707963267949,0.,0.,1.5707963267949,1.5707963267949,             3135P   5166
3.14159265358979,3.14159265358979,3.14159265358979,1.,1.,           3135P   5167
0.707106781186548,0.707106781186548,1.,1.,0.707106781186548,        3135P   5168
0.707106781186548,1.,1.,0.707106781186548,0.707106781186548,1.,     3135P   5169
1.,0.707106781186548,0.707106781186548,1.,1.,-34.75,                3135P   5170
7.99999999995634,-32.,-34.75,0.,-32.,-37.5,7.99999999995634,        3135P   5171
-32.,-37.5,0.,-32.,-37.5,7.99999999995634,-34.75,-37.5,0.,          3135P   5172
-34.75,-37.5,7.99999999995634,-37.5,-37.5,0.,-37.5,-34.75,          3135P   5173
7.99999999995634,-37.5,-34.75,0.,-37.5,-32.,7.99999999995634,       3135P   5174
-37.5,-32.,0.,-37.5,-32.,7.99999999995634,-34.75,-32.,0.,-34.75,    3135P   5175
-32.,7.99999999995634,-32.,-32.,0.,-32.,-34.75,7.99999999995634,    3135P   5176
-32.,-34.75,0.,-32.,125964.422368646,125967.331459555,              3135P   5177
-3.14159265358979,3.14159265358979;                                 3135P   5178
128,1,8,1,2,0,1,0,0,1,125964.422368646,125964.422368646,            3137P   5179
125967.331459555,125967.331459555,-3.14159265358979,                3137P   5180
-3.14159265358979,-3.14159265358979,-1.5707963267949,               3137P   5181
-1.5707963267949,0.,0.,1.5707963267949,1.5707963267949,             3137P   5182
3.14159265358979,3.14159265358979,3.14159265358979,1.,1.,           3137P   5183
0.707106781186548,0.707106781186548,1.,1.,0.707106781186548,        3137P   5184
0.707106781186548,1.,1.,0.707106781186548,0.707106781186548,1.,     3137P   5185
1.,0.707106781186548,0.707106781186548,1.,1.,34.75,                 3137P   5186
7.99999999995634,-32.,34.75,0.,-32.,32.,7.99999999995634,-32.,      3137P   5187
32.,0.,-32.,32.,7.99999999995634,-34.75,32.,0.,-34.75,32.,          3137P   5188
7.99999999995634,-37.5,32.,0.,-37.5,34.75,7.99999999995634,         3137P   5189
-37.5,34.75,0.,-37.5,37.5,7.99999999995634,-37.5,37.5,0.,-37.5,     3137P   5190
37.5,7.99999999995634,-34.75,37.5,0.,-34.75,37.5,                   3137P   5191
7.99999999995634,-32.,37.5,0.,-32.,34.75,7.99999999995634,-32.,     3137P   5192
34.75,0.,-32.,125964.422368646,125967.331459555,                    3137P   5193
-3.14159265358979,3.14159265358979;                                 3137P   5194
128,1,1,1,1,0,0,1,0,0,0.020575,0.020575,0.043925,0.043925,          3139P   5195
0.020575,0.020575,0.043925,0.043925,1.,1.,1.,1.,-20.575,8.,         3139P   5196
43.925,-20.575,8.,20.575,-43.925,8.,43.925,-43.925,8.,20.575,       3139P   5197
0.020575,0.043925,0.020575,0.043925;                                3139P   5198
128,1,1,1,1,0,0,1,0,0,0.004365,0.004365,0.011985,0.011985,          3141P   5199
-0.001,-0.001,0.111,0.111,1.,1.,1.,1.,-38.56,7.,26.575,-30.94,      3141P   5200
7.,26.575,-38.56,119.,26.575,-30.94,119.,26.575,0.004365,           3141P   5201
0.011985,-0.001,0.111;                                              3141P   5202
128,1,1,1,1,0,0,1,0,0,0.00436499999999999,0.00436499999999999,      3143P   5203
0.011985,0.011985,-0.001,-0.001,0.111,0.111,1.,1.,1.,1.,-26.575,    3143P   5204
7.,30.94,-26.575,7.,38.56,-26.575,119.,30.94,-26.575,119.,38.56,    3143P   5205
0.00436499999999999,0.011985,-0.001,0.111;                          3143P   5206
128,1,1,1,1,0,0,1,0,0,-0.043925,-0.043925,-0.020575,-0.020575,      3145P   5207
0.020575,0.020575,0.043925,0.043925,1.,1.,1.,1.,-20.575,8.,         3145P   5208
-20.575,-20.575,8.,-43.925,-43.925,8.,-20.575,-43.925,8.,           3145P   5209
-43.925,-0.043925,-0.020575,0.020575,0.043925;                      3145P   5210
128,1,1,1,1,0,0,1,0,0,0.00436499999999999,0.00436499999999999,      3147P   5211
0.011985,0.011985,-0.001,-0.001,0.111,0.111,1.,1.,1.,1.,-30.94,     3147P   5212
7.,-26.575,-38.56,7.,-26.575,-30.94,119.,-26.575,-38.56,119.,       3147P   5213
-26.575,0.00436499999999999,0.011985,-0.001,0.111;                  3147P   5214
128,1,1,1,1,0,0,1,0,0,0.00436499999999999,0.00436499999999999,      3149P   5215
0.011985,0.011985,-0.001,-0.001,0.111,0.111,1.,1.,1.,1.,-26.575,    3149P   5216
7.,-38.56,-26.575,7.,-30.94,-26.575,119.,-38.56,-26.575,119.,       3149P   5217
-30.94,0.00436499999999999,0.011985,-0.001,0.111;                   3149P   5218
128,1,1,1,1,0,0,1,0,0,-0.043925,-0.043925,-0.020575,-0.020575,      3151P   5219
-0.0439250000000001,-0.0439250000000001,-0.020575,-0.020575,1.,     3151P   5220
1.,1.,1.,43.9250000000001,8.,-20.575,43.9250000000001,8.,           3151P   5221
-43.925,20.575,8.,-20.575,20.575,8.,-43.925,-0.043925,-0.020575,    3151P   5222
-0.0439250000000001,-0.020575;                                      3151P   5223
128,1,1,1,1,0,0,1,0,0,0.00436499999999999,0.00436499999999999,      3153P   5224
0.011985,0.011985,-0.001,-0.001,0.111,0.111,1.,1.,1.,1.,38.56,      3153P   5225
7.,-26.575,30.94,7.,-26.575,38.56,119.,-26.575,30.94,119.,          3153P   5226
-26.575,0.00436499999999999,0.011985,-0.001,0.111;                  3153P   5227
128,1,1,1,1,0,0,1,0,0,0.004365,0.004365,0.011985,0.011985,          3155P   5228
-0.001,-0.001,0.111,0.111,1.,1.,1.,1.,26.575,7.,-30.94,26.575,      3155P   5229
7.,-38.56,26.575,119.,-30.94,26.575,119.,-38.56,0.004365,           3155P   5230
0.011985,-0.001,0.111;                                              3155P   5231
128,1,1,1,1,0,0,1,0,0,0.020575,0.020575,0.043925,0.043925,          3157P   5232
-0.043925,-0.043925,-0.020575,-0.020575,1.,1.,1.,1.,43.925,8.,      3157P   5233
43.925,43.925,8.,20.575,20.575,8.,43.925,20.575,8.,20.575,          3157P   5234
0.020575,0.043925,-0.043925,-0.020575;                              3157P   5235
128,1,1,1,1,0,0,1,0,0,-0.011985,-0.011985,-0.004365,-0.004365,      3159P   5236
-0.001,-0.001,0.111,0.111,1.,1.,1.,1.,26.575,7.,38.56,26.575,7.,    3159P   5237
30.94,26.575,119.,38.56,26.575,119.,30.94,-0.011985,-0.004365,      3159P   5238
-0.001,0.111;                                                       3159P   5239
128,1,1,1,1,0,0,1,0,0,-0.011985,-0.011985,-0.004365,-0.004365,      3161P   5240
-0.001,-0.001,0.111,0.111,1.,1.,1.,1.,30.94,7.,26.575,38.56,7.,     3161P   5241
26.575,30.94,119.,26.575,38.56,119.,26.575,-0.011985,-0.004365,     3161P   5242
-0.001,0.111;                                                       3161P   5243
128,1,2,1,2,0,0,0,0,0,0.,0.,22.,22.,-3.14159265358979,              3163P   5244
-3.14159265358979,-3.14159265358979,-1.5707963267949,               3163P   5245
-1.5707963267949,-1.5707963267949,1.,1.,0.707106781186548,          3163P   5246
0.707106781186548,1.,1.,-37.925,118.,-26.575,-37.925,8.,-26.575,    3163P   5247
-42.925,118.,-26.575,-42.925,8.,-26.575,-42.925,118.,-21.575,       3163P   5248
-42.925,8.,-21.575,0.,22.,-3.14159265358979,-1.5707963267949;       3163P   5249
128,1,2,1,2,0,0,0,0,0,-22.,-22.,0.,0.,-3.14159265358979,            3165P   5250
-3.14159265358979,-3.14159265358979,-1.5707963267949,               3165P   5251
-1.5707963267949,-1.5707963267949,1.,1.,0.707106781186548,          3165P   5252
0.707106781186548,1.,1.,-21.575,118.,-42.925,-21.575,               3165P   5253
8.00000000000001,-42.925,-26.575,118.,-42.925,-26.575,              3165P   5254
8.00000000000001,-42.925,-26.575,118.,-37.925,-26.575,              3165P   5255
8.00000000000001,-37.925,-22.,0.,-3.14159265358979,                 3165P   5256
-1.5707963267949;                                                   3165P   5257
128,1,2,1,2,0,0,0,0,0,-22.,-22.,0.,0.,1.5707963267949,              3167P   5258
1.5707963267949,1.5707963267949,3.14159265358979,                   3167P   5259
3.14159265358979,3.14159265358979,1.,1.,0.707106781186548,          3167P   5260
0.707106781186548,1.,1.,42.925,118.,-21.575,42.925,                 3167P   5261
8.00000000000001,-21.575,42.925,118.,-26.575,42.925,                3167P   5262
8.00000000000001,-26.575,37.925,118.,-26.575,37.925,                3167P   5263
8.00000000000001,-26.575,-22.,0.,1.5707963267949,                   3167P   5264
3.14159265358979;                                                   3167P   5265
128,1,2,1,2,0,0,0,0,0,0.,0.,22.,22.,1.5707963267949,                3169P   5266
1.5707963267949,1.5707963267949,3.14159265358979,                   3169P   5267
3.14159265358979,3.14159265358979,1.,1.,0.707106781186548,          3169P   5268
0.707106781186548,1.,1.,26.575,118.,-37.925,26.575,8.,-37.925,      3169P   5269
26.575,118.,-42.925,26.575,8.,-42.925,21.575,118.,-42.925,          3169P   5270
21.575,8.,-42.925,0.,22.,1.5707963267949,3.14159265358979;          3169P   5271
128,1,2,1,2,0,0,0,0,0,-22.,-22.,0.,0.,-1.5707963267949,             3171P   5272
-1.5707963267949,-1.5707963267949,0.,0.,0.,1.,1.,                   3171P   5273
0.707106781186548,0.707106781186548,1.,1.,-42.925,118.,21.575,      3171P   5274
-42.925,8.00000000000001,21.575,-42.925,118.,26.575,-42.925,        3171P   5275
8.00000000000001,26.575,-37.925,118.,26.575,-37.925,                3171P   5276
8.00000000000001,26.575,-22.,0.,-1.5707963267949,0.;                3171P   5277
128,1,2,1,2,0,0,0,0,0,0.,0.,22.,22.,-1.5707963267949,               3173P   5278
-1.5707963267949,-1.5707963267949,0.,0.,0.,1.,1.,                   3173P   5279
0.707106781186548,0.707106781186548,1.,1.,-26.575,118.,37.925,      3173P   5280
-26.575,8.,37.925,-26.575,118.,42.925,-26.575,8.,42.925,-21.575,    3173P   5281
118.,42.925,-21.575,8.,42.925,0.,22.,-1.5707963267949,0.;           3173P   5282
128,1,2,1,2,0,0,0,0,0,-22.,-22.,0.,0.,0.,0.,0.,1.5707963267949,     3175P   5283
1.5707963267949,1.5707963267949,1.,1.,0.707106781186548,            3175P   5284
0.707106781186548,1.,1.,21.575,118.,42.925,21.575,                  3175P   5285
8.00000000000001,42.925,26.575,118.,42.925,26.575,                  3175P   5286
8.00000000000001,42.925,26.575,118.,37.925,26.575,                  3175P   5287
8.00000000000001,37.925,-22.,0.,0.,1.5707963267949;                 3175P   5288
128,1,2,1,2,0,0,0,0,0,0.,0.,22.,22.,0.,0.,0.,1.5707963267949,       3177P   5289
1.5707963267949,1.5707963267949,1.,1.,0.707106781186548,            3177P   5290
0.707106781186548,1.,1.,37.925,118.,26.575,37.925,8.,26.575,        3177P   5291
42.925,118.,26.575,42.925,8.,26.575,42.925,118.,21.575,42.925,      3177P   5292
8.,21.575,0.,22.,0.,1.5707963267949;                                3177P   5293
128,1,2,1,2,0,0,0,0,0,-22.,-22.,0.,0.,-3.14159265358979,            3179P   5294
-3.14159265358979,-3.14159265358979,-1.5707963267949,               3179P   5295
-1.5707963267949,-1.5707963267949,1.,1.,0.707106781186548,          3179P   5296
0.707106781186548,1.,1.,31.575,118.,-26.575,31.575,8.,-26.575,      3179P   5297
26.575,118.,-26.575,26.575,8.,-26.575,26.575,118.,-31.575,          3179P   5298
26.575,8.,-31.575,-22.,0.,-3.14159265358979,-1.5707963267949;       3179P   5299
128,1,2,1,2,0,0,0,0,0,-22.,-22.,0.,0.,1.5707963267949,              3181P   5300
1.5707963267949,1.5707963267949,3.14159265358979,                   3181P   5301
3.14159265358979,3.14159265358979,1.,1.,0.707106781186548,          3181P   5302
0.707106781186548,1.,1.,-26.575,118.,-31.575,-26.575,8.,-31.575,    3181P   5303
-26.575,118.,-26.575,-26.575,8.,-26.575,-31.575,118.,-26.575,       3181P   5304
-31.575,8.,-26.575,-22.,0.,1.5707963267949,3.14159265358979;        3181P   5305
128,1,2,1,2,0,0,0,0,0,-22.,-22.,0.,0.,0.,0.,0.,1.5707963267949,     3183P   5306
1.5707963267949,1.5707963267949,1.,1.,0.707106781186548,            3183P   5307
0.707106781186548,1.,1.,-31.575,118.,26.575,-31.575,8.,26.575,      3183P   5308
-26.575,118.,26.575,-26.575,8.,26.575,-26.575,118.,31.575,          3183P   5309
-26.575,8.,31.575,-22.,0.,0.,1.5707963267949;                       3183P   5310
128,1,2,1,2,0,0,0,0,0,-22.,-22.,0.,0.,-1.5707963267949,             3185P   5311
-1.5707963267949,-1.5707963267949,0.,0.,0.,1.,1.,                   3185P   5312
0.707106781186548,0.707106781186548,1.,1.,26.575,118.,31.575,       3185P   5313
26.575,8.,31.575,26.575,118.,26.575,26.575,8.,26.575,31.575,        3185P   5314
118.,26.575,31.575,8.,26.575,-22.,0.,-1.5707963267949,0.;           3185P   5315
128,1,1,1,1,0,0,1,0,0,-0.00068410525505948,-0.00068410525505948,    3187P   5316
0.00752515780565428,0.00752515780565428,-0.026,-0.026,0.001,        3187P   5317
0.001,1.,1.,1.,1.,-4.10463153035688,-32.72,5.35,                    3187P   5318
4.10463153035688,-32.72,5.35,-4.10463153035688,-5.72,5.35,          3187P   5319
4.10463153035688,-5.72,5.35,-0.00068410525505948,                   3187P   5320
0.00752515780565428,-0.026,0.001;                                   3187P   5321
128,1,1,1,1,0,0,1,0,0,-0.0077556074766355,-0.0077556074766355,      3189P   5322
-0.00513130841121495,-0.00513130841121495,-0.00410463153035689,     3189P   5323
-0.00410463153035689,0.00410463153035689,0.00410463153035689,1.,    3189P   5324
1.,1.,1.,4.10463153035689,-6.72,5.13130841121495,                   3189P   5325
4.10463153035689,-6.72,7.7556074766355,-4.10463153035688,-6.72,     3189P   5326
5.13130841121495,-4.10463153035688,-6.72,7.7556074766355,           3189P   5327
-0.0077556074766355,-0.00513130841121495,-0.00410463153035689,      3189P   5328
0.00410463153035689;                                                3189P   5329
128,1,8,1,2,0,1,0,0,1,0.,0.,2.48823529411765,2.48823529411765,      3191P   5330
-3.14159265358979,-3.14159265358979,-3.14159265358979,              3191P   5331
-1.5707963267949,-1.5707963267949,0.,0.,1.5707963267949,            3191P   5332
1.5707963267949,3.14159265358979,3.14159265358979,                  3191P   5333
3.14159265358979,1.,1.,0.707106781186548,0.707106781186548,1.,      3191P   5334
1.,0.707106781186548,0.707106781186548,1.,1.,0.707106781186548,     3191P   5335
0.707106781186548,1.,1.,0.707106781186548,0.707106781186548,1.,     3191P   5336
1.,-8.5,-5.85,0.,-8.5,15.3,0.,-8.5,-5.85,8.5,-8.5,15.3,8.5,0.,      3191P   5337
-5.85,8.5,0.,15.3,8.5,8.5,-5.85,8.5,8.5,15.3,8.5,8.5,-5.85,0.,      3191P   5338
8.5,15.3,0.,8.5,-5.85,-8.5,8.5,15.3,-8.5,0.,-5.85,-8.5,0.,15.3,     3191P   5339
-8.5,-8.5,-5.85,-8.5,-8.5,15.3,-8.5,-8.5,-5.85,0.,-8.5,15.3,0.,     3191P   5340
0.,2.48823529411765,-3.14159265358979,3.14159265358979;             3191P   5341
128,1,8,1,2,0,1,0,0,1,0.,0.,0.18,0.18,-3.14159265358979,            3193P   5342
-3.14159265358979,-3.14159265358979,-1.5707963267949,               3193P   5343
-1.5707963267949,0.,0.,1.5707963267949,1.5707963267949,             3193P   5344
3.14159265358979,3.14159265358979,3.14159265358979,1.,1.,           3193P   5345
0.707106781186548,0.707106781186548,1.,1.,0.707106781186548,        3193P   5346
0.707106781186548,1.,1.,0.707106781186548,0.707106781186548,1.,     3193P   5347
1.,0.707106781186548,0.707106781186548,1.,1.,-32.5,-5.85,0.,        3193P   5348
-32.5,0.,0.,-32.5,-5.85,-32.5,-32.5,0.,-32.5,0.,-5.85,-32.5,0.,     3193P   5349
0.,-32.5,32.5,-5.85,-32.5,32.5,0.,-32.5,32.5,-5.85,0.,32.5,0.,      3193P   5350
0.,32.5,-5.85,32.5,32.5,0.,32.5,0.,-5.85,32.5,0.,0.,32.5,-32.5,     3193P   5351
-5.85,32.5,-32.5,0.,32.5,-32.5,-5.85,0.,-32.5,0.,0.,0.,0.18,        3193P   5352
-3.14159265358979,3.14159265358979;                                 3193P   5353
128,1,1,1,1,0,0,1,0,0,-3.251,-3.251,3.251,3.251,-3.251,-3.251,      3195P   5354
3.251,3.251,1.,1.,1.,1.,-32.51,-5.85,-32.51,32.51,-5.85,-32.51,     3195P   5355
-32.51,-5.85,32.51,32.51,-5.85,32.51,-3.251,3.251,-3.251,3.251;     3195P   5356
128,1,8,1,2,0,1,0,0,1,0.,0.,0.323467230443975,0.323467230443975,    3197P   5357
-3.14159265358979,-3.14159265358979,-3.14159265358979,              3197P   5358
-1.5707963267949,-1.5707963267949,0.,0.,1.5707963267949,            3197P   5359
1.5707963267949,3.14159265358979,3.14159265358979,                  3197P   5360
3.14159265358979,1.,1.,0.707106781186548,0.707106781186548,1.,      3197P   5361
1.,0.707106781186548,0.707106781186548,1.,1.,0.707106781186548,     3197P   5362
0.707106781186548,1.,1.,0.707106781186548,0.707106781186548,1.,     3197P   5363
1.,-47.3,15.3,0.,-47.3,0.,0.,-47.3,15.3,47.3,-47.3,0.,47.3,0.,      3197P   5364
15.3,47.3,0.,0.,47.3,47.3,15.3,47.3,47.3,0.,47.3,47.3,15.3,0.,      3197P   5365
47.3,0.,0.,47.3,15.3,-47.3,47.3,0.,-47.3,0.,15.3,-47.3,0.,0.,       3197P   5366
-47.3,-47.3,15.3,-47.3,-47.3,0.,-47.3,-47.3,15.3,0.,-47.3,0.,0.,    3197P   5367
0.,0.323467230443975,-3.14159265358979,3.14159265358979;            3197P   5368
128,1,1,1,1,0,0,1,0,0,-4.731,-4.731,4.731,4.731,-4.731,-4.731,      3199P   5369
4.731,4.731,1.,1.,1.,1.,-47.31,15.3,47.31,47.31,15.3,47.31,         3199P   5370
-47.31,15.3,-47.31,47.31,15.3,-47.31,-4.731,4.731,-4.731,4.731;     3199P   5371
128,1,1,1,1,0,0,1,0,0,-4.731,-4.731,4.731,4.731,-4.731,-4.731,      3201P   5372
4.731,4.731,1.,1.,1.,1.,47.31,0.,47.31,-47.31,0.,47.31,47.31,0.,    3201P   5373
-47.31,-47.31,0.,-47.31,-4.731,4.731,-4.731,4.731;                  3201P   5374
128,1,8,1,2,0,1,0,0,1,0.,0.,3.30708661417323,3.30708661417323,      3203P   5375
-3.14159265358979,-3.14159265358979,-3.14159265358979,              3203P   5376
-1.5707963267949,-1.5707963267949,0.,0.,1.5707963267949,            3203P   5377
1.5707963267949,3.14159265358979,3.14159265358979,                  3203P   5378
3.14159265358979,1.,1.,0.707106781186548,0.707106781186548,1.,      3203P   5379
1.,0.707106781186548,0.707106781186548,1.,1.,0.707106781186548,     3203P   5380
0.707106781186548,1.,1.,0.707106781186548,0.707106781186548,1.,     3203P   5381
1.,-6.35,-8.,0.,-6.35,13.,0.,-6.35,-8.,6.35,-6.35,13.,6.35,0.,      3203P   5382
-8.,6.35,0.,13.,6.35,6.35,-8.,6.35,6.35,13.,6.35,6.35,-8.,0.,       3203P   5383
6.35,13.,0.,6.35,-8.,-6.35,6.35,13.,-6.35,0.,-8.,-6.35,0.,13.,      3203P   5384
-6.35,-6.35,-8.,-6.35,-6.35,13.,-6.35,-6.35,-8.,0.,-6.35,13.,0.,    3203P   5385
0.,3.30708661417323,-3.14159265358979,3.14159265358979;             3203P   5386
128,1,8,1,2,0,1,0,0,1,0.,0.,0.521739130434783,0.521739130434783,    3205P   5387
-3.14159265358979,-3.14159265358979,-3.14159265358979,              3205P   5388
-1.5707963267949,-1.5707963267949,0.,0.,1.5707963267949,            3205P   5389
1.5707963267949,3.14159265358979,3.14159265358979,                  3205P   5390
3.14159265358979,1.,1.,0.707106781186548,0.707106781186548,1.,      3205P   5391
1.,0.707106781186548,0.707106781186548,1.,1.,0.707106781186548,     3205P   5392
0.707106781186548,1.,1.,0.707106781186548,0.707106781186548,1.,     3205P   5393
1.,-11.5,-8.,0.,-11.5,-2.,0.,-11.5,-8.,-11.5,-11.5,-2.,-11.5,0.,    3205P   5394
-8.,-11.5,0.,-2.,-11.5,11.5,-8.,-11.5,11.5,-2.,-11.5,11.5,-8.,      3205P   5395
0.,11.5,-2.,0.,11.5,-8.,11.5,11.5,-2.,11.5,0.,-8.,11.5,0.,-2.,      3205P   5396
11.5,-11.5,-8.,11.5,-11.5,-2.,11.5,-11.5,-8.,0.,-11.5,-2.,0.,0.,    3205P   5397
0.521739130434783,-3.14159265358979,3.14159265358979;               3205P   5398
128,1,1,1,1,0,0,1,0,0,-1.151,-1.151,1.151,1.151,-1.151,-1.151,      3207P   5399
1.151,1.151,1.,1.,1.,1.,-11.51,-8.,-11.51,11.51,-8.,-11.51,         3207P   5400
-11.51,-8.,11.51,11.51,-8.,11.51,-1.151,1.151,-1.151,1.151;         3207P   5401
128,1,8,1,2,0,1,0,0,1,-0.0837880685843224,-0.0837880685843224,      3209P   5402
0.0837880685843223,0.0837880685843223,-3.14159265358979,            3209P   5403
-3.14159265358979,-3.14159265358979,-1.5707963267949,               3209P   5404
-1.5707963267949,0.,0.,1.5707963267949,1.5707963267949,             3209P   5405
3.14159265358979,3.14159265358979,3.14159265358979,1.,1.,           3209P   5406
0.707106781186548,0.707106781186548,1.,1.,0.707106781186548,        3209P   5407
0.707106781186548,1.,1.,0.707106781186548,0.707106781186548,1.,     3209P   5408
1.,0.707106781186548,0.707106781186548,1.,1.,18.,12.638,0.,15.7,    3209P   5409
11.,0.,18.,12.638,-18.,15.7,11.,-15.7,0.,12.638,-18.,0.,11.,        3209P   5410
-15.7,-18.,12.638,-18.,-15.7,11.,-15.7,-18.,12.638,0.,-15.7,11.,    3209P   5411
0.,-18.,12.638,18.,-15.7,11.,15.7,0.,12.638,18.,0.,11.,15.7,18.,    3209P   5412
12.638,18.,15.7,11.,15.7,18.,12.638,0.,15.7,11.,0.,                 3209P   5413
-0.0837880685843224,0.0837880685843223,-3.14159265358979,           3209P   5414
3.14159265358979;                                                   3209P   5415
128,1,1,1,1,0,0,1,0,0,-1.571,-1.571,1.571,1.571,-1.571,-1.571,      3211P   5416
1.571,1.571,1.,1.,1.,1.,-15.71,11.,-15.71,15.71,11.,-15.71,         3211P   5417
-15.71,11.,15.71,15.71,11.,15.71,-1.571,1.571,-1.571,1.571;         3211P   5418
128,1,8,1,2,0,1,0,0,1,0.091,0.091,0.111111111111111,                3213P   5419
0.111111111111111,-3.14159265358979,-3.14159265358979,              3213P   5420
-3.14159265358979,-1.5707963267949,-1.5707963267949,0.,0.,          3213P   5421
1.5707963267949,1.5707963267949,3.14159265358979,                   3213P   5422
3.14159265358979,3.14159265358979,1.,1.,0.707106781186548,          3213P   5423
0.707106781186548,1.,1.,0.707106781186548,0.707106781186548,1.,     3213P   5424
1.,0.707106781186548,0.707106781186548,1.,1.,0.707106781186548,     3213P   5425
0.707106781186548,1.,1.,18.,13.,0.,18.,12.638,0.,18.,13.,-18.,      3213P   5426
18.,12.638,-18.,0.,13.,-18.,0.,12.638,-18.,-18.,13.,-18.,-18.,      3213P   5427
12.638,-18.,-18.,13.,0.,-18.,12.638,0.,-18.,13.,18.,-18.,12.638,    3213P   5428
18.,0.,13.,18.,0.,12.638,18.,18.,13.,18.,18.,12.638,18.,18.,13.,    3213P   5429
0.,18.,12.638,0.,0.091,0.111111111111111,-3.14159265358979,         3213P   5430
3.14159265358979;                                                   3213P   5431
128,1,8,1,2,0,1,0,0,1,-0.0837880685843223,-0.0837880685843223,      3215P   5432
0.0837880685843223,0.0837880685843223,-3.14159265358979,            3215P   5433
-3.14159265358979,-3.14159265358979,-1.5707963267949,               3215P   5434
-1.5707963267949,0.,0.,1.5707963267949,1.5707963267949,             3215P   5435
3.14159265358979,3.14159265358979,3.14159265358979,1.,1.,           3215P   5436
0.707106781186548,0.707106781186548,1.,1.,0.707106781186548,        3215P   5437
0.707106781186548,1.,1.,0.707106781186548,0.707106781186548,1.,     3215P   5438
1.,0.707106781186548,0.707106781186548,1.,1.,-18.,-1.638,0.,        3215P   5439
-15.7,1.38777878078145D-16,0.,-18.,-1.638,-18.,-15.7,               3215P   5440
1.38777878078145D-16,-15.7,0.,-1.638,-18.,0.,                       3215P   5441
1.38777878078145D-16,-15.7,18.,-1.638,-18.,15.7,                    3215P   5442
1.38777878078145D-16,-15.7,18.,-1.638,0.,15.7,                      3215P   5443
1.38777878078145D-16,0.,18.,-1.638,18.,15.7,                        3215P   5444
1.38777878078145D-16,15.7,0.,-1.638,18.,0.,1.38777878078145D-16,    3215P   5445
15.7,-18.,-1.638,18.,-15.7,1.38777878078145D-16,15.7,-18.,          3215P   5446
-1.638,0.,-15.7,1.38777878078145D-16,0.,-0.0837880685843223,        3215P   5447
0.0837880685843223,-3.14159265358979,3.14159265358979;              3215P   5448
128,1,1,1,1,0,0,1,0,0,-1.571,-1.571,1.571,1.571,-1.571,-1.571,      3217P   5449
1.571,1.571,1.,1.,1.,1.,15.71,0.,-15.71,-15.71,0.,-15.71,15.71,     3217P   5450
0.,15.71,-15.71,0.,15.71,-1.571,1.571,-1.571,1.571;                 3217P   5451
128,1,8,1,2,0,1,0,0,1,0.091,0.091,0.111111111111111,                3219P   5452
0.111111111111111,-3.14159265358979,-3.14159265358979,              3219P   5453
-3.14159265358979,-1.5707963267949,-1.5707963267949,0.,0.,          3219P   5454
1.5707963267949,1.5707963267949,3.14159265358979,                   3219P   5455
3.14159265358979,3.14159265358979,1.,1.,0.707106781186548,          3219P   5456
0.707106781186548,1.,1.,0.707106781186548,0.707106781186548,1.,     3219P   5457
1.,0.707106781186548,0.707106781186548,1.,1.,0.707106781186548,     3219P   5458
0.707106781186548,1.,1.,-18.,-2.,0.,-18.,-1.638,0.,-18.,-2.,        3219P   5459
-18.,-18.,-1.638,-18.,0.,-2.,-18.,0.,-1.638,-18.,18.,-2.,-18.,      3219P   5460
18.,-1.638,-18.,18.,-2.,0.,18.,-1.638,0.,18.,-2.,18.,18.,-1.638,    3219P   5461
18.,0.,-2.,18.,0.,-1.638,18.,-18.,-2.,18.,-18.,-1.638,18.,-18.,     3219P   5462
-2.,0.,-18.,-1.638,0.,0.091,0.111111111111111,-3.14159265358979,    3219P   5463
3.14159265358979;                                                   3219P   5464
128,1,1,1,1,0,0,1,0,0,-1.801,-1.801,1.801,1.801,-1.801,-1.801,      3221P   5465
1.801,1.801,1.,1.,1.,1.,18.01,13.,-18.01,-18.01,13.,-18.01,         3221P   5466
18.01,13.,18.01,-18.01,13.,18.01,-1.801,1.801,-1.801,1.801;         3221P   5467
128,1,1,1,1,0,0,1,0,0,-1.801,-1.801,1.801,1.801,-1.801,-1.801,      3223P   5468
1.801,1.801,1.,1.,1.,1.,-18.01,-2.,-18.01,18.01,-2.,-18.01,         3223P   5469
-18.01,-2.,18.01,18.01,-2.,18.01,-1.801,1.801,-1.801,1.801;         3223P   5470
128,1,8,1,2,0,1,0,0,1,0.,0.,0.709677419354839,0.709677419354839,    3225P   5471
-3.14159265358979,-3.14159265358979,-3.14159265358979,              3225P   5472
-1.5707963267949,-1.5707963267949,0.,0.,1.5707963267949,            3225P   5473
1.5707963267949,3.14159265358979,3.14159265358979,                  3225P   5474
3.14159265358979,1.,1.,0.707106781186548,0.707106781186548,1.,      3225P   5475
1.,0.707106781186548,0.707106781186548,1.,1.,0.707106781186548,     3225P   5476
0.707106781186548,1.,1.,0.707106781186548,0.707106781186548,1.,     3225P   5477
1.,-15.5,11.,0.,-15.5,0.,0.,-15.5,11.,15.5,-15.5,0.,15.5,0.,11.,    3225P   5478
15.5,0.,0.,15.5,15.5,11.,15.5,15.5,0.,15.5,15.5,11.,0.,15.5,0.,     3225P   5479
0.,15.5,11.,-15.5,15.5,0.,-15.5,0.,11.,-15.5,0.,0.,-15.5,-15.5,     3225P   5480
11.,-15.5,-15.5,0.,-15.5,-15.5,11.,0.,-15.5,0.,0.,0.,               3225P   5481
0.709677419354839,-3.14159265358979,3.14159265358979;               3225P   5482
128,1,8,1,2,0,1,0,0,1,0.,0.,0.125,0.125,-3.14159265358979,          3227P   5483
-3.14159265358979,-3.14159265358979,-1.5707963267949,               3227P   5484
-1.5707963267949,0.,0.,1.5707963267949,1.5707963267949,             3227P   5485
3.14159265358979,3.14159265358979,3.14159265358979,1.,1.,           3227P   5486
0.707106781186548,0.707106781186548,1.,1.,0.707106781186548,        3227P   5487
0.707106781186548,1.,1.,0.707106781186548,0.707106781186548,1.,     3227P   5488
1.,0.707106781186548,0.707106781186548,1.,1.,-8.,-10.,0.,-8.,       3227P   5489
-11.,0.,-8.,-10.,8.,-8.,-11.,8.,0.,-10.,8.,0.,-11.,8.,8.,-10.,      3227P   5490
8.,8.,-11.,8.,8.,-10.,0.,8.,-11.,0.,8.,-10.,-8.,8.,-11.,-8.,0.,     3227P   5491
-10.,-8.,0.,-11.,-8.,-8.,-10.,-8.,-8.,-11.,-8.,-8.,-10.,0.,-8.,     3227P   5492
-11.,0.,0.,0.125,-3.14159265358979,3.14159265358979;                3227P   5493
128,1,1,1,1,0,0,1,0,0,-0.851,-0.851,0.851,0.851,-0.851,-0.851,      3229P   5494
0.851,0.851,1.,1.,1.,1.,8.51,-11.,-8.51,-8.51,-11.,-8.51,8.51,      3229P   5495
-11.,8.51,-8.51,-11.,8.51,-0.851,0.851,-0.851,0.851;                3229P   5496
128,1,1,1,1,0,0,1,0,0,-0.851,-0.851,0.851,0.851,-0.851,-0.851,      3231P   5497
0.851,0.851,1.,1.,1.,1.,-8.51,-10.,-8.51,8.51,-10.,-8.51,-8.51,     3231P   5498
-10.,8.51,8.51,-10.,8.51,-0.851,0.851,-0.851,0.851;                 3231P   5499
128,1,8,1,2,0,1,0,0,1,0.,0.,0.470588235294117,0.470588235294117,    3233P   5500
-3.14159265358979,-3.14159265358979,-3.14159265358979,              3233P   5501
-1.5707963267949,-1.5707963267949,0.,0.,1.5707963267949,            3233P   5502
1.5707963267949,3.14159265358979,3.14159265358979,                  3233P   5503
3.14159265358979,1.,1.,0.707106781186548,0.707106781186548,1.,      3233P   5504
1.,0.707106781186548,0.707106781186548,1.,1.,0.707106781186548,     3233P   5505
0.707106781186548,1.,1.,0.707106781186548,0.707106781186548,1.,     3233P   5506
1.,-8.5,-10.,0.,-8.5,-6.,0.,-8.5,-10.,-8.5,-8.5,-6.,-8.5,0.,        3233P   5507
-10.,-8.5,0.,-6.,-8.5,8.5,-10.,-8.5,8.5,-6.,-8.5,8.5,-10.,0.,       3233P   5508
8.5,-6.,0.,8.5,-10.,8.5,8.5,-6.,8.5,0.,-10.,8.5,0.,-6.,8.5,-8.5,    3233P   5509
-10.,8.5,-8.5,-6.,8.5,-8.5,-10.,0.,-8.5,-6.,0.,0.,                  3233P   5510
0.470588235294117,-3.14159265358979,3.14159265358979;               3233P   5511
128,1,1,1,1,0,0,1,0,0,-2.48286739462179,-2.48286739462179,          3235P   5512
-0.648942475606901,-0.648942475606901,-0.00100000000000012,         3235P   5513
-0.00100000000000012,0.323567341928692,0.323567341928692,1.,1.,     3235P   5514
1.,1.,-2.27962092833197,-0.00822714842345556,14.4956279989636,      3235P   5515
-8.24502081803692,17.2250299863134,12.5573520788928,                3235P   5516
-4.21418724353466,-0.387898814555057,17.0739411185605,              3235P   5517
-10.1795871332396,16.8453583201818,15.1356651984897,                3235P   5518
-2.48286739462179,-0.648942475606901,-0.00100000000000012,          3235P   5519
0.323567341928692;                                                  3235P   5520
128,1,1,1,1,0,0,1,0,0,-0.454446334057508,-0.454446334057508,        3237P   5521
0.327749581237754,0.327749581237754,-0.679451766254752,             3237P   5522
-0.679451766254752,1.02754823374525,1.02754823374525,1.,1.,1.,      3237P   5523
1.,-8.2003090297418,-0.0100000000000022,12.5817603324952,           3237P   5524
-0.761183807131686,-0.0100000000000022,14.9988786400642,            3237P   5525
-8.2003090297418,17.06,12.5817603324952,-0.761183807131686,         3237P   5526
17.06,14.9988786400642,-0.454446334057508,0.327749581237754,        3237P   5527
-0.679451766254752,1.02754823374525;                                3237P   5528
128,1,1,1,1,0,0,1,0,0,-2.11243087124102,-2.11243087124102,          3239P   5529
-0.278505952226129,-0.278505952226129,-0.00100000000000021,         3239P   5530
-0.00100000000000021,0.323567341928693,0.323567341928693,1.,1.,     3239P   5531
1.,1.,-6.67606428875528,17.0582271484235,13.0671369577896,          3239P   5532
-0.710664399050326,-0.175029986313427,15.0054128778604,             3239P   5533
-6.62646169050226,17.4378988145551,16.2901456380214,                3239P   5534
-0.661061800797298,0.204641679818174,18.2284215580921,              3239P   5535
-2.11243087124102,-0.278505952226129,-0.00100000000000021,          3239P   5536
0.323567341928693;                                                  3239P   5537
128,1,1,1,1,0,0,1,0,0,-1.64686132363843,-1.64686132363843,          3241P   5538
1.64686132363843,1.64686132363843,-1.64686132363843,                3241P   5539
-1.64686132363843,1.64686132363843,1.64686132363843,1.,1.,1.,1.,    3241P   5540
16.4686132363843,0.,16.4686132363843,-16.4686132363843,0.,          3241P   5541
16.4686132363843,16.4686132363843,0.,-16.4686132363843,             3241P   5542
-16.4686132363843,0.,-16.4686132363843,-1.64686132363843,           3241P   5543
1.64686132363843,-1.64686132363843,1.64686132363843;                3241P   5544
128,1,2,1,2,0,0,0,0,0,-0.0417788349297813,-0.0417788349297813,      3243P   5545
0.0417788349297815,0.0417788349297815,-1.94108137045014,            3243P   5546
-1.94108137045014,-1.94108137045014,-1.78806474501049,              3243P   5547
-1.78806474501049,-1.78806474501049,1.,1.,0.997074666418802,        3243P   5548
0.997074666418802,1.,1.,-6.30577940929661,1.,16.2440072347094,      3243P   5549
-5.94389823803138,-7.63278329429795D-16,15.3117830031622,           3243P   5550
-5.06054721063704,1.,16.7273953202135,-4.77012843240823,            3243P   5551
-7.63278329429795D-16,15.7674300220664,-3.75618646923982,1.,        3243P   5552
17.015336852625,-3.54062340070381,-7.63278329429795D-16,            3243P   5553
16.0388469328187,-0.0417788349297813,0.0417788349297815,            3243P   5554
-1.94108137045014,-1.78806474501049;                                3243P   5555
128,1,2,1,2,0,0,0,0,0,-0.0417788349297814,-0.0417788349297814,      3245P   5556
0.0417788349297814,0.0417788349297814,-1.62692210509116,            3245P   5557
-1.62692210509116,-1.62692210509116,-1.47390547965151,              3245P   5558
-1.47390547965151,-1.47390547965151,1.,1.,0.997074666418802,        3245P   5559
0.997074666418802,1.,1.,-0.977478305256546,1.,17.3975619315683,     3245P   5560
-0.921381989316428,-1.11022302462516D-15,16.3991365696418,          3245P   5561
0.35618302487831,1.,17.4724934088577,0.335742105229626,             3245P   5562
-1.11022302462516D-15,16.4697678186793,1.68568263448526,1.,         3245P   5563
17.3432724436824,1.58894331543302,-1.11022302462516D-15,            3245P   5564
16.3479626908169,-0.0417788349297814,0.0417788349297814,            3245P   5565
-1.62692210509116,-1.47390547965151;                                3245P   5566
128,1,2,1,2,0,0,0,0,0,0.0573888091822094,0.0573888091822094,        3247P   5567
0.921090387374462,0.921090387374462,-2.24591501898404,              3247P   5568
-2.24591501898404,-2.24591501898404,-1.83815543068269,              3247P   5569
-1.83815543068269,-1.83815543068269,1.,1.,0.979288407302339,        3247P   5570
0.979288407302339,1.,1.,-10.8904503342894,16.05,                    3247P   5571
13.6025261079101,-10.8904503342894,0.999999999999998,               3247P   5572
13.6025261079101,-8.07809466442431,16.05,15.8541534528643,          3247P   5573
-8.07809466442431,0.999999999999998,15.8541534528643,               3247P   5574
-4.60342869040919,16.05,16.8059236369894,-4.60342869040919,         3247P   5575
0.999999999999998,16.8059236369894,0.0573888091822094,              3247P   5576
0.921090387374462,-2.24591501898404,-1.83815543068269;              3247P   5577
128,1,2,1,2,0,0,0,0,0,-0.0417788349297813,-0.0417788349297813,      3249P   5578
0.0417788349297813,0.0417788349297813,-2.29600570465624,            3249P   5579
-2.29600570465624,-2.29600570465624,-2.1429890792166,               3249P   5580
-2.1429890792166,-2.1429890792166,1.,1.,0.997074666418802,          3249P   5581
0.997074666418802,1.,1.,-10.8945735199735,17.05,                    3249P   5582
12.2918221927382,-11.5578656673083,16.05,13.0401827524179,          3249P   5583
-9.95230770135887,17.05,13.1269778006936,-10.5582320667384,         3249P   5584
16.05,13.9261849727297,-8.89375693829765,17.05,13.808754922964,     3249P   5585
-9.43523376863541,16.05,14.649470595595,-0.0417788349297813,        3249P   5586
0.0417788349297813,-2.29600570465624,-2.1429890792166;              3249P   5587
128,1,1,1,1,0,0,1,0,0,-2.48286739462179,-2.48286739462179,          3251P   5588
-0.648942475606901,-0.648942475606901,-0.00100000000000022,         3251P   5589
-0.00100000000000022,0.323567341928693,0.323567341928693,1.,1.,     3251P   5590
1.,1.,-6.64744373438998,-0.00822714842345433,13.0817198586174,      3251P   5591
-11.7219159727107,17.2250299863134,9.39489997029486,                3251P   5592
-9.28406820544394,-0.387898814555057,14.9360274839164,              3251P   5593
-14.3585404437646,16.8453583201818,11.2492075955938,                3251P   5594
-2.48286739462179,-0.648942475606901,-0.00100000000000022,          3251P   5595
0.323567341928693;                                                  3251P   5596
128,1,1,1,1,0,0,1,0,0,-0.454446334057508,-0.454446334057508,        3253P   5597
0.327749581237754,0.327749581237754,-0.679451766254752,             3253P   5598
-0.679451766254752,1.02754823374525,1.02754823374525,1.,1.,1.,      3253P   5599
1.,-11.6869351002635,-0.0100000000000033,9.4319303013669,           3253P   5600
-5.35883721621819,-0.0100000000000033,14.0295625355066,             3253P   5601
-11.6869351002635,17.06,9.4319303013669,-5.35883721621819,17.06,    3253P   5602
14.0295625355066,-0.454446334057508,0.327749581237754,              3253P   5603
-0.679451766254752,1.02754823374525;                                3253P   5604
128,1,1,1,1,0,0,1,0,0,-2.11243087124102,-2.11243087124102,          3255P   5605
-0.27850595222613,-0.27850595222613,-0.00100000000000012,           3255P   5606
-0.00100000000000012,0.323567341928692,0.323567341928692,1.,1.,     3255P   5607
1.,1.,-10.387281832808,17.0582271484235,10.364568432262,            3255P   5608
-5.31280959448733,-0.175029986313432,14.0513883205845,              3255P   5609
-11.3360714137239,17.4378988145551,13.4451598854976,                3255P   5610
-6.2615991754032,0.204641679818169,17.1319797738201,                3255P   5611
-2.11243087124102,-0.27850595222613,-0.00100000000000012,           3255P   5612
0.323567341928692;                                                  3255P   5613
128,1,2,1,2,0,0,0,0,0,-0.0417788349297813,-0.0417788349297813,      3257P   5614
0.0417788349297817,0.0417788349297817,-2.25524063580912,            3257P   5615
-2.25524063580912,-2.25524063580912,-2.10222401036947,              3257P   5616
-2.10222401036947,-2.10222401036947,1.,1.,0.997074666418802,        3257P   5617
0.997074666418802,1.,1.,-11.0168268898061,1.00000000000001,         3257P   5618
13.5003759310637,-10.3845843136336,-5.55111512312578D-16,           3257P   5619
12.7256054328678,-9.98191582626955,1.00000000000001,                3257P   5620
14.3449032310105,-9.40906556364289,-5.55111512312578D-16,           3257P   5621
13.5216663167488,-8.83037387046568,1.00000000000001,                3257P   5622
15.0218215376098,-8.32360922940596,-5.55111512312578D-16,           3257P   5623
14.1597370878187,-0.0417788349297813,0.0417788349297817,            3257P   5624
-2.25524063580912,-2.10222401036947;                                3257P   5625
128,1,2,1,2,0,0,0,0,0,0.0573888091822094,0.0573888091822094,        3259P   5626
0.921090387374463,0.921090387374463,-2.56007428434302,              3259P   5627
-2.56007428434302,-2.56007428434302,-2.15231469604167,              3259P   5628
-2.15231469604167,-2.15231469604167,1.,1.,0.979288407302339,        3259P   5629
0.979288407302339,1.,1.,-14.5608454895878,16.05,                    3259P   5630
9.57143686331105,-14.5608454895878,0.999999999999999,               3259P   5631
9.57143686331105,-12.5819274182132,16.05,12.5819274182132,          3259P   5632
-12.5819274182132,0.999999999999999,12.5819274182132,               3259P   5633
-9.57143686331106,16.05,14.5608454895878,-9.57143686331106,         3259P   5634
0.999999999999999,14.5608454895878,0.0573888091822094,              3259P   5635
0.921090387374463,-2.56007428434302,-2.15231469604167;              3259P   5636
128,1,2,1,2,0,0,0,0,0,-0.0417788349297813,-0.0417788349297813,      3261P   5637
0.0417788349297814,0.0417788349297814,-2.61016497001522,            3261P   5638
-2.61016497001522,-2.61016497001522,-2.45714834457557,              3261P   5639
-2.45714834457557,-2.45714834457557,1.,1.,0.997074666418802,        3261P   5640
0.997074666418802,1.,1.,-14.1597370878187,17.05,                    3261P   5641
8.32360922940594,-15.0218215376098,16.05,8.83037387046567,          3261P   5642
-13.5216663167488,17.05,9.40906556364288,-14.3449032310105,         3261P   5643
16.05,9.98191582626954,-12.7256054328678,17.05,10.3845843136336,    3261P   5644
-13.5003759310637,16.05,11.0168268898061,-0.0417788349297813,       3261P   5645
0.0417788349297814,-2.61016497001522,-2.45714834457557;             3261P   5646
128,1,1,1,1,0,0,1,0,0,-2.48286739462179,-2.48286739462179,          3263P   5647
-0.648942475606901,-0.648942475606901,-0.00100000000000022,         3263P   5648
-0.00100000000000022,0.323567341928693,0.323567341928693,1.,1.,     3263P   5649
1.,1.,-10.364568432262,-0.00822714842345433,10.387281832808,        3263P   5650
-14.0513883205845,17.2250299863134,5.31280959448733,                3263P   5651
-13.4451598854976,-0.387898814555057,11.3360714137239,              3263P   5652
-17.1319797738201,16.8453583201818,6.26159917540319,                3263P   5653
-2.48286739462179,-0.648942475606901,-0.00100000000000022,          3263P   5654
0.323567341928693;                                                  3263P   5655
128,1,1,1,1,0,0,1,0,0,-0.454446334057508,-0.454446334057508,        3265P   5656
0.327749581237754,0.327749581237754,-0.679451766254752,             3265P   5657
-0.679451766254752,1.02754823374525,1.02754823374525,1.,1.,1.,      3265P   5658
1.,-14.0295625355066,-0.0100000000000022,5.35883721621819,          3265P   5659
-9.4319303013669,-0.0100000000000022,11.6869351002635,              3265P   5660
-14.0295625355066,17.06,5.35883721621819,-9.4319303013669,17.06,    3265P   5661
11.6869351002635,-0.454446334057508,0.327749581237754,              3265P   5662
-0.679451766254752,1.02754823374525;                                3265P   5663
128,1,1,1,1,0,0,1,0,0,-2.11243087124102,-2.11243087124102,          3267P   5664
-0.27850595222613,-0.27850595222613,-0.00100000000000044,           3267P   5665
-0.00100000000000044,0.323567341928692,0.323567341928692,1.,1.,     3267P   5666
1.,1.,-13.0817198586174,17.0582271484235,6.64744373438997,          3267P   5667
-9.39489997029486,-0.175029986313432,11.7219159727107,              3267P   5668
-14.9360274839164,17.4378988145551,9.28406820544393,                3267P   5669
-11.2492075955938,0.204641679818169,14.3585404437646,               3267P   5670
-2.11243087124102,-0.27850595222613,-0.00100000000000044,           3267P   5671
0.323567341928692;                                                  3267P   5672
128,1,2,1,2,0,0,0,0,0,-0.0417788349297814,-0.0417788349297814,      3269P   5673
0.0417788349297816,0.0417788349297816,-2.5693999011681,             3269P   5674
-2.5693999011681,-2.5693999011681,-2.41638327572845,                3269P   5675
-2.41638327572845,-2.41638327572845,1.,1.,0.997074666418802,        3269P   5676
0.997074666418802,1.,1.,-14.649470595595,1.,9.4352337686354,        3269P   5677
-13.808754922964,-1.31838984174237D-15,8.89375693829764,            3269P   5678
-13.9261849727297,1.,10.5582320667384,-13.1269778006936,            3269P   5679
-1.31838984174237D-15,9.95230770135886,-13.0401827524179,1.,        3269P   5680
11.5578656673083,-12.2918221927382,-1.31838984174237D-15,           3269P   5681
10.8945735199735,-0.0417788349297814,0.0417788349297816,            3269P   5682
-2.5693999011681,-2.41638327572845;                                 3269P   5683
128,1,2,1,2,0,0,0,0,0,0.0573888091822095,0.0573888091822095,        3271P   5684
0.921090387374462,0.921090387374462,-2.874233549702,                3271P   5685
-2.874233549702,-2.874233549702,-2.46647396140065,                  3271P   5686
-2.46647396140065,-2.46647396140065,1.,1.,0.979288407302339,        3271P   5687
0.979288407302339,1.,1.,-16.8059236369894,16.05,                    3271P   5688
4.60342869040918,-16.8059236369894,1.,4.60342869040918,             3271P   5689
-15.8541534528643,16.05,8.07809466442431,-15.8541534528643,1.,      3271P   5690
8.07809466442431,-13.6025261079101,16.05,10.8904503342894,          3271P   5691
-13.6025261079101,1.,10.8904503342894,0.0573888091822095,           3271P   5692
0.921090387374462,-2.874233549702,-2.46647396140065;                3271P   5693
128,1,2,1,2,0,0,0,0,0,-0.0417788349297813,-0.0417788349297813,      3273P   5694
0.0417788349297814,0.0417788349297814,-2.9243242353742,             3273P   5695
-2.9243242353742,-2.9243242353742,-2.77130760993455,                3273P   5696
-2.77130760993455,-2.77130760993455,1.,1.,0.997074666418802,        3273P   5697
0.997074666418802,1.,1.,-16.0388469328187,17.05,3.5406234007038,    3273P   5698
-17.015336852625,16.05,3.7561864692398,-15.7674300220664,17.05,     3273P   5699
4.77012843240822,-16.7273953202135,16.05,5.06054721063703,          3273P   5700
-15.3117830031622,17.05,5.94389823803137,-16.2440072347094,         3273P   5701
16.05,6.3057794092966,-0.0417788349297813,0.0417788349297814,       3273P   5702
-2.9243242353742,-2.77130760993455;                                 3273P   5703
128,1,1,1,1,0,0,1,0,0,-2.48286739462179,-2.48286739462179,          3275P   5704
-0.648942475606901,-0.648942475606901,-0.001,-0.001,                3275P   5705
0.323567341928692,0.323567341928692,1.,1.,1.,1.,                    3275P   5706
-13.0671369577896,-0.00822714842345459,6.67606428875528,            3275P   5707
-15.0054128778604,17.2250299863134,0.710664399050322,               3275P   5708
-16.2901456380214,-0.387898814555054,6.62646169050225,              3275P   5709
-18.2284215580921,16.8453583201818,0.661061800797291,               3275P   5710
-2.48286739462179,-0.648942475606901,-0.001,0.323567341928692;      3275P   5711
128,1,1,1,1,0,0,1,0,0,-0.454446334057508,-0.454446334057508,        3277P   5712
0.327749581237754,0.327749581237754,-0.679451766254752,             3277P   5713
-0.679451766254752,1.02754823374525,1.02754823374525,1.,1.,1.,      3277P   5714
1.,-14.9988786400642,-0.0100000000000022,0.761183807131679,         3277P   5715
-12.5817603324952,-0.0100000000000022,8.20030902974179,             3277P   5716
-14.9988786400642,17.06,0.761183807131679,-12.5817603324952,        3277P   5717
17.06,8.20030902974179,-0.454446334057508,0.327749581237754,        3277P   5718
-0.679451766254752,1.02754823374525;                                3277P   5719
128,1,1,1,1,0,0,1,0,0,-2.11243087124102,-2.11243087124102,          3279P   5720
-0.27850595222613,-0.27850595222613,-0.00100000000000033,           3279P   5721
-0.00100000000000033,0.323567341928693,0.323567341928693,1.,1.,     3279P   5722
1.,1.,-14.4956279989636,17.0582271484235,2.27962092833196,          3279P   5723
-12.5573520788928,-0.175029986313432,8.24502081803692,              3279P   5724
-17.0739411185605,17.4378988145551,4.21418724353465,                3279P   5725
-15.1356651984897,0.20464167981817,10.1795871332396,                3279P   5726
-2.11243087124102,-0.27850595222613,-0.00100000000000033,           3279P   5727
0.323567341928693;                                                  3279P   5728
128,1,2,1,2,0,0,0,0,0,-0.0417788349297813,-0.0417788349297813,      3281P   5729
0.0417788349297816,0.0417788349297816,-2.88355916652707,            3281P   5730
-2.88355916652707,-2.88355916652707,-2.73054254108743,              3281P   5731
-2.73054254108743,-2.73054254108743,1.,1.,0.997074666418802,        3281P   5732
0.997074666418802,1.,1.,-16.8481220506236,1.,4.44650518579384,      3281P   5733
-15.8812283891818,-5.55111512312578D-16,4.19132554815861,           3281P   5734
-16.5072621046229,1.,5.73804758424551,-15.55992998958,              3281P   5735
-5.55111512312578D-16,5.4087478663548,-15.9735276902677,1.,         3281P   5736
6.96254537710539,-15.0568259576842,-5.55111512312578D-16,           3281P   5737
6.56297318903621,-0.0417788349297813,0.0417788349297816,            3281P   5738
-2.88355916652707,-2.73054254108743;                                3281P   5739
128,1,2,1,2,0,0,0,0,0,0.0573888091822087,0.0573888091822087,        3283P   5740
0.921090387374462,0.921090387374462,-3.18839281506098,              3283P   5741
-3.18839281506098,-3.18839281506098,-2.78063322675963,              3283P   5742
-2.78063322675963,-2.78063322675963,1.,1.,0.979288407302339,        3283P   5743
0.979288407302339,1.,1.,-17.4059208850471,16.05,                    3283P   5744
-0.815195156683614,-17.4059208850471,0.999999999999988,             3283P   5745
-0.815195156683614,-17.5744644851666,16.05,2.78352172148655,        3283P   5746
-17.5744644851666,0.999999999999988,2.78352172148655,               3283P   5747
-16.3021053226946,16.05,6.15402202204159,-16.3021053226946,         3283P   5748
0.999999999999988,6.15402202204159,0.0573888091822087,              3283P   5749
0.921090387374462,-3.18839281506098,-2.78063322675963;              3283P   5750
128,1,2,1,2,0,0,0,0,0,-0.0417788349297813,-0.0417788349297813,      3285P   5751
0.0417788349297813,0.0417788349297813,-3.23848350073318,            3285P   5752
-3.23848350073318,-3.23848350073318,-3.08546687529353,              3285P   5753
-3.08546687529353,-3.08546687529353,1.,1.,0.997074666418802,        3285P   5754
0.997074666418802,1.,1.,-16.3479626908169,17.05,                    3285P   5755
-1.58894331543301,-17.3432724436824,16.05,-1.68568263448525,        3285P   5756
-16.4697678186793,17.05,-0.335742105229627,-17.4724934088577,       3285P   5757
16.05,-0.35618302487831,-16.3991365696418,17.05,                    3285P   5758
0.92138198931642,-17.3975619315683,16.05,0.977478305256537,         3285P   5759
-0.0417788349297813,0.0417788349297813,-3.23848350073318,           3285P   5760
-3.08546687529353;                                                  3285P   5761
128,1,1,1,1,0,0,1,0,0,-2.48286739462179,-2.48286739462179,          3287P   5762
-0.648942475606901,-0.648942475606901,-0.001,-0.001,                3287P   5763
0.323567341928692,0.323567341928692,1.,1.,1.,1.,                    3287P   5764
-14.4906030737921,-0.00822714842345348,2.31134705724413,            3287P   5765
-14.4906030737921,17.2250299863134,-3.96104557925576,               3287P   5766
-17.540538435377,-0.387898814555054,1.26820772774084,               3287P   5767
-17.540538435377,16.8453583201818,-5.00418490875905,                3287P   5768
-2.48286739462179,-0.648942475606901,-0.001,0.323567341928692;      3287P   5769
128,1,1,1,1,0,0,1,0,0,-0.454446334057508,-0.454446334057508,        3289P   5770
0.327749581237754,0.327749581237754,-0.679451766254752,             3289P   5771
-0.679451766254752,1.02754823374525,1.02754823374525,1.,1.,1.,      3289P   5772
1.,-14.5,-0.0100000000000022,-3.91097957647631,-14.5,               3289P   5773
-0.0100000000000022,3.91097957647631,-14.5,17.06,                   3289P   5774
-3.91097957647631,-14.5,17.06,3.91097957647631,                     3289P   5775
-0.454446334057508,0.327749581237754,-0.679451766254752,            3289P   5776
1.02754823374525;                                                   3289P   5777
128,1,1,1,1,0,0,1,0,0,-2.11243087124102,-2.11243087124102,          3291P   5778
-0.27850595222613,-0.27850595222613,-0.00100000000000022,           3291P   5779
-0.00100000000000022,0.323567341928693,0.323567341928693,1.,1.,     3291P   5780
1.,1.,-14.4906030737921,17.0582271484235,-2.31134705724413,         3291P   5781
-14.4906030737921,-0.175029986313432,3.96104557925576,              3291P   5782
-17.540538435377,17.4378988145551,-1.26820772774084,                3291P   5783
-17.540538435377,0.20464167981817,5.00418490875905,                 3291P   5784
-2.11243087124102,-0.27850595222613,-0.00100000000000022,           3291P   5785
0.323567341928693;                                                  3291P   5786
128,1,2,1,2,0,0,0,0,0,-0.0417788349297814,-0.0417788349297814,      3293P   5787
0.0417788349297817,0.0417788349297817,-3.19771843188605,            3293P   5788
-3.19771843188605,-3.19771843188605,-3.04470180644641,              3293P   5789
-3.04470180644641,-3.04470180644641,1.,1.,0.997074666418802,        3293P   5790
0.997074666418802,1.,1.,-17.3975619315683,1.00000000000001,         3293P   5791
-0.977478305256533,-16.3991365696418,-1.11022302462516D-15,         3293P   5792
-0.921381989316416,-17.4724934088577,1.00000000000001,              3293P   5793
0.356183024878315,-16.4697678186793,-1.11022302462516D-15,          3293P   5794
0.335742105229631,-17.3432724436825,1.00000000000001,               3293P   5795
1.68568263448526,-16.3479626908169,-1.11022302462516D-15,           3293P   5796
1.58894331543302,-0.0417788349297814,0.0417788349297817,            3293P   5797
-3.19771843188605,-3.04470180644641;                                3293P   5798
128,1,2,1,2,0,0,0,0,0,0.0573888091822092,0.0573888091822092,        3295P   5799
0.921090387374462,0.921090387374462,-3.50255208041996,              3295P   5800
-3.50255208041996,-3.50255208041996,-3.09479249211861,              3295P   5801
-3.09479249211861,-3.09479249211861,1.,1.,0.979288407302339,        3295P   5802
0.979288407302339,1.,1.,-16.3021053226946,16.05,                    3295P   5803
-6.15402202204159,-16.3021053226946,0.999999999999995,              3295P   5804
-6.15402202204159,-17.5744644851666,16.05,-2.78352172148655,        3295P   5805
-17.5744644851666,0.999999999999995,-2.78352172148655,              3295P   5806
-17.4059208850471,16.05,0.81519515668361,-17.4059208850471,         3295P   5807
0.999999999999995,0.81519515668361,0.0573888091822092,              3295P   5808
0.921090387374462,-3.50255208041996,-3.09479249211861;              3295P   5809
128,1,2,1,2,0,0,0,0,0,-0.0417788349297813,-0.0417788349297813,      3297P   5810
0.0417788349297813,0.0417788349297813,2.73054254108743,             3297P   5811
2.73054254108743,2.73054254108743,2.88355916652707,                 3297P   5812
2.88355916652707,2.88355916652707,1.,1.,0.997074666418802,          3297P   5813
0.997074666418802,1.,1.,-15.0568259576842,17.05,                    3297P   5814
-6.56297318903621,-15.9735276902677,16.05,-6.96254537710538,        3297P   5815
-15.55992998958,17.05,-5.4087478663548,-16.5072621046229,16.05,     3297P   5816
-5.73804758424551,-15.8812283891818,17.05,-4.19132554815862,        3297P   5817
-16.8481220506236,16.05,-4.44650518579385,-0.0417788349297813,      3297P   5818
0.0417788349297813,2.73054254108743,2.88355916652707;               3297P   5819
128,1,1,1,1,0,0,1,0,0,-2.48286739462179,-2.48286739462179,          3299P   5820
-0.648942475606901,-0.648942475606901,-0.00100000000000011,         3299P   5821
-0.00100000000000011,0.323567341928693,0.323567341928693,1.,1.,     3299P   5822
1.,1.,-14.4956279989636,-0.00822714842345557,-2.27962092833196,     3299P   5823
-12.5573520788928,17.2250299863134,-8.24502081803692,               3299P   5824
-17.0739411185605,-0.387898814555059,-4.21418724353466,             3299P   5825
-15.1356651984897,16.8453583201818,-10.1795871332396,               3299P   5826
-2.48286739462179,-0.648942475606901,-0.00100000000000011,          3299P   5827
0.323567341928693;                                                  3299P   5828
128,1,1,1,1,0,0,1,0,0,-0.454446334057508,-0.454446334057508,        3301P   5829
0.327749581237754,0.327749581237754,-0.679451766254752,             3301P   5830
-0.679451766254752,1.02754823374525,1.02754823374525,1.,1.,1.,      3301P   5831
1.,-12.5817603324952,-0.0100000000000022,-8.2003090297418,          3301P   5832
-14.9988786400642,-0.0100000000000022,-0.761183807131684,           3301P   5833
-12.5817603324952,17.06,-8.2003090297418,-14.9988786400642,         3301P   5834
17.06,-0.761183807131685,-0.454446334057508,0.327749581237754,      3301P   5835
-0.679451766254752,1.02754823374525;                                3301P   5836
128,1,1,1,1,0,0,1,0,0,-2.11243087124102,-2.11243087124102,          3303P   5837
-0.27850595222613,-0.27850595222613,-0.00100000000000022,           3303P   5838
-0.00100000000000022,0.323567341928691,0.323567341928691,1.,1.,     3303P   5839
1.,1.,-13.0671369577896,17.0582271484235,-6.67606428875528,         3303P   5840
-15.0054128778604,-0.175029986313427,-0.710664399050324,            3303P   5841
-16.2901456380214,17.4378988145551,-6.62646169050225,               3303P   5842
-18.2284215580921,0.204641679818173,-0.661061800797296,             3303P   5843
-2.11243087124102,-0.27850595222613,-0.00100000000000022,           3303P   5844
0.323567341928691;                                                  3303P   5845
128,1,2,1,2,0,0,0,0,0,-0.0417788349297813,-0.0417788349297813,      3305P   5846
0.0417788349297816,0.0417788349297816,2.77130760993455,             3305P   5847
2.77130760993455,2.77130760993455,2.9243242353742,                  3305P   5848
2.9243242353742,2.9243242353742,1.,1.,0.997074666418802,            3305P   5849
0.997074666418802,1.,1.,-16.2440072347094,1.,-6.30577940929661,     3305P   5850
-15.3117830031622,-6.24500451351651D-16,-5.94389823803138,          3305P   5851
-16.7273953202135,1.,-5.06054721063704,-15.7674300220664,           3305P   5852
-6.24500451351651D-16,-4.77012843240822,-17.015336852625,1.,        3305P   5853
-3.75618646923981,-16.0388469328187,-6.24500451351651D-16,          3305P   5854
-3.54062340070381,-0.0417788349297813,0.0417788349297816,           3305P   5855
2.77130760993455,2.9243242353742;                                   3305P   5856
128,1,2,1,2,0,0,0,0,0,0.0573888091822093,0.0573888091822093,        3307P   5857
0.921090387374462,0.921090387374462,2.46647396140065,               3307P   5858
2.46647396140065,2.46647396140065,2.874233549702,2.874233549702,    3307P   5859
2.874233549702,1.,1.,0.979288407302339,0.979288407302339,1.,1.,     3307P   5860
-13.6025261079101,16.05,-10.8904503342894,-13.6025261079101,        3307P   5861
0.999999999999996,-10.8904503342894,-15.8541534528643,16.05,        3307P   5862
-8.07809466442431,-15.8541534528643,0.999999999999996,              3307P   5863
-8.07809466442431,-16.8059236369894,16.05,-4.60342869040919,        3307P   5864
-16.8059236369894,0.999999999999996,-4.60342869040919,              3307P   5865
0.0573888091822093,0.921090387374462,2.46647396140065,              3307P   5866
2.874233549702;                                                     3307P   5867
128,1,2,1,2,0,0,0,0,0,-0.0417788349297814,-0.0417788349297814,      3309P   5868
0.0417788349297813,0.0417788349297813,2.41638327572845,             3309P   5869
2.41638327572845,2.41638327572845,2.5693999011681,                  3309P   5870
2.5693999011681,2.5693999011681,1.,1.,0.997074666418802,            3309P   5871
0.997074666418802,1.,1.,-12.2918221927382,17.05,                    3309P   5872
-10.8945735199735,-13.0401827524179,16.05,-11.5578656673083,        3309P   5873
-13.1269778006936,17.05,-9.95230770135887,-13.9261849727297,        3309P   5874
16.05,-10.5582320667384,-13.808754922964,17.05,                     3309P   5875
-8.89375693829764,-14.649470595595,16.05,-9.4352337686354,          3309P   5876
-0.0417788349297814,0.0417788349297813,2.41638327572845,            3309P   5877
2.5693999011681;                                                    3309P   5878
128,1,1,1,1,0,0,1,0,0,-2.48286739462179,-2.48286739462179,          3311P   5879
-0.648942475606901,-0.648942475606901,-0.00100000000000022,         3311P   5880
-0.00100000000000022,0.323567341928693,0.323567341928693,1.,1.,     3311P   5881
1.,1.,-13.0817198586174,-0.00822714842345433,-6.64744373438997,     3311P   5882
-9.39489997029486,17.2250299863134,-11.7219159727107,               3311P   5883
-14.9360274839164,-0.387898814555057,-9.28406820544394,             3311P   5884
-11.2492075955938,16.8453583201818,-14.3585404437646,               3311P   5885
-2.48286739462179,-0.648942475606901,-0.00100000000000022,          3311P   5886
0.323567341928693;                                                  3311P   5887
128,1,1,1,1,0,0,1,0,0,-0.454446334057508,-0.454446334057508,        3313P   5888
0.327749581237754,0.327749581237754,-0.679451766254752,             3313P   5889
-0.679451766254752,1.02754823374525,1.02754823374525,1.,1.,1.,      3313P   5890
1.,-9.4319303013669,-0.0100000000000022,-11.6869351002635,          3313P   5891
-14.0295625355066,-0.0100000000000022,-5.35883721621819,            3313P   5892
-9.4319303013669,17.06,-11.6869351002635,-14.0295625355066,         3313P   5893
17.06,-5.35883721621819,-0.454446334057508,0.327749581237754,       3313P   5894
-0.679451766254752,1.02754823374525;                                3313P   5895
128,1,1,1,1,0,0,1,0,0,-2.11243087124102,-2.11243087124102,          3315P   5896
-0.27850595222613,-0.27850595222613,-0.0010000000000001,            3315P   5897
-0.0010000000000001,0.323567341928693,0.323567341928693,1.,1.,      3315P   5898
1.,1.,-10.364568432262,17.0582271484235,-10.387281832808,           3315P   5899
-14.0513883205845,-0.175029986313427,-5.31280959448734,             3315P   5900
-13.4451598854976,17.4378988145551,-11.3360714137239,               3315P   5901
-17.1319797738201,0.204641679818174,-6.2615991754032,               3315P   5902
-2.11243087124102,-0.27850595222613,-0.0010000000000001,            3315P   5903
0.323567341928693;                                                  3315P   5904
128,1,2,1,2,0,0,0,0,0,-0.0417788349297813,-0.0417788349297813,      3317P   5905
0.0417788349297815,0.0417788349297815,2.45714834457557,             3317P   5906
2.45714834457557,2.45714834457557,2.61016497001522,                 3317P   5907
2.61016497001522,2.61016497001522,1.,1.,0.997074666418802,          3317P   5908
0.997074666418802,1.,1.,-13.5003759310637,1.,-11.0168268898061,     3317P   5909
-12.7256054328678,-1.04083408558608D-15,-10.3845843136336,          3317P   5910
-14.3449032310105,1.,-9.98191582626955,-13.5216663167488,           3317P   5911
-1.04083408558608D-15,-9.40906556364289,-15.0218215376098,1.,       3317P   5912
-8.83037387046568,-14.1597370878187,-1.04083408558608D-15,          3317P   5913
-8.32360922940595,-0.0417788349297813,0.0417788349297815,           3317P   5914
2.45714834457557,2.61016497001522;                                  3317P   5915
128,1,2,1,2,0,0,0,0,0,0.0573888091822093,0.0573888091822093,        3319P   5916
0.921090387374462,0.921090387374462,2.15231469604167,               3319P   5917
2.15231469604167,2.15231469604167,2.56007428434302,                 3319P   5918
2.56007428434302,2.56007428434302,1.,1.,0.979288407302339,          3319P   5919
0.979288407302339,1.,1.,-9.57143686331106,16.05,                    3319P   5920
-14.5608454895878,-9.57143686331106,0.999999999999996,              3319P   5921
-14.5608454895878,-12.5819274182132,16.05,-12.5819274182132,        3319P   5922
-12.5819274182132,0.999999999999996,-12.5819274182132,              3319P   5923
-14.5608454895878,16.05,-9.57143686331106,-14.5608454895878,        3319P   5924
0.999999999999996,-9.57143686331106,0.0573888091822093,             3319P   5925
0.921090387374462,2.15231469604167,2.56007428434302;                3319P   5926
128,1,2,1,2,0,0,0,0,0,-0.0417788349297818,-0.0417788349297818,      3321P   5927
0.0417788349297813,0.0417788349297813,2.10222401036947,             3321P   5928
2.10222401036947,2.10222401036947,2.25524063580911,                 3321P   5929
2.25524063580911,2.25524063580911,1.,1.,0.997074666418802,          3321P   5930
0.997074666418802,1.,1.,-8.32360922940594,17.05,                    3321P   5931
-14.1597370878187,-8.83037387046567,16.05,-15.0218215376098,        3321P   5932
-9.40906556364287,17.05,-13.5216663167488,-9.98191582626954,        3321P   5933
16.05,-14.3449032310105,-10.3845843136336,17.05,                    3321P   5934
-12.7256054328678,-11.0168268898061,16.05,-13.5003759310637,        3321P   5935
-0.0417788349297818,0.0417788349297813,2.10222401036947,            3321P   5936
2.25524063580911;                                                   3321P   5937
128,1,1,1,1,0,0,1,0,0,-2.48286739462179,-2.48286739462179,          3323P   5938
-0.648942475606901,-0.648942475606901,-0.001,-0.001,                3323P   5939
0.323567341928692,0.323567341928692,1.,1.,1.,1.,                    3323P   5940
-10.387281832808,-0.00822714842345348,-10.364568432262,             3323P   5941
-5.31280959448733,17.2250299863134,-14.0513883205845,               3323P   5942
-11.3360714137239,-0.387898814555054,-13.4451598854975,             3323P   5943
-6.26159917540319,16.8453583201818,-17.1319797738201,               3323P   5944
-2.48286739462179,-0.648942475606901,-0.001,0.323567341928692;      3323P   5945
128,1,1,1,1,0,0,1,0,0,-0.454446334057508,-0.454446334057508,        3325P   5946
0.327749581237754,0.327749581237754,-0.679451766254752,             3325P   5947
-0.679451766254752,1.02754823374525,1.02754823374525,1.,1.,1.,      3325P   5948
1.,-5.35883721621819,-0.0100000000000033,-14.0295625355066,         3325P   5949
-11.6869351002635,-0.0100000000000033,-9.4319303013669,             3325P   5950
-5.35883721621819,17.06,-14.0295625355066,-11.6869351002635,        3325P   5951
17.06,-9.4319303013669,-0.454446334057508,0.327749581237754,        3325P   5952
-0.679451766254752,1.02754823374525;                                3325P   5953
128,1,1,1,1,0,0,1,0,0,-2.11243087124102,-2.11243087124102,          3327P   5954
-0.27850595222613,-0.27850595222613,-0.00100000000000029,           3327P   5955
-0.00100000000000029,0.323567341928692,0.323567341928692,1.,1.,     3327P   5956
1.,1.,-6.64744373438998,17.0582271484235,-13.0817198586174,         3327P   5957
-11.7219159727107,-0.175029986313434,-9.39489997029486,             3327P   5958
-9.28406820544393,17.4378988145551,-14.9360274839164,               3327P   5959
-14.3585404437646,0.204641679818167,-11.2492075955938,              3327P   5960
-2.11243087124102,-0.27850595222613,-0.00100000000000029,           3327P   5961
0.323567341928692;                                                  3327P   5962
128,1,2,1,2,0,0,0,0,0,-0.0417788349297814,-0.0417788349297814,      3329P   5963
0.0417788349297816,0.0417788349297816,2.1429890792166,              3329P   5964
2.1429890792166,2.1429890792166,2.29600570465624,                   3329P   5965
2.29600570465624,2.29600570465624,1.,1.,0.997074666418802,          3329P   5966
0.997074666418802,1.,1.,-9.43523376863541,1.,-14.649470595595,      3329P   5967
-8.89375693829765,-1.80411241501588D-15,-13.808754922964,           3329P   5968
-10.5582320667384,1.,-13.9261849727297,-9.95230770135887,           3329P   5969
-1.80411241501588D-15,-13.1269778006936,-11.5578656673083,1.,       3329P   5970
-13.0401827524179,-10.8945735199735,-1.80411241501588D-15,          3329P   5971
-12.2918221927382,-0.0417788349297814,0.0417788349297816,           3329P   5972
2.1429890792166,2.29600570465624;                                   3329P   5973
128,1,2,1,2,0,0,0,0,0,0.0573888091822094,0.0573888091822094,        3331P   5974
0.921090387374462,0.921090387374462,1.83815543068269,               3331P   5975
1.83815543068269,1.83815543068269,2.24591501898404,                 3331P   5976
2.24591501898404,2.24591501898404,1.,1.,0.979288407302339,          3331P   5977
0.979288407302339,1.,1.,-4.60342869040918,16.05,                    3331P   5978
-16.8059236369894,-4.60342869040918,0.999999999999999,              3331P   5979
-16.8059236369894,-8.07809466442431,16.05,-15.8541534528643,        3331P   5980
-8.07809466442431,0.999999999999999,-15.8541534528643,              3331P   5981
-10.8904503342894,16.05,-13.6025261079101,-10.8904503342894,        3331P   5982
0.999999999999999,-13.6025261079101,0.0573888091822094,             3331P   5983
0.921090387374462,1.83815543068269,2.24591501898404;                3331P   5984
128,1,2,1,2,0,0,0,0,0,-0.0417788349297813,-0.0417788349297813,      3333P   5985
0.0417788349297813,0.0417788349297813,1.78806474501049,             3333P   5986
1.78806474501049,1.78806474501049,1.94108137045014,                 3333P   5987
1.94108137045014,1.94108137045014,1.,1.,0.997074666418802,          3333P   5988
0.997074666418802,1.,1.,-3.5406234007038,17.05,                     3333P   5989
-16.0388469328187,-3.7561864692398,16.05,-17.015336852625,          3333P   5990
-4.77012843240822,17.05,-15.7674300220664,-5.06054721063703,        3333P   5991
16.05,-16.7273953202135,-5.94389823803138,17.05,                    3333P   5992
-15.3117830031622,-6.30577940929661,16.05,-16.2440072347094,        3333P   5993
-0.0417788349297813,0.0417788349297813,1.78806474501049,            3333P   5994
1.94108137045014;                                                   3333P   5995
128,1,1,1,1,0,0,1,0,0,-2.48286739462179,-2.48286739462179,          3335P   5996
-0.648942475606901,-0.648942475606901,-0.000999999999999878,        3335P   5997
-0.000999999999999878,0.323567341928692,0.323567341928692,1.,1.,    3335P   5998
1.,1.,-6.67606428875528,-0.00822714842345473,-13.0671369577896,     3335P   5999
-0.710664399050322,17.2250299863134,-15.0054128778604,              3335P   6000
-6.62646169050225,-0.387898814555054,-16.2901456380214,             3335P   6001
-0.661061800797291,16.8453583201818,-18.2284215580921,              3335P   6002
-2.48286739462179,-0.648942475606901,-0.000999999999999878,         3335P   6003
0.323567341928692;                                                  3335P   6004
128,1,1,1,1,0,0,1,0,0,-0.454446334057508,-0.454446334057508,        3337P   6005
0.327749581237754,0.327749581237754,-0.679451766254752,             3337P   6006
-0.679451766254752,1.02754823374525,1.02754823374525,1.,1.,1.,      3337P   6007
1.,-0.76118380713168,-0.0100000000000022,-14.9988786400642,         3337P   6008
-8.20030902974179,-0.0100000000000022,-12.5817603324952,            3337P   6009
-0.76118380713168,17.06,-14.9988786400642,-8.20030902974179,        3337P   6010
17.06,-12.5817603324952,-0.454446334057508,0.327749581237754,       3337P   6011
-0.679451766254752,1.02754823374525;                                3337P   6012
128,1,1,1,1,0,0,1,0,0,-2.11243087124102,-2.11243087124102,          3339P   6013
-0.27850595222613,-0.27850595222613,-0.00100000000000022,           3339P   6014
-0.00100000000000022,0.323567341928693,0.323567341928693,1.,1.,     3339P   6015
1.,1.,-2.27962092833196,17.0582271484235,-14.4956279989636,         3339P   6016
-8.24502081803692,-0.175029986313432,-12.5573520788928,             3339P   6017
-4.21418724353466,17.4378988145551,-17.0739411185605,               3339P   6018
-10.1795871332396,0.20464167981817,-15.1356651984897,               3339P   6019
-2.11243087124102,-0.27850595222613,-0.00100000000000022,           3339P   6020
0.323567341928693;                                                  3339P   6021
128,1,2,1,2,0,0,0,0,0,-0.0417788349297814,-0.0417788349297814,      3341P   6022
0.0417788349297815,0.0417788349297815,1.82882981385762,             3341P   6023
1.82882981385762,1.82882981385762,1.98184643929726,                 3341P   6024
1.98184643929726,1.98184643929726,1.,1.,0.997074666418802,          3341P   6025
0.997074666418802,1.,1.,-4.44650518579385,1.,-16.8481220506236,     3341P   6026
-4.19132554815862,-1.73472347597681D-15,-15.8812283891818,          3341P   6027
-5.73804758424551,1.,-16.5072621046229,-5.4087478663548,            3341P   6028
-1.73472347597681D-15,-15.55992998958,-6.96254537710539,1.,         3341P   6029
-15.9735276902677,-6.56297318903621,-1.73472347597681D-15,          3341P   6030
-15.0568259576842,-0.0417788349297814,0.0417788349297815,           3341P   6031
1.82882981385762,1.98184643929726;                                  3341P   6032
128,1,2,1,2,0,0,0,0,0,0.0573888091822095,0.0573888091822095,        3343P   6033
0.921090387374462,0.921090387374462,1.52399616532371,               3343P   6034
1.52399616532371,1.52399616532371,1.93175575362506,                 3343P   6035
1.93175575362506,1.93175575362506,1.,1.,0.979288407302339,          3343P   6036
0.979288407302339,1.,1.,0.815195156683617,16.05,                    3343P   6037
-17.4059208850471,0.815195156683617,1.,-17.4059208850471,           3343P   6038
-2.78352172148654,16.05,-17.5744644851666,-2.78352172148654,1.,     3343P   6039
-17.5744644851666,-6.15402202204159,16.05,-16.3021053226946,        3343P   6040
-6.15402202204159,1.,-16.3021053226946,0.0573888091822095,          3343P   6041
0.921090387374462,1.52399616532371,1.93175575362506;                3343P   6042
128,1,2,1,2,0,0,0,0,0,-0.0417788349297813,-0.0417788349297813,      3345P   6043
0.0417788349297813,0.0417788349297813,1.47390547965151,             3345P   6044
1.47390547965151,1.47390547965151,1.62692210509116,                 3345P   6045
1.62692210509116,1.62692210509116,1.,1.,0.997074666418802,          3345P   6046
0.997074666418802,1.,1.,1.58894331543302,17.05,                     3345P   6047
-16.3479626908169,1.68568263448526,16.05,-17.3432724436824,         3345P   6048
0.335742105229626,17.05,-16.4697678186793,0.35618302487831,         3345P   6049
16.05,-17.4724934088577,-0.921381989316428,17.05,                   3345P   6050
-16.3991365696418,-0.977478305256546,16.05,-17.3975619315683,       3345P   6051
-0.0417788349297813,0.0417788349297813,1.47390547965151,            3345P   6052
1.62692210509116;                                                   3345P   6053
128,1,1,1,1,0,0,1,0,0,-2.48286739462179,-2.48286739462179,          3347P   6054
-0.648942475606901,-0.648942475606901,-0.001,-0.001,                3347P   6055
0.323567341928692,0.323567341928692,1.,1.,1.,1.,                    3347P   6056
-2.31134705724413,-0.00822714842345459,-14.4906030737921,           3347P   6057
3.96104557925576,17.2250299863134,-14.4906030737921,                3347P   6058
-1.26820772774084,-0.387898814555054,-17.540538435377,              3347P   6059
5.00418490875905,16.8453583201818,-17.540538435377,                 3347P   6060
-2.48286739462179,-0.648942475606901,-0.001,0.323567341928692;      3347P   6061
128,1,1,1,1,0,0,1,0,0,-0.454446334057508,-0.454446334057508,        3349P   6062
0.327749581237754,0.327749581237754,-0.679451766254752,             3349P   6063
-0.679451766254752,1.02754823374525,1.02754823374525,1.,1.,1.,      3349P   6064
1.,3.91097957647631,-0.0100000000000022,-14.5,-3.91097957647631,    3349P   6065
-0.0100000000000022,-14.5,3.91097957647631,17.06,-14.5,             3349P   6066
-3.91097957647631,17.06,-14.5,-0.454446334057508,                   3349P   6067
0.327749581237754,-0.679451766254752,1.02754823374525;              3349P   6068
128,1,1,1,1,0,0,1,0,0,-2.11243087124102,-2.11243087124102,          3351P   6069
-0.27850595222613,-0.27850595222613,-0.00100000000000029,           3351P   6070
-0.00100000000000029,0.323567341928692,0.323567341928692,1.,1.,     3351P   6071
1.,1.,2.31134705724413,17.0582271484235,-14.4906030737921,          3351P   6072
-3.96104557925576,-0.175029986313434,-14.4906030737921,             3351P   6073
1.26820772774084,17.4378988145551,-17.540538435377,                 3351P   6074
-5.00418490875905,0.204641679818167,-17.540538435377,               3351P   6075
-2.11243087124102,-0.27850595222613,-0.00100000000000029,           3351P   6076
0.323567341928692;                                                  3351P   6077
128,1,2,1,2,0,0,0,0,0,-0.0417788349297814,-0.0417788349297814,      3353P   6078
0.0417788349297816,0.0417788349297816,1.51467054849864,             3353P   6079
1.51467054849864,1.51467054849864,1.66768717393828,                 3353P   6080
1.66768717393828,1.66768717393828,1.,1.,0.997074666418802,          3353P   6081
0.997074666418802,1.,1.,0.977478305256544,1.,-17.3975619315683,     3353P   6082
0.921381989316426,-1.11022302462516D-15,-16.3991365696418,          3353P   6083
-0.35618302487831,1.,-17.4724934088577,-0.335742105229626,          3353P   6084
-1.11022302462516D-15,-16.4697678186793,-1.68568263448526,1.,       3353P   6085
-17.3432724436825,-1.58894331543302,-1.11022302462516D-15,          3353P   6086
-16.3479626908169,-0.0417788349297814,0.0417788349297816,           3353P   6087
1.51467054849864,1.66768717393828;                                  3353P   6088
128,1,2,1,2,0,0,0,0,0,0.0573888091822095,0.0573888091822095,        3355P   6089
0.921090387374462,0.921090387374462,1.20983689996473,               3355P   6090
1.20983689996473,1.20983689996473,1.61759648826608,                 3355P   6091
1.61759648826608,1.61759648826608,1.,1.,0.979288407302339,          3355P   6092
0.979288407302339,1.,1.,6.15402202204159,16.05,                     3355P   6093
-16.3021053226946,6.15402202204159,1.,-16.3021053226946,            3355P   6094
2.78352172148655,16.05,-17.5744644851666,2.78352172148655,1.,       3355P   6095
-17.5744644851666,-0.815195156683615,16.05,-17.4059208850471,       3355P   6096
-0.815195156683615,1.,-17.4059208850471,0.0573888091822095,         3355P   6097
0.921090387374462,1.20983689996473,1.61759648826608;                3355P   6098
128,1,2,1,2,0,0,0,0,0,-0.0417788349297813,-0.0417788349297813,      3357P   6099
0.0417788349297813,0.0417788349297813,1.15974621429253,             3357P   6100
1.15974621429253,1.15974621429253,1.31276283973218,                 3357P   6101
1.31276283973218,1.31276283973218,1.,1.,0.997074666418802,          3357P   6102
0.997074666418802,1.,1.,6.56297318903621,17.05,                     3357P   6103
-15.0568259576842,6.96254537710539,16.05,-15.9735276902677,         3357P   6104
5.4087478663548,17.05,-15.55992998958,5.73804758424551,16.05,       3357P   6105
-16.5072621046229,4.19132554815862,17.05,-15.8812283891818,         3357P   6106
4.44650518579385,16.05,-16.8481220506236,-0.0417788349297813,       3357P   6107
0.0417788349297813,1.15974621429253,1.31276283973218;               3357P   6108
128,1,1,1,1,0,0,1,0,0,-2.48286739462179,-2.48286739462179,          3359P   6109
-0.648942475606901,-0.648942475606901,-0.0010000000000002,          3359P   6110
-0.0010000000000002,0.323567341928693,0.323567341928693,1.,1.,      3359P   6111
1.,1.,2.27962092833196,-0.00822714842345547,-14.4956279989636,      3359P   6112
8.24502081803692,17.2250299863134,-12.5573520788928,                3359P   6113
4.21418724353466,-0.387898814555059,-17.0739411185605,              3359P   6114
10.1795871332396,16.8453583201818,-15.1356651984897,                3359P   6115
-2.48286739462179,-0.648942475606901,-0.0010000000000002,           3359P   6116
0.323567341928693;                                                  3359P   6117
128,1,1,1,1,0,0,1,0,0,-0.454446334057508,-0.454446334057508,        3361P   6118
0.327749581237754,0.327749581237754,-0.679451766254752,             3361P   6119
-0.679451766254752,1.02754823374525,1.02754823374525,1.,1.,1.,      3361P   6120
1.,8.2003090297418,-0.0100000000000022,-12.5817603324952,           3361P   6121
0.761183807131684,-0.0100000000000022,-14.9988786400642,            3361P   6122
8.2003090297418,17.06,-12.5817603324952,0.761183807131685,17.06,    3361P   6123
-14.9988786400642,-0.454446334057508,0.327749581237754,             3361P   6124
-0.679451766254752,1.02754823374525;                                3361P   6125
128,1,1,1,1,0,0,1,0,0,-2.11243087124102,-2.11243087124102,          3363P   6126
-0.278505952226129,-0.278505952226129,-0.00100000000000022,         3363P   6127
-0.00100000000000022,0.323567341928691,0.323567341928691,1.,1.,     3363P   6128
1.,1.,6.67606428875528,17.0582271484235,-13.0671369577896,          3363P   6129
0.710664399050324,-0.175029986313427,-15.0054128778604,             3363P   6130
6.62646169050225,17.4378988145551,-16.2901456380214,                3363P   6131
0.661061800797296,0.204641679818173,-18.2284215580921,              3363P   6132
-2.11243087124102,-0.278505952226129,-0.00100000000000022,          3363P   6133
0.323567341928691;                                                  3363P   6134
128,1,2,1,2,0,0,0,0,0,-0.0417788349297814,-0.0417788349297814,      3365P   6135
0.0417788349297816,0.0417788349297816,1.20051128313966,             3365P   6136
1.20051128313966,1.20051128313966,1.3535279085793,                  3365P   6137
1.3535279085793,1.3535279085793,1.,1.,0.997074666418802,            3365P   6138
0.997074666418802,1.,1.,6.30577940929661,1.,-16.2440072347094,      3365P   6139
5.94389823803137,-1.11022302462516D-15,-15.3117830031622,           3365P   6140
5.06054721063704,1.,-16.7273953202135,4.77012843240822,             3365P   6141
-1.11022302462516D-15,-15.7674300220664,3.75618646923981,1.,        3365P   6142
-17.015336852625,3.54062340070381,-1.11022302462516D-15,            3365P   6143
-16.0388469328187,-0.0417788349297814,0.0417788349297816,           3365P   6144
1.20051128313966,1.3535279085793;                                   3365P   6145
128,1,2,1,2,0,0,0,0,0,0.0573888091822093,0.0573888091822093,        3367P   6146
0.921090387374462,0.921090387374462,0.895677634605753,              3367P   6147
0.895677634605753,0.895677634605753,1.3034372229071,                3367P   6148
1.3034372229071,1.3034372229071,1.,1.,0.979288407302339,            3367P   6149
0.979288407302339,1.,1.,10.8904503342894,16.05,                     3367P   6150
-13.6025261079101,10.8904503342894,0.999999999999996,               3367P   6151
-13.6025261079101,8.07809466442431,16.05,-15.8541534528643,         3367P   6152
8.07809466442431,0.999999999999996,-15.8541534528643,               3367P   6153
4.60342869040919,16.05,-16.8059236369894,4.60342869040919,          3367P   6154
0.999999999999996,-16.8059236369894,0.0573888091822093,             3367P   6155
0.921090387374462,0.895677634605753,1.3034372229071;                3367P   6156
128,1,2,1,2,0,0,0,0,0,-0.0417788349297813,-0.0417788349297813,      3369P   6157
0.0417788349297813,0.0417788349297813,0.845586948933554,            3369P   6158
0.845586948933554,0.845586948933554,0.998603574373198,              3369P   6159
0.998603574373198,0.998603574373198,1.,1.,0.997074666418802,        3369P   6160
0.997074666418802,1.,1.,10.8945735199735,17.05,                     3369P   6161
-12.2918221927382,11.5578656673083,16.05,-13.0401827524179,         3369P   6162
9.95230770135887,17.05,-13.1269778006936,10.5582320667384,16.05,    3369P   6163
-13.9261849727297,8.89375693829765,17.05,-13.808754922964,          3369P   6164
9.4352337686354,16.05,-14.649470595595,-0.0417788349297813,         3369P   6165
0.0417788349297813,0.845586948933554,0.998603574373198;             3369P   6166
128,1,1,1,1,0,0,1,0,0,-2.48286739462179,-2.48286739462179,          3371P   6167
-0.648942475606901,-0.648942475606901,-0.00100000000000022,         3371P   6168
-0.00100000000000022,0.323567341928692,0.323567341928692,1.,1.,     3371P   6169
1.,1.,6.64744373438997,-0.00822714842345322,-13.0817198586174,      3371P   6170
11.7219159727107,17.2250299863134,-9.39489997029486,                3371P   6171
9.28406820544393,-0.387898814555054,-14.9360274839164,              3371P   6172
14.3585404437646,16.8453583201818,-11.2492075955938,                3371P   6173
-2.48286739462179,-0.648942475606901,-0.00100000000000022,          3371P   6174
0.323567341928692;                                                  3371P   6175
128,1,1,1,1,0,0,1,0,0,-0.454446334057508,-0.454446334057508,        3373P   6176
0.327749581237754,0.327749581237754,-0.679451766254752,             3373P   6177
-0.679451766254752,1.02754823374525,1.02754823374525,1.,1.,1.,      3373P   6178
1.,11.6869351002635,-0.0100000000000022,-9.4319303013669,           3373P   6179
5.35883721621819,-0.0100000000000022,-14.0295625355066,             3373P   6180
11.6869351002635,17.06,-9.4319303013669,5.35883721621819,17.06,     3373P   6181
-14.0295625355066,-0.454446334057508,0.327749581237754,             3373P   6182
-0.679451766254752,1.02754823374525;                                3373P   6183
128,1,1,1,1,0,0,1,0,0,-2.11243087124102,-2.11243087124102,          3375P   6184
-0.27850595222613,-0.27850595222613,-0.00100000000000011,           3375P   6185
-0.00100000000000011,0.323567341928693,0.323567341928693,1.,1.,     3375P   6186
1.,1.,10.387281832808,17.0582271484235,-10.364568432262,            3375P   6187
5.31280959448733,-0.175029986313432,-14.0513883205845,              3375P   6188
11.3360714137239,17.4378988145551,-13.4451598854976,                3375P   6189
6.2615991754032,0.20464167981817,-17.1319797738201,                 3375P   6190
-2.11243087124102,-0.27850595222613,-0.00100000000000011,           3375P   6191
0.323567341928693;                                                  3375P   6192
128,1,2,1,2,0,0,0,0,0,-0.0417788349297814,-0.0417788349297814,      3377P   6193
0.0417788349297816,0.0417788349297816,0.886352017780678,            3377P   6194
0.886352017780678,0.886352017780678,1.03936864322032,               3377P   6195
1.03936864322032,1.03936864322032,1.,1.,0.997074666418802,          3377P   6196
0.997074666418802,1.,1.,11.0168268898061,1.,-13.5003759310637,      3377P   6197
10.3845843136336,-1.52655665885959D-15,-12.7256054328678,           3377P   6198
9.98191582626955,1.,-14.3449032310105,9.40906556364289,             3377P   6199
-1.52655665885959D-15,-13.5216663167488,8.83037387046568,1.,        3377P   6200
-15.0218215376098,8.32360922940595,-1.52655665885959D-15,           3377P   6201
-14.1597370878187,-0.0417788349297814,0.0417788349297816,           3377P   6202
0.886352017780678,1.03936864322032;                                 3377P   6203
128,1,2,1,2,0,0,0,0,0,0.0573888091822095,0.0573888091822095,        3379P   6204
0.921090387374462,0.921090387374462,0.581518369246774,              3379P   6205
0.581518369246774,0.581518369246774,0.989277957548122,              3379P   6206
0.989277957548122,0.989277957548122,1.,1.,0.979288407302339,        3379P   6207
0.979288407302339,1.,1.,14.5608454895878,16.05,                     3379P   6208
-9.57143686331105,14.5608454895878,1.,-9.57143686331105,            3379P   6209
12.5819274182132,16.05,-12.5819274182132,12.5819274182132,1.,       3379P   6210
-12.5819274182132,9.57143686331106,16.05,-14.5608454895878,         3379P   6211
9.57143686331106,1.,-14.5608454895878,0.0573888091822095,           3379P   6212
0.921090387374462,0.581518369246774,0.989277957548122;              3379P   6213
128,1,2,1,2,0,0,0,0,0,-0.0417788349297815,-0.0417788349297815,      3381P   6214
0.0417788349297813,0.0417788349297813,0.531427683574574,            3381P   6215
0.531427683574574,0.531427683574574,0.684444309014218,              3381P   6216
0.684444309014218,0.684444309014218,1.,1.,0.997074666418802,        3381P   6217
0.997074666418802,1.,1.,14.1597370878187,17.05,                     3381P   6218
-8.32360922940595,15.0218215376098,16.05,-8.83037387046567,         3381P   6219
13.5216663167488,17.05,-9.40906556364288,14.3449032310105,16.05,    3381P   6220
-9.98191582626954,12.7256054328678,17.05,-10.3845843136336,         3381P   6221
13.5003759310637,16.05,-11.0168268898061,-0.0417788349297815,       3381P   6222
0.0417788349297813,0.531427683574574,0.684444309014218;             3381P   6223
128,1,1,1,1,0,0,1,0,0,-2.48286739462179,-2.48286739462179,          3383P   6224
-0.648942475606901,-0.648942475606901,-0.000999999999999806,        3383P   6225
-0.000999999999999806,0.323567341928693,0.323567341928693,1.,1.,    3383P   6226
1.,1.,10.364568432262,-0.00822714842345593,-10.387281832808,        3383P   6227
14.0513883205845,17.2250299863134,-5.31280959448734,                3383P   6228
13.4451598854976,-0.387898814555059,-11.3360714137239,              3383P   6229
17.1319797738201,16.8453583201818,-6.2615991754032,                 3383P   6230
-2.48286739462179,-0.648942475606901,-0.000999999999999806,         3383P   6231
0.323567341928693;                                                  3383P   6232
128,1,1,1,1,0,0,1,0,0,-0.454446334057508,-0.454446334057508,        3385P   6233
0.327749581237754,0.327749581237754,-0.679451766254752,             3385P   6234
-0.679451766254752,1.02754823374525,1.02754823374525,1.,1.,1.,      3385P   6235
1.,14.0295625355066,-0.0100000000000033,-5.35883721621819,          3385P   6236
9.4319303013669,-0.0100000000000033,-11.6869351002635,              3385P   6237
14.0295625355066,17.06,-5.35883721621819,9.4319303013669,17.06,     3385P   6238
-11.6869351002635,-0.454446334057508,0.327749581237754,             3385P   6239
-0.679451766254752,1.02754823374525;                                3385P   6240
128,1,1,1,1,0,0,1,0,0,-2.11243087124102,-2.11243087124102,          3387P   6241
-0.27850595222613,-0.27850595222613,-0.00100000000000029,           3387P   6242
-0.00100000000000029,0.323567341928691,0.323567341928691,1.,1.,     3387P   6243
1.,1.,13.0817198586174,17.0582271484235,-6.64744373438998,          3387P   6244
9.39489997029486,-0.175029986313427,-11.7219159727107,              3387P   6245
14.9360274839164,17.4378988145551,-9.28406820544393,                3387P   6246
11.2492075955938,0.204641679818173,-14.3585404437646,               3387P   6247
-2.11243087124102,-0.27850595222613,-0.00100000000000029,           3387P   6248
0.323567341928691;                                                  3387P   6249
128,1,2,1,2,0,0,0,0,0,-0.0417788349297814,-0.0417788349297814,      3389P   6250
0.0417788349297817,0.0417788349297817,0.572192752421699,            3389P   6251
0.572192752421699,0.572192752421699,0.725209377861343,              3389P   6252
0.725209377861343,0.725209377861343,1.,1.,0.997074666418802,        3389P   6253
0.997074666418802,1.,1.,14.649470595595,1.,-9.43523376863541,       3389P   6254
13.808754922964,-1.80411241501588D-15,-8.89375693829765,            3389P   6255
13.9261849727297,1.,-10.5582320667384,13.1269778006936,             3389P   6256
-1.80411241501588D-15,-9.95230770135887,13.0401827524179,1.,        3389P   6257
-11.5578656673083,12.2918221927382,-1.80411241501588D-15,           3389P   6258
-10.8945735199735,-0.0417788349297814,0.0417788349297817,           3389P   6259
0.572192752421699,0.725209377861343;                                3389P   6260
128,1,2,1,2,0,0,0,0,0,0.0573888091822095,0.0573888091822095,        3391P   6261
0.921090387374462,0.921090387374462,0.267359103887795,              3391P   6262
0.267359103887795,0.267359103887795,0.675118692189143,              3391P   6263
0.675118692189143,0.675118692189143,1.,1.,0.979288407302339,        3391P   6264
0.979288407302339,1.,1.,16.8059236369894,16.05,                     3391P   6265
-4.60342869040918,16.8059236369894,1.,-4.60342869040918,            3391P   6266
15.8541534528643,16.05,-8.07809466442431,15.8541534528643,1.,       3391P   6267
-8.07809466442431,13.6025261079101,16.05,-10.8904503342894,         3391P   6268
13.6025261079101,1.,-10.8904503342894,0.0573888091822095,           3391P   6269
0.921090387374462,0.267359103887795,0.675118692189143;              3391P   6270
128,1,2,1,2,0,0,0,0,0,-0.0417788349297814,-0.0417788349297814,      3393P   6271
0.0417788349297813,0.0417788349297813,0.217268418215595,            3393P   6272
0.217268418215595,0.217268418215595,0.37028504365524,               3393P   6273
0.37028504365524,0.37028504365524,1.,1.,0.997074666418802,          3393P   6274
0.997074666418802,1.,1.,16.0388469328187,17.05,                     3393P   6275
-3.54062340070381,17.015336852625,16.05,-3.75618646923981,          3393P   6276
15.7674300220664,17.05,-4.77012843240823,16.7273953202135,16.05,    3393P   6277
-5.06054721063704,15.3117830031622,17.05,-5.94389823803138,         3393P   6278
16.2440072347094,16.05,-6.30577940929661,-0.0417788349297814,       3393P   6279
0.0417788349297813,0.217268418215595,0.37028504365524;              3393P   6280
128,1,1,1,1,0,0,1,0,0,-2.48286739462179,-2.48286739462179,          3395P   6281
-0.648942475606901,-0.648942475606901,-0.00100000000000011,         3395P   6282
-0.00100000000000011,0.323567341928692,0.323567341928692,1.,1.,     3395P   6283
1.,1.,13.0671369577896,-0.00822714842345336,-6.67606428875528,      3395P   6284
15.0054128778604,17.2250299863134,-0.710664399050323,               3395P   6285
16.2901456380214,-0.387898814555054,-6.62646169050225,              3395P   6286
18.2284215580921,16.8453583201818,-0.661061800797292,               3395P   6287
-2.48286739462179,-0.648942475606901,-0.00100000000000011,          3395P   6288
0.323567341928692;                                                  3395P   6289
128,1,1,1,1,0,0,1,0,0,-0.454446334057508,-0.454446334057508,        3397P   6290
0.327749581237754,0.327749581237754,-0.679451766254752,             3397P   6291
-0.679451766254752,1.02754823374525,1.02754823374525,1.,1.,1.,      3397P   6292
1.,14.9988786400642,-0.0100000000000022,-0.76118380713168,          3397P   6293
12.5817603324952,-0.0100000000000022,-8.20030902974179,             3397P   6294
14.9988786400642,17.06,-0.76118380713168,12.5817603324952,17.06,    3397P   6295
-8.20030902974179,-0.454446334057508,0.327749581237754,             3397P   6296
-0.679451766254752,1.02754823374525;                                3397P   6297
128,1,1,1,1,0,0,1,0,0,-2.11243087124102,-2.11243087124102,          3399P   6298
-0.27850595222613,-0.27850595222613,-0.00100000000000022,           3399P   6299
-0.00100000000000022,0.323567341928693,0.323567341928693,1.,1.,     3399P   6300
1.,1.,14.4956279989636,17.0582271484235,-2.27962092833196,          3399P   6301
12.5573520788928,-0.175029986313434,-8.24502081803692,              3399P   6302
17.0739411185605,17.4378988145551,-4.21418724353466,                3399P   6303
15.1356651984897,0.204641679818168,-10.1795871332396,               3399P   6304
-2.11243087124102,-0.27850595222613,-0.00100000000000022,           3399P   6305
0.323567341928693;                                                  3399P   6306
128,1,2,1,2,0,0,0,0,0,-0.0417788349297814,-0.0417788349297814,      3401P   6307
0.0417788349297814,0.0417788349297814,0.258033487062719,            3401P   6308
0.258033487062719,0.258033487062719,0.411050112502364,              3401P   6309
0.411050112502364,0.411050112502364,1.,1.,0.997074666418802,        3401P   6310
0.997074666418802,1.,1.,16.8481220506236,1.,-4.44650518579385,      3401P   6311
15.8812283891818,-1.73472347597681D-15,-4.19132554815862,           3401P   6312
16.5072621046229,1.,-5.73804758424551,15.55992998958,               3401P   6313
-1.73472347597681D-15,-5.4087478663548,15.9735276902677,1.,         3401P   6314
-6.96254537710539,15.0568259576842,-1.73472347597681D-15,           3401P   6315
-6.56297318903621,-0.0417788349297814,0.0417788349297814,           3401P   6316
0.258033487062719,0.411050112502364;                                3401P   6317
128,1,2,1,2,0,0,0,0,0,0.0573888091822095,0.0573888091822095,        3403P   6318
0.921090387374462,0.921090387374462,-0.0468001614711848,            3403P   6319
-0.0468001614711848,-0.0468001614711848,0.360959426830164,          3403P   6320
0.360959426830164,0.360959426830164,1.,1.,0.979288407302339,        3403P   6321
0.979288407302339,1.,1.,17.4059208850471,16.05,                     3403P   6322
0.815195156683619,17.4059208850471,1.,0.815195156683619,            3403P   6323
17.5744644851666,16.05,-2.78352172148654,17.5744644851666,1.,       3403P   6324
-2.78352172148654,16.3021053226946,16.05,-6.15402202204159,         3403P   6325
16.3021053226946,1.,-6.15402202204159,0.0573888091822095,           3403P   6326
0.921090387374462,-0.0468001614711848,0.360959426830164;            3403P   6327
128,1,2,1,2,0,0,0,0,0,-0.0417788349297813,-0.0417788349297813,      3405P   6328
0.0417788349297814,0.0417788349297814,-0.0968908471433843,          3405P   6329
-0.0968908471433843,-0.0968908471433843,0.0561257782962603,         3405P   6330
0.0561257782962603,0.0561257782962603,1.,1.,0.997074666418802,      3405P   6331
0.997074666418802,1.,1.,16.3479626908169,17.05,1.58894331543302,    3405P   6332
17.3432724436824,16.05,1.68568263448526,16.4697678186793,17.05,     3405P   6333
0.335742105229625,17.4724934088577,16.05,0.356183024878309,         3405P   6334
16.3991365696418,17.05,-0.921381989316429,17.3975619315683,         3405P   6335
16.05,-0.977478305256547,-0.0417788349297813,0.0417788349297814,    3405P   6336
-0.0968908471433843,0.0561257782962603;                             3405P   6337
128,1,1,1,1,0,0,1,0,0,-2.48286739462179,-2.48286739462179,          3407P   6338
-0.648942475606901,-0.648942475606901,-0.001,-0.001,                3407P   6339
0.323567341928692,0.323567341928692,1.,1.,1.,1.,                    3407P   6340
14.4906030737921,-0.00822714842345459,-2.31134705724413,            3407P   6341
14.4906030737921,17.2250299863134,3.96104557925576,                 3407P   6342
17.540538435377,-0.387898814555054,-1.26820772774084,               3407P   6343
17.540538435377,16.8453583201818,5.00418490875905,                  3407P   6344
-2.48286739462179,-0.648942475606901,-0.001,0.323567341928692;      3407P   6345
128,1,1,1,1,0,0,1,0,0,-0.454446334057508,-0.454446334057508,        3409P   6346
0.327749581237754,0.327749581237754,-0.679451766254752,             3409P   6347
-0.679451766254752,1.02754823374525,1.02754823374525,1.,1.,1.,      3409P   6348
1.,14.5,-0.0100000000000022,3.91097957647631,14.5,                  3409P   6349
-0.0100000000000022,-3.91097957647631,14.5,17.06,                   3409P   6350
3.91097957647631,14.5,17.06,-3.91097957647631,                      3409P   6351
-0.454446334057508,0.327749581237754,-0.679451766254752,            3409P   6352
1.02754823374525;                                                   3409P   6353
128,1,1,1,1,0,0,1,0,0,-2.11243087124102,-2.11243087124102,          3411P   6354
-0.27850595222613,-0.27850595222613,-0.00100000000000025,           3411P   6355
-0.00100000000000025,0.323567341928693,0.323567341928693,1.,1.,     3411P   6356
1.,1.,14.4906030737921,17.0582271484235,2.31134705724413,           3411P   6357
14.4906030737921,-0.175029986313432,-3.96104557925576,              3411P   6358
17.540538435377,17.4378988145551,1.26820772774084,                  3411P   6359
17.540538435377,0.20464167981817,-5.00418490875905,                 3411P   6360
-2.11243087124102,-0.27850595222613,-0.00100000000000025,           3411P   6361
0.323567341928693;                                                  3411P   6362
128,1,2,1,2,0,0,0,0,0,-0.0417788349297814,-0.0417788349297814,      3413P   6363
0.0417788349297813,0.0417788349297813,-0.0561257782962601,          3413P   6364
-0.0561257782962601,-0.0561257782962601,0.0968908471433843,         3413P   6365
0.0968908471433843,0.0968908471433843,1.,1.,0.997074666418802,      3413P   6366
0.997074666418802,1.,1.,17.3975619315683,1.,0.977478305256543,      3413P   6367
16.3991365696418,-1.11022302462516D-15,0.921381989316425,           3413P   6368
17.4724934088577,1.,-0.356183024878311,16.4697678186793,            3413P   6369
-1.11022302462516D-15,-0.335742105229627,17.3432724436824,1.,       3413P   6370
-1.68568263448526,16.3479626908169,-1.11022302462516D-15,           3413P   6371
-1.58894331543302,-0.0417788349297814,0.0417788349297813,           3413P   6372
-0.0561257782962601,0.0968908471433843;                             3413P   6373
128,1,2,1,2,0,0,0,0,0,0.0573888091822094,0.0573888091822094,        3415P   6374
0.921090387374462,0.921090387374462,-0.360959426830164,             3415P   6375
-0.360959426830164,-0.360959426830164,0.0468001614711846,           3415P   6376
0.0468001614711846,0.0468001614711846,1.,1.,0.979288407302339,      3415P   6377
0.979288407302339,1.,1.,16.3021053226946,16.05,6.15402202204159,    3415P   6378
16.3021053226946,0.999999999999999,6.15402202204159,                3415P   6379
17.5744644851666,16.05,2.78352172148655,17.5744644851666,           3415P   6380
0.999999999999999,2.78352172148655,17.4059208850471,16.05,          3415P   6381
-0.815195156683616,17.4059208850471,0.999999999999999,              3415P   6382
-0.815195156683616,0.0573888091822094,0.921090387374462,            3415P   6383
-0.360959426830164,0.0468001614711846;                              3415P   6384
128,1,2,1,2,0,0,0,0,0,-0.0417788349297813,-0.0417788349297813,      3417P   6385
0.0417788349297813,0.0417788349297813,-0.411050112502364,           3417P   6386
-0.411050112502364,-0.411050112502364,-0.258033487062719,           3417P   6387
-0.258033487062719,-0.258033487062719,1.,1.,0.997074666418802,      3417P   6388
0.997074666418802,1.,1.,15.0568259576842,17.05,6.56297318903621,    3417P   6389
15.9735276902677,16.05,6.96254537710538,15.55992998958,17.05,       3417P   6390
5.4087478663548,16.5072621046229,16.05,5.73804758424551,            3417P   6391
15.8812283891818,17.05,4.19132554815861,16.8481220506236,16.05,     3417P   6392
4.44650518579384,-0.0417788349297813,0.0417788349297813,            3417P   6393
-0.411050112502364,-0.258033487062719;                              3417P   6394
128,1,1,1,1,0,0,1,0,0,-2.48286739462179,-2.48286739462179,          3419P   6395
-0.648942475606901,-0.648942475606901,-0.00100000000000022,         3419P   6396
-0.00100000000000022,0.323567341928692,0.323567341928692,1.,1.,     3419P   6397
1.,1.,14.4956279989636,-0.00822714842345544,2.27962092833196,       3419P   6398
12.5573520788928,17.2250299863134,8.24502081803692,                 3419P   6399
17.0739411185605,-0.387898814555057,4.21418724353465,               3419P   6400
15.1356651984897,16.8453583201818,10.1795871332396,                 3419P   6401
-2.48286739462179,-0.648942475606901,-0.00100000000000022,          3419P   6402
0.323567341928692;                                                  3419P   6403
128,1,1,1,1,0,0,1,0,0,-0.454446334057508,-0.454446334057508,        3421P   6404
0.327749581237754,0.327749581237754,-0.679451766254752,             3421P   6405
-0.679451766254752,1.02754823374525,1.02754823374525,1.,1.,1.,      3421P   6406
1.,12.5817603324952,-0.0100000000000033,8.2003090297418,            3421P   6407
14.9988786400642,-0.0100000000000033,0.761183807131683,             3421P   6408
12.5817603324952,17.06,8.2003090297418,14.9988786400642,17.06,      3421P   6409
0.761183807131683,-0.454446334057508,0.327749581237754,             3421P   6410
-0.679451766254752,1.02754823374525;                                3421P   6411
128,1,1,1,1,0,0,1,0,0,-2.11243087124102,-2.11243087124102,          3423P   6412
-0.27850595222613,-0.27850595222613,-0.00100000000000022,           3423P   6413
-0.00100000000000022,0.323567341928693,0.323567341928693,1.,1.,     3423P   6414
1.,1.,13.0671369577896,17.0582271484235,6.67606428875528,           3423P   6415
15.0054128778604,-0.175029986313427,0.710664399050324,              3423P   6416
16.2901456380214,17.4378988145551,6.62646169050225,                 3423P   6417
18.2284215580921,0.204641679818174,0.661061800797295,               3423P   6418
-2.11243087124102,-0.27850595222613,-0.00100000000000022,           3423P   6419
0.323567341928693;                                                  3423P   6420
128,1,2,1,2,0,0,0,0,0,-0.0417788349297813,-0.0417788349297813,      3425P   6421
0.0417788349297814,0.0417788349297814,-0.370285043655239,           3425P   6422
-0.370285043655239,-0.370285043655239,-0.217268418215595,           3425P   6423
-0.217268418215595,-0.217268418215595,1.,1.,0.997074666418802,      3425P   6424
0.997074666418802,1.,1.,16.2440072347094,1.,6.30577940929661,       3425P   6425
15.3117830031622,-1.04083408558608D-15,5.94389823803137,            3425P   6426
16.7273953202135,1.,5.06054721063704,15.7674300220664,              3425P   6427
-1.04083408558608D-15,4.77012843240822,17.015336852625,1.,          3425P   6428
3.75618646923981,16.0388469328187,-1.04083408558608D-15,            3425P   6429
3.54062340070381,-0.0417788349297813,0.0417788349297814,            3425P   6430
-0.370285043655239,-0.217268418215595;                              3425P   6431
128,1,2,1,2,0,0,0,0,0,0.0573888091822095,0.0573888091822095,        3427P   6432
0.921090387374462,0.921090387374462,-0.675118692189143,             3427P   6433
-0.675118692189143,-0.675118692189143,-0.267359103887795,           3427P   6434
-0.267359103887795,-0.267359103887795,1.,1.,0.979288407302339,      3427P   6435
0.979288407302339,1.,1.,13.6025261079101,16.05,10.8904503342894,    3427P   6436
13.6025261079101,1.,10.8904503342894,15.8541534528643,16.05,        3427P   6437
8.07809466442431,15.8541534528643,1.,8.07809466442431,              3427P   6438
16.8059236369894,16.05,4.60342869040918,16.8059236369894,1.,        3427P   6439
4.60342869040918,0.0573888091822095,0.921090387374462,              3427P   6440
-0.675118692189143,-0.267359103887795;                              3427P   6441
128,1,2,1,2,0,0,0,0,0,-0.0417788349297815,-0.0417788349297815,      3429P   6442
0.0417788349297814,0.0417788349297814,-0.725209377861343,           3429P   6443
-0.725209377861343,-0.725209377861343,-0.572192752421698,           3429P   6444
-0.572192752421698,-0.572192752421698,1.,1.,0.997074666418802,      3429P   6445
0.997074666418802,1.,1.,12.2918221927382,17.05,10.8945735199735,    3429P   6446
13.0401827524179,16.05,11.5578656673083,13.1269778006936,17.05,     3429P   6447
9.95230770135887,13.9261849727297,16.05,10.5582320667384,           3429P   6448
13.808754922964,17.05,8.89375693829765,14.649470595595,16.05,       3429P   6449
9.4352337686354,-0.0417788349297815,0.0417788349297814,             3429P   6450
-0.725209377861343,-0.572192752421698;                              3429P   6451
128,1,1,1,1,0,0,1,0,0,-2.48286739462179,-2.48286739462179,          3431P   6452
-0.648942475606901,-0.648942475606901,-0.00100000000000004,         3431P   6453
-0.00100000000000004,0.323567341928692,0.323567341928692,1.,1.,     3431P   6454
1.,1.,13.0817198586174,-0.00822714842345455,6.64744373438997,       3431P   6455
9.39489997029486,17.2250299863134,11.7219159727107,                 3431P   6456
14.9360274839164,-0.387898814555054,9.28406820544393,               3431P   6457
11.2492075955938,16.8453583201818,14.3585404437646,                 3431P   6458
-2.48286739462179,-0.648942475606901,-0.00100000000000004,          3431P   6459
0.323567341928692;                                                  3431P   6460
128,1,1,1,1,0,0,1,0,0,-0.454446334057508,-0.454446334057508,        3433P   6461
0.327749581237754,0.327749581237754,-0.679451766254751,             3433P   6462
-0.679451766254751,1.02754823374525,1.02754823374525,1.,1.,1.,      3433P   6463
1.,9.4319303013669,-0.0100000000000011,11.6869351002635,            3433P   6464
14.0295625355066,-0.0100000000000011,5.35883721621819,              3433P   6465
9.4319303013669,17.06,11.6869351002635,14.0295625355066,17.06,      3433P   6466
5.35883721621819,-0.454446334057508,0.327749581237754,              3433P   6467
-0.679451766254751,1.02754823374525;                                3433P   6468
128,1,1,1,1,0,0,1,0,0,-2.11243087124102,-2.11243087124102,          3435P   6469
-0.27850595222613,-0.27850595222613,-0.00100000000000022,           3435P   6470
-0.00100000000000022,0.323567341928693,0.323567341928693,1.,1.,     3435P   6471
1.,1.,10.364568432262,17.0582271484235,10.387281832808,             3435P   6472
14.0513883205845,-0.175029986313432,5.31280959448733,               3435P   6473
13.4451598854976,17.4378988145551,11.3360714137239,                 3435P   6474
17.1319797738201,0.20464167981817,6.26159917540319,                 3435P   6475
-2.11243087124102,-0.27850595222613,-0.00100000000000022,           3435P   6476
0.323567341928693;                                                  3435P   6477
128,1,2,1,2,0,0,0,0,0,-0.0417788349297813,-0.0417788349297813,      3437P   6478
0.0417788349297815,0.0417788349297815,-0.684444309014219,           3437P   6479
-0.684444309014219,-0.684444309014219,-0.531427683574574,           3437P   6480
-0.531427683574574,-0.531427683574574,1.,1.,0.997074666418802,      3437P   6481
0.997074666418802,1.,1.,13.5003759310637,1.,11.0168268898061,       3437P   6482
12.7256054328678,6.93889390390723D-17,10.3845843136336,             3437P   6483
14.3449032310105,1.,9.98191582626954,13.5216663167488,              3437P   6484
6.93889390390723D-17,9.40906556364288,15.0218215376098,1.,          3437P   6485
8.83037387046568,14.1597370878187,6.93889390390723D-17,             3437P   6486
8.32360922940595,-0.0417788349297813,0.0417788349297815,            3437P   6487
-0.684444309014219,-0.531427683574574;                              3437P   6488
128,1,2,1,2,0,0,0,0,0,0.0573888091822095,0.0573888091822095,        3439P   6489
0.921090387374462,0.921090387374462,-0.989277957548123,             3439P   6490
-0.989277957548123,-0.989277957548123,-0.581518369246774,           3439P   6491
-0.581518369246774,-0.581518369246774,1.,1.,0.979288407302339,      3439P   6492
0.979288407302339,1.,1.,9.57143686331106,16.05,14.5608454895878,    3439P   6493
9.57143686331106,1.,14.5608454895878,12.5819274182132,16.05,        3439P   6494
12.5819274182132,12.5819274182132,1.,12.5819274182132,              3439P   6495
14.5608454895878,16.05,9.57143686331106,14.5608454895878,1.,        3439P   6496
9.57143686331106,0.0573888091822095,0.921090387374462,              3439P   6497
-0.989277957548123,-0.581518369246774;                              3439P   6498
128,1,2,1,2,0,0,0,0,0,-0.0417788349297815,-0.0417788349297815,      3441P   6499
0.0417788349297814,0.0417788349297814,-1.03936864322032,            3441P   6500
-1.03936864322032,-1.03936864322032,-0.886352017780678,             3441P   6501
-0.886352017780678,-0.886352017780678,1.,1.,0.997074666418802,      3441P   6502
0.997074666418802,1.,1.,8.32360922940595,17.05,14.1597370878187,    3441P   6503
8.83037387046567,16.05,15.0218215376098,9.40906556364289,17.05,     3441P   6504
13.5216663167488,9.98191582626955,16.05,14.3449032310105,           3441P   6505
10.3845843136336,17.05,12.7256054328678,11.0168268898061,16.05,     3441P   6506
13.5003759310637,-0.0417788349297815,0.0417788349297814,            3441P   6507
-1.03936864322032,-0.886352017780678;                               3441P   6508
128,1,1,1,1,0,0,1,0,0,-2.48286739462179,-2.48286739462179,          3443P   6509
-0.648942475606901,-0.648942475606901,-0.001,-0.001,                3443P   6510
0.323567341928691,0.323567341928691,1.,1.,1.,1.,10.387281832808,    3443P   6511
-0.00822714842345348,10.364568432262,5.31280959448733,              3443P   6512
17.2250299863134,14.0513883205845,11.3360714137239,                 3443P   6513
-0.387898814555054,13.4451598854975,6.26159917540319,               3443P   6514
16.8453583201818,17.1319797738201,-2.48286739462179,                3443P   6515
-0.648942475606901,-0.001,0.323567341928691;                        3443P   6516
128,1,1,1,1,0,0,1,0,0,-0.454446334057508,-0.454446334057508,        3445P   6517
0.327749581237754,0.327749581237754,-0.679451766254752,             3445P   6518
-0.679451766254752,1.02754823374525,1.02754823374525,1.,1.,1.,      3445P   6519
1.,5.35883721621819,-0.0100000000000022,14.0295625355066,           3445P   6520
11.6869351002635,-0.0100000000000022,9.4319303013669,               3445P   6521
5.35883721621819,17.06,14.0295625355066,11.6869351002635,17.06,     3445P   6522
9.4319303013669,-0.454446334057508,0.327749581237754,               3445P   6523
-0.679451766254752,1.02754823374525;                                3445P   6524
128,1,1,1,1,0,0,1,0,0,-2.11243087124102,-2.11243087124102,          3447P   6525
-0.27850595222613,-0.27850595222613,-0.00100000000000029,           3447P   6526
-0.00100000000000029,0.323567341928691,0.323567341928691,1.,1.,     3447P   6527
1.,1.,6.64744373438998,17.0582271484235,13.0817198586174,           3447P   6528
11.7219159727107,-0.175029986313432,9.39489997029486,               3447P   6529
9.28406820544393,17.4378988145551,14.9360274839164,                 3447P   6530
14.3585404437646,0.204641679818168,11.2492075955938,                3447P   6531
-2.11243087124102,-0.27850595222613,-0.00100000000000029,           3447P   6532
0.323567341928691;                                                  3447P   6533
128,1,2,1,2,0,0,0,0,0,-0.0417788349297813,-0.0417788349297813,      3449P   6534
0.0417788349297815,0.0417788349297815,-0.998603574373198,           3449P   6535
-0.998603574373198,-0.998603574373198,-0.845586948933554,           3449P   6536
-0.845586948933554,-0.845586948933554,1.,1.,0.997074666418802,      3449P   6537
0.997074666418802,1.,1.,9.43523376863541,1.,14.649470595595,        3449P   6538
8.89375693829765,-8.32667268468867D-16,13.808754922964,             3449P   6539
10.5582320667384,1.,13.9261849727297,9.95230770135887,              3449P   6540
-8.32667268468867D-16,13.1269778006936,11.5578656673083,1.,         3449P   6541
13.0401827524179,10.8945735199735,-8.32667268468867D-16,            3449P   6542
12.2918221927382,-0.0417788349297813,0.0417788349297815,            3449P   6543
-0.998603574373198,-0.845586948933554;                              3449P   6544
128,1,2,1,2,0,0,0,0,0,0.0573888091822095,0.0573888091822095,        3451P   6545
0.921090387374462,0.921090387374462,-1.3034372229071,               3451P   6546
-1.3034372229071,-1.3034372229071,-0.895677634605753,               3451P   6547
-0.895677634605753,-0.895677634605753,1.,1.,0.979288407302339,      3451P   6548
0.979288407302339,1.,1.,4.60342869040919,16.05,16.8059236369894,    3451P   6549
4.60342869040919,1.,16.8059236369894,8.07809466442431,16.05,        3451P   6550
15.8541534528643,8.07809466442431,1.,15.8541534528643,              3451P   6551
10.8904503342894,16.05,13.6025261079101,10.8904503342894,1.,        3451P   6552
13.6025261079101,0.0573888091822095,0.921090387374462,              3451P   6553
-1.3034372229071,-0.895677634605753;                                3451P   6554
128,1,2,1,2,0,0,0,0,0,-0.0417788349297814,-0.0417788349297814,      3453P   6555
0.0417788349297813,0.0417788349297813,-1.3535279085793,             3453P   6556
-1.3535279085793,-1.3535279085793,-1.20051128313966,                3453P   6557
-1.20051128313966,-1.20051128313966,1.,1.,0.997074666418802,        3453P   6558
0.997074666418802,1.,1.,3.54062340070382,17.05,16.0388469328187,    3453P   6559
3.75618646923982,16.05,17.015336852625,4.77012843240823,17.05,      3453P   6560
15.7674300220664,5.06054721063704,16.05,16.7273953202135,           3453P   6561
5.94389823803138,17.05,15.3117830031622,6.30577940929661,16.05,     3453P   6562
16.2440072347094,-0.0417788349297814,0.0417788349297813,            3453P   6563
-1.3535279085793,-1.20051128313966;                                 3453P   6564
128,1,1,1,1,0,0,1,0,0,-2.48286739462179,-2.48286739462179,          3455P   6565
-0.648942475606901,-0.648942475606901,-0.00100000000000022,         3455P   6566
-0.00100000000000022,0.323567341928691,0.323567341928691,1.,1.,     3455P   6567
1.,1.,6.67606428875528,-0.00822714842345433,13.0671369577896,       3455P   6568
0.710664399050324,17.2250299863134,15.0054128778604,                3455P   6569
6.62646169050225,-0.387898814555054,16.2901456380214,               3455P   6570
0.661061800797293,16.8453583201818,18.2284215580921,                3455P   6571
-2.48286739462179,-0.648942475606901,-0.00100000000000022,          3455P   6572
0.323567341928691;                                                  3455P   6573
128,1,1,1,1,0,0,1,0,0,-0.454446334057508,-0.454446334057508,        3457P   6574
0.327749581237754,0.327749581237754,-0.679451766254752,             3457P   6575
-0.679451766254752,1.02754823374525,1.02754823374525,1.,1.,1.,      3457P   6576
1.,0.761183807131683,-0.0100000000000033,14.9988786400642,          3457P   6577
8.20030902974179,-0.0100000000000033,12.5817603324952,              3457P   6578
0.761183807131683,17.06,14.9988786400642,8.2003090297418,17.06,     3457P   6579
12.5817603324952,-0.454446334057508,0.327749581237754,              3457P   6580
-0.679451766254752,1.02754823374525;                                3457P   6581
128,1,1,1,1,0,0,1,0,0,-2.11243087124102,-2.11243087124102,          3459P   6582
-0.27850595222613,-0.27850595222613,-0.00100000000000034,           3459P   6583
-0.00100000000000034,0.323567341928693,0.323567341928693,1.,1.,     3459P   6584
1.,1.,2.27962092833197,17.0582271484235,14.4956279989636,           3459P   6585
8.24502081803692,-0.175029986313432,12.5573520788928,               3459P   6586
4.21418724353466,17.4378988145551,17.0739411185605,                 3459P   6587
10.1795871332396,0.20464167981817,15.1356651984897,                 3459P   6588
-2.11243087124102,-0.27850595222613,-0.00100000000000034,           3459P   6589
0.323567341928693;                                                  3459P   6590
128,1,2,1,2,0,0,0,0,0,-0.0417788349297813,-0.0417788349297813,      3461P   6591
0.0417788349297814,0.0417788349297814,-1.31276283973218,            3461P   6592
-1.31276283973218,-1.31276283973218,-1.15974621429253,              3461P   6593
-1.15974621429253,-1.15974621429253,1.,1.,0.997074666418802,        3461P   6594
0.997074666418802,1.,1.,4.44650518579385,1.,16.8481220506236,       3461P   6595
4.19132554815862,-3.46944695195361D-16,15.8812283891818,            3461P   6596
5.73804758424551,1.,16.5072621046229,5.40874786635481,              3461P   6597
-3.46944695195361D-16,15.55992998958,6.96254537710539,1.,           3461P   6598
15.9735276902677,6.56297318903621,-3.46944695195361D-16,            3461P   6599
15.0568259576842,-0.0417788349297813,0.0417788349297814,            3461P   6600
-1.31276283973218,-1.15974621429253;                                3461P   6601
128,1,2,1,2,0,0,0,0,0,0.0573888091822092,0.0573888091822092,        3463P   6602
0.921090387374463,0.921090387374463,-1.61759648826608,              3463P   6603
-1.61759648826608,-1.61759648826608,-1.20983689996473,              3463P   6604
-1.20983689996473,-1.20983689996473,1.,1.,0.979288407302339,        3463P   6605
0.979288407302339,1.,1.,-0.815195156683622,16.05,                   3463P   6606
17.4059208850471,-0.815195156683622,0.999999999999995,              3463P   6607
17.4059208850471,2.78352172148654,16.05,17.5744644851666,           3463P   6608
2.78352172148654,0.999999999999995,17.5744644851666,                3463P   6609
6.15402202204159,16.05,16.3021053226946,6.15402202204159,           3463P   6610
0.999999999999995,16.3021053226946,0.0573888091822092,              3463P   6611
0.921090387374463,-1.61759648826608,-1.20983689996473;              3463P   6612
128,1,2,1,2,0,0,0,0,0,-0.0417788349297813,-0.0417788349297813,      3465P   6613
0.0417788349297814,0.0417788349297814,-1.66768717393828,            3465P   6614
-1.66768717393828,-1.66768717393828,-1.51467054849864,              3465P   6615
-1.51467054849864,-1.51467054849864,1.,1.,0.997074666418802,        3465P   6616
0.997074666418802,1.,1.,-1.58894331543302,17.05,                    3465P   6617
16.3479626908169,-1.68568263448526,16.05,17.3432724436824,          3465P   6618
-0.335742105229624,17.05,16.4697678186793,-0.356183024878308,       3465P   6619
16.05,17.4724934088577,0.92138198931643,17.05,16.3991365696418,     3465P   6620
0.977478305256548,16.05,17.3975619315683,-0.0417788349297813,       3465P   6621
0.0417788349297814,-1.66768717393828,-1.51467054849864;             3465P   6622
128,1,1,1,1,0,0,1,0,0,-2.11243087124102,-2.11243087124102,          3467P   6623
-0.27850595222613,-0.27850595222613,-0.00100000000000022,           3467P   6624
-0.00100000000000022,0.323567341928692,0.323567341928692,1.,1.,     3467P   6625
1.,1.,-2.31134705724413,17.0582271484235,14.4906030737921,          3467P   6626
3.96104557925576,-0.175029986313432,14.4906030737921,               3467P   6627
-1.26820772774084,17.4378988145551,17.540538435377,                 3467P   6628
5.00418490875905,0.20464167981817,17.540538435377,                  3467P   6629
-2.11243087124102,-0.27850595222613,-0.00100000000000022,           3467P   6630
0.323567341928692;                                                  3467P   6631
128,1,1,1,1,0,0,1,0,0,-2.48286739462179,-2.48286739462179,          3469P   6632
-0.648942475606901,-0.648942475606901,-0.00100000000000003,         3469P   6633
-0.00100000000000003,0.323567341928692,0.323567341928692,1.,1.,     3469P   6634
1.,1.,2.31134705724413,-0.00822714842345456,14.4906030737921,       3469P   6635
-3.96104557925576,17.2250299863134,14.4906030737921,                3469P   6636
1.26820772774084,-0.387898814555054,17.540538435377,                3469P   6637
-5.00418490875905,16.8453583201818,17.540538435377,                 3469P   6638
-2.48286739462179,-0.648942475606901,-0.00100000000000003,          3469P   6639
0.323567341928692;                                                  3469P   6640
128,1,1,1,1,0,0,1,0,0,-0.454446334057508,-0.454446334057508,        3471P   6641
0.327749581237754,0.327749581237754,-0.679451766254752,             3471P   6642
-0.679451766254752,1.02754823374525,1.02754823374525,1.,1.,1.,      3471P   6643
1.,-3.91097957647631,-0.0100000000000022,14.5,3.91097957647631,     3471P   6644
-0.0100000000000022,14.5,-3.91097957647631,17.06,14.5,              3471P   6645
3.91097957647631,17.06,14.5,-0.454446334057508,                     3471P   6646
0.327749581237754,-0.679451766254752,1.02754823374525;              3471P   6647
128,1,2,1,2,0,0,0,0,0,-0.0417788349297813,-0.0417788349297813,      3473P   6648
0.0417788349297813,0.0417788349297813,-1.98184643929726,            3473P   6649
-1.98184643929726,-1.98184643929726,-1.82882981385762,              3473P   6650
-1.82882981385762,-1.82882981385762,1.,1.,0.997074666418802,        3473P   6651
0.997074666418802,1.,1.,-6.56297318903622,17.05,                    3473P   6652
15.0568259576842,-6.9625453771054,16.05,15.9735276902677,           3473P   6653
-5.40874786635481,17.05,15.55992998958,-5.73804758424552,16.05,     3473P   6654
16.5072621046229,-4.19132554815862,17.05,15.8812283891818,          3473P   6655
-4.44650518579385,16.05,16.8481220506236,-0.0417788349297813,       3473P   6656
0.0417788349297813,-1.98184643929726,-1.82882981385762;             3473P   6657
128,1,2,1,2,0,0,0,0,0,0.0573888091822095,0.0573888091822095,        3475P   6658
0.921090387374462,0.921090387374462,-1.93175575362506,              3475P   6659
-1.93175575362506,-1.93175575362506,-1.52399616532371,              3475P   6660
-1.52399616532371,-1.52399616532371,1.,1.,0.979288407302339,        3475P   6661
0.979288407302339,1.,1.,-6.15402202204159,16.05,                    3475P   6662
16.3021053226946,-6.15402202204159,1.,16.3021053226946,             3475P   6663
-2.78352172148655,16.05,17.5744644851666,-2.78352172148655,1.,      3475P   6664
17.5744644851666,0.815195156683617,16.05,17.4059208850471,          3475P   6665
0.815195156683617,1.,17.4059208850471,0.0573888091822095,           3475P   6666
0.921090387374462,-1.93175575362506,-1.52399616532371;              3475P   6667
128,1,1,1,1,0,0,1,0,0,-1.64686132363843,-1.64686132363843,          3477P   6668
1.64686132363843,1.64686132363843,-1.64686132363843,                3477P   6669
-1.64686132363843,1.64686132363843,1.64686132363843,1.,1.,1.,1.,    3477P   6670
-16.4686132363843,17.05,16.4686132363843,16.4686132363843,17.05,    3477P   6671
16.4686132363843,-16.4686132363843,17.05,-16.4686132363843,         3477P   6672
16.4686132363843,17.05,-16.4686132363843,-1.64686132363843,         3477P   6673
1.64686132363843,-1.64686132363843,1.64686132363843;                3477P   6674
128,1,8,1,2,0,1,0,0,1,0.,0.,0.125,0.125,-3.14159265358979,          3479P   6675
-3.14159265358979,-3.14159265358979,-1.5707963267949,               3479P   6676
-1.5707963267949,0.,0.,1.5707963267949,1.5707963267949,             3479P   6677
3.14159265358979,3.14159265358979,3.14159265358979,1.,1.,           3479P   6678
0.707106781186548,0.707106781186548,1.,1.,0.707106781186548,        3479P   6679
0.707106781186548,1.,1.,0.707106781186548,0.707106781186548,1.,     3479P   6680
1.,0.707106781186548,0.707106781186548,1.,1.,-8.,-42.,0.,-8.,       3479P   6681
-41.,0.,-8.,-42.,-8.,-8.,-41.,-8.,0.,-42.,-8.,0.,-41.,-8.,8.,       3479P   6682
-42.,-8.,8.,-41.,-8.,8.,-42.,0.,8.,-41.,0.,8.,-42.,8.,8.,-41.,      3479P   6683
8.,0.,-42.,8.,0.,-41.,8.,-8.,-42.,8.,-8.,-41.,8.,-8.,-42.,0.,       3479P   6684
-8.,-41.,0.,0.,0.125,-3.14159265358979,3.14159265358979;            3479P   6685
128,1,1,1,1,0,0,1,0,0,-0.801,-0.801,0.801,0.801,-0.801,-0.801,      3481P   6686
0.801,0.801,1.,1.,1.,1.,-8.01,-42.,-8.01,8.01,-42.,-8.01,-8.01,     3481P   6687
-42.,8.01,8.01,-42.,8.01,-0.801,0.801,-0.801,0.801;                 3481P   6688
128,1,8,1,2,0,1,0,0,1,0.588235294117647,0.588235294117647,          3483P   6689
4.11764705882353,4.11764705882353,-3.14159265358979,                3483P   6690
-3.14159265358979,-3.14159265358979,-1.5707963267949,               3483P   6691
-1.5707963267949,0.,0.,1.5707963267949,1.5707963267949,             3483P   6692
3.14159265358979,3.14159265358979,3.14159265358979,1.,1.,           3483P   6693
0.707106781186548,0.707106781186548,1.,1.,0.707106781186548,        3483P   6694
0.707106781186548,1.,1.,0.707106781186548,0.707106781186548,1.,     3483P   6695
1.,0.707106781186548,0.707106781186548,1.,1.,-8.5,-41.,0.,-8.5,     3483P   6696
-11.,0.,-8.5,-41.,-8.5,-8.5,-11.,-8.5,0.,-41.,-8.5,0.,-11.,-8.5,    3483P   6697
8.5,-41.,-8.5,8.5,-11.,-8.5,8.5,-41.,0.,8.5,-11.,0.,8.5,-41.,       3483P   6698
8.5,8.5,-11.,8.5,0.,-41.,8.5,0.,-11.,8.5,-8.5,-41.,8.5,-8.5,        3483P   6699
-11.,8.5,-8.5,-41.,0.,-8.5,-11.,0.,0.588235294117647,               3483P   6700
4.11764705882353,-3.14159265358979,3.14159265358979;                3483P   6701
128,1,1,1,1,0,0,1,0,0,-0.851,-0.851,0.851,0.851,-0.851,-0.851,      3485P   6702
0.851,0.851,1.,1.,1.,1.,-8.51,-41.,-8.51,8.51,-41.,-8.51,-8.51,     3485P   6703
-41.,8.51,8.51,-41.,8.51,-0.851,0.851,-0.851,0.851;                 3485P   6704
128,1,8,1,2,0,1,0,0,1,0.,0.,0.5,0.5,-3.14159265358979,              3487P   6705
-3.14159265358979,-3.14159265358979,-1.5707963267949,               3487P   6706
-1.5707963267949,0.,0.,1.5707963267949,1.5707963267949,             3487P   6707
3.14159265358979,3.14159265358979,3.14159265358979,1.,1.,           3487P   6708
0.707106781186548,0.707106781186548,1.,1.,0.707106781186548,        3487P   6709
0.707106781186548,1.,1.,0.707106781186548,0.707106781186548,1.,     3487P   6710
1.,0.707106781186548,0.707106781186548,1.,1.,-12.,-6.,0.,-12.,      3487P   6711
0.,0.,-12.,-6.,-12.,-12.,0.,-12.,0.,-6.,-12.,0.,0.,-12.,12.,-6.,    3487P   6712
-12.,12.,0.,-12.,12.,-6.,0.,12.,0.,0.,12.,-6.,12.,12.,0.,12.,0.,    3487P   6713
-6.,12.,0.,0.,12.,-12.,-6.,12.,-12.,0.,12.,-12.,-6.,0.,-12.,0.,     3487P   6714
0.,0.,0.5,-3.14159265358979,3.14159265358979;                       3487P   6715
128,1,1,1,1,0,0,1,0,0,-1.201,-1.201,1.201,1.201,-1.201,-1.201,      3489P   6716
1.201,1.201,1.,1.,1.,1.,-12.01,-6.,-12.01,12.01,-6.,-12.01,         3489P   6717
-12.01,-6.,12.01,12.01,-6.,12.01,-1.201,1.201,-1.201,1.201;         3489P   6718
128,1,8,1,2,0,1,0,0,1,0.,0.,4.45882352941176,4.45882352941176,      3491P   6719
-3.14159265358979,-3.14159265358979,-3.14159265358979,              3491P   6720
-1.5707963267949,-1.5707963267949,0.,0.,1.5707963267949,            3491P   6721
1.5707963267949,3.14159265358979,3.14159265358979,                  3491P   6722
3.14159265358979,1.,1.,0.707106781186548,0.707106781186548,1.,      3491P   6723
1.,0.707106781186548,0.707106781186548,1.,1.,0.707106781186548,     3491P   6724
0.707106781186548,1.,1.,0.707106781186548,0.707106781186548,1.,     3491P   6725
1.,-8.5,-79.9,0.,-8.5,-42.,0.,-8.5,-79.9,-8.5,-8.5,-42.,-8.5,0.,    3491P   6726
-79.9,-8.5,0.,-42.,-8.5,8.5,-79.9,-8.5,8.5,-42.,-8.5,8.5,-79.9,     3491P   6727
0.,8.5,-42.,0.,8.5,-79.9,8.5,8.5,-42.,8.5,0.,-79.9,8.5,0.,-42.,     3491P   6728
8.5,-8.5,-79.9,8.5,-8.5,-42.,8.5,-8.5,-79.9,0.,-8.5,-42.,0.,0.,     3491P   6729
4.45882352941176,-3.14159265358979,3.14159265358979;                3491P   6730
128,1,1,1,1,0,0,1,0,0,-0.851,-0.851,0.851,0.851,-0.851,-0.851,      3493P   6731
0.851,0.851,1.,1.,1.,1.,-8.51,-79.9,-8.51,8.51,-79.9,-8.51,         3493P   6732
-8.51,-79.9,8.51,8.51,-79.9,8.51,-0.851,0.851,-0.851,0.851;         3493P   6733
128,1,1,1,1,0,0,1,0,0,-0.851,-0.851,0.851,0.851,-0.851,-0.851,      3495P   6734
0.851,0.851,1.,1.,1.,1.,8.51,-42.,-8.51,-8.51,-42.,-8.51,8.51,      3495P   6735
-42.,8.51,-8.51,-42.,8.51,-0.851,0.851,-0.851,0.851;                3495P   6736
128,1,8,1,2,0,1,0,0,1,0.,0.,2.66666666666666,2.66666666666666,      3497P   6737
-3.14159265358979,-3.14159265358979,-3.14159265358979,              3497P   6738
-1.5707963267949,-1.5707963267949,0.,0.,1.5707963267949,            3497P   6739
1.5707963267949,3.14159265358979,3.14159265358979,                  3497P   6740
3.14159265358979,1.,1.,0.707106781186548,0.707106781186548,1.,      3497P   6741
1.,0.707106781186548,0.707106781186548,1.,1.,0.707106781186548,     3497P   6742
0.707106781186548,1.,1.,0.707106781186548,0.707106781186548,1.,     3497P   6743
1.,20.,-3.,23.,20.,5.,23.,20.,-3.,26.,20.,5.,26.,23.,-3.,26.,       3497P   6744
23.,5.,26.,26.,-3.,26.,26.,5.,26.,26.,-3.,23.,26.,5.,23.,26.,       3497P   6745
-3.,20.,26.,5.,20.,23.,-3.,20.,23.,5.,20.,20.,-3.,20.,20.,5.,       3497P   6746
20.,20.,-3.,23.,20.,5.,23.,0.,2.66666666666666,                     3497P   6747
-3.14159265358979,3.14159265358979;                                 3497P   6748
128,1,8,1,2,0,1,0,0,1,0.,0.,2.66666666666666,2.66666666666666,      3499P   6749
-3.14159265358979,-3.14159265358979,-3.14159265358979,              3499P   6750
-1.5707963267949,-1.5707963267949,0.,0.,1.5707963267949,            3499P   6751
1.5707963267949,3.14159265358979,3.14159265358979,                  3499P   6752
3.14159265358979,1.,1.,0.707106781186548,0.707106781186548,1.,      3499P   6753
1.,0.707106781186548,0.707106781186548,1.,1.,0.707106781186548,     3499P   6754
0.707106781186548,1.,1.,0.707106781186548,0.707106781186548,1.,     3499P   6755
1.,20.,-3.,-23.,20.,5.,-23.,20.,-3.,-20.,20.,5.,-20.,23.,-3.,       3499P   6756
-20.,23.,5.,-20.,26.,-3.,-20.,26.,5.,-20.,26.,-3.,-23.,26.,5.,      3499P   6757
-23.,26.,-3.,-26.,26.,5.,-26.,23.,-3.,-26.,23.,5.,-26.,20.,-3.,     3499P   6758
-26.,20.,5.,-26.,20.,-3.,-23.,20.,5.,-23.,0.,2.66666666666666,      3499P   6759
-3.14159265358979,3.14159265358979;                                 3499P   6760
128,1,8,1,2,0,1,0,0,1,0.,0.,2.66666666666667,2.66666666666667,      3501P   6761
-3.14159265358979,-3.14159265358979,-3.14159265358979,              3501P   6762
-1.5707963267949,-1.5707963267949,0.,0.,1.5707963267949,            3501P   6763
1.5707963267949,3.14159265358979,3.14159265358979,                  3501P   6764
3.14159265358979,1.,1.,0.707106781186548,0.707106781186548,1.,      3501P   6765
1.,0.707106781186548,0.707106781186548,1.,1.,0.707106781186548,     3501P   6766
0.707106781186548,1.,1.,0.707106781186548,0.707106781186548,1.,     3501P   6767
1.,-26.,-3.,23.,-26.,5.,23.,-26.,-3.,26.,-26.,5.,26.,-23.,-3.,      3501P   6768
26.,-23.,5.,26.,-20.,-3.,26.,-20.,5.,26.,-20.,-3.,23.,-20.,5.,      3501P   6769
23.,-20.,-3.,20.,-20.,5.,20.,-23.,-3.,20.,-23.,5.,20.,-26.,-3.,     3501P   6770
20.,-26.,5.,20.,-26.,-3.,23.,-26.,5.,23.,0.,2.66666666666667,       3501P   6771
-3.14159265358979,3.14159265358979;                                 3501P   6772
128,1,8,1,2,0,1,0,0,1,0.,0.,2.66666666666667,2.66666666666667,      3503P   6773
-3.14159265358979,-3.14159265358979,-3.14159265358979,              3503P   6774
-1.5707963267949,-1.5707963267949,0.,0.,1.5707963267949,            3503P   6775
1.5707963267949,3.14159265358979,3.14159265358979,                  3503P   6776
3.14159265358979,1.,1.,0.707106781186548,0.707106781186548,1.,      3503P   6777
1.,0.707106781186548,0.707106781186548,1.,1.,0.707106781186548,     3503P   6778
0.707106781186548,1.,1.,0.707106781186548,0.707106781186548,1.,     3503P   6779
1.,-26.,-3.,-23.,-26.,5.,-23.,-26.,-3.,-20.,-26.,5.,-20.,-23.,      3503P   6780
-3.,-20.,-23.,5.,-20.,-20.,-3.,-20.,-20.,5.,-20.,-20.,-3.,-23.,     3503P   6781
-20.,5.,-23.,-20.,-3.,-26.,-20.,5.,-26.,-23.,-3.,-26.,-23.,5.,      3503P   6782
-26.,-26.,-3.,-26.,-26.,5.,-26.,-26.,-3.,-23.,-26.,5.,-23.,0.,      3503P   6783
2.66666666666667,-3.14159265358979,3.14159265358979;                3503P   6784
128,1,1,1,1,0,0,1,0,0,-0.001,-0.001,5.801,5.801,-0.001,-0.001,      3505P   6785
0.801,0.801,1.,1.,1.,1.,29.,-3.01,29.01,29.,-3.01,-29.01,29.,       3505P   6786
5.01,29.01,29.,5.01,-29.01,-0.001,5.801,-0.001,0.801;               3505P   6787
128,1,1,1,1,0,0,1,0,0,-0.001,-0.001,5.801,5.801,-0.001,-0.001,      3507P   6788
0.801,0.801,1.,1.,1.,1.,-29.01,-3.01,29.,29.01,-3.01,29.,-29.01,    3507P   6789
5.01,29.,29.01,5.01,29.,-0.001,5.801,-0.001,0.801;                  3507P   6790
128,1,1,1,1,0,0,1,0,0,-0.001,-0.001,5.801,5.801,-0.001,-0.001,      3509P   6791
0.801,0.801,1.,1.,1.,1.,-29.,-3.01,-29.01,-29.,-3.01,29.01,-29.,    3509P   6792
5.01,-29.01,-29.,5.01,29.01,-0.001,5.801,-0.001,0.801;              3509P   6793
128,1,1,1,1,0,0,1,0,0,-0.001,-0.001,5.801,5.801,-0.001,-0.001,      3511P   6794
0.801,0.801,1.,1.,1.,1.,29.01,-3.01,-29.,-29.01,-3.01,-29.,         3511P   6795
29.01,5.01,-29.,-29.01,5.01,-29.,-0.001,5.801,-0.001,0.801;         3511P   6796
128,1,8,1,2,0,1,0,0,1,0.,0.,0.0864864864864865,                     3513P   6797
0.0864864864864865,-3.14159265358979,-3.14159265358979,             3513P   6798
-3.14159265358979,-1.5707963267949,-1.5707963267949,0.,0.,          3513P   6799
1.5707963267949,1.5707963267949,3.14159265358979,                   3513P   6800
3.14159265358979,3.14159265358979,1.,1.,0.707106781186548,          3513P   6801
0.707106781186548,1.,1.,0.707106781186548,0.707106781186548,1.,     3513P   6802
1.,0.707106781186548,0.707106781186548,1.,1.,0.707106781186548,     3513P   6803
0.707106781186548,1.,1.,-18.5,31.6,0.,-18.5,30.,0.,-18.5,31.6,      3513P   6804
-18.5,-18.5,30.,-18.5,0.,31.6,-18.5,0.,30.,-18.5,18.5,31.6,         3513P   6805
-18.5,18.5,30.,-18.5,18.5,31.6,0.,18.5,30.,0.,18.5,31.6,18.5,       3513P   6806
18.5,30.,18.5,0.,31.6,18.5,0.,30.,18.5,-18.5,31.6,18.5,-18.5,       3513P   6807
30.,18.5,-18.5,31.6,0.,-18.5,30.,0.,0.,0.0864864864864865,          3513P   6808
-3.14159265358979,3.14159265358979;                                 3513P   6809
128,1,1,1,1,0,0,1,0,0,-1.851,-1.851,1.851,1.851,-1.851,-1.851,      3515P   6810
1.851,1.851,1.,1.,1.,1.,18.51,31.6,18.51,-18.51,31.6,18.51,         3515P   6811
18.51,31.6,-18.51,-18.51,31.6,-18.51,-1.851,1.851,-1.851,1.851;     3515P   6812
128,1,1,1,1,0,0,1,0,0,-1.851,-1.851,1.851,1.851,-1.851,-1.851,      3517P   6813
1.851,1.851,1.,1.,1.,1.,-18.51,30.,18.51,18.51,30.,18.51,-18.51,    3517P   6814
30.,-18.51,18.51,30.,-18.51,-1.851,1.851,-1.851,1.851;              3517P   6815
128,1,8,1,2,0,1,0,0,1,0.171428571428571,0.171428571428571,          3519P   6816
1.88571428571429,1.88571428571429,-3.14159265358979,                3519P   6817
-3.14159265358979,-3.14159265358979,-1.5707963267949,               3519P   6818
-1.5707963267949,0.,0.,1.5707963267949,1.5707963267949,             3519P   6819
3.14159265358979,3.14159265358979,3.14159265358979,1.,1.,           3519P   6820
0.707106781186548,0.707106781186548,1.,1.,0.707106781186548,        3519P   6821
0.707106781186548,1.,1.,0.707106781186548,0.707106781186548,1.,     3519P   6822
1.,0.707106781186548,0.707106781186548,1.,1.,-17.5,0.,0.,-17.5,     3519P   6823
30.,0.,-17.5,0.,17.5,-17.5,30.,17.5,0.,0.,17.5,0.,30.,17.5,17.5,    3519P   6824
0.,17.5,17.5,30.,17.5,17.5,0.,0.,17.5,30.,0.,17.5,0.,-17.5,17.5,    3519P   6825
30.,-17.5,0.,0.,-17.5,0.,30.,-17.5,-17.5,0.,-17.5,-17.5,30.,        3519P   6826
-17.5,-17.5,0.,0.,-17.5,30.,0.,0.171428571428571,                   3519P   6827
1.88571428571429,-3.14159265358979,3.14159265358979;                3519P   6828
128,1,8,1,2,0,1,0,0,1,0.,0.,0.214285714285714,0.214285714285714,    3521P   6829
-3.14159265358979,-3.14159265358979,-3.14159265358979,              3521P   6830
-1.5707963267949,-1.5707963267949,0.,0.,1.5707963267949,            3521P   6831
1.5707963267949,3.14159265358979,3.14159265358979,                  3521P   6832
3.14159265358979,1.,1.,0.707106781186548,0.707106781186548,1.,      3521P   6833
1.,0.707106781186548,0.707106781186548,1.,1.,0.707106781186548,     3521P   6834
0.707106781186548,1.,1.,0.707106781186548,0.707106781186548,1.,     3521P   6835
1.,14.,-3.,0.,14.,0.,0.,14.,-3.,-14.,14.,0.,-14.,0.,-3.,-14.,0.,    3521P   6836
0.,-14.,-14.,-3.,-14.,-14.,0.,-14.,-14.,-3.,0.,-14.,0.,0.,-14.,     3521P   6837
-3.,14.,-14.,0.,14.,0.,-3.,14.,0.,0.,14.,14.,-3.,14.,14.,0.,14.,    3521P   6838
14.,-3.,0.,14.,0.,0.,0.,0.214285714285714,-3.14159265358979,        3521P   6839
3.14159265358979;                                                   3521P   6840
128,1,1,1,1,0,0,1,0,0,-1.751,-1.751,1.751,1.751,-1.751,-1.751,      3523P   6841
1.751,1.751,1.,1.,1.,1.,-17.51,0.,17.51,17.51,0.,17.51,-17.51,      3523P   6842
0.,-17.51,17.51,0.,-17.51,-1.751,1.751,-1.751,1.751;                3523P   6843
128,1,8,1,2,0,1,0,0,1,0.,0.,1.33333333333333,1.33333333333333,      3525P   6844
-3.14159265358979,-3.14159265358979,-3.14159265358979,              3525P   6845
-1.5707963267949,-1.5707963267949,0.,0.,1.5707963267949,            3525P   6846
1.5707963267949,3.14159265358979,3.14159265358979,                  3525P   6847
3.14159265358979,1.,1.,0.707106781186548,0.707106781186548,1.,      3525P   6848
1.,0.707106781186548,0.707106781186548,1.,1.,0.707106781186548,     3525P   6849
0.707106781186548,1.,1.,0.707106781186548,0.707106781186548,1.,     3525P   6850
1.,21.,5.,0.,21.,33.,0.,21.,5.,21.,21.,33.,21.,0.,5.,21.,0.,33.,    3525P   6851
21.,-21.,5.,21.,-21.,33.,21.,-21.,5.,0.,-21.,33.,0.,-21.,5.,        3525P   6852
-21.,-21.,33.,-21.,0.,5.,-21.,0.,33.,-21.,21.,5.,-21.,21.,33.,      3525P   6853
-21.,21.,5.,0.,21.,33.,0.,0.,1.33333333333333,-3.14159265358979,    3525P   6854
3.14159265358979;                                                   3525P   6855
128,1,1,1,1,0,0,1,0,0,-2.901,-2.901,2.901,2.901,-2.901,-2.901,      3527P   6856
2.901,2.901,1.,1.,1.,1.,29.01,5.,-29.01,-29.01,5.,-29.01,29.01,     3527P   6857
5.,29.01,-29.01,5.,29.01,-2.901,2.901,-2.901,2.901;                 3527P   6858
128,1,8,1,2,0,1,0,0,1,1.97714285714286,1.97714285714286,            3529P   6859
2.05714285714286,2.05714285714286,-3.14159265358979,                3529P   6860
-3.14159265358979,-3.14159265358979,-1.5707963267949,               3529P   6861
-1.5707963267949,0.,0.,1.5707963267949,1.5707963267949,             3529P   6862
3.14159265358979,3.14159265358979,3.14159265358979,1.,1.,           3529P   6863
0.707106781186548,0.707106781186548,1.,1.,0.707106781186548,        3529P   6864
0.707106781186548,1.,1.,0.707106781186548,0.707106781186548,1.,     3529P   6865
1.,0.707106781186548,0.707106781186548,1.,1.,-17.5,31.6,0.,         3529P   6866
-17.5,33.,0.,-17.5,31.6,17.5,-17.5,33.,17.5,0.,31.6,17.5,0.,33.,    3529P   6867
17.5,17.5,31.6,17.5,17.5,33.,17.5,17.5,31.6,0.,17.5,33.,0.,17.5,    3529P   6868
31.6,-17.5,17.5,33.,-17.5,0.,31.6,-17.5,0.,33.,-17.5,-17.5,31.6,    3529P   6869
-17.5,-17.5,33.,-17.5,-17.5,31.6,0.,-17.5,33.,0.,                   3529P   6870
1.97714285714286,2.05714285714286,-3.14159265358979,                3529P   6871
3.14159265358979;                                                   3529P   6872
128,1,1,1,1,0,0,1,0,0,-2.101,-2.101,2.101,2.101,-2.101,-2.101,      3531P   6873
2.101,2.101,1.,1.,1.,1.,-21.01,33.,21.01,21.01,33.,21.01,-21.01,    3531P   6874
33.,-21.01,21.01,33.,-21.01,-2.101,2.101,-2.101,2.101;              3531P   6875
128,1,1,1,1,0,0,1,0,0,-2.901,-2.901,2.901,2.901,-2.901,-2.901,      3533P   6876
2.901,2.901,1.,1.,1.,1.,29.01,-3.,29.01,-29.01,-3.,29.01,29.01,     3533P   6877
-3.,-29.01,-29.01,-3.,-29.01,-2.901,2.901,-2.901,2.901;             3533P   6878
128,1,2,1,2,0,0,0,0,0,0.,0.,1.8,1.8,-0.785398163397448,             3535P   6879
-0.785398163397448,-0.785398163397448,0.785398163397448,            3535P   6880
0.785398163397448,0.785398163397448,1.,1.,0.707106781186548,        3535P   6881
0.707106781186548,1.,1.,-79.541228852683,9.,-40.9047625420198,      3535P   6882
-79.541228852683,0.,-40.9047625420198,-79.541228852683,9.,          3535P   6883
-45.9047625420198,-79.541228852683,0.,-45.9047625420198,            3535P   6884
-84.541228852683,9.,-45.9047625420197,-84.541228852683,0.,          3535P   6885
-45.9047625420197,0.,1.8,-0.785398163397448,0.785398163397448;      3535P   6886
128,1,1,1,1,0,0,1,0,0,0.499,0.499,8.086,8.086,-0.001,-0.001,        3537P   6887
0.901,0.901,1.,1.,1.,1.,-84.531228852683,-0.01,                     3537P   6888
-45.9047625420198,-160.401228852683,-0.01,-45.9047625420198,        3537P   6889
-84.531228852683,9.01,-45.9047625420198,-160.401228852683,9.01,     3537P   6890
-45.9047625420198,0.499,8.086,-0.001,0.901;                         3537P   6891
128,1,1,1,1,0,0,1,0,0,-4.66604390489396,-4.66604390489396,          3539P   6892
4.2935,4.2935,-4.46223075318875,-4.46223075318875,                  3539P   6893
4.46223075318874,4.46223075318874,1.,1.,1.,1.,-79.531228852683,     3539P   6894
0.,41.6425449898677,-169.126667901623,0.,41.6425449898677,          3539P   6895
-79.531228852683,0.,-47.6020700739072,-169.126667901623,0.,         3539P   6896
-47.6020700739072,-4.66604390489396,4.2935,-4.46223075318875,       3539P   6897
4.46223075318874;                                                   3539P   6898
128,1,2,1,2,0,0,0,0,0,0.,0.,1.8,1.8,-0.785398163397448,             3541P   6899
-0.785398163397448,-0.785398163397448,0.785398163397448,            3541P   6900
0.785398163397448,0.785398163397448,1.,1.,0.707106781186548,        3541P   6901
0.707106781186548,1.,1.,-160.391228852683,9.,-45.9047625420197,     3541P   6902
-160.391228852683,0.,-45.9047625420197,-165.391228852683,9.,        3541P   6903
-45.9047625420198,-165.391228852683,0.,-45.9047625420198,           3541P   6904
-165.391228852683,9.,-40.9047625420198,-165.391228852683,0.,        3541P   6905
-40.9047625420198,0.,1.8,-0.785398163397448,0.785398163397448;      3541P   6906
128,1,1,1,1,0,0,1,0,0,0.499,0.499,8.086,8.086,-0.001,-0.001,        3543P   6907
0.901,0.901,1.,1.,1.,1.,-165.391228852683,-0.01,                    3543P   6908
-40.9147625420198,-165.391228852683,-0.01,34.9552374579802,         3543P   6909
-165.391228852683,9.01,-40.9147625420198,-165.391228852683,9.01,    3543P   6910
34.9552374579802,0.499,8.086,-0.001,0.901;                          3543P   6911
128,1,2,1,2,0,0,0,0,0,0.,0.,1.8,1.8,-0.785398163397448,             3545P   6912
-0.785398163397448,-0.785398163397448,0.785398163397448,            3545P   6913
0.785398163397448,0.785398163397448,1.,1.,0.707106781186548,        3545P   6914
0.707106781186548,1.,1.,-84.541228852683,9.,39.9452374579802,       3545P   6915
-84.541228852683,0.,39.9452374579802,-79.541228852683,9.,           3545P   6916
39.9452374579802,-79.541228852683,0.,39.9452374579802,              3545P   6917
-79.541228852683,9.,34.9452374579802,-79.541228852683,0.,           3545P   6918
34.9452374579802,0.,1.8,-0.785398163397448,0.785398163397448;       3545P   6919
128,1,1,1,1,0,0,1,0,0,0.499,0.499,8.086,8.086,-0.001,-0.001,        3547P   6920
0.901,0.901,1.,1.,1.,1.,-160.401228852683,-0.01,                    3547P   6921
39.9452374579802,-84.531228852683,-0.01,39.9452374579802,           3547P   6922
-160.401228852683,9.01,39.9452374579802,-84.531228852683,9.01,      3547P   6923
39.9452374579802,0.499,8.086,-0.001,0.901;                          3547P   6924
128,1,2,1,2,0,0,0,0,0,0.,0.,1.8,1.8,-0.785398163397448,             3549P   6925
-0.785398163397448,-0.785398163397448,0.785398163397448,            3549P   6926
0.785398163397448,0.785398163397448,1.,1.,0.707106781186548,        3549P   6927
0.707106781186548,1.,1.,-165.391228852683,9.,34.9452374579802,      3549P   6928
-165.391228852683,0.,34.9452374579802,-165.391228852683,9.,         3549P   6929
39.9452374579802,-165.391228852683,0.,39.9452374579802,             3549P   6930
-160.391228852683,9.,39.9452374579802,-160.391228852683,0.,         3549P   6931
39.9452374579802,0.,1.8,-0.785398163397448,0.785398163397448;       3549P   6932
128,1,2,1,2,0,0,0,0,0,0.,0.,3.,3.,-0.664236511968193,               3551P   6933
-0.664236511968193,-0.664236511968193,0.664236511968196,            3551P   6934
0.664236511968196,0.664236511968196,1.,1.,0.787387672993028,        3551P   6935
0.787387672993028,1.,1.,-81.8213527671948,9.,-36.9485203266794,     3551P   6936
-81.8213527671948,0.,-36.9485203266794,-79.541228852683,9.,         3551P   6937
-37.5121225979788,-79.541228852683,0.,-37.5121225979788,            3551P   6938
-79.541228852683,9.,-39.860869622616,-79.541228852683,0.,           3551P   6939
-39.860869622616,0.,3.,-0.664236511968193,0.664236511968196;        3551P   6940
128,1,1,1,1,0,0,1,0,0,0.228005046703093,0.228005046703093,          3553P   6941
0.334394338643473,0.334394338643473,-0.001,-0.001,0.901,0.901,      3553P   6942
1.,1.,1.,1.,-79.541228852683,-0.01,-39.850869622616,                3553P   6943
-79.541228852683,-0.01,-40.9147625420198,-79.541228852683,9.01,     3553P   6944
-39.850869622616,-79.541228852683,9.01,-40.9147625420198,           3553P   6945
0.228005046703093,0.334394338643473,-0.001,0.901;                   3553P   6946
128,1,2,1,2,0,0,0,0,0,0.,0.,3.,3.,-0.664236511968196,               3555P   6947
-0.664236511968196,-0.664236511968196,0.6642365119682,              3555P   6948
0.6642365119682,0.6642365119682,1.,1.,0.787387672993026,            3555P   6949
0.787387672993026,1.,1.,-79.541228852683,9.,33.901344538576,        3555P   6950
-79.541228852683,0.,33.901344538576,-79.541228852683,9.,            3555P   6951
31.5525975139388,-79.541228852683,0.,31.5525975139388,              3555P   6952
-81.8213527671948,9.,30.9889952426395,-81.8213527671948,0.,         3555P   6953
30.9889952426395,0.,3.,-0.664236511968196,0.6642365119682;          3555P   6954
128,1,2,1,2,0,0,0,0,0,0.,0.,0.183607001592391,0.183607001592391,    3557P   6955
0.0482222934629057,0.0482222934629057,0.0482222934629057,           3557P   6956
0.0861970999403877,0.0861970999403877,0.0861970999403877,1.,1.,     3557P   6957
0.999819744674715,0.999819744674715,1.,1.,-81.8213527671948,9.,     3557P   6958
30.9889952426395,-81.8213527671948,0.,30.9889952426395,             3557P   6959
-82.7249881890333,9.,30.765634146809,-82.7249881890333,0.,          3557P   6960
30.765634146809,-83.6364521850902,9.,30.5767412178155,              3557P   6961
-83.6364521850902,0.,30.5767412178155,0.,0.183607001592391,         3557P   6962
0.0482222934629057,0.0861970999403877;                              3557P   6963
128,1,4,1,2,0,0,0,0,0,0.,0.,18.,18.,-0.982376895277552,             3559P   6964
-0.982376895277552,-0.982376895277552,7.7715611723761D-16,          3559P   6965
7.7715611723761D-16,0.982376895277571,0.982376895277571,            3559P   6966
0.982376895277571,1.,1.,0.881772921409411,0.881772921409411,1.,     3559P   6967
1.,0.881772921409411,0.881772921409411,1.,1.,-91.2591438941021,     3559P   6968
9.,-35.5715179008801,-91.2591438941021,0.,-35.5715179008801,        3559P   6969
-90.9919869389285,9.,-35.5842008623833,-90.9919869389285,0.,        3559P   6970
-35.5842008623833,-90.8542522089317,9.,-35.8134667350352,           3559P   6971
-90.8542522089317,0.,-35.8134667350352,-90.716517478935,9.,         3559P   6972
-36.0427326076871,-90.716517478935,0.,-36.0427326076871,            3559P   6973
-90.8307759450497,9.,-36.2845563020002,-90.8307759450497,0.,        3559P   6974
-36.2845563020002,0.,18.,-0.982376895277552,0.982376895277571;      3559P   6975
128,1,6,1,2,0,0,0,0,0,0.,0.,2.57142857142857,2.57142857142857,      3561P   6976
-6.4727942745588,-6.4727942745588,-6.4727942745588,                 3561P   6977
-5.21526184486421,-5.21526184486421,-3.95772941516963,              3561P   6978
-3.95772941516963,-2.70019698547504,-2.70019698547504,              3561P   6979
-2.70019698547504,1.,1.,0.808753771182801,0.808753771182801,1.,     3561P   6980
1.,0.808753771182801,0.808753771182801,1.,1.,0.808753771182801,     3561P   6981
0.808753771182801,1.,1.,-84.2289558175898,0.,-37.1201004450177,     3561P   6982
-84.2289558175898,9.,-37.1201004450177,-83.7492318939716,0.,        3561P   6983
-39.6197773469284,-83.7492318939716,9.,-39.6197773469284,           3561P   6984
-85.979422289024,0.,-40.8464682039308,-85.979422289024,9.,          3561P   6985
-40.8464682039308,-88.2096126840765,0.,-42.0731590609332,           3561P   6986
-88.2096126840765,9.,-42.0731590609332,-90.0638713026305,0.,        3561P   6987
-40.3295293317889,-90.0638713026305,9.,-40.3295293317889,           3561P   6988
-91.9181299211845,0.,-38.5858996026447,-91.9181299211845,9.,        3561P   6989
-38.5858996026447,-90.8307759450497,0.,-36.2845563020002,           3561P   6990
-90.8307759450497,9.,-36.2845563020002,0.,2.57142857142857,         3561P   6991
-6.4727942745588,-2.70019698547504;                                 3561P   6992
128,1,4,1,2,0,0,0,0,0,0.,0.,18.,18.,-0.982376895277583,             3563P   6993
-0.982376895277583,-0.982376895277583,-1.11022302462516D-15,        3563P   6994
-1.11022302462516D-15,0.982376895277557,0.982376895277557,          3563P   6995
0.982376895277557,1.,1.,0.881772921409409,0.881772921409409,1.,     3563P   6996
1.,0.881772921409409,0.881772921409409,1.,1.,-84.2289558175898,     3563P   6997
9.,-37.1201004450177,-84.2289558175898,0.,-37.1201004450177,        3563P   6998
-84.2793649031996,9.,-36.8574359816846,-84.2793649031996,0.,        3563P   6999
-36.8574359816846,-84.0888550202241,9.,-36.6697136316599,           3563P   7000
-84.0888550202241,0.,-36.6697136316599,-83.8983451372485,9.,        3563P   7001
-36.4819912816353,-83.8983451372485,0.,-36.4819912816353,           3563P   7002
-83.6364521850902,9.,-36.5362663018554,-83.6364521850902,0.,        3563P   7003
-36.5362663018554,0.,18.,-0.982376895277583,0.982376895277557;      3563P   7004
128,1,2,1,2,0,0,0,0,0,0.,0.,0.183607001592392,0.183607001592392,    3565P   7005
0.544717483321542,0.544717483321542,0.544717483321542,              3565P   7006
0.582692289799024,0.582692289799024,0.582692289799024,1.,1.,        3565P   7007
0.999819744674715,0.999819744674715,1.,1.,-83.6364521850902,9.,     3565P   7008
-36.5362663018554,-83.6364521850902,0.,-36.5362663018554,           3565P   7009
-82.7249881890332,9.,-36.7251592308489,-82.7249881890332,0.,        3565P   7010
-36.7251592308489,-81.8213527671948,9.,-36.9485203266794,           3565P   7011
-81.8213527671948,0.,-36.9485203266794,0.,0.183607001592392,        3565P   7012
0.544717483321542,0.582692289799024;                                3565P   7013
128,1,4,1,2,0,0,0,0,0,0.,0.,18.,18.,-0.982376895277617,             3567P   7014
-0.982376895277617,-0.982376895277617,-5.55111512312578D-16,        3567P   7015
-5.55111512312578D-16,0.982376895277601,0.982376895277601,          3567P   7016
0.982376895277601,1.,1.,0.881772921409399,0.881772921409399,1.,     3567P   7017
1.,0.881772921409399,0.881772921409399,1.,1.,-90.8307759450495,     3567P   7018
9.,30.3250312179603,-90.8307759450495,0.,30.3250312179603,          3567P   7019
-90.7165174789348,9.,30.0832075236472,-90.7165174789348,0.,         3567P   7020
30.0832075236472,-90.8542522089316,9.,29.8539416509953,             3567P   7021
-90.8542522089316,0.,29.8539416509953,-90.9919869389284,9.,         3567P   7022
29.6246757783434,-90.9919869389284,0.,29.6246757783434,             3567P   7023
-91.259143894102,9.,29.6119928168402,-91.259143894102,0.,           3567P   7024
29.6119928168402,0.,18.,-0.982376895277617,0.982376895277601;       3567P   7025
128,1,2,1,2,0,0,0,0,0,0.,0.,0.183607001592391,0.183607001592391,    3569P   7026
0.243107391966894,0.243107391966894,0.243107391966894,              3569P   7027
0.630914583261927,0.630914583261927,0.630914583261927,1.,1.,        3569P   7028
0.981259526319441,0.981259526319441,1.,1.,-91.259143894102,9.,      3569P   7029
29.6119928168402,-91.259143894102,0.,29.6119928168402,              3569P   7030
-100.873971526461,9.,29.155540209639,-100.873971526461,0.,          3569P   7031
29.155540209639,-109.947418843049,9.,32.368920544379,               3569P   7032
-109.947418843049,0.,32.368920544379,0.,0.183607001592391,          3569P   7033
0.243107391966894,0.630914583261927;                                3569P   7034
128,1,4,1,2,0,0,0,0,0,0.,0.,18.,18.,-0.982376895277628,             3571P   7035
-0.982376895277628,-0.982376895277628,-7.7715611723761D-16,         3571P   7036
-7.7715611723761D-16,0.98237689527761,0.98237689527761,             3571P   7037
0.98237689527761,1.,1.,0.881772921409397,0.881772921409397,1.,      3571P   7038
1.,0.881772921409397,0.881772921409397,1.,1.,-83.6364521850902,     3571P   7039
9.,30.5767412178155,-83.6364521850902,0.,30.5767412178155,          3571P   7040
-83.8983451372486,9.,30.5224661975953,-83.8983451372486,0.,         3571P   7041
30.5224661975953,-84.0888550202241,9.,30.71018854762,               3571P   7042
-84.0888550202241,0.,30.71018854762,-84.2793649031997,9.,           3571P   7043
30.8979108976447,-84.2793649031997,0.,30.8979108976447,             3571P   7044
-84.2289558175898,9.,31.1605753609779,-84.2289558175898,0.,         3571P   7045
31.1605753609779,0.,18.,-0.982376895277628,0.98237689527761;        3571P   7046
128,1,8,1,2,0,1,0,0,1,0.,0.,2.57142857142857,2.57142857142857,      3573P   7047
-3.14159265358979,-3.14159265358979,-3.14159265358979,              3573P   7048
-1.5707963267949,-1.5707963267949,0.,0.,1.5707963267949,            3573P   7049
1.5707963267949,3.14159265358979,3.14159265358979,                  3573P   7050
3.14159265358979,1.,1.,0.707106781186548,0.707106781186548,1.,      3573P   7051
1.,0.707106781186548,0.707106781186548,1.,1.,0.707106781186548,     3573P   7052
0.707106781186548,1.,1.,0.707106781186548,0.707106781186548,1.,     3573P   7053
1.,-160.766228852683,0.,-37.7797625420198,-160.766228852683,9.,     3573P   7054
-37.7797625420198,-160.766228852683,0.,-34.2797625420198,           3573P   7055
-160.766228852683,9.,-34.2797625420198,-157.266228852683,0.,        3573P   7056
-34.2797625420198,-157.266228852683,9.,-34.2797625420198,           3573P   7057
-153.766228852683,0.,-34.2797625420198,-153.766228852683,9.,        3573P   7058
-34.2797625420198,-153.766228852683,0.,-37.7797625420198,           3573P   7059
-153.766228852683,9.,-37.7797625420198,-153.766228852683,0.,        3573P   7060
-41.2797625420198,-153.766228852683,9.,-41.2797625420198,           3573P   7061
-157.266228852683,0.,-41.2797625420198,-157.266228852683,9.,        3573P   7062
-41.2797625420198,-160.766228852683,0.,-41.2797625420198,           3573P   7063
-160.766228852683,9.,-41.2797625420198,-160.766228852683,0.,        3573P   7064
-37.7797625420198,-160.766228852683,9.,-37.7797625420198,0.,        3573P   7065
2.57142857142857,-3.14159265358979,3.14159265358979;                3573P   7066
128,1,8,1,2,0,1,0,0,1,0.,0.,2.57142857142857,2.57142857142857,      3575P   7067
-3.14159265358979,-3.14159265358979,-3.14159265358979,              3575P   7068
-1.5707963267949,-1.5707963267949,0.,0.,1.5707963267949,            3575P   7069
1.5707963267949,3.14159265358979,3.14159265358979,                  3575P   7070
3.14159265358979,1.,1.,0.707106781186548,0.707106781186548,1.,      3575P   7071
1.,0.707106781186548,0.707106781186548,1.,1.,0.707106781186548,     3575P   7072
0.707106781186548,1.,1.,0.707106781186548,0.707106781186548,1.,     3575P   7073
1.,-160.766228852683,0.,31.8202374579802,-160.766228852683,9.,      3575P   7074
31.8202374579802,-160.766228852683,0.,35.3202374579802,             3575P   7075
-160.766228852683,9.,35.3202374579802,-157.266228852683,0.,         3575P   7076
35.3202374579802,-157.266228852683,9.,35.3202374579802,             3575P   7077
-153.766228852683,0.,35.3202374579802,-153.766228852683,9.,         3575P   7078
35.3202374579802,-153.766228852683,0.,31.8202374579802,             3575P   7079
-153.766228852683,9.,31.8202374579802,-153.766228852683,0.,         3575P   7080
28.3202374579802,-153.766228852683,9.,28.3202374579802,             3575P   7081
-157.266228852683,0.,28.3202374579802,-157.266228852683,9.,         3575P   7082
28.3202374579802,-160.766228852683,0.,28.3202374579802,             3575P   7083
-160.766228852683,9.,28.3202374579802,-160.766228852683,0.,         3575P   7084
31.8202374579802,-160.766228852683,9.,31.8202374579802,0.,          3575P   7085
2.57142857142857,-3.14159265358979,3.14159265358979;                3575P   7086
128,1,6,1,2,0,0,0,0,0,0.,0.,2.57142857142857,2.57142857142857,      3577P   7087
2.70019698547496,2.70019698547496,2.70019698547496,                 3577P   7088
3.9577294151696,3.9577294151696,5.21526184486424,                   3577P   7089
5.21526184486424,6.47279427455889,6.47279427455889,                 3577P   7090
6.47279427455889,1.,1.,0.808753771182784,0.808753771182784,1.,      3577P   7091
1.,0.808753771182784,0.808753771182784,1.,1.,0.808753771182784,     3577P   7092
0.808753771182784,1.,1.,-90.8307759450495,0.,30.3250312179603,      3577P   7093
-90.8307759450495,9.,30.3250312179603,-91.9181299211847,0.,         3577P   7094
32.6263745186049,-91.9181299211847,9.,32.6263745186049,             3577P   7095
-90.0638713026306,0.,34.3700042477493,-90.0638713026306,9.,         3577P   7096
34.3700042477493,-88.2096126840765,0.,36.1136339768937,             3577P   7097
-88.2096126840765,9.,36.1136339768937,-85.9794222890239,0.,         3577P   7098
34.8869431198912,-85.9794222890239,9.,34.8869431198912,             3577P   7099
-83.7492318939714,0.,33.6602522628887,-83.7492318939714,9.,         3577P   7100
33.6602522628887,-84.2289558175898,0.,31.1605753609779,             3577P   7101
-84.2289558175898,9.,31.1605753609779,0.,2.57142857142857,          3577P   7102
2.70019698547496,6.47279427455889;                                  3577P   7103
128,1,1,1,1,0,0,1,0,0,0.499,0.499,0.605389291940419,                3579P   7104
0.605389291940419,-0.001,-0.001,0.901,0.901,1.,1.,1.,1.,            3579P   7105
-79.541228852683,-0.01,34.9552374579802,-79.541228852683,-0.01,     3579P   7106
33.891344538576,-79.541228852683,9.01,34.9552374579802,             3579P   7107
-79.541228852683,9.01,33.891344538576,0.499,0.605389291940419,      3579P   7108
-0.001,0.901;                                                       3579P   7109
128,1,2,1,2,0,0,0,0,0,0.,0.,0.183607001592392,0.183607001592392,    3581P   7110
-4.52988268111693D-17,-4.52988268111693D-17,                        3581P   7111
-4.52988268111693D-17,0.387807191295031,0.387807191295031,          3581P   7112
0.387807191295031,1.,1.,0.981259526319441,0.981259526319441,1.,     3581P   7113
1.,-109.947418843049,9.,-38.3284456284189,-109.947418843049,0.,     3581P   7114
-38.3284456284189,-100.873971526461,9.,-35.1150652936789,           3581P   7115
-100.873971526461,0.,-35.1150652936789,-91.2591438941021,9.,        3581P   7116
-35.5715179008802,-91.2591438941021,0.,-35.5715179008802,0.,        3581P   7117
0.183607001592392,-4.52988268111693D-17,0.387807191295031;          3581P   7118
128,1,6,1,2,0,0,0,0,0,0.,0.,0.24,0.24,-3.0790185216271D-15,         3583P   7119
-3.0790185216271D-15,-3.0790185216271D-15,1.27411020915694,         3583P   7120
1.27411020915694,2.54822041831388,2.54822041831388,                 3583P   7121
3.82233062747082,3.82233062747082,3.82233062747082,1.,1.,           3583P   7122
0.803850955414585,0.803850955414585,1.,1.,0.803850955414585,        3583P   7123
0.803850955414585,1.,1.,0.803850955414585,0.803850955414585,1.,     3583P   7124
1.,-109.947418843049,0.,-38.3284456284189,-109.947418843049,9.,     3583P   7125
-38.3284456284189,-136.104611459837,0.,-47.5920700739073,           3583P   7126
-136.104611459837,9.,-47.5920700739073,-152.61063968073,0.,         3583P   7127
-25.2859163079635,-152.61063968073,9.,-25.2859163079635,            3583P   7128
-169.116667901623,0.,-2.97976254201977,-169.116667901623,9.,        3583P   7129
-2.97976254201977,-152.61063968073,0.,19.326391223924,              3583P   7130
-152.61063968073,9.,19.326391223924,-136.104611459837,0.,           3583P   7131
41.6325449898677,-136.104611459837,9.,41.6325449898677,             3583P   7132
-109.947418843049,0.,32.3689205443793,-109.947418843049,9.,         3583P   7133
32.3689205443793,0.,0.24,-3.0790185216271D-15,3.82233062747082;     3583P   7134
128,1,1,1,1,0,0,1,0,0,-4.66604390489396,-4.66604390489396,          3585P   7135
4.2935,4.2935,-4.46223075318875,-4.46223075318875,                  3585P   7136
4.46223075318874,4.46223075318874,1.,1.,1.,1.,-169.126667901623,    3585P   7137
9.,41.6425449898677,-79.531228852683,9.,41.6425449898677,           3585P   7138
-169.126667901623,9.,-47.6020700739072,-79.531228852683,9.,         3585P   7139
-47.6020700739072,-4.66604390489396,4.2935,-4.46223075318875,       3585P   7140
4.46223075318874;                                                   3585P   7141
128,1,2,1,2,0,0,0,0,0,-0.800000000000002,-0.800000000000002,        3587P   7142
0.800000000000002,0.800000000000002,-0.785398163397445,             3587P   7143
-0.785398163397445,-0.785398163397445,0.785398163397448,            3587P   7144
0.785398163397448,0.785398163397448,1.,1.,0.707106781186549,        3587P   7145
0.707106781186549,1.,1.,-54.4529621605817,8.00000000000002,         3587P   7146
44.9999999999999,-54.4529621605817,0.,44.9999999999999,             3587P   7147
-54.4529621605817,8.00000000000002,49.9999999999999,                3587P   7148
-54.4529621605817,0.,49.9999999999999,-49.4529621605817,            3587P   7149
8.00000000000002,49.9999999999999,-49.4529621605817,0.,             3587P   7150
49.9999999999999,-0.800000000000002,0.800000000000002,              3587P   7151
-0.785398163397445,0.785398163397448;                               3587P   7152
128,1,1,1,1,0,0,1,0,0,0.499000000000011,0.499000000000011,          3589P   7153
18.001,18.001,-0.00100000000000233,-0.00100000000000233,            3589P   7154
0.801000000000002,0.801000000000002,1.,1.,1.,1.,                    3589P   7155
125.557037839418,8.01,50.0000000000004,-49.4629621605817,           3589P   7156
8.01000000000004,49.9999999999999,125.557037839418,                 3589P   7157
-0.0100000000000422,50.0000000000004,-49.4629621605817,             3589P   7158
-0.0100000000000011,49.9999999999999,0.499000000000011,18.001,      3589P   7159
-0.00100000000000233,0.801000000000002;                             3589P   7160
128,1,1,1,1,0,0,1,0,0,-9.251,-9.251,9.251,9.251,                    3591P   7161
-3.00100000000004,-3.00100000000004,14.001,14.001,1.,1.,1.,1.,      3591P   7162
130.557037839418,0.,50.0100000000004,-54.4629621605817,0.,          3591P   7163
50.0100000000004,130.557037839418,0.,-120.01,-54.4629621605817,     3591P   7164
0.,-120.01,-9.251,9.251,-3.00100000000004,14.001;                   3591P   7165
128,1,2,1,2,0,0,0,0,0,-0.799999999999998,-0.799999999999998,        3593P   7166
0.800000000000002,0.800000000000002,-0.785398163397452,             3593P   7167
-0.785398163397452,-0.785398163397452,0.785398163397448,            3593P   7168
0.785398163397448,0.785398163397448,1.,1.,0.707106781186546,        3593P   7169
0.707106781186546,1.,1.,130.547037839418,0.,45.0000000000004,       3593P   7170
130.547037839418,8.,45.0000000000004,130.547037839418,0.,           3593P   7171
50.0000000000004,130.547037839418,8.,50.0000000000004,              3593P   7172
125.547037839418,0.,50.0000000000004,125.547037839418,8.,           3593P   7173
50.0000000000004,-0.799999999999998,0.800000000000002,              3593P   7174
-0.785398163397452,0.785398163397448;                               3593P   7175
128,1,1,1,1,0,0,1,0,0,-8.50100000000001,-8.50100000000001,          3595P   7176
7.50099999999999,7.50099999999999,-0.001,-0.001,                    3595P   7177
0.801000000000003,0.801000000000003,1.,1.,1.,1.,                    3595P   7178
-54.4529621605817,-0.01,-115.01,-54.4529621605817,-0.01,            3595P   7179
45.0099999999999,-54.4529621605817,8.01000000000003,-115.01,        3595P   7180
-54.4529621605817,8.01000000000003,45.0099999999999,                3595P   7181
-8.50100000000001,7.50099999999999,-0.001,0.801000000000003;        3595P   7182
128,1,1,1,1,0,0,1,0,0,-0.000999999999999556,                        3597P   7183
-0.000999999999999556,1.101,1.101,-0.00100000000000004,             3597P   7184
-0.00100000000000004,0.801,0.801,1.,1.,1.,1.,40.5832297478679,      3597P   7185
8.01,-38.25,29.5632297478679,8.01,-38.25,40.5832297478679,          3597P   7186
-0.0100000000000022,-38.25,29.5632297478679,-0.01,-38.25,           3597P   7187
-0.000999999999999556,1.101,-0.00100000000000004,0.801;             3597P   7188
128,1,4,1,2,0,0,0,0,0,0.,0.,2.28571428571429,2.28571428571429,      3599P   7189
-3.14159265358979,-3.14159265358979,-3.14159265358979,              3599P   7190
-1.5707963267949,-1.5707963267949,-1.20323911612637D-16,            3599P   7191
-1.20323911612637D-16,-1.20323911612637D-16,1.,1.,                  3599P   7192
0.707106781186548,0.707106781186548,1.,1.,0.707106781186548,        3599P   7193
0.707106781186548,1.,1.,29.5732297478679,8.,-31.25,                 3599P   7194
29.5732297478679,0.,-31.25,26.0732297478679,8.,-31.25,              3599P   7195
26.0732297478679,0.,-31.25,26.0732297478679,8.,-34.75,              3599P   7196
26.0732297478679,0.,-34.75,26.0732297478679,8.,-38.25,              3599P   7197
26.0732297478679,0.,-38.25,29.5732297478679,8.,-38.25,              3599P   7198
29.5732297478679,0.,-38.25,0.,2.28571428571429,                     3599P   7199
-3.14159265358979,-1.20323911612637D-16;                            3599P   7200
128,1,1,1,1,0,0,1,0,0,-0.000999999999999299,                        3601P   7201
-0.000999999999999299,1.101,1.101,-0.001,-0.001,0.801,0.801,1.,     3601P   7202
1.,1.,1.,29.5632297478679,8.01,-31.25,40.5832297478679,8.01,        3601P   7203
-31.25,29.5632297478679,-0.0100000000000011,-31.25,                 3601P   7204
40.5832297478679,-0.0100000000000033,-31.25,                        3601P   7205
-0.000999999999999299,1.101,-0.001,0.801;                           3601P   7206
128,1,4,1,2,0,0,0,0,0,0.,0.,2.28571428571429,2.28571428571429,      3603P   7207
-3.14159265358979,-3.14159265358979,-3.14159265358979,              3603P   7208
-1.5707963267949,-1.5707963267949,-1.20323911612637D-16,            3603P   7209
-1.20323911612637D-16,-1.20323911612637D-16,1.,1.,                  3603P   7210
0.707106781186548,0.707106781186548,1.,1.,0.707106781186548,        3603P   7211
0.707106781186548,1.,1.,40.5732297478679,8.,-38.25,                 3603P   7212
40.5732297478679,0.,-38.25,44.0732297478679,8.,-38.25,              3603P   7213
44.0732297478679,0.,-38.25,44.0732297478679,8.,-34.75,              3603P   7214
44.0732297478679,0.,-34.75,44.0732297478679,8.,-31.25,              3603P   7215
44.0732297478679,0.,-31.25,40.5732297478679,8.,-31.25,              3603P   7216
40.5732297478679,0.,-31.25,0.,2.28571428571429,                     3603P   7217
-3.14159265358979,-1.20323911612637D-16;                            3603P   7218
128,1,1,1,1,0,0,1,0,0,-0.001,-0.001,1.101,1.101,                    3605P   7219
-0.00100000000000011,-0.00100000000000011,0.801000000000002,        3605P   7220
0.801000000000002,1.,1.,1.,1.,-28.9638736799907,                    3605P   7221
8.01000000000002,-38.2500000000002,-39.9838736799907,               3605P   7222
8.01000000000002,-38.2500000000002,-28.9638736799907,               3605P   7223
-0.0100000000000022,-38.2500000000002,-39.9838736799907,-0.01,      3605P   7224
-38.2500000000002,-0.001,1.101,-0.00100000000000011,                3605P   7225
0.801000000000002;                                                  3605P   7226
128,1,4,1,2,0,0,0,0,0,0.,0.,2.28571428571428,2.28571428571428,      3607P   7227
-3.14159265358979,-3.14159265358979,-3.14159265358979,              3607P   7228
-1.57079632679489,-1.57079632679489,-1.20323911612646D-16,          3607P   7229
-1.20323911612646D-16,-1.20323911612646D-16,1.,1.,                  3607P   7230
0.707106781186548,0.707106781186548,1.,1.,0.707106781186548,        3607P   7231
0.707106781186548,1.,1.,-39.9738736799906,8.00000000000002,         3607P   7232
-31.2500000000002,-39.9738736799906,0.,-31.2500000000002,           3607P   7233
-43.4738736799906,8.00000000000002,-31.2500000000002,               3607P   7234
-43.4738736799906,0.,-31.2500000000002,-43.4738736799907,           3607P   7235
8.00000000000002,-34.7500000000002,-43.4738736799907,0.,            3607P   7236
-34.7500000000002,-43.4738736799907,8.00000000000002,               3607P   7237
-38.2500000000002,-43.4738736799907,0.,-38.2500000000002,           3607P   7238
-39.9738736799907,8.00000000000002,-38.2500000000002,               3607P   7239
-39.9738736799907,0.,-38.2500000000002,0.,2.28571428571428,         3607P   7240
-3.14159265358979,-1.20323911612646D-16;                            3607P   7241
128,1,1,1,1,0,0,1,0,0,-0.00100000000000019,-0.00100000000000019,    3609P   7242
1.101,1.101,-0.001,-0.001,0.801000000000002,0.801000000000002,      3609P   7243
1.,1.,1.,1.,-39.9838736799906,8.01000000000002,                     3609P   7244
-31.2500000000002,-28.9638736799906,8.01000000000002,               3609P   7245
-31.2500000000002,-39.9838736799906,-0.01,-31.2500000000002,        3609P   7246
-28.9638736799906,-0.0100000000000022,-31.2500000000002,            3609P   7247
-0.00100000000000019,1.101,-0.001,0.801000000000002;                3609P   7248
128,1,4,1,2,0,0,0,0,0,0.,0.,2.28571428571429,2.28571428571429,      3611P   7249
-3.14159265358979,-3.14159265358979,-3.14159265358979,              3611P   7250
-1.5707963267949,-1.5707963267949,-1.20323911612634D-16,            3611P   7251
-1.20323911612634D-16,-1.20323911612634D-16,1.,1.,                  3611P   7252
0.707106781186548,0.707106781186548,1.,1.,0.707106781186548,        3611P   7253
0.707106781186548,1.,1.,-28.9738736799907,8.00000000000002,         3611P   7254
-38.2500000000002,-28.9738736799907,0.,-38.2500000000002,           3611P   7255
-25.4738736799907,8.00000000000002,-38.2500000000002,               3611P   7256
-25.4738736799907,0.,-38.2500000000002,-25.4738736799907,           3611P   7257
8.00000000000002,-34.7500000000002,-25.4738736799907,0.,            3611P   7258
-34.7500000000002,-25.4738736799906,8.00000000000002,               3611P   7259
-31.2500000000003,-25.4738736799906,0.,-31.2500000000003,           3611P   7260
-28.9738736799906,8.00000000000002,-31.2500000000002,               3611P   7261
-28.9738736799906,0.,-31.2500000000002,0.,2.28571428571429,         3611P   7262
-3.14159265358979,-1.20323911612634D-16;                            3611P   7263
128,1,1,1,1,0,0,1,0,0,2.49899999999997,2.49899999999997,9.501,      3613P   7264
9.501,-0.001,-0.001,0.801,0.801,1.,1.,1.,1.,130.547037839418,       3613P   7265
-0.01,45.0100000000004,130.547037839418,-0.01,-25.0099999999999,    3613P   7266
130.547037839418,8.01,45.0100000000004,130.547037839418,8.01,       3613P   7267
-25.0099999999999,2.49899999999997,9.501,-0.001,0.801;              3613P   7268
128,1,2,1,2,0,0,0,0,0,-2.52882215977792D-16,                        3615P   7269
-2.52882215977792D-16,1.6,1.6,-0.78539816339745,                    3615P   7270
-0.78539816339745,-0.78539816339745,0.785398163397448,              3615P   7271
0.785398163397448,0.785398163397448,1.,1.,0.707106781186547,        3615P   7272
0.707106781186547,1.,1.,55.5470378394185,-2.7285502808976D-15,      3615P   7273
-34.9999999999999,55.5470378394185,8.,-34.9999999999999,            3615P   7274
55.5470378394185,-2.7285502808976D-15,-29.9999999999999,            3615P   7275
55.5470378394185,8.,-29.9999999999999,60.5470378394185,             3615P   7276
-2.7285502808976D-15,-29.9999999999999,60.5470378394185,8.,         3615P   7277
-29.9999999999999,-2.52882215977792D-16,1.6,-0.78539816339745,      3615P   7278
0.785398163397448;                                                  3615P   7279
128,1,1,1,1,0,0,1,0,0,0.499000000000016,0.499000000000016,8.501,    3617P   7280
8.501,-0.001,-0.001,0.801,0.801,1.,1.,1.,1.,55.5470378394185,       3617P   7281
-0.0100000000000027,-34.9899999999999,55.5470378394186,             3617P   7282
-0.00999999999999953,-115.01,55.5470378394185,8.01,                 3617P   7283
-34.9899999999999,55.5470378394186,8.01,-115.01,                    3617P   7284
0.499000000000016,8.501,-0.001,0.801;                               3617P   7285
128,1,2,1,2,0,0,0,0,0,0.,0.,1.6,1.6,-0.785398163397448,             3619P   7286
-0.785398163397448,-0.785398163397448,0.785398163397448,            3619P   7287
0.785398163397448,0.785398163397448,1.,1.,0.707106781186548,        3619P   7288
0.707106781186548,1.,1.,130.547037839418,8.,-24.9999999999999,      3619P   7289
130.547037839418,0.,-24.9999999999999,130.547037839418,8.,          3619P   7290
-29.9999999999999,130.547037839418,0.,-29.9999999999999,            3619P   7291
125.547037839418,8.,-29.9999999999999,125.547037839418,0.,          3619P   7292
-29.9999999999999,0.,1.6,-0.785398163397448,0.785398163397448;      3619P   7293
128,1,1,1,1,0,0,1,0,0,0.499,0.499,7.00099999999998,                 3621P   7294
7.00099999999998,-0.001,-0.001,0.801,0.801,1.,1.,1.,1.,             3621P   7295
125.557037839418,-0.01,-29.9999999999999,60.5370378394185,-0.01,    3621P   7296
-29.9999999999999,125.557037839418,8.01,-29.9999999999999,          3621P   7297
60.5370378394185,8.01,-29.9999999999999,0.499,7.00099999999998,     3621P   7298
-0.001,0.801;                                                       3621P   7299
128,1,2,1,2,0,0,0,0,0,-6.6682777813689D-17,-6.6682777813689D-17,    3623P   7300
1.60000000000001,1.60000000000001,-0.78539816339745,                3623P   7301
-0.78539816339745,-0.78539816339745,0.785398163397448,              3623P   7302
0.785398163397448,0.785398163397448,1.,1.,0.707106781186547,        3623P   7303
0.707106781186547,1.,1.,-49.4529621605817,8.00000000000003,         3623P   7304
-120.,-49.4529621605817,0.,-120.,-54.4529621605817,                 3623P   7305
8.00000000000003,-120.,-54.4529621605817,0.,-120.,                  3623P   7306
-54.4529621605817,8.00000000000003,-115.,-54.4529621605817,0.,      3623P   7307
-115.,-6.6682777813689D-17,1.60000000000001,-0.78539816339745,      3623P   7308
0.785398163397448;                                                  3623P   7309
128,1,2,1,2,0,0,0,0,0,2.2614506238804D-16,2.2614506238804D-16,      3625P   7310
1.6,1.6,-0.785398163397454,-0.785398163397454,                      3625P   7311
-0.785398163397454,0.785398163397448,0.785398163397448,             3625P   7312
0.785398163397448,1.,1.,0.707106781186546,0.707106781186546,1.,     3625P   7313
1.,55.5470378394186,8.,-115.,55.5470378394186,0.,-115.,             3625P   7314
55.5470378394186,8.,-120.,55.5470378394186,0.,-120.,                3625P   7315
50.5470378394186,8.,-120.,50.5470378394186,0.,-120.,                3625P   7316
2.2614506238804D-16,1.6,-0.785398163397454,0.785398163397448;       3625P   7317
128,1,4,1,2,0,0,0,0,0,-2.44645409223952D-16,                        3627P   7318
-2.44645409223952D-16,1.88235294117647,1.88235294117647,            3627P   7319
-3.14159265358979,-3.14159265358979,-3.14159265358979,              3627P   7320
-1.5707963267949,-1.5707963267949,-1.52168661220272D-15,            3627P   7321
-1.52168661220272D-15,-1.52168661220272D-15,1.,1.,                  3627P   7322
0.707106781186548,0.707106781186548,1.,1.,0.707106781186548,        3627P   7323
0.707106781186548,1.,1.,23.7970378394186,5.14849633634853D-15,      3627P   7324
-96.9999999999999,23.7970378394186,8.00000000000001,                3627P   7325
-96.9999999999999,23.7970378394186,5.14849633634853D-15,            3627P   7326
-92.7499999999999,23.7970378394186,8.00000000000001,                3627P   7327
-92.7499999999999,28.0470378394186,5.14849633634853D-15,            3627P   7328
-92.7499999999998,28.0470378394186,8.00000000000001,                3627P   7329
-92.7499999999998,32.2970378394186,5.14849633634853D-15,            3627P   7330
-92.7499999999998,32.2970378394186,8.00000000000001,                3627P   7331
-92.7499999999998,32.2970378394186,5.14849633634853D-15,            3627P   7332
-96.9999999999998,32.2970378394186,8.00000000000001,                3627P   7333
-96.9999999999998,-2.44645409223952D-16,1.88235294117647,           3627P   7334
-3.14159265358979,-1.52168661220272D-15;                            3627P   7335
128,1,1,1,1,0,0,1,0,0,-0.00100000000000003,-0.00100000000000003,    3629P   7336
1.501,1.501,-0.001,-0.001,0.801,0.801,1.,1.,1.,1.,                  3629P   7337
32.2970378394186,-0.00999999999999421,-112.01,32.2970378394186,     3629P   7338
-0.00999999999999481,-96.9899999999998,32.2970378394186,            3629P   7339
8.01000000000001,-112.01,32.2970378394186,8.01000000000001,         3629P   7340
-96.9899999999998,-0.00100000000000003,1.501,-0.001,0.801;          3629P   7341
128,1,4,1,2,0,0,0,0,0,-2.34187669256871D-16,                        3631P   7342
-2.34187669256871D-16,1.88235294117647,1.88235294117647,            3631P   7343
-3.14159265358979,-3.14159265358979,-3.14159265358979,              3631P   7344
-1.5707963267949,-1.5707963267949,2.65797653932728D-15,             3631P   7345
2.65797653932728D-15,2.65797653932728D-15,1.,1.,                    3631P   7346
0.707106781186547,0.707106781186547,1.,1.,0.707106781186547,        3631P   7347
0.707106781186547,1.,1.,32.2970378394186,5.79212609456765D-15,      3631P   7348
-112.,32.2970378394186,8.00000000000001,-112.,32.2970378394186,     3631P   7349
5.79212609456765D-15,-116.25,32.2970378394186,8.00000000000001,     3631P   7350
-116.25,28.0470378394186,5.79212609456765D-15,-116.25,              3631P   7351
28.0470378394186,8.00000000000001,-116.25,23.7970378394186,         3631P   7352
5.79212609456765D-15,-116.25,23.7970378394186,8.00000000000001,     3631P   7353
-116.25,23.7970378394186,5.79212609456765D-15,-112.,                3631P   7354
23.7970378394186,8.00000000000001,-112.,-2.34187669256871D-16,      3631P   7355
1.88235294117647,-3.14159265358979,2.65797653932728D-15;            3631P   7356
128,1,1,1,1,0,0,1,0,0,-0.001,-0.001,1.501,1.501,-0.001,-0.001,      3633P   7357
0.801,0.801,1.,1.,1.,1.,23.7970378394186,-0.00999999999999282,      3633P   7358
-96.9899999999999,23.7970378394186,-0.00999999999999222,-112.01,    3633P   7359
23.7970378394186,8.01000000000001,-96.9899999999999,                3633P   7360
23.7970378394186,8.01000000000001,-112.01,-0.001,1.501,-0.001,      3633P   7361
0.801;                                                              3633P   7362
128,1,1,1,1,0,0,1,0,0,-0.00100000000000003,-0.00100000000000003,    3635P   7363
1.501,1.501,-0.001,-0.001,0.801,0.801,1.,1.,1.,1.,                  3635P   7364
-22.7029621605814,-0.00999999999998133,-112.01,                     3635P   7365
-22.7029621605814,-0.00999999999998193,-96.99,-22.7029621605814,    3635P   7366
8.01000000000002,-112.01,-22.7029621605814,8.01000000000002,        3635P   7367
-96.99,-0.00100000000000003,1.501,-0.001,0.801;                     3635P   7368
128,1,4,1,2,0,0,0,0,0,-2.34187669256871D-16,                        3637P   7369
-2.34187669256871D-16,1.88235294117647,1.88235294117647,            3637P   7370
-3.14159265358979,-3.14159265358979,-3.14159265358979,              3637P   7371
-1.5707963267949,-1.5707963267949,-1.52168661220272D-15,            3637P   7372
-1.52168661220272D-15,-1.52168661220272D-15,1.,1.,                  3637P   7373
0.707106781186548,0.707106781186548,1.,1.,0.707106781186548,        3637P   7374
0.707106781186548,1.,1.,-22.7029621605814,1.86724479036955D-14,     3637P   7375
-112.,-22.7029621605814,8.00000000000002,-112.,                     3637P   7376
-22.7029621605814,1.86724479036955D-14,-116.25,                     3637P   7377
-22.7029621605814,8.00000000000002,-116.25,-26.9529621605814,       3637P   7378
1.86724479036955D-14,-116.25,-26.9529621605814,8.00000000000002,    3637P   7379
-116.25,-31.2029621605814,1.86724479036955D-14,-116.25,             3637P   7380
-31.2029621605814,8.00000000000002,-116.25,-31.2029621605814,       3637P   7381
1.86724479036955D-14,-112.,-31.2029621605814,8.00000000000002,      3637P   7382
-112.,-2.34187669256871D-16,1.88235294117647,-3.14159265358979,     3637P   7383
-1.52168661220272D-15;                                              3637P   7384
128,1,1,1,1,0,0,1,0,0,-0.001,-0.001,1.501,1.501,-0.001,-0.001,      3639P   7385
0.801,0.801,1.,1.,1.,1.,-31.2029621605814,-0.00999999999997994,     3639P   7386
-96.99,-31.2029621605814,-0.00999999999997934,-112.01,              3639P   7387
-31.2029621605814,8.01000000000002,-96.99,-31.2029621605814,        3639P   7388
8.01000000000002,-112.01,-0.001,1.501,-0.001,0.801;                 3639P   7389
128,1,4,1,2,0,0,0,0,0,-2.44645409223952D-16,                        3641P   7390
-2.44645409223952D-16,1.88235294117647,1.88235294117647,            3641P   7391
-3.14159265358979,-3.14159265358979,-3.14159265358979,              3641P   7392
-1.5707963267949,-1.5707963267949,-1.52168661220272D-15,            3641P   7393
-1.52168661220272D-15,-1.52168661220272D-15,1.,1.,                  3641P   7394
0.707106781186548,0.707106781186548,1.,1.,0.707106781186548,        3641P   7395
0.707106781186548,1.,1.,-31.2029621605814,1.80288181454764D-14,     3641P   7396
-97.,-31.2029621605814,8.00000000000002,-97.,-31.2029621605814,     3641P   7397
1.80288181454764D-14,-92.75,-31.2029621605814,8.00000000000002,     3641P   7398
-92.75,-26.9529621605814,1.80288181454764D-14,-92.75,               3641P   7399
-26.9529621605814,8.00000000000002,-92.75,-22.7029621605814,        3641P   7400
1.80288181454764D-14,-92.75,-22.7029621605814,8.00000000000002,     3641P   7401
-92.75,-22.7029621605814,1.80288181454764D-14,-97.,                 3641P   7402
-22.7029621605814,8.00000000000002,-97.,-2.44645409223952D-16,      3641P   7403
1.88235294117647,-3.14159265358979,-1.52168661220272D-15;           3641P   7404
128,1,4,1,2,0,0,0,0,0,-2.44645409223952D-16,                        3643P   7405
-2.44645409223952D-16,1.88235294117647,1.88235294117647,            3643P   7406
-3.14159265358979,-3.14159265358979,-3.14159265358979,              3643P   7407
-1.5707963267949,-1.5707963267949,5.68144963562278D-16,             3643P   7408
5.68144963562278D-16,5.68144963562278D-16,1.,1.,                    3643P   7409
0.707106781186548,0.707106781186548,1.,1.,0.707106781186548,        3643P   7410
0.707106781186548,1.,1.,23.7970378394185,3.15121512515177D-15,      3643P   7411
-46.9999999999999,23.7970378394185,8.00000000000001,                3643P   7412
-46.9999999999999,23.7970378394185,3.15121512515177D-15,            3643P   7413
-42.7499999999999,23.7970378394185,8.00000000000001,                3643P   7414
-42.7499999999999,28.0470378394184,3.15121512515177D-15,            3643P   7415
-42.7499999999999,28.0470378394184,8.00000000000001,                3643P   7416
-42.7499999999999,32.2970378394184,3.15121512515177D-15,            3643P   7417
-42.7499999999998,32.2970378394184,8.00000000000001,                3643P   7418
-42.7499999999998,32.2970378394185,3.15121512515177D-15,            3643P   7419
-46.9999999999998,32.2970378394185,8.00000000000001,                3643P   7420
-46.9999999999998,-2.44645409223952D-16,1.88235294117647,           3643P   7421
-3.14159265358979,5.68144963562278D-16;                             3643P   7422
128,1,1,1,1,0,0,1,0,0,-0.00100000000000003,-0.00100000000000003,    3645P   7423
1.501,1.501,-0.001,-0.001,0.801,0.801,1.,1.,1.,1.,                  3645P   7424
32.2970378394185,-0.00999999999999621,-62.0099999999998,            3645P   7425
32.2970378394185,-0.0099999999999968,-46.9899999999998,             3645P   7426
32.2970378394185,8.01000000000001,-62.0099999999998,                3645P   7427
32.2970378394185,8.01000000000001,-46.9899999999998,                3645P   7428
-0.00100000000000003,1.501,-0.001,0.801;                            3645P   7429
128,1,4,1,2,0,0,0,0,0,-2.34187669256871D-16,                        3647P   7430
-2.34187669256871D-16,1.88235294117647,1.88235294117647,            3647P   7431
-3.14159265358979,-3.14159265358979,-3.14159265358979,              3647P   7432
-1.5707963267949,-1.5707963267949,5.68144963562278D-16,             3647P   7433
5.68144963562278D-16,5.68144963562278D-16,1.,1.,                    3647P   7434
0.707106781186547,0.707106781186547,1.,1.,0.707106781186547,        3647P   7435
0.707106781186547,1.,1.,32.2970378394185,3.79484488337089D-15,      3647P   7436
-61.9999999999998,32.2970378394185,8.00000000000001,                3647P   7437
-61.9999999999998,32.2970378394185,3.79484488337089D-15,            3647P   7438
-66.2499999999998,32.2970378394185,8.00000000000001,                3647P   7439
-66.2499999999998,28.0470378394185,3.79484488337089D-15,            3647P   7440
-66.2499999999998,28.0470378394185,8.00000000000001,                3647P   7441
-66.2499999999998,23.7970378394185,3.79484488337089D-15,            3647P   7442
-66.2499999999999,23.7970378394185,8.00000000000001,                3647P   7443
-66.2499999999999,23.7970378394185,3.79484488337089D-15,            3647P   7444
-61.9999999999999,23.7970378394185,8.00000000000001,                3647P   7445
-61.9999999999999,-2.34187669256871D-16,1.88235294117647,           3647P   7446
-3.14159265358979,5.68144963562278D-16;                             3647P   7447
128,1,1,1,1,0,0,1,0,0,-0.001,-0.001,1.501,1.501,-0.001,-0.001,      3649P   7448
0.801,0.801,1.,1.,1.,1.,23.7970378394185,-0.00999999999999481,      3649P   7449
-46.9899999999999,23.7970378394185,-0.00999999999999421,            3649P   7450
-62.0099999999999,23.7970378394185,8.01000000000001,                3649P   7451
-46.9899999999999,23.7970378394185,8.01000000000001,                3649P   7452
-62.0099999999999,-0.001,1.501,-0.001,0.801;                        3649P   7453
128,1,4,1,2,0,0,0,0,0,-2.44645409223952D-16,                        3651P   7454
-2.44645409223952D-16,1.88235294117647,1.88235294117647,            3651P   7455
-3.14159265358979,-3.14159265358979,-3.14159265358979,              3651P   7456
-1.5707963267949,-1.5707963267949,5.68144963562278D-16,             3651P   7457
5.68144963562278D-16,5.68144963562278D-16,1.,1.,                    3651P   7458
0.707106781186548,0.707106781186548,1.,1.,0.707106781186548,        3651P   7459
0.707106781186548,1.,1.,-31.2029621605815,1.60315369342797D-14,     3651P   7460
-47.,-31.2029621605815,8.00000000000002,-47.,-31.2029621605815,     3651P   7461
1.60315369342797D-14,-42.75,-31.2029621605815,8.00000000000002,     3651P   7462
-42.75,-26.9529621605816,1.60315369342797D-14,-42.75,               3651P   7463
-26.9529621605816,8.00000000000002,-42.75,-22.7029621605816,        3651P   7464
1.60315369342797D-14,-42.75,-22.7029621605816,8.00000000000002,     3651P   7465
-42.75,-22.7029621605815,1.60315369342797D-14,-47.,                 3651P   7466
-22.7029621605815,8.00000000000002,-47.,-2.44645409223952D-16,      3651P   7467
1.88235294117647,-3.14159265358979,5.68144963562278D-16;            3651P   7468
128,1,1,1,1,0,0,1,0,0,-0.00100000000000003,-0.00100000000000003,    3653P   7469
1.501,1.501,-0.001,-0.001,0.801,0.801,1.,1.,1.,1.,                  3653P   7470
-22.7029621605815,-0.00999999999998332,-62.01,-22.7029621605815,    3653P   7471
-0.00999999999998392,-46.99,-22.7029621605815,8.01000000000002,     3653P   7472
-62.01,-22.7029621605815,8.01000000000002,-46.99,                   3653P   7473
-0.00100000000000003,1.501,-0.001,0.801;                            3653P   7474
128,1,4,1,2,0,0,0,0,0,-2.34187669256871D-16,                        3655P   7475
-2.34187669256871D-16,1.88235294117647,1.88235294117647,            3655P   7476
-3.14159265358979,-3.14159265358979,-3.14159265358979,              3655P   7477
-1.5707963267949,-1.5707963267949,5.68144963562278D-16,             3655P   7478
5.68144963562278D-16,5.68144963562278D-16,1.,1.,                    3655P   7479
0.707106781186548,0.707106781186548,1.,1.,0.707106781186548,        3655P   7480
0.707106781186548,1.,1.,-22.7029621605815,1.66751666924988D-14,     3655P   7481
-62.,-22.7029621605815,8.00000000000002,-62.,-22.7029621605815,     3655P   7482
1.66751666924988D-14,-66.25,-22.7029621605815,8.00000000000002,     3655P   7483
-66.25,-26.9529621605815,1.66751666924988D-14,-66.25,               3655P   7484
-26.9529621605815,8.00000000000002,-66.25,-31.2029621605815,        3655P   7485
1.66751666924988D-14,-66.25,-31.2029621605815,8.00000000000002,     3655P   7486
-66.25,-31.2029621605815,1.66751666924988D-14,-62.,                 3655P   7487
-31.2029621605815,8.00000000000002,-62.,-2.34187669256871D-16,      3655P   7488
1.88235294117647,-3.14159265358979,5.68144963562278D-16;            3655P   7489
128,1,1,1,1,0,0,1,0,0,-0.001,-0.001,1.501,1.501,-0.001,-0.001,      3657P   7490
0.801,0.801,1.,1.,1.,1.,-31.2029621605815,-0.00999999999998193,     3657P   7491
-46.99,-31.2029621605815,-0.00999999999998133,-62.01,               3657P   7492
-31.2029621605815,8.01000000000002,-46.99,-31.2029621605815,        3657P   7493
8.01000000000002,-62.01,-0.001,1.501,-0.001,0.801;                  3657P   7494
128,1,1,1,1,0,0,1,0,0,0.499,0.499,10.501,10.501,-0.001,-0.001,      3659P   7495
0.801,0.801,1.,1.,1.,1.,50.5570378394186,-0.00999999999999817,      3659P   7496
-120.,-49.4629621605817,-0.00999999999997474,-120.,                 3659P   7497
50.5570378394186,8.01,-120.,-49.4629621605817,8.01000000000003,     3659P   7498
-120.,0.499,10.501,-0.001,0.801;                                    3659P   7499
128,1,8,1,2,0,1,0,0,1,0.,0.,2.66666666666668,2.66666666666668,      3661P   7500
-3.14159265358979,-3.14159265358979,-3.14159265358979,              3661P   7501
-1.5707963267949,-1.5707963267949,0.,0.,1.5707963267949,            3661P   7502
1.5707963267949,3.14159265358979,3.14159265358979,                  3661P   7503
3.14159265358979,1.,1.,0.707106781186548,0.707106781186548,1.,      3661P   7504
1.,0.707106781186548,0.707106781186548,1.,1.,0.707106781186548,     3661P   7505
0.707106781186548,1.,1.,0.707106781186548,0.707106781186548,1.,     3661P   7506
1.,114.300377256354,0.,-22.9999999999998,114.300377256354,8.,       3661P   7507
-22.9999999999998,114.300377256354,0.,-19.9999999999998,            3661P   7508
114.300377256354,8.,-19.9999999999998,117.300377256354,0.,          3661P   7509
-19.9999999999998,117.300377256354,8.,-19.9999999999998,            3661P   7510
120.300377256354,0.,-19.9999999999998,120.300377256354,8.,          3661P   7511
-19.9999999999998,120.300377256354,0.,-22.9999999999998,            3661P   7512
120.300377256354,8.,-22.9999999999998,120.300377256354,0.,          3661P   7513
-25.9999999999998,120.300377256354,8.,-25.9999999999998,            3661P   7514
117.300377256354,0.,-25.9999999999998,117.300377256354,8.,          3661P   7515
-25.9999999999998,114.300377256354,0.,-25.9999999999998,            3661P   7516
114.300377256354,8.,-25.9999999999998,114.300377256354,0.,          3661P   7517
-22.9999999999998,114.300377256354,8.,-22.9999999999998,0.,         3661P   7518
2.66666666666668,-3.14159265358979,3.14159265358979;                3661P   7519
128,1,8,1,2,0,1,0,0,1,0.,0.,2.66666666666668,2.66666666666668,      3663P   7520
-3.14159265358979,-3.14159265358979,-3.14159265358979,              3663P   7521
-1.5707963267949,-1.5707963267949,0.,0.,1.5707963267949,            3663P   7522
1.5707963267949,3.14159265358979,3.14159265358979,                  3663P   7523
3.14159265358979,1.,1.,0.707106781186548,0.707106781186548,1.,      3663P   7524
1.,0.707106781186548,0.707106781186548,1.,1.,0.707106781186548,     3663P   7525
0.707106781186548,1.,1.,0.707106781186548,0.707106781186548,1.,     3663P   7526
1.,68.3003772563542,0.,-22.9999999999999,68.3003772563542,8.,       3663P   7527
-22.9999999999999,68.3003772563542,0.,-19.9999999999999,            3663P   7528
68.3003772563542,8.,-19.9999999999999,71.3003772563542,0.,          3663P   7529
-19.9999999999999,71.3003772563542,8.,-19.9999999999999,            3663P   7530
74.3003772563542,0.,-19.9999999999999,74.3003772563542,8.,          3663P   7531
-19.9999999999999,74.3003772563542,0.,-22.9999999999999,            3663P   7532
74.3003772563542,8.,-22.9999999999999,74.3003772563542,0.,          3663P   7533
-25.9999999999998,74.3003772563542,8.,-25.9999999999998,            3663P   7534
71.3003772563542,0.,-25.9999999999998,71.3003772563542,8.,          3663P   7535
-25.9999999999998,68.3003772563542,0.,-25.9999999999998,            3663P   7536
68.3003772563542,8.,-25.9999999999998,68.3003772563542,0.,          3663P   7537
-22.9999999999999,68.3003772563542,8.,-22.9999999999999,0.,         3663P   7538
2.66666666666668,-3.14159265358979,3.14159265358979;                3663P   7539
128,1,8,1,2,0,1,0,0,1,0.,0.,2.66666666666668,2.66666666666668,      3665P   7540
-3.14159265358979,-3.14159265358979,-3.14159265358979,              3665P   7541
-1.5707963267949,-1.5707963267949,0.,0.,1.5707963267949,            3665P   7542
1.5707963267949,3.14159265358979,3.14159265358979,                  3665P   7543
3.14159265358979,1.,1.,0.707106781186548,0.707106781186548,1.,      3665P   7544
1.,0.707106781186548,0.707106781186548,1.,1.,0.707106781186548,     3665P   7545
0.707106781186548,1.,1.,0.707106781186548,0.707106781186548,1.,     3665P   7546
1.,68.3003772563542,0.,22.9999999999999,68.3003772563542,8.,        3665P   7547
22.9999999999999,68.3003772563542,0.,25.9999999999999,              3665P   7548
68.3003772563542,8.,25.9999999999999,71.3003772563542,0.,           3665P   7549
25.9999999999999,71.3003772563542,8.,25.9999999999999,              3665P   7550
74.3003772563542,0.,25.9999999999999,74.3003772563542,8.,           3665P   7551
25.9999999999999,74.3003772563542,0.,22.9999999999999,              3665P   7552
74.3003772563542,8.,22.9999999999999,74.3003772563542,0.,           3665P   7553
19.9999999999999,74.3003772563542,8.,19.9999999999999,              3665P   7554
71.3003772563542,0.,19.9999999999999,71.3003772563542,8.,           3665P   7555
19.9999999999999,68.3003772563542,0.,19.9999999999999,              3665P   7556
68.3003772563542,8.,19.9999999999999,68.3003772563542,0.,           3665P   7557
22.9999999999999,68.3003772563542,8.,22.9999999999999,0.,           3665P   7558
2.66666666666668,-3.14159265358979,3.14159265358979;                3665P   7559
128,1,8,1,2,0,1,0,0,1,0.,0.,2.66666666666668,2.66666666666668,      3667P   7560
-3.14159265358979,-3.14159265358979,-3.14159265358979,              3667P   7561
-1.5707963267949,-1.5707963267949,0.,0.,1.5707963267949,            3667P   7562
1.5707963267949,3.14159265358979,3.14159265358979,                  3667P   7563
3.14159265358979,1.,1.,0.707106781186548,0.707106781186548,1.,      3667P   7564
1.,0.707106781186548,0.707106781186548,1.,1.,0.707106781186548,     3667P   7565
0.707106781186548,1.,1.,0.707106781186548,0.707106781186548,1.,     3667P   7566
1.,114.300377256354,0.,23.,114.300377256354,8.,23.,                 3667P   7567
114.300377256354,0.,25.9999999999999,114.300377256354,8.,           3667P   7568
25.9999999999999,117.300377256354,0.,25.9999999999999,              3667P   7569
117.300377256354,8.,25.9999999999999,120.300377256354,0.,           3667P   7570
25.9999999999999,120.300377256354,8.,25.9999999999999,              3667P   7571
120.300377256354,0.,23.,120.300377256354,8.,23.,                    3667P   7572
120.300377256354,0.,20.,120.300377256354,8.,20.,                    3667P   7573
117.300377256354,0.,20.,117.300377256354,8.,20.,                    3667P   7574
114.300377256354,0.,20.,114.300377256354,8.,20.,                    3667P   7575
114.300377256354,0.,23.,114.300377256354,8.,23.,0.,                 3667P   7576
2.66666666666668,-3.14159265358979,3.14159265358979;                3667P   7577
128,1,8,1,2,0,1,0,0,1,0.,0.,0.32,0.32,-3.14159265358979,            3669P   7578
-3.14159265358979,-3.14159265358979,-1.5707963267949,               3669P   7579
-1.5707963267949,0.,0.,1.5707963267949,1.5707963267949,             3669P   7580
3.14159265358979,3.14159265358979,3.14159265358979,1.,1.,           3669P   7581
0.707106781186548,0.707106781186548,1.,1.,0.707106781186548,        3669P   7582
0.707106781186548,1.,1.,0.707106781186548,0.707106781186548,1.,     3669P   7583
1.,0.707106781186548,0.707106781186548,1.,1.,69.3003772563542,      3669P   7584
0.,6.54754028772686D-14,69.3003772563542,8.,                        3669P   7585
6.54754028772686D-14,69.3003772563542,0.,25.0000000000001,          3669P   7586
69.3003772563542,8.,25.0000000000001,94.3003772563542,0.,           3669P   7587
25.0000000000001,94.3003772563542,8.,25.0000000000001,              3669P   7588
119.300377256354,0.,25.0000000000001,119.300377256354,8.,           3669P   7589
25.0000000000001,119.300377256354,0.,6.54754028772686D-14,          3669P   7590
119.300377256354,8.,6.54754028772686D-14,119.300377256354,0.,       3669P   7591
-24.9999999999999,119.300377256354,8.,-24.9999999999999,            3669P   7592
94.3003772563542,0.,-24.9999999999999,94.3003772563542,8.,          3669P   7593
-24.9999999999999,69.3003772563542,0.,-24.9999999999999,            3669P   7594
69.3003772563542,8.,-24.9999999999999,69.3003772563542,0.,          3669P   7595
6.54754028772686D-14,69.3003772563542,8.,6.54754028772686D-14,      3669P   7596
0.,0.32,-3.14159265358979,3.14159265358979;                         3669P   7597
128,1,1,1,1,0,0,1,0,0,-0.001,-0.001,1.101,1.101,-0.001,-0.001,      3671P   7598
0.801,0.801,1.,1.,1.,1.,-39.9838736799907,-0.01,                    3671P   7599
31.2514382989936,-28.9638736799907,-0.01,31.2514382989936,          3671P   7600
-39.9838736799907,8.01,31.2514382989936,-28.9638736799907,8.01,     3671P   7601
31.2514382989936,-0.001,1.101,-0.001,0.801;                         3671P   7602
128,1,4,1,2,0,0,0,0,0,0.,0.,2.28571428571429,2.28571428571429,      3673P   7603
0.,0.,0.,1.5707963267949,1.5707963267949,3.14159265358979,          3673P   7604
3.14159265358979,3.14159265358979,1.,1.,0.707106781186548,          3673P   7605
0.707106781186548,1.,1.,0.707106781186548,0.707106781186548,1.,     3673P   7606
1.,-39.9738736799907,0.,31.2514382989936,-39.9738736799907,8.,      3673P   7607
31.2514382989936,-43.4738736799907,0.,31.2514382989936,             3673P   7608
-43.4738736799907,8.,31.2514382989936,-43.4738736799907,0.,         3673P   7609
34.7514382989936,-43.4738736799907,8.,34.7514382989936,             3673P   7610
-43.4738736799907,0.,38.2514382989936,-43.4738736799907,8.,         3673P   7611
38.2514382989936,-39.9738736799907,0.,38.2514382989936,             3673P   7612
-39.9738736799907,8.,38.2514382989936,0.,2.28571428571429,0.,       3673P   7613
3.14159265358979;                                                   3673P   7614
128,1,1,1,1,0,0,1,0,0,-0.001,-0.001,1.101,1.101,-0.001,-0.001,      3675P   7615
0.801,0.801,1.,1.,1.,1.,-28.9638736799907,-0.01,                    3675P   7616
38.2514382989936,-39.9838736799907,-0.01,38.2514382989936,          3675P   7617
-28.9638736799907,8.01,38.2514382989936,-39.9838736799907,8.01,     3675P   7618
38.2514382989936,-0.001,1.101,-0.001,0.801;                         3675P   7619
128,1,4,1,2,0,0,0,0,0,0.,0.,2.28571428571429,2.28571428571429,      3677P   7620
0.,0.,0.,1.5707963267949,1.5707963267949,3.14159265358979,          3677P   7621
3.14159265358979,3.14159265358979,1.,1.,0.707106781186548,          3677P   7622
0.707106781186548,1.,1.,0.707106781186548,0.707106781186548,1.,     3677P   7623
1.,-28.9738736799907,0.,38.2514382989936,-28.9738736799907,8.,      3677P   7624
38.2514382989936,-25.4738736799907,0.,38.2514382989936,             3677P   7625
-25.4738736799907,8.,38.2514382989936,-25.4738736799907,0.,         3677P   7626
34.7514382989936,-25.4738736799907,8.,34.7514382989936,             3677P   7627
-25.4738736799907,0.,31.2514382989936,-25.4738736799907,8.,         3677P   7628
31.2514382989936,-28.9738736799907,0.,31.2514382989936,             3677P   7629
-28.9738736799907,8.,31.2514382989936,0.,2.28571428571429,0.,       3677P   7630
3.14159265358979;                                                   3677P   7631
128,1,1,1,1,0,0,1,0,0,-0.001,-0.001,1.101,1.101,-0.001,-0.001,      3679P   7632
0.801,0.801,1.,1.,1.,1.,40.6361263200093,-0.01,38.2514382989936,    3679P   7633
29.6161263200093,-0.01,38.2514382989936,40.6361263200093,8.01,      3679P   7634
38.2514382989936,29.6161263200093,8.01,38.2514382989936,-0.001,     3679P   7635
1.101,-0.001,0.801;                                                 3679P   7636
128,1,4,1,2,0,0,0,0,0,0.,0.,2.28571428571429,2.28571428571429,      3681P   7637
0.,0.,0.,1.5707963267949,1.5707963267949,3.14159265358979,          3681P   7638
3.14159265358979,3.14159265358979,1.,1.,0.707106781186548,          3681P   7639
0.707106781186548,1.,1.,0.707106781186548,0.707106781186548,1.,     3681P   7640
1.,40.6261263200093,0.,38.2514382989936,40.6261263200093,8.,        3681P   7641
38.2514382989936,44.1261263200093,0.,38.2514382989936,              3681P   7642
44.1261263200093,8.,38.2514382989936,44.1261263200093,0.,           3681P   7643
34.7514382989936,44.1261263200093,8.,34.7514382989936,              3681P   7644
44.1261263200093,0.,31.2514382989936,44.1261263200093,8.,           3681P   7645
31.2514382989936,40.6261263200093,0.,31.2514382989936,              3681P   7646
40.6261263200093,8.,31.2514382989936,0.,2.28571428571429,0.,        3681P   7647
3.14159265358979;                                                   3681P   7648
128,1,1,1,1,0,0,1,0,0,-0.001,-0.001,1.101,1.101,-0.001,-0.001,      3683P   7649
0.801,0.801,1.,1.,1.,1.,29.6161263200093,-0.01,31.2514382989936,    3683P   7650
40.6361263200093,-0.01,31.2514382989936,29.6161263200093,8.01,      3683P   7651
31.2514382989936,40.6361263200093,8.01,31.2514382989936,-0.001,     3683P   7652
1.101,-0.001,0.801;                                                 3683P   7653
128,1,4,1,2,0,0,0,0,0,0.,0.,2.28571428571429,2.28571428571429,      3685P   7654
0.,0.,0.,1.5707963267949,1.5707963267949,3.14159265358979,          3685P   7655
3.14159265358979,3.14159265358979,1.,1.,0.707106781186548,          3685P   7656
0.707106781186548,1.,1.,0.707106781186548,0.707106781186548,1.,     3685P   7657
1.,29.6261263200093,0.,31.2514382989936,29.6261263200093,8.,        3685P   7658
31.2514382989936,26.1261263200093,0.,31.2514382989936,              3685P   7659
26.1261263200093,8.,31.2514382989936,26.1261263200093,0.,           3685P   7660
34.7514382989936,26.1261263200093,8.,34.7514382989936,              3685P   7661
26.1261263200093,0.,38.2514382989936,26.1261263200093,8.,           3685P   7662
38.2514382989936,29.6261263200093,0.,38.2514382989936,              3685P   7663
29.6261263200093,8.,38.2514382989936,0.,2.28571428571429,0.,        3685P   7664
3.14159265358979;                                                   3685P   7665
128,1,1,1,1,0,0,1,0,0,-9.25100000000001,-9.25100000000001,9.251,    3687P   7666
9.251,-3.00100000000004,-3.00100000000004,14.001,14.001,1.,1.,      3687P   7667
1.,1.,-54.4629621605818,8.,50.0100000000004,130.557037839418,8.,    3687P   7668
50.0100000000004,-54.4629621605818,8.,-120.01,130.557037839418,     3687P   7669
8.,-120.01,-9.25100000000001,9.251,-3.00100000000004,14.001;        3687P   7670
128,1,2,1,2,0,0,0,0,0,-4.01550497375636D-16,                        3689P   7671
-4.01550497375636D-16,0.645161290322583,0.645161290322583,          3689P   7672
-1.91590386020033,-1.91590386020033,-1.91590386020033,              3689P   7673
-1.40227602535871,-1.40227602535871,-1.40227602535871,1.,1.,        3689P   7674
0.967204151649352,0.967204151649352,1.,1.,-4.94323976492206,        3689P   7675
-23.8961267729264,-14.5861057357397,-4.94323976492204,              3689P   7676
-33.8961267729264,-14.5861057357397,-1.11274073797264,              3689P   7677
-23.8961267729264,-15.9631470284324,-1.11274073797262,              3689P   7678
-33.8961267729264,-15.9631470284324,2.90009609469641,               3689P   7679
-23.8961267729264,-15.2804274142305,2.90009609469643,               3689P   7680
-33.8961267729264,-15.2804274142305,-4.01550497375636D-16,          3689P   7681
0.645161290322583,-1.91590386020033,-1.40227602535871;              3689P   7682
128,1,1,1,1,0,0,1,0,0,-0.00100000000000055,-0.00100000000000055,    3691P   7683
6.72430797193353,6.72430797193353,-0.00100000000000026,             3691P   7684
-0.00100000000000026,1.001,1.001,1.,1.,1.,1.,66.178461951664,       3691P   7685
-23.8861267729263,-38.0286182128991,2.89068570389913,               3691P   7686
-23.8861267729264,-15.2770444355071,66.1784619516641,               3691P   7687
-33.9061267729263,-38.0286182128991,2.89068570389915,               3691P   7688
-33.9061267729264,-15.2770444355071,-0.00100000000000055,           3691P   7689
6.72430797193353,-0.00100000000000026,1.001;                        3691P   7690
128,1,2,1,2,0,0,0,0,0,-4.93148418807003D-16,                        3693P   7691
-4.93148418807003D-16,0.211416490486258,0.211416490486258,          3693P   7692
-2.20774177374533,-2.20774177374533,-2.20774177374533,              3693P   7693
-1.91590386020033,-1.91590386020033,-1.91590386020033,1.,1.,        3693P   7694
0.989372705784515,0.989372705784515,1.,1.,66.1690515608668,         3693P   7695
-23.8961267729263,-38.0252352341757,66.1690515608668,               3693P   7696
-33.8961267729263,-38.0252352341757,71.7573734528438,               3693P   7697
-23.8961267729263,-42.1595134908723,71.7573734528438,               3693P   7698
-33.8961267729263,-42.1595134908723,78.2988878946522,               3693P   7699
-23.8961267729263,-44.511148470999,78.2988878946522,                3693P   7700
-33.8961267729263,-44.511148470999,-4.93148418807003D-16,           3693P   7701
0.211416490486258,-2.20774177374533,-1.91590386020033;              3693P   7702
128,1,1,1,1,0,0,1,0,0,-0.001,-0.001,8.8467673494163,                3695P   7703
8.8467673494163,-0.001,-0.001,1.001,1.001,1.,1.,1.,1.,              3695P   7704
-4.95265015571933,-23.8861267729264,-14.5827227570163,              3695P   7705
78.3082982854495,-23.8861267729263,-44.5145314497222,               3695P   7706
-4.95265015571931,-33.9061267729264,-14.5827227570163,              3695P   7707
78.3082982854495,-33.9061267729263,-44.5145314497222,-0.001,        3695P   7708
8.8467673494163,-0.001,1.001;                                       3695P   7709
128,1,1,1,1,0,0,1,0,0,-4.16310638297871,-4.16310638297871,          3697P   7710
4.16310638297871,4.16310638297871,-1.49725213676297,                3697P   7711
-1.49725213676297,1.49725213676297,1.49725213676297,1.,1.,1.,1.,    3697P   7712
-4.95323976492208,-23.8961267729264,-14.5761057357397,              3697P   7713
78.3088878946522,-23.8961267729263,-14.5761057357396,               3697P   7714
-4.95323976492206,-23.8961267729264,-44.5211484709991,              3697P   7715
78.3088878946522,-23.8961267729263,-44.5211484709991,               3697P   7716
-4.16310638297871,4.16310638297871,-1.49725213676297,               3697P   7717
1.49725213676297;                                                   3697P   7718
128,1,1,1,1,0,0,1,0,0,-4.16310638297871,-4.16310638297871,          3699P   7719
4.16310638297871,4.16310638297871,-1.49725213676297,                3699P   7720
-1.49725213676297,1.49725213676297,1.49725213676297,1.,1.,1.,1.,    3699P   7721
78.3088878946522,-33.8961267729263,-14.5761057357396,               3699P   7722
-4.95323976492206,-33.8961267729264,-14.5761057357397,              3699P   7723
78.3088878946522,-33.8961267729263,-44.5211484709991,               3699P   7724
-4.95323976492204,-33.8961267729264,-44.5211484709991,              3699P   7725
-4.16310638297871,4.16310638297871,-1.49725213676297,               3699P   7726
1.49725213676297;                                                   3699P   7727
128,1,1,1,1,0,0,1,0,0,-0.00100000000000005,-0.00100000000000005,    3701P   7728
6.72430795673035,6.72430795673035,-0.001,-0.001,1.001,1.001,1.,     3701P   7729
1.,1.,1.,2.89068576369502,-23.8861267729264,15.2770444253338,       3701P   7730
66.178461868392,-23.8861267729263,38.028618151294,                  3701P   7731
2.89068576369503,-33.9061267729264,15.2770444253338,                3701P   7732
66.178461868392,-33.9061267729263,38.028618151294,                  3701P   7733
-0.00100000000000005,6.72430795673035,-0.001,1.001;                 3701P   7734
128,1,2,1,2,0,0,0,0,0,-2.79194039960648D-17,                        3703P   7735
-2.79194039960648D-17,0.645161290322583,0.645161290322583,          3703P   7736
1.40227602144548,1.40227602144548,1.40227602144548,                 3703P   7737
1.91590386020033,1.91590386020033,1.91590386020033,1.,1.,           3703P   7738
0.96720415115237,0.96720415115237,1.,1.,2.90009615449229,           3703P   7739
-23.8961267729264,15.2804274040572,2.9000961544923,                 3703P   7740
-33.8961267729264,15.2804274040572,-1.11274070746502,               3703P   7741
-23.8961267729264,15.9631470393997,-1.11274070746501,               3703P   7742
-33.8961267729264,15.9631470393997,-4.94323976492213,               3703P   7743
-23.8961267729264,14.5861057357396,-4.94323976492211,               3703P   7744
-33.8961267729264,14.5861057357396,-2.79194039960648D-17,           3703P   7745
0.645161290322583,1.40227602144548,1.91590386020033;                3703P   7746
128,1,1,1,1,0,0,1,0,0,-0.00100000000000197,-0.00100000000000197,    3705P   7747
8.8467673494163,8.8467673494163,-0.00100000000000022,               3705P   7748
-0.00100000000000022,1.001,1.001,1.,1.,1.,1.,78.3082982854493,      3705P   7749
-23.8861267729263,44.5145314497225,-4.95265015571937,               3705P   7750
-23.8861267729264,14.5827227570162,78.3082982854493,                3705P   7751
-33.9061267729263,44.5145314497225,-4.95265015571936,               3705P   7752
-33.9061267729264,14.5827227570163,-0.00100000000000197,            3705P   7753
8.8467673494163,-0.00100000000000022,1.001;                         3705P   7754
128,1,2,1,2,0,0,0,0,0,-1.1759729309703D-16,-1.1759729309703D-16,    3707P   7755
0.211416490486259,0.211416490486259,1.91590386020033,               3707P   7756
1.91590386020033,1.91590386020033,2.20774177593524,                 3707P   7757
2.20774177593524,2.20774177593524,1.,1.,0.989372705625306,          3707P   7758
0.989372705625306,1.,1.,78.298887894652,-23.8961267729263,          3707P   7759
44.5111484709991,78.2988878946521,-33.8961267729263,                3707P   7760
44.5111484709991,71.7573734030533,-23.8961267729263,                3707P   7761
42.159513472973,71.7573734030533,-33.8961267729263,                 3707P   7762
42.159513472973,66.1690514775948,-23.8961267729263,                 3707P   7763
38.0252351725706,66.1690514775948,-33.8961267729263,                3707P   7764
38.0252351725706,-1.1759729309703D-16,0.211416490486259,            3707P   7765
1.91590386020033,2.20774177593524;                                  3707P   7766
128,1,1,1,1,0,0,1,0,0,-4.16310638297871,-4.16310638297871,          3709P   7767
4.16310638297871,4.16310638297871,-1.49725213676297,                3709P   7768
-1.49725213676297,1.49725213676297,1.49725213676297,1.,1.,1.,1.,    3709P   7769
-4.95323976492214,-23.8961267729264,44.5211484709991,               3709P   7770
78.308887894652,-23.8961267729263,44.5211484709991,                 3709P   7771
-4.95323976492212,-23.8961267729264,14.5761057357396,               3709P   7772
78.3088878946521,-23.8961267729263,14.5761057357397,                3709P   7773
-4.16310638297871,4.16310638297871,-1.49725213676297,               3709P   7774
1.49725213676297;                                                   3709P   7775
128,1,1,1,1,0,0,1,0,0,-4.16310638297871,-4.16310638297871,          3711P   7776
4.16310638297871,4.16310638297871,-1.49725213676297,                3711P   7777
-1.49725213676297,1.49725213676297,1.49725213676297,1.,1.,1.,1.,    3711P   7778
78.3088878946521,-33.8961267729263,44.5211484709991,                3711P   7779
-4.95323976492212,-33.8961267729264,44.5211484709991,               3711P   7780
78.3088878946521,-33.8961267729263,14.5761057357397,                3711P   7781
-4.95323976492211,-33.8961267729264,14.5761057357397,               3711P   7782
-4.16310638297871,4.16310638297871,-1.49725213676297,               3711P   7783
1.49725213676297;                                                   3711P   7784
502,91,0.,-1.52,6.35,0.,-1.52,-6.35,0.,-31.72,-6.35,                3713P   7785
-3.4205262752974,-31.72,5.35,-3.4205262752974,-6.72,5.35,           3713P   7786
3.4205262752974,-6.72,5.35,3.4205262752974,-31.72,5.35,-31.575,     3713P   7787
118.,-26.575,-37.925,118.,-26.575,-42.925,118.,-21.575,-42.925,     3713P   7788
118.,21.575,-37.925,118.,26.575,-31.575,118.,26.575,-26.575,        3713P   7789
118.,31.575,-26.575,118.,37.925,-21.575,118.,42.925,21.575,118.,    3713P   7790
42.925,26.575,118.,37.925,26.575,118.,31.575,31.575,118.,26.575,    3713P   7791
37.925,118.,26.575,42.925,118.,21.575,42.925,118.,-21.575,          3713P   7792
37.925,118.,-26.575,31.575,118.,-26.575,26.575,118.,-31.575,        3713P   7793
26.575,118.,-37.925,21.575,118.,-42.925,-21.575,118.,-42.925,       3713P   7794
-26.575,118.,-37.925,-26.575,118.,-31.575,42.925,8.,-37.925,        3713P   7795
42.925,8.,-21.575,42.925,8.,21.575,42.925,8.,37.925,42.925,0.,      3713P   7796
37.925,42.925,0.,-37.925,-21.575,8.,42.925,-37.925,8.,42.925,       3713P   7797
-37.925,0.,42.925,37.925,0.,42.925,37.925,8.,42.925,21.575,8.,      3713P   7798
42.925,-37.925,8.,-42.925,-21.575,8.,-42.925,21.575,8.,-42.925,     3713P   7799
37.925,8.,-42.925,37.925,0.,-42.925,-37.925,0.,-42.925,-42.925,     3713P   7800
8.,-21.575,-42.925,8.,-37.925,-42.925,0.,-37.925,-42.925,0.,        3713P   7801
37.925,-42.925,8.,37.925,-42.925,8.,21.575,0.,0.,36.5,0.,0.,        3713P   7802
-36.5,0.,-1.52,-36.5,0.,-1.52,36.5,32.,0.,-34.75,34.75,0.,-32.,     3713P   7803
-37.5,0.,-34.75,-34.75,0.,-32.,-37.5,0.,34.75,-34.75,0.,37.5,       3713P   7804
32.,0.,34.75,34.75,0.,37.5,32.,7.9999999999814,34.75,34.75,         3713P   7805
7.99999999995634,37.5,-37.5,7.9999999999814,34.75,-34.75,           3713P   7806
7.99999999995634,37.5,-37.5,7.9999999999814,-34.75,-34.75,          3713P   7807
7.99999999995634,-32.,32.,7.9999999999814,-34.75,34.75,             3713P   7808
7.99999999995634,-32.,-26.575,8.,31.575,-26.575,8.,37.925,          3713P   7809
-31.575,8.,26.575,-37.925,8.,26.575,-31.575,8.,-26.575,-37.925,     3713P   7810
8.,-26.575,-26.575,8.,-31.575,-26.575,8.,-37.925,26.575,8.,         3713P   7811
-31.575,26.575,8.,-37.925,31.575,8.,-26.575,37.925,8.,-26.575,      3713P   7812
31.575,8.,26.575,37.925,8.,26.575,26.575,8.,31.575,26.575,8.,       3713P   7813
37.925;                                                             3713P   7814
502,6,-8.5,-5.85,-1.04094977927525D-15,-8.5,15.3,                   3715P   7815
-1.04094977927525D-15,-32.5,-5.85,-3.9801020972289D-15,-32.5,0.,    3715P   7816
-3.9801020972289D-15,-47.3,15.3,5.79257935996698D-15,-47.3,0.,      3715P   7817
5.79257935996698D-15;                                               3715P   7818
502,12,-6.35,-8.,-7.77650717458569D-16,-6.35,13.,                   3717P   7819
-7.77650717458569D-16,-11.5,-8.,-1.40834381901946D-15,-11.5,-2.,    3717P   7820
-1.40834381901946D-15,18.,12.638,2.20436423846524D-15,15.7,11.,     3717P   7821
-1.92269547466134D-15,-15.5,11.,1.8982025386784D-15,18.,13.,        3717P   7822
-2.20436423846524D-15,-18.,-1.638,2.20436423846524D-15,-15.7,0.,    3717P   7823
-1.92269547466135D-15,-15.5,0.,1.8982025386784D-15,-18.,-2.,        3717P   7824
-2.20436423846524D-15;                                              3717P   7825
502,250,-8.,-11.,-9.79717439317883D-16,-8.,-10.,                    3719P   7826
-9.79717439317883D-16,-8.5,-11.,-1.04094977927525D-15,-8.5,-10.,    3719P   7827
-1.04094977927525D-15,-8.5,-6.,-1.04094977927525D-15,               3719P   7828
-2.28883417980915,0.,14.5025149450238,-3.54062340070382,0.,         3719P   7829
16.0388469328187,-8.19079846457885,17.05,12.584850502439,           3719P   7830
-9.08572917053403,17.05,13.6832068770339,-9.43523376863541,         3719P   7831
16.05,14.649470595595,-4.60342869040919,1.,16.8059236369894,        3719P   7832
-0.770694372294639,0.,14.9957884701205,-6.67265865706433,17.05,     3719P   7833
13.0781240275357,-0.692277901137242,0.,16.410404513832,             3719P   7834
-0.977478305256542,1.,17.3975619315683,-6.15402202204159,16.05,     3719P   7835
16.3021053226946,-6.56297318903621,17.05,15.0568259576842,          3719P   7836
-5.72948928830513,0.,15.3932965116377,-5.36692738616194,0.,         3719P   7837
14.0236846829837,-6.65833424061558,0.,13.0854226822655,             3719P   7838
-8.32360922940595,0.,14.1597370878187,-10.2058583442345,0.,         3719P   7839
12.869385395481,-9.43780815388983,0.,11.6788449303198,              3719P   7840
-10.376070154608,0.,10.3874380758661,-12.2918221927382,0.,          3719P   7841
10.8945735199735,-13.6832068770339,0.,9.08572917053402,             3719P   7842
-12.584850502439,0.,8.19079846457884,-13.0781240275357,0.,          3719P   7843
6.67265865706432,-15.0568259576842,0.,6.56297318903621,             3719P   7844
-15.8211477842009,0.,4.41269847037773,-14.5,0.,3.90097957647631,    3719P   7845
-14.5,0.,2.30471291776244,-16.3479626908169,0.,1.58894331543302,    3719P   7846
-16.410404513832,0.,-0.692277901137239,-14.9957884701205,0.,        3719P   7847
-0.770694372294636,-14.5025149450238,0.,-2.28883417980915,          3719P   7848
-16.0388469328187,0.,-3.54062340070382,-15.3932965116377,0.,        3719P   7849
-5.72948928830513,-14.0236846829837,0.,-5.36692738616194,           3719P   7850
-13.0854226822655,0.,-6.65833424061558,-14.1597370878187,0.,        3719P   7851
-8.32360922940596,-12.869385395481,0.,-10.2058583442345,            3719P   7852
-11.6788449303198,0.,-9.43780815388983,-10.3874380758661,0.,        3719P   7853
-10.376070154608,-10.8945735199735,0.,-12.2918221927382,            3719P   7854
-9.08572917053402,0.,-13.6832068770339,-8.19079846457884,0.,        3719P   7855
-12.584850502439,-6.67265865706432,0.,-13.0781240275357,            3719P   7856
-6.56297318903621,0.,-15.0568259576842,-4.41269847037773,0.,        3719P   7857
-15.8211477842009,-3.90097957647631,0.,-14.5,-2.30471291776244,     3719P   7858
0.,-14.5,-1.58894331543302,0.,-16.3479626908169,                    3719P   7859
0.69227790113724,0.,-16.410404513832,0.770694372294636,0.,          3719P   7860
-14.9957884701205,2.28883417980915,0.,-14.5025149450238,            3719P   7861
3.54062340070381,0.,-16.0388469328187,5.72948928830513,0.,          3719P   7862
-15.3932965116377,5.36692738616194,0.,-14.0236846829837,            3719P   7863
6.65833424061558,0.,-13.0854226822655,8.32360922940596,0.,          3719P   7864
-14.1597370878187,10.2058583442345,0.,-12.869385395481,             3719P   7865
9.43780815388983,0.,-11.6788449303198,10.376070154608,0.,           3719P   7866
-10.3874380758661,12.2918221927382,0.,-10.8945735199735,            3719P   7867
13.6832068770339,0.,-9.08572917053402,12.584850502439,0.,           3719P   7868
-8.19079846457884,13.0781240275357,0.,-6.67265865706432,            3719P   7869
15.0568259576842,0.,-6.56297318903621,15.8211477842009,0.,          3719P   7870
-4.41269847037773,14.5,0.,-3.90097957647631,14.5,0.,                3719P   7871
-2.30471291776244,16.3479626908169,0.,-1.58894331543302,            3719P   7872
16.410404513832,0.,0.69227790113724,14.9957884701205,0.,            3719P   7873
0.770694372294636,14.5025149450238,0.,2.28883417980915,             3719P   7874
16.0388469328187,0.,3.54062340070381,15.3932965116377,0.,           3719P   7875
5.72948928830513,14.0236846829837,0.,5.36692738616194,              3719P   7876
13.0854226822655,0.,6.65833424061558,14.1597370878187,0.,           3719P   7877
8.32360922940595,12.869385395481,0.,10.2058583442345,               3719P   7878
11.6788449303198,0.,9.43780815388983,10.3874380758661,0.,           3719P   7879
10.376070154608,10.8945735199735,0.,12.2918221927382,               3719P   7880
9.08572917053403,0.,13.6832068770339,8.19079846457884,0.,           3719P   7881
12.584850502439,6.67265865706432,0.,13.0781240275357,               3719P   7882
6.56297318903621,0.,15.0568259576842,4.41269847037773,0.,           3719P   7883
15.8211477842009,3.90097957647631,0.,14.5,2.30471291776244,0.,      3719P   7884
14.5,1.58894331543302,0.,16.3479626908169,-12.,0.,                  3719P   7885
-1.46957615897682D-15,-6.3057794092966,1.,16.2440072347094,         3719P   7886
0.815195156683617,1.,17.4059208850471,-10.8904503342894,16.05,      3719P   7887
13.6025261079101,-10.8945735199735,17.05,12.2918221927382,          3719P   7888
-11.6788449303198,17.05,9.43780815388982,-12.869385395481,17.05,    3719P   7889
10.2058583442345,-13.5003759310637,16.05,11.0168268898061,          3719P   7890
-9.57143686331106,1.,14.5608454895878,-10.3874380758662,17.05,      3719P   7891
10.376070154608,-11.0168268898061,1.,13.5003759310637,              3719P   7892
-14.5608454895878,16.05,9.57143686331106,-14.1597370878187,         3719P   7893
17.05,8.32360922940595,-14.0236846829837,17.05,5.36692738616194,    3719P   7894
-15.3932965116377,17.05,5.72948928830513,-16.2440072347094,         3719P   7895
16.05,6.3057794092966,-13.6025261079101,1.,10.8904503342894,        3719P   7896
-13.0854226822655,17.05,6.65833424061557,-14.649470595595,1.,       3719P   7897
9.43523376863541,-16.8059236369894,16.05,4.60342869040918,          3719P   7898
-16.0388469328187,17.05,3.54062340070381,-14.9957884701205,         3719P   7899
17.05,0.770694372294631,-16.410404513832,17.05,                     3719P   7900
0.692277901137236,-17.3975619315683,16.05,0.977478305256536,        3719P   7901
-16.3021053226946,1.,6.15402202204159,-14.5025149450238,17.05,      3719P   7902
2.28883417980915,-16.8481220506236,1.,4.44650518579385,             3719P   7903
-17.4059208850471,16.05,-0.815195156683617,-16.3479626908169,       3719P   7904
17.05,-1.58894331543302,-14.5,17.05,-3.90097957647631,              3719P   7905
-15.8211477842009,17.05,-4.41269847037773,-16.8481220506236,        3719P   7906
16.05,-4.44650518579385,-17.4059208850471,1.,0.815195156683612,     3719P   7907
-14.5,17.05,-2.30471291776244,-17.3975619315683,1.,                 3719P   7908
-0.977478305256539,-16.3021053226946,16.05,-6.15402202204159,       3719P   7909
-15.0568259576842,17.05,-6.56297318903621,-12.584850502439,         3719P   7910
17.05,-8.19079846457884,-13.6832068770339,17.05,                    3719P   7911
-9.08572917053403,-14.649470595595,16.05,-9.43523376863541,         3719P   7912
-16.8059236369894,1.,-4.60342869040919,-13.0781240275357,17.05,     3719P   7913
-6.67265865706433,-16.2440072347094,1.,-6.3057794092966,            3719P   7914
-13.6025261079101,16.05,-10.8904503342894,-12.2918221927382,        3719P   7915
17.05,-10.8945735199735,-9.43780815388982,17.05,                    3719P   7916
-11.6788449303198,-10.2058583442345,17.05,-12.869385395481,         3719P   7917
-11.0168268898061,16.05,-13.5003759310637,-14.5608454895878,1.,     3719P   7918
-9.57143686331106,-10.376070154608,17.05,-10.3874380758661,         3719P   7919
-13.5003759310637,1.,-11.0168268898061,-9.57143686331106,16.05,     3719P   7920
-14.5608454895878,-8.32360922940595,17.05,-14.1597370878187,        3719P   7921
-5.36692738616194,17.05,-14.0236846829837,-5.72948928830513,        3719P   7922
17.05,-15.3932965116377,-6.3057794092966,16.05,                     3719P   7923
-16.2440072347094,-10.8904503342894,1.,-13.6025261079101,           3719P   7924
-6.65833424061558,17.05,-13.0854226822655,-9.43523376863541,1.,     3719P   7925
-14.649470595595,-4.60342869040918,16.05,-16.8059236369894,         3719P   7926
-3.54062340070381,17.05,-16.0388469328187,-0.770694372294632,       3719P   7927
17.05,-14.9957884701205,-0.692277901137236,17.05,                   3719P   7928
-16.410404513832,-0.977478305256536,16.05,-17.3975619315683,        3719P   7929
-6.15402202204159,1.,-16.3021053226946,-2.28883417980915,17.05,     3719P   7930
-14.5025149450238,-4.44650518579385,1.,-16.8481220506236,           3719P   7931
0.815195156683618,16.05,-17.4059208850471,1.58894331543302,         3719P   7932
17.05,-16.3479626908169,3.90097957647631,17.05,-14.5,               3719P   7933
4.41269847037773,17.05,-15.8211477842009,4.44650518579385,16.05,    3719P   7934
-16.8481220506236,-0.815195156683615,1.,-17.4059208850471,          3719P   7935
2.30471291776244,17.05,-14.5,0.977478305256539,1.,                  3719P   7936
-17.3975619315683,6.15402202204159,16.05,-16.3021053226946,         3719P   7937
6.56297318903621,17.05,-15.0568259576842,8.19079846457884,17.05,    3719P   7938
-12.584850502439,9.08572917053403,17.05,-13.6832068770339,          3719P   7939
9.43523376863541,16.05,-14.649470595595,4.60342869040919,1.,        3719P   7940
-16.8059236369894,6.67265865706433,17.05,-13.0781240275357,         3719P   7941
6.3057794092966,1.,-16.2440072347094,10.8904503342894,16.05,        3719P   7942
-13.6025261079101,10.8945735199735,17.05,-12.2918221927382,         3719P   7943
11.6788449303198,17.05,-9.43780815388982,12.869385395481,17.05,     3719P   7944
-10.2058583442345,13.5003759310637,16.05,-11.0168268898061,         3719P   7945
9.57143686331106,1.,-14.5608454895878,10.3874380758661,17.05,       3719P   7946
-10.376070154608,11.0168268898061,1.,-13.5003759310637,             3719P   7947
14.5608454895878,16.05,-9.57143686331106,14.1597370878187,17.05,    3719P   7948
-8.32360922940595,14.0236846829837,17.05,-5.36692738616194,         3719P   7949
15.3932965116377,17.05,-5.72948928830513,16.2440072347094,16.05,    3719P   7950
-6.3057794092966,13.6025261079101,1.,-10.8904503342894,             3719P   7951
13.0854226822655,17.05,-6.65833424061558,14.649470595595,1.,        3719P   7952
-9.43523376863541,16.8059236369894,16.05,-4.60342869040918,         3719P   7953
16.0388469328187,17.05,-3.54062340070381,14.9957884701205,17.05,    3719P   7954
-0.770694372294633,16.410404513832,17.05,-0.692277901137237,        3719P   7955
17.3975619315683,16.05,-0.977478305256538,16.3021053226946,1.,      3719P   7956
-6.15402202204159,14.5025149450238,17.05,-2.28883417980915,         3719P   7957
16.8481220506236,1.,-4.44650518579385,17.4059208850471,16.05,       3719P   7958
0.815195156683617,16.3479626908169,17.05,1.58894331543302,14.5,     3719P   7959
17.05,3.90097957647631,15.8211477842009,17.05,4.41269847037773,     3719P   7960
16.8481220506236,16.05,4.44650518579385,17.4059208850471,1.,        3719P   7961
-0.815195156683616,14.5,17.05,2.30471291776244,17.3975619315683,    3719P   7962
1.,0.97747830525654,16.3021053226946,16.05,6.15402202204159,        3719P   7963
15.0568259576842,17.05,6.56297318903621,12.584850502439,17.05,      3719P   7964
8.19079846457884,13.6832068770339,17.05,9.08572917053402,           3719P   7965
14.649470595595,16.05,9.43523376863541,16.8059236369894,1.,         3719P   7966
4.60342869040919,13.0781240275357,17.05,6.67265865706432,           3719P   7967
16.2440072347094,1.,6.3057794092966,13.6025261079101,16.05,         3719P   7968
10.8904503342894,12.2918221927382,17.05,10.8945735199735,           3719P   7969
9.43780815388983,17.05,11.6788449303198,10.2058583442345,17.05,     3719P   7970
12.869385395481,11.0168268898061,16.05,13.5003759310637,            3719P   7971
14.5608454895878,1.,9.57143686331105,10.376070154608,17.05,         3719P   7972
10.3874380758661,13.5003759310637,1.,11.0168268898061,              3719P   7973
9.57143686331106,16.05,14.5608454895878,8.32360922940595,17.05,     3719P   7974
14.1597370878187,5.36692738616194,17.05,14.0236846829837,           3719P   7975
5.72948928830513,17.05,15.3932965116377,6.3057794092966,16.05,      3719P   7976
16.2440072347094,10.8904503342894,1.,13.6025261079101,              3719P   7977
6.65833424061558,17.05,13.0854226822655,9.43523376863541,1.,        3719P   7978
14.649470595595,4.60342869040919,16.05,16.8059236369894,            3719P   7979
3.54062340070381,17.05,16.0388469328187,0.770694372294635,17.05,    3719P   7980
14.9957884701205,0.692277901137239,17.05,16.410404513832,           3719P   7981
0.97747830525654,16.05,17.3975619315683,6.15402202204159,1.,        3719P   7982
16.3021053226946,2.28883417980915,17.05,14.5025149450238,           3719P   7983
4.44650518579385,1.,16.8481220506236,-0.815195156683615,16.05,      3719P   7984
17.4059208850471,-1.58894331543302,17.05,16.3479626908169,          3719P   7985
-2.30471291776244,17.05,14.5,-4.41269847037773,17.05,               3719P   7986
15.8211477842009,-3.90097957647631,17.05,14.5,-4.44650518579385,    3719P   7987
16.05,16.8481220506236,-8.,-42.,-9.79717439317883D-16,-8.,-41.,     3719P   7988
-9.79717439317883D-16,-8.5,-41.,-1.04094977927525D-15,-12.,-6.,     3719P   7989
-1.46957615897682D-15;                                              3719P   7990
502,2,-8.5,-79.9,-1.04094977927525D-15,-8.5,-42.,                   3721P   7991
-1.04094977927525D-15;                                              3721P   7992
502,27,20.,-3.,23.,20.,5.,23.,20.,-3.,-23.,20.,5.,-23.,-26.,-3.,    3723P   7993
23.,-26.,5.,23.,-26.,-3.,-23.,-26.,5.,-23.,29.,-3.,-29.,29.,-3.,    3723P   7994
29.,29.,5.,-29.,29.,5.,29.,-29.,-3.,29.,-29.,5.,29.,-29.,-3.,       3723P   7995
-29.,-29.,5.,-29.,-18.5,31.6,2.2655965784226D-15,-18.5,30.,         3723P   7996
2.2655965784226D-15,-17.5,31.6,2.14313189850787D-15,-17.5,30.,      3723P   7997
2.14313189850787D-15,-17.5,0.,0.,17.5,0.,2.14313189850787D-15,      3723P   7998
14.,0.,1.71450551880629D-15,14.,-3.,1.71450551880629D-15,21.,       3723P   7999
33.,-2.57175827820944D-15,21.,5.,-2.57175827820944D-15,-17.5,       3723P   8000
33.,2.14313189850787D-15;                                           3723P   8001
502,48,-84.541228852683,9.,-45.9047625420198,-79.541228852683,      3725P   8002
9.,-40.9047625420198,-79.541228852683,0.,-40.9047625420198,         3725P   8003
-84.541228852683,0.,-45.9047625420198,-160.391228852683,0.,         3725P   8004
-45.9047625420198,-160.391228852683,9.,-45.9047625420198,           3725P   8005
-79.541228852683,0.,-39.860869622616,-81.8213527671947,0.,          3725P   8006
-36.9485203266794,-83.6364521850902,0.,-36.5362663018555,           3725P   8007
-84.2289558175898,0.,-37.1201004450177,-90.8307759450497,0.,        3725P   8008
-36.2845563020002,-91.2591438941021,0.,-35.5715179008802,           3725P   8009
-109.947418843049,0.,-38.3284456284189,-109.947418843049,0.,        3725P   8010
32.368920544379,-91.259143894102,0.,29.6119928168403,               3725P   8011
-90.8307759450495,0.,30.3250312179603,-84.2289558175898,0.,         3725P   8012
31.1605753609779,-83.6364521850902,0.,30.5767412178155,             3725P   8013
-81.8213527671948,0.,30.9889952426395,-79.541228852683,0.,          3725P   8014
33.901344538576,-79.541228852683,0.,34.9452374579802,               3725P   8015
-84.541228852683,0.,39.9452374579802,-160.391228852683,0.,          3725P   8016
39.9452374579802,-165.391228852683,0.,34.9452374579802,             3725P   8017
-165.391228852683,0.,-40.9047625420198,-160.766228852683,0.,        3725P   8018
31.8202374579802,-160.766228852683,0.,-37.7797625420198,            3725P   8019
-165.391228852683,9.,-40.9047625420198,-165.391228852683,9.,        3725P   8020
34.9452374579802,-79.541228852683,9.,34.9452374579802,              3725P   8021
-84.541228852683,9.,39.9452374579802,-160.391228852683,9.,          3725P   8022
39.9452374579802,-79.541228852683,9.,-39.860869622616,              3725P   8023
-81.8213527671947,9.,-36.9485203266794,-81.8213527671948,9.,        3725P   8024
30.9889952426395,-79.541228852683,9.,33.901344538576,               3725P   8025
-83.6364521850902,9.,30.5767412178155,-90.8307759450497,9.,         3725P   8026
-36.2845563020002,-91.2591438941021,9.,-35.5715179008802,           3725P   8027
-84.2289558175898,9.,-37.1201004450177,-83.6364521850902,9.,        3725P   8028
-36.5362663018555,-91.259143894102,9.,29.6119928168403,             3725P   8029
-90.8307759450495,9.,30.3250312179603,-109.947418843049,9.,         3725P   8030
32.368920544379,-84.2289558175898,9.,31.1605753609779,              3725P   8031
-160.766228852683,9.,-37.7797625420198,-160.766228852683,9.,        3725P   8032
31.8202374579802,-109.947418843049,9.,-38.3284456284189;            3725P   8033
502,98,-49.4529621605817,8.,49.9999999999999,-54.4529621605818,     3727P   8034
8.00000000000002,44.9999999999999,-54.4529621605817,0.,             3727P   8035
44.9999999999999,-49.4529621605817,0.,49.9999999999999,             3727P   8036
125.547037839418,0.,50.0000000000004,125.547037839418,8.,           3727P   8037
50.0000000000004,-54.4529621605817,0.,-115.,-49.4529621605817,      3727P   8038
2.52565330501084D-14,-120.,50.5470378394186,                        3727P   8039
1.83776612442124D-15,-120.,55.5470378394186,                        3727P   8040
4.67099657017215D-16,-115.,55.5470378394185,                        3727P   8041
-2.7285502808976D-15,-34.9999999999999,60.5470378394185,0.,         3727P   8042
-29.9999999999999,125.547037839418,0.,-29.9999999999999,            3727P   8043
130.547037839418,0.,-24.9999999999999,130.547037839418,0.,          3727P   8044
45.0000000000004,23.7970378394186,7.78272128325105D-15,-112.,       3727P   8045
23.7970378394186,7.18353691989202D-15,-96.9999999999999,            3727P   8046
32.2970378394186,5.19294173120863D-15,-96.9999999999998,            3727P   8047
32.2970378394186,5.79212609456765D-15,-112.,-31.2029621605814,      3727P   8048
2.00638587290199D-14,-97.,-22.7029621605814,                        3727P   8049
1.80732635403365D-14,-97.,-22.7029621605814,                        3727P   8050
1.86724479036955D-14,-112.,-31.2029621605814,                       3727P   8051
2.06630430923789D-14,-112.,23.7970378394185,                        3727P   8052
5.78544007205429D-15,-61.9999999999999,23.7970378394185,            3727P   8053
5.18625570869527D-15,-46.9999999999999,32.2970378394185,            3727P   8054
3.19566052001187D-15,-46.9999999999998,32.2970378394185,            3727P   8055
3.79484488337089D-15,-61.9999999999998,-31.2029621605815,           3727P   8056
1.86657618811822D-14,-62.,-31.2029621605815,                        3727P   8057
1.80665775178232D-14,-47.,-22.7029621605815,                        3727P   8058
1.60759823291398D-14,-47.,-22.7029621605815,                        3727P   8059
1.66751666924988D-14,-62.,29.6261263200093,0.,38.2514382989936,     3727P   8060
29.6261263200093,0.,31.2514382989936,40.6261263200093,0.,           3727P   8061
38.2514382989936,40.6261263200093,0.,31.2514382989936,              3727P   8062
-28.9738736799907,0.,31.2514382989936,-28.9738736799907,0.,         3727P   8063
38.2514382989936,-39.9738736799907,0.,31.2514382989936,             3727P   8064
-39.9738736799907,0.,38.2514382989936,69.3003772563542,0.,          3727P   8065
6.8537019875137D-14,114.300377256354,0.,23.,68.3003772563542,0.,    3727P   8066
22.9999999999999,68.3003772563542,0.,-22.9999999999999,             3727P   8067
114.300377256354,0.,-22.9999999999998,-28.9738736799907,            3727P   8068
1.55431223447522D-14,-38.2500000000002,-39.9738736799907,           3727P   8069
1.88737914186277D-14,-38.2500000000002,-39.9738736799906,           3727P   8070
1.88737914186277D-14,-31.2500000000002,-28.9738736799906,           3727P   8071
1.55431223447522D-14,-31.2500000000002,40.5732297478679,0.,         3727P   8072
-38.25,29.5732297478679,2.22044604925031D-15,-38.25,                3727P   8073
29.5732297478679,2.22044604925031D-15,-31.25,40.5732297478679,      3727P   8074
0.,-31.25,130.547037839418,8.,45.0000000000004,                     3727P   8075
-54.4529621605814,8.00000000000003,-115.,29.5732297478679,8.,       3727P   8076
-38.25,40.5732297478679,8.,-38.25,29.5732297478679,8.,-31.25,       3727P   8077
40.5732297478679,8.,-31.25,-39.9738736799907,8.00000000000002,      3727P   8078
-38.2500000000002,-28.9738736799907,8.00000000000002,               3727P   8079
-38.2500000000002,-39.9738736799906,8.00000000000002,               3727P   8080
-31.2500000000002,-28.9738736799906,8.00000000000002,               3727P   8081
-31.2500000000002,130.547037839418,8.,-24.9999999999999,            3727P   8082
55.5470378394185,8.,-34.9999999999999,60.5470378394185,8.,          3727P   8083
-29.9999999999999,55.5470378394186,8.,-115.,125.547037839418,8.,    3727P   8084
-29.9999999999999,-49.4529621605817,8.00000000000003,-120.,         3727P   8085
50.5470378394186,8.,-120.,23.7970378394186,8.00000000000001,        3727P   8086
-96.9999999999999,32.2970378394186,8.00000000000001,                3727P   8087
-96.9999999999998,32.2970378394186,8.00000000000001,-112.,          3727P   8088
23.7970378394186,8.00000000000001,-112.,-22.7029621605814,          3727P   8089
8.00000000000002,-97.,-22.7029621605814,8.00000000000002,-112.,     3727P   8090
-31.2029621605814,8.00000000000002,-112.,-31.2029621605814,         3727P   8091
8.00000000000002,-97.,23.7970378394185,8.00000000000001,            3727P   8092
-46.9999999999999,32.2970378394185,8.,-46.9999999999998,            3727P   8093
32.2970378394185,8.00000000000001,-61.9999999999998,                3727P   8094
23.7970378394185,8.00000000000001,-61.9999999999999,                3727P   8095
-31.2029621605815,8.00000000000002,-47.,-22.7029621605815,          3727P   8096
8.00000000000002,-47.,-22.7029621605815,8.00000000000002,-62.,      3727P   8097
-31.2029621605815,8.00000000000002,-62.,114.300377256354,8.,        3727P   8098
-22.9999999999998,68.3003772563542,8.,-22.9999999999998,            3727P   8099
68.3003772563542,8.,22.9999999999999,114.300377256354,8.,23.,       3727P   8100
69.3003772563542,8.,6.66133814775094D-14,-28.9738736799907,8.,      3727P   8101
31.2514382989936,-39.9738736799907,8.,31.2514382989936,             3727P   8102
-39.9738736799907,8.,38.2514382989936,-28.9738736799907,8.,         3727P   8103
38.2514382989936,29.6261263200093,8.,38.2514382989936,              3727P   8104
40.6261263200093,8.,38.2514382989936,40.6261263200093,8.,           3727P   8105
31.2514382989936,29.6261263200093,8.,31.2514382989936;              3727P   8106
502,8,2.9000960946964,-23.8961267729264,-15.2804274142306,          3729P   8107
-4.94323976492206,-23.8961267729264,-14.5861057357397,              3729P   8108
-4.94323976492204,-33.8961267729264,-14.5861057357397,              3729P   8109
2.90009609469642,-33.8961267729264,-15.2804274142306,               3729P   8110
66.1690515608668,-23.8961267729263,-38.0252352341757,               3729P   8111
66.1690515608668,-33.8961267729263,-38.0252352341757,               3729P   8112
78.2988878946522,-23.8961267729263,-44.5111484709988,               3729P   8113
78.2988878946522,-33.8961267729263,-44.5111484709988;               3729P   8114
502,8,66.1690514775948,-23.8961267729263,38.0252351725706,          3731P   8115
2.90009615449227,-23.8961267729264,15.2804274040573,                3731P   8116
66.1690514775948,-33.8961267729263,38.0252351725706,                3731P   8117
2.90009615449229,-33.8961267729264,15.2804274040572,                3731P   8118
-4.94323976492213,-23.8961267729264,14.5861057357397,               3731P   8119
-4.94323976492211,-33.8961267729264,14.5861057357397,               3731P   8120
78.298887894652,-23.8961267729263,44.5111484709991,                 3731P   8121
78.2988878946521,-33.8961267729263,44.5111484709991;                3731P   8122
504,131,1463,3713,1,3713,2,1465,3713,2,3713,1,1467,3713,2,3713,     3733P   8123
3,1469,3713,3,3713,4,1471,3713,5,3713,4,1473,3713,5,3713,6,1475,    3733P   8124
3713,6,3713,7,1477,3713,7,3713,3,1479,3713,7,3713,4,1481,3713,8,    3733P   8125
3713,9,1483,3713,9,3713,10,1485,3713,11,3713,10,1487,3713,11,       3733P   8126
3713,12,1489,3713,12,3713,13,1491,3713,13,3713,14,1493,3713,14,     3733P   8127
3713,15,1495,3713,15,3713,16,1497,3713,17,3713,16,1499,3713,17,     3733P   8128
3713,18,1501,3713,18,3713,19,1503,3713,19,3713,20,1505,3713,20,     3733P   8129
3713,21,1507,3713,21,3713,22,1509,3713,23,3713,22,1511,3713,23,     3733P   8130
3713,24,1513,3713,24,3713,25,1515,3713,25,3713,26,1517,3713,26,     3733P   8131
3713,27,1519,3713,27,3713,28,1521,3713,29,3713,28,1523,3713,29,     3733P   8132
3713,30,1525,3713,30,3713,31,1527,3713,31,3713,8,1529,3713,32,      3733P   8133
3713,33,1531,3713,33,3713,23,1533,3713,22,3713,34,1535,3713,34,     3733P   8134
3713,35,1537,3713,35,3713,36,1539,3713,37,3713,36,1541,3713,37,     3733P   8135
3713,32,1543,3713,16,3713,38,1545,3713,38,3713,39,1547,3713,39,     3733P   8136
3713,40,1549,3713,41,3713,40,1551,3713,41,3713,42,1553,3713,42,     3733P   8137
3713,43,1555,3713,43,3713,17,1557,3713,44,3713,45,1559,3713,45,     3733P   8138
3713,29,1561,3713,28,3713,46,1563,3713,46,3713,47,1565,3713,47,     3733P   8139
3713,48,1567,3713,49,3713,48,1569,3713,49,3713,44,1571,3713,10,     3733P   8140
3713,50,1573,3713,50,3713,51,1575,3713,51,3713,52,1577,3713,53,     3733P   8141
3713,52,1579,3713,53,3713,54,1581,3713,54,3713,55,1583,3713,55,     3733P   8142
3713,11,1585,3713,56,3713,57,1587,3713,57,3713,56,1589,3713,57,     3733P   8143
3713,58,1591,3713,58,3713,59,1593,3713,59,3713,58,1595,3713,52,     3733P   8144
3713,49,1597,3713,48,3713,37,1599,3713,36,3713,41,1601,3713,40,     3733P   8145
3713,53,1603,3713,60,3713,61,1605,3713,61,3713,60,1607,3713,62,     3733P   8146
3713,63,1609,3713,63,3713,62,1611,3713,64,3713,65,1613,3713,65,     3733P   8147
3713,64,1615,3713,66,3713,67,1617,3713,67,3713,66,1619,3713,44,     3733P   8148
3713,51,1621,3713,32,3713,47,1623,3713,42,3713,35,1625,3713,54,     3733P   8149
3713,39,1627,3713,68,3713,69,1629,3713,69,3713,67,1631,3713,69,     3733P   8150
3713,68,1633,3713,70,3713,71,1635,3713,71,3713,65,1637,3713,71,     3733P   8151
3713,70,1639,3713,72,3713,73,1641,3713,73,3713,63,1643,3713,73,     3733P   8152
3713,72,1645,3713,74,3713,75,1647,3713,75,3713,61,1649,3713,75,     3733P   8153
3713,74,1651,3713,76,3713,77,1653,3713,76,3713,78,1655,3713,79,     3733P   8154
3713,78,1657,3713,79,3713,55,1659,3713,38,3713,77,1661,3713,12,     3733P   8155
3713,79,1663,3713,78,3713,13,1665,3713,77,3713,15,1667,3713,14,     3733P   8156
3713,76,1669,3713,80,3713,81,1671,3713,80,3713,82,1673,3713,83,     3733P   8157
3713,82,1675,3713,83,3713,45,1677,3713,50,3713,81,1679,3713,81,     3733P   8158
3713,9,1681,3713,8,3713,80,1683,3713,30,3713,83,1685,3713,82,       3733P   8159
3713,31,1687,3713,84,3713,85,1689,3713,84,3713,86,1691,3713,87,     3733P   8160
3713,86,1693,3713,87,3713,33,1695,3713,46,3713,85,1697,3713,24,     3733P   8161
3713,87,1699,3713,86,3713,25,1701,3713,85,3713,27,1703,3713,26,     3733P   8162
3713,84,1705,3713,88,3713,89,1707,3713,88,3713,90,1709,3713,91,     3733P   8163
3713,90,1711,3713,91,3713,43,1713,3713,34,3713,89,1715,3713,18,     3733P   8164
3713,91,1717,3713,90,3713,19,1719,3713,89,3713,21,1721,3713,20,     3733P   8165
3713,88,1723,3713,6,3713,5;                                         3733P   8166
504,9,1725,3715,1,3715,1,1727,3715,1,3715,2,1729,3715,2,3715,2,     3735P   8167
1731,3715,3,3715,3,1733,3715,3,3715,4,1735,3715,4,3715,4,1737,      3735P   8168
3715,5,3715,5,1739,3715,5,3715,6,1741,3715,6,3715,6;                3735P   8169
504,19,1743,3717,1,3717,1,1745,3717,1,3717,2,1747,3717,2,3717,2,    3737P   8170
1749,3717,3,3717,3,1751,3717,3,3717,4,1753,3717,4,3717,4,1755,      3737P   8171
3717,5,3717,5,1757,3717,5,3717,6,1759,3717,6,3717,6,1761,3717,7,    3737P   8172
3717,7,1763,3717,8,3717,8,1765,3717,8,3717,5,1767,3717,9,3717,9,    3737P   8173
1769,3717,9,3717,10,1771,3717,10,3717,10,1773,3717,11,3717,11,      3737P   8174
1775,3717,12,3717,12,1777,3717,12,3717,9,1779,3717,7,3717,11;       3737P   8175
504,375,1781,3719,1,3719,1,1783,3719,1,3719,2,1785,3719,2,3719,     3739P   8176
2,1787,3719,3,3719,3,1789,3719,4,3719,4,1791,3719,4,3719,5,1793,    3739P   8177
3719,5,3719,5,1795,3719,6,3719,7,1797,3719,8,3719,6,1799,3719,9,    3739P   8178
3719,8,1801,3719,10,3719,9,1803,3719,11,3719,10,1805,3719,7,        3739P   8179
3719,11,1807,3719,12,3719,6,1809,3719,13,3719,12,1811,3719,8,       3739P   8180
3719,13,1813,3719,14,3719,12,1815,3719,15,3719,14,1817,3719,16,     3739P   8181
3719,15,1819,3719,17,3719,16,1821,3719,13,3719,17,1823,3719,18,     3739P   8182
3719,7,1825,3719,18,3719,19,1827,3719,19,3719,20,1829,3719,20,      3739P   8183
3719,21,1831,3719,22,3719,21,1833,3719,22,3719,23,1835,3719,23,     3739P   8184
3719,24,1837,3719,24,3719,25,1839,3719,26,3719,25,1841,3719,26,     3739P   8185
3719,27,1843,3719,27,3719,28,1845,3719,28,3719,29,1847,3719,30,     3739P   8186
3719,29,1849,3719,30,3719,31,1851,3719,31,3719,32,1853,3719,32,     3739P   8187
3719,33,1855,3719,34,3719,33,1857,3719,34,3719,35,1859,3719,35,     3739P   8188
3719,36,1861,3719,36,3719,37,1863,3719,38,3719,37,1865,3719,38,     3739P   8189
3719,39,1867,3719,39,3719,40,1869,3719,40,3719,41,1871,3719,42,     3739P   8190
3719,41,1873,3719,42,3719,43,1875,3719,43,3719,44,1877,3719,44,     3739P   8191
3719,45,1879,3719,46,3719,45,1881,3719,46,3719,47,1883,3719,47,     3739P   8192
3719,48,1885,3719,48,3719,49,1887,3719,50,3719,49,1889,3719,50,     3739P   8193
3719,51,1891,3719,51,3719,52,1893,3719,52,3719,53,1895,3719,54,     3739P   8194
3719,53,1897,3719,54,3719,55,1899,3719,55,3719,56,1901,3719,56,     3739P   8195
3719,57,1903,3719,58,3719,57,1905,3719,58,3719,59,1907,3719,59,     3739P   8196
3719,60,1909,3719,60,3719,61,1911,3719,62,3719,61,1913,3719,62,     3739P   8197
3719,63,1915,3719,63,3719,64,1917,3719,64,3719,65,1919,3719,66,     3739P   8198
3719,65,1921,3719,66,3719,67,1923,3719,67,3719,68,1925,3719,68,     3739P   8199
3719,69,1927,3719,70,3719,69,1929,3719,70,3719,71,1931,3719,71,     3739P   8200
3719,72,1933,3719,72,3719,73,1935,3719,74,3719,73,1937,3719,74,     3739P   8201
3719,75,1939,3719,75,3719,76,1941,3719,76,3719,77,1943,3719,78,     3739P   8202
3719,77,1945,3719,78,3719,79,1947,3719,79,3719,80,1949,3719,80,     3739P   8203
3719,81,1951,3719,82,3719,81,1953,3719,82,3719,83,1955,3719,83,     3739P   8204
3719,84,1957,3719,84,3719,85,1959,3719,86,3719,85,1961,3719,86,     3739P   8205
3719,87,1963,3719,87,3719,88,1965,3719,88,3719,89,1967,3719,90,     3739P   8206
3719,89,1969,3719,90,3719,91,1971,3719,91,3719,92,1973,3719,92,     3739P   8207
3719,93,1975,3719,14,3719,93,1977,3719,94,3719,94,1979,3719,11,     3739P   8208
3719,95,1981,3719,95,3719,18,1983,3719,93,3719,96,1985,3719,96,     3739P   8209
3719,15,1987,3719,97,3719,10,1989,3719,97,3719,95,1991,3719,9,      3739P   8210
3719,98,1993,3719,98,3719,97,1995,3719,99,3719,20,1997,3719,100,    3739P   8211
3719,99,1999,3719,101,3719,100,2001,3719,102,3719,101,2003,3719,    3739P   8212
21,3719,102,2005,3719,103,3719,19,2007,3719,99,3719,103,2009,       3739P   8213
3719,103,3719,98,2011,3719,102,3719,104,2013,3719,104,3719,22,      3739P   8214
2015,3719,105,3719,101,2017,3719,105,3719,104,2019,3719,100,        3739P   8215
3719,106,2021,3719,106,3719,105,2023,3719,107,3719,24,2025,3719,    3739P   8216
108,3719,107,2027,3719,109,3719,108,2029,3719,110,3719,109,2031,    3739P   8217
3719,25,3719,110,2033,3719,111,3719,23,2035,3719,107,3719,111,      3739P   8218
2037,3719,111,3719,106,2039,3719,110,3719,112,2041,3719,112,        3739P   8219
3719,26,2043,3719,113,3719,109,2045,3719,113,3719,112,2047,3719,    3739P   8220
108,3719,114,2049,3719,114,3719,113,2051,3719,115,3719,28,2053,     3739P   8221
3719,116,3719,115,2055,3719,117,3719,116,2057,3719,118,3719,117,    3739P   8222
2059,3719,29,3719,118,2061,3719,119,3719,27,2063,3719,115,3719,     3739P   8223
119,2065,3719,119,3719,114,2067,3719,118,3719,120,2069,3719,120,    3739P   8224
3719,30,2071,3719,121,3719,117,2073,3719,121,3719,120,2075,3719,    3739P   8225
116,3719,122,2077,3719,122,3719,121,2079,3719,123,3719,32,2081,     3739P   8226
3719,124,3719,123,2083,3719,125,3719,124,2085,3719,126,3719,125,    3739P   8227
2087,3719,33,3719,126,2089,3719,127,3719,31,2091,3719,123,3719,     3739P   8228
127,2093,3719,127,3719,122,2095,3719,126,3719,128,2097,3719,128,    3739P   8229
3719,34,2099,3719,129,3719,125,2101,3719,129,3719,128,2103,3719,    3739P   8230
124,3719,130,2105,3719,130,3719,129,2107,3719,131,3719,36,2109,     3739P   8231
3719,132,3719,131,2111,3719,133,3719,132,2113,3719,134,3719,133,    3739P   8232
2115,3719,37,3719,134,2117,3719,135,3719,35,2119,3719,131,3719,     3739P   8233
135,2121,3719,135,3719,130,2123,3719,134,3719,136,2125,3719,136,    3739P   8234
3719,38,2127,3719,137,3719,133,2129,3719,137,3719,136,2131,3719,    3739P   8235
132,3719,138,2133,3719,138,3719,137,2135,3719,139,3719,40,2137,     3739P   8236
3719,140,3719,139,2139,3719,141,3719,140,2141,3719,142,3719,141,    3739P   8237
2143,3719,41,3719,142,2145,3719,143,3719,39,2147,3719,139,3719,     3739P   8238
143,2149,3719,143,3719,138,2151,3719,142,3719,144,2153,3719,144,    3739P   8239
3719,42,2155,3719,145,3719,141,2157,3719,145,3719,144,2159,3719,    3739P   8240
140,3719,146,2161,3719,146,3719,145,2163,3719,147,3719,44,2165,     3739P   8241
3719,148,3719,147,2167,3719,149,3719,148,2169,3719,150,3719,149,    3739P   8242
2171,3719,45,3719,150,2173,3719,151,3719,43,2175,3719,147,3719,     3739P   8243
151,2177,3719,151,3719,146,2179,3719,150,3719,152,2181,3719,152,    3739P   8244
3719,46,2183,3719,153,3719,149,2185,3719,153,3719,152,2187,3719,    3739P   8245
148,3719,154,2189,3719,154,3719,153,2191,3719,155,3719,48,2193,     3739P   8246
3719,156,3719,155,2195,3719,157,3719,156,2197,3719,158,3719,157,    3739P   8247
2199,3719,49,3719,158,2201,3719,159,3719,47,2203,3719,155,3719,     3739P   8248
159,2205,3719,159,3719,154,2207,3719,158,3719,160,2209,3719,160,    3739P   8249
3719,50,2211,3719,161,3719,157,2213,3719,161,3719,160,2215,3719,    3739P   8250
156,3719,162,2217,3719,162,3719,161,2219,3719,163,3719,52,2221,     3739P   8251
3719,164,3719,163,2223,3719,165,3719,164,2225,3719,166,3719,165,    3739P   8252
2227,3719,53,3719,166,2229,3719,167,3719,51,2231,3719,163,3719,     3739P   8253
167,2233,3719,167,3719,162,2235,3719,166,3719,168,2237,3719,168,    3739P   8254
3719,54,2239,3719,169,3719,165,2241,3719,169,3719,168,2243,3719,    3739P   8255
164,3719,170,2245,3719,170,3719,169,2247,3719,171,3719,56,2249,     3739P   8256
3719,172,3719,171,2251,3719,173,3719,172,2253,3719,174,3719,173,    3739P   8257
2255,3719,57,3719,174,2257,3719,175,3719,55,2259,3719,171,3719,     3739P   8258
175,2261,3719,175,3719,170,2263,3719,174,3719,176,2265,3719,176,    3739P   8259
3719,58,2267,3719,177,3719,173,2269,3719,177,3719,176,2271,3719,    3739P   8260
172,3719,178,2273,3719,178,3719,177,2275,3719,179,3719,60,2277,     3739P   8261
3719,180,3719,179,2279,3719,181,3719,180,2281,3719,182,3719,181,    3739P   8262
2283,3719,61,3719,182,2285,3719,183,3719,59,2287,3719,179,3719,     3739P   8263
183,2289,3719,183,3719,178,2291,3719,182,3719,184,2293,3719,184,    3739P   8264
3719,62,2295,3719,185,3719,181,2297,3719,185,3719,184,2299,3719,    3739P   8265
180,3719,186,2301,3719,186,3719,185,2303,3719,187,3719,64,2305,     3739P   8266
3719,188,3719,187,2307,3719,189,3719,188,2309,3719,190,3719,189,    3739P   8267
2311,3719,65,3719,190,2313,3719,191,3719,63,2315,3719,187,3719,     3739P   8268
191,2317,3719,191,3719,186,2319,3719,190,3719,192,2321,3719,192,    3739P   8269
3719,66,2323,3719,193,3719,189,2325,3719,193,3719,192,2327,3719,    3739P   8270
188,3719,194,2329,3719,194,3719,193,2331,3719,195,3719,68,2333,     3739P   8271
3719,196,3719,195,2335,3719,197,3719,196,2337,3719,198,3719,197,    3739P   8272
2339,3719,69,3719,198,2341,3719,199,3719,67,2343,3719,195,3719,     3739P   8273
199,2345,3719,199,3719,194,2347,3719,198,3719,200,2349,3719,200,    3739P   8274
3719,70,2351,3719,201,3719,197,2353,3719,201,3719,200,2355,3719,    3739P   8275
196,3719,202,2357,3719,202,3719,201,2359,3719,203,3719,72,2361,     3739P   8276
3719,204,3719,203,2363,3719,205,3719,204,2365,3719,206,3719,205,    3739P   8277
2367,3719,73,3719,206,2369,3719,207,3719,71,2371,3719,203,3719,     3739P   8278
207,2373,3719,207,3719,202,2375,3719,206,3719,208,2377,3719,208,    3739P   8279
3719,74,2379,3719,209,3719,205,2381,3719,209,3719,208,2383,3719,    3739P   8280
204,3719,210,2385,3719,210,3719,209,2387,3719,211,3719,76,2389,     3739P   8281
3719,212,3719,211,2391,3719,213,3719,212,2393,3719,214,3719,213,    3739P   8282
2395,3719,77,3719,214,2397,3719,215,3719,75,2399,3719,211,3719,     3739P   8283
215,2401,3719,215,3719,210,2403,3719,214,3719,216,2405,3719,216,    3739P   8284
3719,78,2407,3719,217,3719,213,2409,3719,217,3719,216,2411,3719,    3739P   8285
212,3719,218,2413,3719,218,3719,217,2415,3719,219,3719,80,2417,     3739P   8286
3719,220,3719,219,2419,3719,221,3719,220,2421,3719,222,3719,221,    3739P   8287
2423,3719,81,3719,222,2425,3719,223,3719,79,2427,3719,219,3719,     3739P   8288
223,2429,3719,223,3719,218,2431,3719,222,3719,224,2433,3719,224,    3739P   8289
3719,82,2435,3719,225,3719,221,2437,3719,225,3719,224,2439,3719,    3739P   8290
220,3719,226,2441,3719,226,3719,225,2443,3719,227,3719,84,2445,     3739P   8291
3719,228,3719,227,2447,3719,229,3719,228,2449,3719,230,3719,229,    3739P   8292
2451,3719,85,3719,230,2453,3719,231,3719,83,2455,3719,227,3719,     3739P   8293
231,2457,3719,231,3719,226,2459,3719,230,3719,232,2461,3719,232,    3739P   8294
3719,86,2463,3719,233,3719,229,2465,3719,233,3719,232,2467,3719,    3739P   8295
228,3719,234,2469,3719,234,3719,233,2471,3719,235,3719,88,2473,     3739P   8296
3719,236,3719,235,2475,3719,237,3719,236,2477,3719,238,3719,237,    3739P   8297
2479,3719,89,3719,238,2481,3719,239,3719,87,2483,3719,235,3719,     3739P   8298
239,2485,3719,239,3719,234,2487,3719,238,3719,240,2489,3719,240,    3739P   8299
3719,90,2491,3719,241,3719,237,2493,3719,241,3719,240,2495,3719,    3739P   8300
236,3719,242,2497,3719,242,3719,241,2499,3719,243,3719,242,2501,    3739P   8301
3719,243,3719,91,2503,3719,244,3719,245,2505,3719,246,3719,244,     3739P   8302
2507,3719,96,3719,246,2509,3719,245,3719,92,2511,3719,245,3719,     3739P   8303
243,2513,3719,16,3719,246,2515,3719,244,3719,17,2517,3719,247,      3739P   8304
3719,247,2519,3719,247,3719,248,2521,3719,248,3719,248,2523,        3739P   8305
3719,249,3719,249,2525,3719,249,3719,3,2527,3719,250,3719,250,      3739P   8306
2529,3719,250,3719,94;                                              3739P   8307
504,3,2531,3721,1,3721,1,2533,3721,1,3721,2,2535,3721,2,3721,2;     3741P   8308
504,40,2537,3723,1,3723,1,2539,3723,1,3723,2,2541,3723,2,3723,2,    3743P   8309
2543,3723,3,3723,3,2545,3723,3,3723,4,2547,3723,4,3723,4,2549,      3743P   8310
3723,5,3723,5,2551,3723,5,3723,6,2553,3723,6,3723,6,2555,3723,7,    3743P   8311
3723,7,2557,3723,7,3723,8,2559,3723,8,3723,8,2561,3723,9,3723,      3743P   8312
10,2563,3723,9,3723,11,2565,3723,12,3723,11,2567,3723,10,3723,      3743P   8313
12,2569,3723,10,3723,13,2571,3723,14,3723,12,2573,3723,13,3723,     3743P   8314
14,2575,3723,13,3723,15,2577,3723,16,3723,14,2579,3723,15,3723,     3743P   8315
16,2581,3723,15,3723,9,2583,3723,11,3723,16,2585,3723,17,3723,      3743P   8316
17,2587,3723,17,3723,18,2589,3723,18,3723,18,2591,3723,19,3723,     3743P   8317
19,2593,3723,20,3723,20,2595,3723,20,3723,21,2597,3723,21,3723,     3743P   8318
22,2599,3723,22,3723,21,2601,3723,23,3723,23,2603,3723,23,3723,     3743P   8319
24,2605,3723,24,3723,24,2607,3723,25,3723,25,2609,3723,25,3723,     3743P   8320
26,2611,3723,26,3723,26,2613,3723,27,3723,27,2615,3723,27,3723,     3743P   8321
19;                                                                 3743P   8322
504,72,2617,3725,1,3725,2,2619,3725,2,3725,3,2621,3725,3,3725,4,    3745P   8323
2623,3725,4,3725,1,2625,3725,5,3725,4,2627,3725,6,3725,5,2629,      3745P   8324
3725,1,3725,6,2631,3725,3,3725,7,2633,3725,8,3725,7,2635,3725,9,    3745P   8325
3725,8,2637,3725,10,3725,9,2639,3725,10,3725,11,2641,3725,12,       3745P   8326
3725,11,2643,3725,13,3725,12,2645,3725,13,3725,14,2647,3725,15,     3745P   8327
3725,14,2649,3725,16,3725,15,2651,3725,16,3725,17,2653,3725,18,     3745P   8328
3725,17,2655,3725,19,3725,18,2657,3725,20,3725,19,2659,3725,20,     3745P   8329
3725,21,2661,3725,22,3725,21,2663,3725,22,3725,23,2665,3725,24,     3745P   8330
3725,23,2667,3725,24,3725,25,2669,3725,5,3725,25,2671,3725,26,      3745P   8331
3725,26,2673,3725,27,3725,27,2675,3725,28,3725,6,2677,3725,25,      3745P   8332
3725,28,2679,3725,29,3725,24,2681,3725,28,3725,29,2683,3725,30,     3745P   8333
3725,31,2685,3725,31,3725,22,2687,3725,21,3725,30,2689,3725,32,     3745P   8334
3725,31,2691,3725,23,3725,32,2693,3725,32,3725,29,2695,3725,33,     3745P   8335
3725,34,2697,3725,34,3725,8,2699,3725,7,3725,33,2701,3725,33,       3745P   8336
3725,2,2703,3725,35,3725,36,2705,3725,36,3725,20,2707,3725,19,      3745P   8337
3725,35,2709,3725,37,3725,18,2711,3725,35,3725,37,2713,3725,38,     3745P   8338
3725,39,2715,3725,39,3725,12,2717,3725,11,3725,38,2719,3725,40,     3745P   8339
3725,10,2721,3725,38,3725,40,2723,3725,41,3725,40,2725,3725,9,      3745P   8340
3725,41,2727,3725,41,3725,34,2729,3725,42,3725,43,2731,3725,43,     3745P   8341
3725,16,2733,3725,15,3725,42,2735,3725,14,3725,44,2737,3725,42,     3745P   8342
3725,44,2739,3725,45,3725,37,2741,3725,17,3725,45,2743,3725,46,     3745P   8343
3725,46,2745,3725,46,3725,27,2747,3725,47,3725,47,2749,3725,47,     3745P   8344
3725,26,2751,3725,45,3725,43,2753,3725,30,3725,36,2755,3725,48,     3745P   8345
3725,39,2757,3725,13,3725,48,2759,3725,44,3725,48;                  3745P   8346
504,147,2761,3727,1,3727,2,2763,3727,2,3727,3,2765,3727,3,3727,     3747P   8347
4,2767,3727,4,3727,1,2769,3727,5,3727,4,2771,3727,6,3727,5,2773,    3747P   8348
3727,1,3727,6,2775,3727,7,3727,3,2777,3727,8,3727,7,2779,3727,8,    3747P   8349
3727,9,2781,3727,10,3727,9,2783,3727,10,3727,11,2785,3727,12,       3747P   8350
3727,11,2787,3727,13,3727,12,2789,3727,14,3727,13,2791,3727,15,     3747P   8351
3727,14,2793,3727,5,3727,15,2795,3727,16,3727,17,2797,3727,17,      3747P   8352
3727,18,2799,3727,18,3727,19,2801,3727,19,3727,16,2803,3727,20,     3747P   8353
3727,21,2805,3727,21,3727,22,2807,3727,22,3727,23,2809,3727,23,     3747P   8354
3727,20,2811,3727,24,3727,25,2813,3727,25,3727,26,2815,3727,26,     3747P   8355
3727,27,2817,3727,27,3727,24,2819,3727,28,3727,29,2821,3727,29,     3747P   8356
3727,30,2823,3727,30,3727,31,2825,3727,31,3727,28,2827,3727,32,     3747P   8357
3727,33,2829,3727,34,3727,32,2831,3727,35,3727,34,2833,3727,33,     3747P   8358
3727,35,2835,3727,36,3727,37,2837,3727,38,3727,36,2839,3727,39,     3747P   8359
3727,38,2841,3727,37,3727,39,2843,3727,40,3727,40,2845,3727,41,     3747P   8360
3727,41,2847,3727,42,3727,42,2849,3727,43,3727,43,2851,3727,44,     3747P   8361
3727,44,2853,3727,45,3727,46,2855,3727,46,3727,47,2857,3727,47,     3747P   8362
3727,48,2859,3727,48,3727,45,2861,3727,49,3727,50,2863,3727,50,     3747P   8363
3727,51,2865,3727,51,3727,52,2867,3727,52,3727,49,2869,3727,15,     3747P   8364
3727,53,2871,3727,53,3727,6,2873,3727,54,3727,2,2875,3727,7,        3747P   8365
3727,54,2877,3727,55,3727,56,2879,3727,55,3727,50,2881,3727,56,     3747P   8366
3727,49,2883,3727,57,3727,55,2885,3727,57,3727,51,2887,3727,58,     3747P   8367
3727,57,2889,3727,58,3727,52,2891,3727,56,3727,58,2893,3727,59,     3747P   8368
3727,60,2895,3727,59,3727,46,2897,3727,60,3727,45,2899,3727,61,     3747P   8369
3727,59,2901,3727,61,3727,47,2903,3727,62,3727,61,2905,3727,62,     3747P   8370
3727,48,2907,3727,60,3727,62,2909,3727,63,3727,14,2911,3727,53,     3747P   8371
3727,63,2913,3727,11,3727,64,2915,3727,64,3727,65,2917,3727,65,     3747P   8372
3727,12,2919,3727,66,3727,10,2921,3727,64,3727,66,2923,3727,67,     3747P   8373
3727,63,2925,3727,13,3727,67,2927,3727,67,3727,65,2929,3727,54,     3747P   8374
3727,68,2931,3727,68,3727,8,2933,3727,69,3727,66,2935,3727,9,       3747P   8375
3727,69,2937,3727,17,3727,70,2939,3727,71,3727,70,2941,3727,18,     3747P   8376
3727,71,2943,3727,72,3727,71,2945,3727,19,3727,72,2947,3727,73,     3747P   8377
3727,72,2949,3727,16,3727,73,2951,3727,70,3727,73,2953,3727,21,     3747P   8378
3727,74,2955,3727,75,3727,74,2957,3727,22,3727,75,2959,3727,76,     3747P   8379
3727,75,2961,3727,23,3727,76,2963,3727,77,3727,76,2965,3727,20,     3747P   8380
3727,77,2967,3727,74,3727,77,2969,3727,25,3727,78,2971,3727,79,     3747P   8381
3727,78,2973,3727,26,3727,79,2975,3727,80,3727,79,2977,3727,27,     3747P   8382
3727,80,2979,3727,81,3727,80,2981,3727,24,3727,81,2983,3727,78,     3747P   8383
3727,81,2985,3727,29,3727,82,2987,3727,83,3727,82,2989,3727,30,     3747P   8384
3727,83,2991,3727,84,3727,83,2993,3727,31,3727,84,2995,3727,85,     3747P   8385
3727,84,2997,3727,28,3727,85,2999,3727,82,3727,85,3001,3727,69,     3747P   8386
3727,68,3003,3727,86,3727,86,3005,3727,86,3727,44,3007,3727,87,     3747P   8387
3727,87,3009,3727,87,3727,43,3011,3727,88,3727,88,3013,3727,88,     3747P   8388
3727,42,3015,3727,89,3727,89,3017,3727,89,3727,41,3019,3727,90,     3747P   8389
3727,90,3021,3727,90,3727,40,3023,3727,36,3727,91,3025,3727,92,     3747P   8390
3727,91,3027,3727,38,3727,92,3029,3727,93,3727,92,3031,3727,39,     3747P   8391
3727,93,3033,3727,94,3727,93,3035,3727,37,3727,94,3037,3727,91,     3747P   8392
3727,94,3039,3727,32,3727,95,3041,3727,96,3727,95,3043,3727,34,     3747P   8393
3727,96,3045,3727,97,3727,96,3047,3727,35,3727,97,3049,3727,98,     3747P   8394
3727,97,3051,3727,33,3727,98,3053,3727,95,3727,98;                  3747P   8395
504,12,3055,3729,1,3729,2,3057,3729,2,3729,3,3059,3729,4,3729,3,    3749P   8396
3061,3729,1,3729,4,3063,3729,5,3729,1,3065,3729,6,3729,4,3067,      3749P   8397
3729,5,3729,6,3069,3729,7,3729,5,3071,3729,8,3729,6,3073,3729,7,    3749P   8398
3729,8,3075,3729,7,3729,2,3077,3729,3,3729,8;                       3749P   8399
504,12,3079,3731,1,3731,2,3081,3731,1,3731,3,3083,3731,4,3731,3,    3751P   8400
3085,3731,2,3731,4,3087,3731,5,3731,2,3089,3731,6,3731,4,3091,      3751P   8401
3731,5,3731,6,3093,3731,7,3731,5,3095,3731,8,3731,6,3097,3731,7,    3751P   8402
3731,8,3099,3731,1,3731,7,3101,3731,3,3731,8;                       3751P   8403
406,1,5HBody1;                                                      3753P   8404
406,1,11H86HS85 v1:1;                                               3755P   8405
406,1,42H60 DİŞ T5 10MM ALÜMİNYUM DİŞLİ v2:1;                3757P   8406
406,1,44H20 DİŞ T5 - 10MM ALÜMİNYUM DİŞLİ v2:1;              3759P   8407
406,1,5HBody2;                                                      3761P   8408
406,1,36H20 DİŞ HELIS PINYON - ŞAFTLI v3:1;                      3763P   8409
406,1,12HComponent2:1;                                              3765P   8410
406,1,21Hpinyon yataklama v9:1;                                     3767P   8411
406,1,12HComponent1:1;                                              3769P   8412
406,1,21Hana baglantı sacı:1;                                     3771P   8413
406,1,12HComponent1:2;                                              3773P   8414
406,1,12HComponent1:3;                                              3775P   8415
406,1,12HComponent1:4;                                              3777P   8416
406,1,12HComponent1:5;                                              3779P   8417
314,96.078431372549,96.078431372549,96.4705882352941,16HAluminum    3781P   8418
 - Satin;                                                           3781P   8419
314,62.7450980392157,62.7450980392157,62.7450980392157,13HSteel     3783P   8420
- Satin;                                                            3783P   8421
S      1G      3D   3784P   8421                                        T      1
