  0
SECTION
  2
HEADER
  9
$ACADVER
  1
AC1032
  9
$ACADMAINTVER
 90
      377
  9
$DWGCODEPAGE
  3
ANSI_1254
  9
$REQUIREDVERSIONS
160
                 0
  9
$INSBASE
 10
0.0
 20
0.0
 30
0.0
  9
$EXTMIN
 10
-44685.56946981698
 20
-36526.6092348611
 30
0.0
  9
$EXTMAX
 10
44685.56947074831
 20
36526.60923497752
 30
0.0
  9
$LIMMIN
 10
0.0
 20
0.0
  9
$LIMMAX
 10
12.0
 20
9.0
  9
$ORTHOMODE
 70
     0
  9
$REGENMODE
 70
     1
  9
$FILLMODE
 70
     1
  9
$QTEXTMODE
 70
     0
  9
$MIRRTEXT
 70
     0
  9
$LTSCALE
 40
1.0
  9
$ATTMODE
 70
     1
  9
$TEXTSIZE
 40
0.2
  9
$TRACEWID
 40
0.05
  9
$TEXTSTYLE
  7
Standard
  9
$CLAYER
  8
0
  9
$CELTYPE
  6
ByLayer
  9
$CECOLOR
 62
   256
  9
$CELTSCALE
 40
1.0
  9
$DISPSILH
 70
     0
  9
$DIMSCALE
 40
1.0
  9
$DIMASZ
 40
0.18
  9
$DIMEXO
 40
0.0625
  9
$DIMDLI
 40
0.38
  9
$DIMRND
 40
0.0
  9
$DIMDLE
 40
0.0
  9
$DIMEXE
 40
0.18
  9
$DIMTP
 40
0.0
  9
$DIMTM
 40
0.0
  9
$DIMTXT
 40
0.18
  9
$DIMCEN
 40
0.09
  9
$DIMTSZ
 40
0.0
  9
$DIMTOL
 70
     0
  9
$DIMLIM
 70
     0
  9
$DIMTIH
 70
     1
  9
$DIMTOH
 70
     1
  9
$DIMSE1
 70
     0
  9
$DIMSE2
 70
     0
  9
$DIMTAD
 70
     0
  9
$DIMZIN
 70
     0
  9
$DIMBLK
  1

  9
$DIMASO
 70
     1
  9
$DIMSHO
 70
     1
  9
$DIMPOST
  1

  9
$DIMAPOST
  1

  9
$DIMALT
 70
     0
  9
$DIMALTD
 70
     2
  9
$DIMALTF
 40
25.4
  9
$DIMLFAC
 40
1.0
  9
$DIMTOFL
 70
     0
  9
$DIMTVP
 40
0.0
  9
$DIMTIX
 70
     0
  9
$DIMSOXD
 70
     0
  9
$DIMSAH
 70
     0
  9
$DIMBLK1
  1

  9
$DIMBLK2
  1

  9
$DIMSTYLE
  2
Standard
  9
$DIMCLRD
 70
     0
  9
$DIMCLRE
 70
     0
  9
$DIMCLRT
 70
     0
  9
$DIMTFAC
 40
1.0
  9
$DIMGAP
 40
0.09
  9
$DIMJUST
 70
     0
  9
$DIMSD1
 70
     0
  9
$DIMSD2
 70
     0
  9
$DIMTOLJ
 70
     1
  9
$DIMTZIN
 70
     0
  9
$DIMALTZ
 70
     0
  9
$DIMALTTZ
 70
     0
  9
$DIMUPT
 70
     0
  9
$DIMDEC
 70
     4
  9
$DIMTDEC
 70
     4
  9
$DIMALTU
 70
     2
  9
$DIMALTTD
 70
     2
  9
$DIMTXSTY
  7
Standard
  9
$DIMAUNIT
 70
     0
  9
$DIMADEC
 70
     0
  9
$DIMALTRND
 40
0.0
  9
$DIMAZIN
 70
     0
  9
$DIMDSEP
 70
    46
  9
$DIMATFIT
 70
     3
  9
$DIMFRAC
 70
     0
  9
$DIMLDRBLK
  1

  9
$DIMLUNIT
 70
     2
  9
$DIMLWD
 70
    -2
  9
$DIMLWE
 70
    -2
  9
$DIMTMOVE
 70
     0
  9
$DIMFXL
 40
1.0
  9
$DIMFXLON
 70
     0
  9
$DIMJOGANG
 40
0.7853981633974483
  9
$DIMTFILL
 70
     0
  9
$DIMTFILLCLR
 70
     0
  9
$DIMARCSYM
 70
     0
  9
$DIMLTYPE
  6

  9
$DIMLTEX1
  6

  9
$DIMLTEX2
  6

  9
$DIMTXTDIRECTION
 70
     0
  9
$LUNITS
 70
     2
  9
$LUPREC
 70
     4
  9
$SKETCHINC
 40
0.1
  9
$FILLETRAD
 40
0.0
  9
$AUNITS
 70
     0
  9
$AUPREC
 70
     0
  9
$MENU
  1
.
  9
$ELEVATION
 40
0.0
  9
$PELEVATION
 40
0.0
  9
$THICKNESS
 40
0.0
  9
$LIMCHECK
 70
     0
  9
$CHAMFERA
 40
0.0
  9
$CHAMFERB
 40
0.0
  9
$CHAMFERC
 40
0.0
  9
$CHAMFERD
 40
0.0
  9
$SKPOLY
 70
     0
  9
$TDCREATE
 40
2460909.950393519
  9
$TDUCREATE
 40
2460909.825393518
  9
$TDUPDATE
 40
2460909.950393519
  9
$TDUUPDATE
 40
2460909.825393518
  9
$TDINDWG
 40
0.0000115741
  9
$TDUSRTIMER
 40
0.0000115741
  9
$USRTIMER
 70
     1
  9
$ANGBASE
 50
0.0
  9
$ANGDIR
 70
     0
  9
$PDMODE
 70
     0
  9
$PDSIZE
 40
0.0
  9
$PLINEWID
 40
0.0
  9
$SPLFRAME
 70
     0
  9
$SPLINETYPE
 70
     6
  9
$SPLINESEGS
 70
     8
  9
$HANDSEED
  5
B33
  9
$SURFTAB1
 70
     6
  9
$SURFTAB2
 70
     6
  9
$SURFTYPE
 70
     6
  9
$SURFU
 70
     6
  9
$SURFV
 70
     6
  9
$UCSBASE
  2

  9
$UCSNAME
  2

  9
$UCSORG
 10
0.0
 20
0.0
 30
0.0
  9
$UCSXDIR
 10
1.0
 20
0.0
 30
0.0
  9
$UCSYDIR
 10
0.0
 20
1.0
 30
0.0
  9
$UCSORTHOREF
  2

  9
$UCSORTHOVIEW
 70
     0
  9
$UCSORGTOP
 10
0.0
 20
0.0
 30
0.0
  9
$UCSORGBOTTOM
 10
0.0
 20
0.0
 30
0.0
  9
$UCSORGLEFT
 10
0.0
 20
0.0
 30
0.0
  9
$UCSORGRIGHT
 10
0.0
 20
0.0
 30
0.0
  9
$UCSORGFRONT
 10
0.0
 20
0.0
 30
0.0
  9
$UCSORGBACK
 10
0.0
 20
0.0
 30
0.0
  9
$PUCSBASE
  2

  9
$PUCSNAME
  2

  9
$PUCSORG
 10
0.0
 20
0.0
 30
0.0
  9
$PUCSXDIR
 10
1.0
 20
0.0
 30
0.0
  9
$PUCSYDIR
 10
0.0
 20
1.0
 30
0.0
  9
$PUCSORTHOREF
  2

  9
$PUCSORTHOVIEW
 70
     0
  9
$PUCSORGTOP
 10
0.0
 20
0.0
 30
0.0
  9
$PUCSORGBOTTOM
 10
0.0
 20
0.0
 30
0.0
  9
$PUCSORGLEFT
 10
0.0
 20
0.0
 30
0.0
  9
$PUCSORGRIGHT
 10
0.0
 20
0.0
 30
0.0
  9
$PUCSORGFRONT
 10
0.0
 20
0.0
 30
0.0
  9
$PUCSORGBACK
 10
0.0
 20
0.0
 30
0.0
  9
$USERI1
 70
     0
  9
$USERI2
 70
     0
  9
$USERI3
 70
     0
  9
$USERI4
 70
     0
  9
$USERI5
 70
     0
  9
$USERR1
 40
0.0
  9
$USERR2
 40
0.0
  9
$USERR3
 40
0.0
  9
$USERR4
 40
0.0
  9
$USERR5
 40
0.0
  9
$WORLDVIEW
 70
     1
  9
$SHADEDGE
 70
     3
  9
$SHADEDIF
 70
    70
  9
$TILEMODE
 70
     1
  9
$MAXACTVP
 70
    64
  9
$PINSBASE
 10
0.0
 20
0.0
 30
0.0
  9
$PLIMCHECK
 70
     0
  9
$PEXTMIN
 10
1.000000000000000E+20
 20
1.000000000000000E+20
 30
1.000000000000000E+20
  9
$PEXTMAX
 10
-1.000000000000000E+20
 20
-1.000000000000000E+20
 30
-1.000000000000000E+20
  9
$PLIMMIN
 10
0.0
 20
0.0
  9
$PLIMMAX
 10
12.0
 20
9.0
  9
$UNITMODE
 70
     0
  9
$VISRETAIN
 70
     1
  9
$PLINEGEN
 70
     0
  9
$PSLTSCALE
 70
     1
  9
$TREEDEPTH
 70
  3020
  9
$CMLSTYLE
  2
Standard
  9
$CMLJUST
 70
     0
  9
$CMLSCALE
 40
1.0
  9
$PROXYGRAPHICS
 70
     1
  9
$MEASUREMENT
 70
     1
  9
$CELWEIGHT
370
    -1
  9
$ENDCAPS
280
     0
  9
$JOINSTYLE
280
     0
  9
$LWDISPLAY
290
     0
  9
$INSUNITS
 70
     4
  9
$HYPERLINKBASE
  1

  9
$STYLESHEET
  1

  9
$XEDIT
290
     1
  9
$CEPSNTYPE
380
     0
  9
$PSTYLEMODE
290
     1
  9
$FINGERPRINTGUID
  2
{AA6580BE-EAA8-914E-AFBD-254F47704F94}
  9
$VERSIONGUID
  2
{9B6DF743-092C-B045-94B1-BF27A39BA9C1}
  9
$EXTNAMES
290
     1
  9
$PSVPSCALE
 40
0.0
  9
$OLESTARTUP
290
     0
  9
$SORTENTS
280
   127
  9
$INDEXCTL
280
     0
  9
$HIDETEXT
280
     1
  9
$XCLIPFRAME
280
     2
  9
$HALOGAP
280
     0
  9
$OBSCOLOR
 70
   257
  9
$OBSLTYPE
280
     0
  9
$INTERSECTIONDISPLAY
280
     0
  9
$INTERSECTIONCOLOR
 70
   257
  9
$DIMASSOC
280
     2
  9
$PROJECTNAME
  1

  9
$CAMERADISPLAY
290
     0
  9
$LENSLENGTH
 40
50.0
  9
$CAMERAHEIGHT
 40
0.0
  9
$STEPSPERSEC
 40
2.0
  9
$STEPSIZE
 40
6.0
  9
$3DDWFPREC
 40
2.0
  9
$PSOLWIDTH
 40
0.25
  9
$PSOLHEIGHT
 40
4.0
  9
$LOFTANG1
 40
1.570796326794896
  9
$LOFTANG2
 40
1.570796326794896
  9
$LOFTMAG1
 40
0.0
  9
$LOFTMAG2
 40
0.0
  9
$LOFTPARAM
 70
     7
  9
$LOFTNORMALS
280
     1
  9
$LATITUDE
 40
37.795
  9
$LONGITUDE
 40
-122.394
  9
$NORTHDIRECTION
 40
0.0
  9
$TIMEZONE
 70
 -8000
  9
$LIGHTGLYPHDISPLAY
280
     1
  9
$TILEMODELIGHTSYNCH
280
     1
  9
$CMATERIAL
347
11
  9
$SOLIDHIST
280
     0
  9
$SHOWHIST
280
     1
  9
$DWFFRAME
280
     2
  9
$DGNFRAME
280
     0
  9
$REALWORLDSCALE
290
     1
  9
$INTERFERECOLOR
 62
     1
  9
$INTERFEREOBJVS
345
33
  9
$INTERFEREVPVS
346
30
  9
$CSHADOW
280
     0
  9
$SHADOWPLANELOCATION
 40
0.0
  0
ENDSEC
  0
SECTION
  2
CLASSES
  0
CLASS
  1
ACDBDICTIONARYWDFLT
  2
AcDbDictionaryWithDefault
  3
ObjectDBX Classes
 90
        0
 91
        1
280
     0
281
     0
  0
CLASS
  1
MATERIAL
  2
AcDbMaterial
  3
ObjectDBX Classes
 90
     1153
 91
        3
280
     0
281
     0
  0
CLASS
  1
VISUALSTYLE
  2
AcDbVisualStyle
  3
ObjectDBX Classes
 90
     4095
 91
       24
280
     0
281
     0
  0
CLASS
  1
SCALE
  2
AcDbScale
  3
ObjectDBX Classes
 90
     1153
 91
       17
280
     0
281
     0
  0
CLASS
  1
TABLESTYLE
  2
AcDbTableStyle
  3
ObjectDBX Classes
 90
     4095
 91
        1
280
     0
281
     0
  0
CLASS
  1
MLEADERSTYLE
  2
AcDbMLeaderStyle
  3
ACDB_MLEADERSTYLE_CLASS
 90
     4095
 91
        1
280
     0
281
     0
  0
CLASS
  1
ACDBSECTIONVIEWSTYLE
  2
AcDbSectionViewStyle
  3
ObjectDBX Classes
 90
     1025
 91
        1
280
     0
281
     0
  0
CLASS
  1
ACDBDETAILVIEWSTYLE
  2
AcDbDetailViewStyle
  3
ObjectDBX Classes
 90
     1025
 91
        1
280
     0
281
     0
  0
CLASS
  1
RASTERVARIABLES
  2
AcDbRasterVariables
  3
ISM
 90
        0
 91
        1
280
     0
281
     0
  0
CLASS
  1
DICTIONARYVAR
  2
AcDbDictionaryVar
  3
ObjectDBX Classes
 90
        0
 91
        5
280
     0
281
     0
  0
CLASS
  1
CELLSTYLEMAP
  2
AcDbCellStyleMap
  3
ObjectDBX Classes
 90
     1152
 91
        2
280
     0
281
     0
  0
CLASS
  1
SORTENTSTABLE
  2
AcDbSortentsTable
  3
ObjectDBX Classes
 90
        0
 91
        1
280
     0
281
     0
  0
ENDSEC
  0
SECTION
  2
TABLES
  0
TABLE
  2
VPORT
  5
8
330
0
100
AcDbSymbolTable
 70
     1
  0
VPORT
  5
57
330
8
100
AcDbSymbolTableRecord
100
AcDbViewportTableRecord
  2
*Active
 70
     0
 10
0.0
 20
0.0
 11
1.0
 21
1.0
 12
0.0000004656649253
 22
0.0000000582112989
 13
0.0
 23
0.0
 14
1.0
 24
1.0
 15
0.0
 25
0.0
 16
0.0
 26
0.0
 36
1.0
 17
0.0
 27
0.0
 37
0.0
 40
73053.21846983861
 41
1.223370315675603
 42
50.0
 43
0.0
 44
0.0
 50
0.0
 51
0.0
 71
     0
 72
  1000
 73
     1
 74
     1
 75
     0
 76
     0
 77
     0
 78
     0
281
     0
 65
     1
110
0.0
120
0.0
130
0.0
111
1.0
121
0.0
131
0.0
112
0.0
122
1.0
132
0.0
 79
     0
146
0.0
 60
     3
 61
     5
292
     1
282
     1
141
0.0
142
0.0
 63
   250
421
  3355443
  0
ENDTAB
  0
TABLE
  2
LTYPE
  5
5
330
0
100
AcDbSymbolTable
 70
     4
  0
LTYPE
  5
5B
330
5
100
AcDbSymbolTableRecord
100
AcDbLinetypeTableRecord
  2
ByBlock
 70
     0
  3

 72
    65
 73
     0
 40
0.0
  0
LTYPE
  5
5C
330
5
100
AcDbSymbolTableRecord
100
AcDbLinetypeTableRecord
  2
ByLayer
 70
     0
  3

 72
    65
 73
     0
 40
0.0
  0
LTYPE
  5
5D
330
5
100
AcDbSymbolTableRecord
100
AcDbLinetypeTableRecord
  2
Continuous
 70
     0
  3
Solid line
 72
    65
 73
     0
 40
0.0
  0
LTYPE
  5
8C
330
5
100
AcDbSymbolTableRecord
100
AcDbLinetypeTableRecord
  2
Center
 70
     0
  3

 72
    65
 73
     4
 40
29.99999912060817
 49
12.00000007375544
 74
     0
 49
-5.999999682284241
 74
     0
 49
5.999999682284241
 74
     0
 49
-5.999999682284241
 74
     0
  0
LTYPE
  5
8D
330
5
100
AcDbSymbolTableRecord
100
AcDbLinetypeTableRecord
  2
Demolished
 70
     0
  3

 72
    65
 73
     2
 40
4.799999999999998
 49
3.199999999999999
 74
     0
 49
-1.599999999999999
 74
     0
  0
LTYPE
  5
8E
330
5
100
AcDbSymbolTableRecord
100
AcDbLinetypeTableRecord
  2
Overhead
 70
     0
  3

 72
    65
 73
     2
 40
3.96875
 49
2.38125
 74
     0
 49
-1.587499999999999
 74
     0
  0
ENDTAB
  0
TABLE
  2
LAYER
  5
2
330
0
100
AcDbSymbolTable
 70
    20
  0
LAYER
  5
54
330
2
100
AcDbSymbolTableRecord
100
AcDbLayerTableRecord
  2
0
 70
     0
 62
     7
  6
Continuous
370
    -3
390
F
347
21
348
0
  0
LAYER
  5
84
330
2
100
AcDbSymbolTableRecord
100
AcDbLayerTableRecord
  2
A-DETL
 70
     0
 62
    90
  6
Continuous
370
     9
390
F
347
21
348
0
  0
LAYER
  5
85
330
2
100
AcDbSymbolTableRecord
100
AcDbLayerTableRecord
  2
A-WALL
 70
     0
 62
   113
  6
Continuous
370
     9
390
F
347
21
348
0
  0
LAYER
  5
86
330
2
100
AcDbSymbolTableRecord
100
AcDbLayerTableRecord
  2
S-STRS
 70
     0
 62
    31
  6
Continuous
370
     9
390
F
347
21
348
0
  0
LAYER
  5
87
330
2
100
AcDbSymbolTableRecord
100
AcDbLayerTableRecord
  2
S-STRS-IDEN
 70
     0
 62
    31
  6
Continuous
370
     9
390
F
347
21
348
0
  0
LAYER
  5
88
330
2
100
AcDbSymbolTableRecord
100
AcDbLayerTableRecord
  2
A-DOOR
 70
     0
 62
    31
  6
Continuous
370
     9
390
F
347
21
348
0
  0
LAYER
  5
89
330
2
100
AcDbSymbolTableRecord
100
AcDbLayerTableRecord
  2
Q-SPCQ
 70
     0
 62
    91
  6
Continuous
370
     9
390
F
347
21
348
0
  0
LAYER
  5
8A
330
2
100
AcDbSymbolTableRecord
100
AcDbLayerTableRecord
  2
A-FLOR-HRAL
 70
     0
 62
    11
  6
Continuous
370
     9
390
F
347
21
348
0
  0
LAYER
  5
8B
330
2
100
AcDbSymbolTableRecord
100
AcDbLayerTableRecord
  2
A-AREA-BNDY
 70
     0
 62
     1
  6
Continuous
370
    70
390
F
347
21
348
0
  0
LAYER
  5
8F
330
2
100
AcDbSymbolTableRecord
100
AcDbLayerTableRecord
  2
A-AREA
 70
     0
 62
    32
  6
Continuous
370
     9
390
F
347
21
348
0
  0
LAYER
  5
90
330
2
100
AcDbSymbolTableRecord
100
AcDbLayerTableRecord
  2
A-DETL-CNTR
 70
     0
 62
     5
  6
Center
370
     9
390
F
347
21
348
0
  0
LAYER
  5
99
330
2
100
AcDbSymbolTableRecord
100
AcDbLayerTableRecord
  2
A-DETL-THIN
 70
     0
 62
   151
  6
Continuous
370
     9
390
F
347
21
348
0
  0
LAYER
  5
A5
330
2
100
AcDbSymbolTableRecord
100
AcDbLayerTableRecord
  2
A-DETL-DEMO
 70
     0
 62
     6
  6
Demolished
370
     9
390
F
347
21
348
0
  0
LAYER
  5
DD
330
2
100
AcDbSymbolTableRecord
100
AcDbLayerTableRecord
  2
S-STRS-MBND
 70
     0
 62
    31
  6
Overhead
370
     9
390
F
347
21
348
0
  0
LAYER
  5
13A
330
2
100
AcDbSymbolTableRecord
100
AcDbLayerTableRecord
  2
S-STRS-ANNO
 70
     0
 62
    31
  6
Overhead
370
     9
390
F
347
21
348
0
  0
LAYER
  5
363
330
2
100
AcDbSymbolTableRecord
100
AcDbLayerTableRecord
  2
A-AREA-IDEN
 70
     0
 62
     2
  6
Continuous
370
     9
390
F
347
21
348
0
  0
LAYER
  5
396
330
2
100
AcDbSymbolTableRecord
100
AcDbLayerTableRecord
  2
A-ANNO-DIMS
 70
     0
 62
   211
  6
Continuous
370
     9
390
F
347
21
348
0
  0
LAYER
  5
398
330
2
100
AcDbSymbolTableRecord
100
AcDbLayerTableRecord
  2
A-ANNO-DIMS-100
 70
     0
 62
   211
  6
Continuous
370
     9
390
F
347
21
348
0
  0
LAYER
  5
3AD
330
2
100
AcDbSymbolTableRecord
100
AcDbLayerTableRecord
  2
Defpoints
 70
     0
 62
     7
  6
Continuous
290
     0
370
    -3
390
F
347
21
348
0
  0
LAYER
  5
B13
330
2
100
AcDbSymbolTableRecord
100
AcDbLayerTableRecord
  2
G-ANNO-TEXT
 70
     0
 62
   231
  6
Continuous
370
     9
390
F
347
21
348
0
  0
ENDTAB
  0
TABLE
  2
STYLE
  5
3
330
0
100
AcDbSymbolTable
 70
     9
  0
STYLE
  5
55
330
3
100
AcDbSymbolTableRecord
100
AcDbTextStyleTableRecord
  2
Standard
 70
     0
 40
0.0
 41
1.0
 50
0.0
 71
     0
 42
0.2
  3
txt
  4

  0
STYLE
  5
5A
330
3
100
AcDbSymbolTableRecord
100
AcDbTextStyleTableRecord
  2
Annotative
 70
     0
 40
0.0
 41
1.0
 50
0.0
 71
     0
 42
0.2
  3
txt
  4

1001
AcadAnnotative
1000
AnnotativeData
1002
{
1070
     1
1070
     1
1002
}
  0
STYLE
  5
334
330
3
100
AcDbSymbolTableRecord
100
AcDbTextStyleTableRecord
  2
Arial
 70
     0
 40
250.0
 41
1.0
 50
0.0
 71
     0
 42
0.2
  3
arial.ttf
  4

1001
ACAD
1000
Arial
1071
    41506
  0
STYLE
  5
364
330
3
100
AcDbSymbolTableRecord
100
AcDbTextStyleTableRecord
  2
Arial_1
 70
     0
 40
599.9999999999992
 41
1.0
 50
0.0
 71
     0
 42
0.2
  3
arial.ttf
  4

1001
ACAD
1000
Arial
1071
    41506
  0
STYLE
  5
36F
330
3
100
AcDbSymbolTableRecord
100
AcDbTextStyleTableRecord
  2
Arial_B
 70
     0
 40
599.9999999999992
 41
1.0
 50
0.0
 71
     0
 42
0.2
  3
arialbd.ttf
  4

1001
ACAD
1000
Arial
1071
 33595938
  0
STYLE
  5
371
330
3
100
AcDbSymbolTableRecord
100
AcDbTextStyleTableRecord
  2
Arial_2
 70
     0
 40
299.9999999999996
 41
1.0
 50
0.0
 71
     0
 42
0.2
  3
arial.ttf
  4

1001
ACAD
1000
Arial
1071
    41506
  0
STYLE
  5
3A2
330
3
100
AcDbSymbolTableRecord
100
AcDbTextStyleTableRecord
  2
Arial_3
 70
     0
 40
1000.0
 41
1.0
 50
0.0
 71
     0
 42
0.2
  3
arial.ttf
  4

1001
ACAD
1000
Arial
1071
    41506
  0
STYLE
  5
545
330
3
100
AcDbSymbolTableRecord
100
AcDbTextStyleTableRecord
  2
Arial_B_1
 70
     0
 40
999.9999999999989
 41
1.0
 50
0.0
 71
     0
 42
0.2
  3
arialbd.ttf
  4

1001
ACAD
1000
Arial
1071
 33595938
  0
STYLE
  5
B14
330
3
100
AcDbSymbolTableRecord
100
AcDbTextStyleTableRecord
  2
Arial_4
 70
     0
 40
700.0
 41
1.0
 50
0.0
 71
     0
 42
0.2
  3
arial.ttf
  4

1001
ACAD
1000
Arial
1071
    41506
  0
ENDTAB
  0
TABLE
  2
VIEW
  5
6
330
0
100
AcDbSymbolTable
 70
     0
  0
ENDTAB
  0
TABLE
  2
UCS
  5
7
330
0
100
AcDbSymbolTable
 70
     1
  0
UCS
  5
B28
330
7
100
AcDbSymbolTableRecord
100
AcDbUCSTableRecord
  2
REVIT60-Default Site
 70
     0
 10
0.0
 20
0.0
 30
0.0
 11
1.0
 21
0.0
 31
0.0
 12
0.0
 22
1.0
 32
0.0
 79
     0
146
0.0
  0
ENDTAB
  0
TABLE
  2
APPID
  5
9
330
0
100
AcDbSymbolTable
 70
     3
  0
APPID
  5
56
330
9
100
AcDbSymbolTableRecord
100
AcDbRegAppTableRecord
  2
ACAD
 70
     0
  0
APPID
  5
5E
330
9
100
AcDbSymbolTableRecord
100
AcDbRegAppTableRecord
  2
AcadAnnotative
 70
     0
  0
APPID
  5
78
330
9
100
AcDbSymbolTableRecord
100
AcDbRegAppTableRecord
  2
REVIT
 70
     0
  0
ENDTAB
  0
TABLE
  2
DIMSTYLE
  5
A
330
0
100
AcDbSymbolTable
 70
     3
100
AcDbDimStyleTable
 71
     1
340
3A6
  0
DIMSTYLE
105
58
330
A
100
AcDbSymbolTableRecord
100
AcDbDimStyleTableRecord
  2
Standard
 70
     0
340
55
  0
DIMSTYLE
105
59
330
A
100
AcDbSymbolTableRecord
100
AcDbDimStyleTableRecord
  2
Annotative
 70
     0
340
55
1001
AcadAnnotative
1000
AnnotativeData
1002
{
1070
     1
1070
     1
1002
}
  0
DIMSTYLE
105
3A6
102
{ACAD_REACTORS
330
3AB
102
}
330
A
100
AcDbSymbolTableRecord
100
AcDbDimStyleTableRecord
  2
Diagonal_-_2_5mm_Arial_3
 70
     0
  3
<>
 40
304.8
 41
0.9842519685039366
 44
0.7874015748031495
 46
0.7874015748031495
 49
0.7874015748031495
 69
     1
 73
     0
 74
     0
 77
     1
 90
        2
140
1020.25939995697
144
0.1
145
1.0
147
0.5741469816272966
172
     1
173
     1
174
     1
179
     2
271
     0
290
     1
340
3A2
343
3A7
344
3A7
  0
ENDTAB
  0
TABLE
  2
BLOCK_RECORD
  5
1
330
0
100
AcDbSymbolTable
 70
   148
  0
BLOCK_RECORD
  5
70
102
{ACAD_XDICTIONARY
360
B2D
102
}
330
1
100
AcDbSymbolTableRecord
100
AcDbBlockTableRecord
  2
*Model_Space
340
73
 70
     0
280
     1
281
     0
  0
BLOCK_RECORD
  5
6C
330
1
100
AcDbSymbolTableRecord
100
AcDbBlockTableRecord
  2
*Paper_Space
340
6F
 70
     0
280
     1
281
     0
  0
BLOCK_RECORD
  5
74
330
1
100
AcDbSymbolTableRecord
100
AcDbBlockTableRecord
  2
*Paper_Space0
340
77
 70
     0
280
     1
281
     0
  0
BLOCK_RECORD
  5
185
330
1
100
AcDbSymbolTableRecord
100
AcDbBlockTableRecord
  2
M_Single-Flush - 0915 x 2134mm-469506-Level 1
340
0
102
{BLKREFS
331
329
331
32B
331
32C
331
32E
331
32F
331
331
331
332
331
333
331
18D
331
198
102
}
 70
     0
280
     1
281
     0
  0
BLOCK_RECORD
  5
18E
330
1
100
AcDbSymbolTableRecord
100
AcDbBlockTableRecord
  2
M_Single-Flush - 0915 x 2134mm-469677-Level 1
340
0
102
{BLKREFS
331
202
331
327
331
328
331
32A
331
32D
331
330
331
196
331
197
331
199
331
1B6
102
}
 70
     0
280
     1
281
     0
  0
BLOCK_RECORD
  5
19A
330
1
100
AcDbSymbolTableRecord
100
AcDbBlockTableRecord
  2
M_Electric Lift-4 person wall based - Type 1-505162-Level 1
340
0
102
{BLKREFS
331
1A8
102
}
 70
     0
280
     1
281
     0
  0
BLOCK_RECORD
  5
2B8
330
1
100
AcDbSymbolTableRecord
100
AcDbBlockTableRecord
  2
Top Rail Type - Top Rail_Internal_-610499-Level 1
340
0
102
{BLKREFS
331
2C8
102
}
 70
     0
280
     1
281
     0
  0
BLOCK_RECORD
  5
2C9
330
1
100
AcDbSymbolTableRecord
100
AcDbBlockTableRecord
  2
Top Rail Type - Top Rail_Internal_-610513-Level 1
340
0
102
{BLKREFS
331
2D9
102
}
 70
     0
280
     1
281
     0
  0
BLOCK_RECORD
  5
367
330
1
100
AcDbSymbolTableRecord
100
AcDbBlockTableRecord
  2
M_Room Tag xxx - Room Tag-387598-Level 1
340
0
102
{BLKREFS
331
36E
102
}
 70
     0
280
     1
281
     0
  0
BLOCK_RECORD
  5
3A7
330
1
100
AcDbSymbolTableRecord
100
AcDbBlockTableRecord
  2
_Oblique
340
0
102
{BLKREFS
102
}
 70
     0
280
     1
281
     0
  0
BLOCK_RECORD
  5
3AE
330
1
100
AcDbSymbolTableRecord
100
AcDbBlockTableRecord
  2
DIMBLOCK1-Level 1
340
0
 70
     0
280
     1
281
     0
  0
BLOCK_RECORD
  5
3D6
330
1
100
AcDbSymbolTableRecord
100
AcDbBlockTableRecord
  2
DIMBLOCK2-Level 1
340
0
 70
     0
280
     1
281
     0
  0
BLOCK_RECORD
  5
3F0
330
1
100
AcDbSymbolTableRecord
100
AcDbBlockTableRecord
  2
DIMBLOCK3-Level 1
340
0
 70
     0
280
     1
281
     0
  0
BLOCK_RECORD
  5
40C
330
1
100
AcDbSymbolTableRecord
100
AcDbBlockTableRecord
  2
DIMBLOCK4-Level 1
340
0
 70
     0
280
     1
281
     0
  0
BLOCK_RECORD
  5
426
330
1
100
AcDbSymbolTableRecord
100
AcDbBlockTableRecord
  2
DIMBLOCK5-Level 1
340
0
 70
     0
280
     1
281
     0
  0
BLOCK_RECORD
  5
442
330
1
100
AcDbSymbolTableRecord
100
AcDbBlockTableRecord
  2
DIMBLOCK6-Level 1
340
0
 70
     0
280
     1
281
     0
  0
BLOCK_RECORD
  5
45C
330
1
100
AcDbSymbolTableRecord
100
AcDbBlockTableRecord
  2
DIMBLOCK7-Level 1
340
0
 70
     0
280
     1
281
     0
  0
BLOCK_RECORD
  5
478
330
1
100
AcDbSymbolTableRecord
100
AcDbBlockTableRecord
  2
DIMBLOCK8-Level 1
340
0
 70
     0
280
     1
281
     0
  0
BLOCK_RECORD
  5
494
330
1
100
AcDbSymbolTableRecord
100
AcDbBlockTableRecord
  2
DIMBLOCK9-Level 1
340
0
 70
     0
280
     1
281
     0
  0
BLOCK_RECORD
  5
4AE
330
1
100
AcDbSymbolTableRecord
100
AcDbBlockTableRecord
  2
DIMBLOCK10-Level 1
340
0
 70
     0
280
     1
281
     0
  0
BLOCK_RECORD
  5
4CA
330
1
100
AcDbSymbolTableRecord
100
AcDbBlockTableRecord
  2
DIMBLOCK11-Level 1
340
0
 70
     0
280
     1
281
     0
  0
BLOCK_RECORD
  5
4E4
330
1
100
AcDbSymbolTableRecord
100
AcDbBlockTableRecord
  2
DIMBLOCK12-Level 1
340
0
 70
     0
280
     1
281
     0
  0
BLOCK_RECORD
  5
500
330
1
100
AcDbSymbolTableRecord
100
AcDbBlockTableRecord
  2
DIMBLOCK13-Level 1
340
0
 70
     0
280
     1
281
     0
  0
BLOCK_RECORD
  5
51A
330
1
100
AcDbSymbolTableRecord
100
AcDbBlockTableRecord
  2
DIMBLOCK14-Level 1
340
0
 70
     0
280
     1
281
     0
  0
BLOCK_RECORD
  5
536
330
1
100
AcDbSymbolTableRecord
100
AcDbBlockTableRecord
  2
DIMBLOCK15-Level 1
340
0
 70
     0
280
     1
281
     0
  0
BLOCK_RECORD
  5
557
330
1
100
AcDbSymbolTableRecord
100
AcDbBlockTableRecord
  2
DIMBLOCK16-Level 1
340
0
 70
     0
280
     1
281
     0
  0
BLOCK_RECORD
  5
573
330
1
100
AcDbSymbolTableRecord
100
AcDbBlockTableRecord
  2
DIMBLOCK17-Level 1
340
0
 70
     0
280
     1
281
     0
  0
BLOCK_RECORD
  5
58D
330
1
100
AcDbSymbolTableRecord
100
AcDbBlockTableRecord
  2
DIMBLOCK18-Level 1
340
0
 70
     0
280
     1
281
     0
  0
BLOCK_RECORD
  5
5A9
330
1
100
AcDbSymbolTableRecord
100
AcDbBlockTableRecord
  2
DIMBLOCK19-Level 1
340
0
 70
     0
280
     1
281
     0
  0
BLOCK_RECORD
  5
5C3
330
1
100
AcDbSymbolTableRecord
100
AcDbBlockTableRecord
  2
DIMBLOCK20-Level 1
340
0
 70
     0
280
     1
281
     0
  0
BLOCK_RECORD
  5
5DF
330
1
100
AcDbSymbolTableRecord
100
AcDbBlockTableRecord
  2
DIMBLOCK21-Level 1
340
0
 70
     0
280
     1
281
     0
  0
BLOCK_RECORD
  5
5F9
330
1
100
AcDbSymbolTableRecord
100
AcDbBlockTableRecord
  2
DIMBLOCK22-Level 1
340
0
 70
     0
280
     1
281
     0
  0
BLOCK_RECORD
  5
615
330
1
100
AcDbSymbolTableRecord
100
AcDbBlockTableRecord
  2
DIMBLOCK23-Level 1
340
0
 70
     0
280
     1
281
     0
  0
BLOCK_RECORD
  5
631
330
1
100
AcDbSymbolTableRecord
100
AcDbBlockTableRecord
  2
DIMBLOCK24-Level 1
340
0
 70
     0
280
     1
281
     0
  0
BLOCK_RECORD
  5
64B
330
1
100
AcDbSymbolTableRecord
100
AcDbBlockTableRecord
  2
DIMBLOCK25-Level 1
340
0
 70
     0
280
     1
281
     0
  0
BLOCK_RECORD
  5
667
330
1
100
AcDbSymbolTableRecord
100
AcDbBlockTableRecord
  2
DIMBLOCK26-Level 1
340
0
 70
     0
280
     1
281
     0
  0
BLOCK_RECORD
  5
681
330
1
100
AcDbSymbolTableRecord
100
AcDbBlockTableRecord
  2
DIMBLOCK27-Level 1
340
0
 70
     0
280
     1
281
     0
  0
BLOCK_RECORD
  5
69D
330
1
100
AcDbSymbolTableRecord
100
AcDbBlockTableRecord
  2
DIMBLOCK28-Level 1
340
0
 70
     0
280
     1
281
     0
  0
BLOCK_RECORD
  5
6B7
330
1
100
AcDbSymbolTableRecord
100
AcDbBlockTableRecord
  2
DIMBLOCK29-Level 1
340
0
 70
     0
280
     1
281
     0
  0
BLOCK_RECORD
  5
6D3
330
1
100
AcDbSymbolTableRecord
100
AcDbBlockTableRecord
  2
DIMBLOCK30-Level 1
340
0
 70
     0
280
     1
281
     0
  0
BLOCK_RECORD
  5
6ED
330
1
100
AcDbSymbolTableRecord
100
AcDbBlockTableRecord
  2
DIMBLOCK31-Level 1
340
0
 70
     0
280
     1
281
     0
  0
BLOCK_RECORD
  5
709
330
1
100
AcDbSymbolTableRecord
100
AcDbBlockTableRecord
  2
DIMBLOCK32-Level 1
340
0
 70
     0
280
     1
281
     0
  0
BLOCK_RECORD
  5
723
330
1
100
AcDbSymbolTableRecord
100
AcDbBlockTableRecord
  2
DIMBLOCK33-Level 1
340
0
 70
     0
280
     1
281
     0
  0
BLOCK_RECORD
  5
73F
330
1
100
AcDbSymbolTableRecord
100
AcDbBlockTableRecord
  2
DIMBLOCK34-Level 1
340
0
 70
     0
280
     1
281
     0
  0
BLOCK_RECORD
  5
759
330
1
100
AcDbSymbolTableRecord
100
AcDbBlockTableRecord
  2
DIMBLOCK35-Level 1
340
0
 70
     0
280
     1
281
     0
  0
BLOCK_RECORD
  5
775
330
1
100
AcDbSymbolTableRecord
100
AcDbBlockTableRecord
  2
DIMBLOCK36-Level 1
340
0
 70
     0
280
     1
281
     0
  0
BLOCK_RECORD
  5
78F
330
1
100
AcDbSymbolTableRecord
100
AcDbBlockTableRecord
  2
DIMBLOCK37-Level 1
340
0
 70
     0
280
     1
281
     0
  0
BLOCK_RECORD
  5
7AB
330
1
100
AcDbSymbolTableRecord
100
AcDbBlockTableRecord
  2
DIMBLOCK38-Level 1
340
0
 70
     0
280
     1
281
     0
  0
BLOCK_RECORD
  5
7C5
330
1
100
AcDbSymbolTableRecord
100
AcDbBlockTableRecord
  2
DIMBLOCK39-Level 1
340
0
 70
     0
280
     1
281
     0
  0
BLOCK_RECORD
  5
7DF
330
1
100
AcDbSymbolTableRecord
100
AcDbBlockTableRecord
  2
DIMBLOCK40-Level 1
340
0
 70
     0
280
     1
281
     0
  0
BLOCK_RECORD
  5
7F9
330
1
100
AcDbSymbolTableRecord
100
AcDbBlockTableRecord
  2
DIMBLOCK41-Level 1
340
0
 70
     0
280
     1
281
     0
  0
BLOCK_RECORD
  5
813
330
1
100
AcDbSymbolTableRecord
100
AcDbBlockTableRecord
  2
DIMBLOCK42-Level 1
340
0
 70
     0
280
     1
281
     0
  0
BLOCK_RECORD
  5
82D
330
1
100
AcDbSymbolTableRecord
100
AcDbBlockTableRecord
  2
DIMBLOCK43-Level 1
340
0
 70
     0
280
     1
281
     0
  0
BLOCK_RECORD
  5
849
330
1
100
AcDbSymbolTableRecord
100
AcDbBlockTableRecord
  2
DIMBLOCK44-Level 1
340
0
 70
     0
280
     1
281
     0
  0
BLOCK_RECORD
  5
863
330
1
100
AcDbSymbolTableRecord
100
AcDbBlockTableRecord
  2
DIMBLOCK45-Level 1
340
0
 70
     0
280
     1
281
     0
  0
BLOCK_RECORD
  5
87D
330
1
100
AcDbSymbolTableRecord
100
AcDbBlockTableRecord
  2
DIMBLOCK46-Level 1
340
0
 70
     0
280
     1
281
     0
  0
BLOCK_RECORD
  5
899
330
1
100
AcDbSymbolTableRecord
100
AcDbBlockTableRecord
  2
DIMBLOCK47-Level 1
340
0
 70
     0
280
     1
281
     0
  0
BLOCK_RECORD
  5
8B3
330
1
100
AcDbSymbolTableRecord
100
AcDbBlockTableRecord
  2
DIMBLOCK48-Level 1
340
0
 70
     0
280
     1
281
     0
  0
BLOCK_RECORD
  5
8CF
330
1
100
AcDbSymbolTableRecord
100
AcDbBlockTableRecord
  2
DIMBLOCK49-Level 1
340
0
 70
     0
280
     1
281
     0
  0
BLOCK_RECORD
  5
8E9
330
1
100
AcDbSymbolTableRecord
100
AcDbBlockTableRecord
  2
DIMBLOCK50-Level 1
340
0
 70
     0
280
     1
281
     0
  0
BLOCK_RECORD
  5
904
330
1
100
AcDbSymbolTableRecord
100
AcDbBlockTableRecord
  2
DIMBLOCK51-Level 1
340
0
 70
     0
280
     1
281
     0
  0
BLOCK_RECORD
  5
920
330
1
100
AcDbSymbolTableRecord
100
AcDbBlockTableRecord
  2
DIMBLOCK52-Level 1
340
0
 70
     0
280
     1
281
     0
  0
BLOCK_RECORD
  5
93B
330
1
100
AcDbSymbolTableRecord
100
AcDbBlockTableRecord
  2
DIMBLOCK53-Level 1
340
0
 70
     0
280
     1
281
     0
  0
BLOCK_RECORD
  5
955
330
1
100
AcDbSymbolTableRecord
100
AcDbBlockTableRecord
  2
DIMBLOCK54-Level 1
340
0
 70
     0
280
     1
281
     0
  0
BLOCK_RECORD
  5
971
330
1
100
AcDbSymbolTableRecord
100
AcDbBlockTableRecord
  2
DIMBLOCK55-Level 1
340
0
 70
     0
280
     1
281
     0
  0
BLOCK_RECORD
  5
98D
330
1
100
AcDbSymbolTableRecord
100
AcDbBlockTableRecord
  2
DIMBLOCK56-Level 1
340
0
 70
     0
280
     1
281
     0
  0
BLOCK_RECORD
  5
9A7
330
1
100
AcDbSymbolTableRecord
100
AcDbBlockTableRecord
  2
DIMBLOCK57-Level 1
340
0
 70
     0
280
     1
281
     0
  0
BLOCK_RECORD
  5
9C2
330
1
100
AcDbSymbolTableRecord
100
AcDbBlockTableRecord
  2
DIMBLOCK58-Level 1
340
0
 70
     0
280
     1
281
     0
  0
BLOCK_RECORD
  5
9DE
330
1
100
AcDbSymbolTableRecord
100
AcDbBlockTableRecord
  2
DIMBLOCK59-Level 1
340
0
 70
     0
280
     1
281
     0
  0
BLOCK_RECORD
  5
9F9
330
1
100
AcDbSymbolTableRecord
100
AcDbBlockTableRecord
  2
DIMBLOCK60-Level 1
340
0
 70
     0
280
     1
281
     0
  0
BLOCK_RECORD
  5
A13
330
1
100
AcDbSymbolTableRecord
100
AcDbBlockTableRecord
  2
DIMBLOCK61-Level 1
340
0
 70
     0
280
     1
281
     0
  0
BLOCK_RECORD
  5
A2F
330
1
100
AcDbSymbolTableRecord
100
AcDbBlockTableRecord
  2
DIMBLOCK62-Level 1
340
0
 70
     0
280
     1
281
     0
  0
BLOCK_RECORD
  5
A49
330
1
100
AcDbSymbolTableRecord
100
AcDbBlockTableRecord
  2
DIMBLOCK63-Level 1
340
0
 70
     0
280
     1
281
     0
  0
BLOCK_RECORD
  5
A65
330
1
100
AcDbSymbolTableRecord
100
AcDbBlockTableRecord
  2
DIMBLOCK64-Level 1
340
0
 70
     0
280
     1
281
     0
  0
BLOCK_RECORD
  5
A7F
330
1
100
AcDbSymbolTableRecord
100
AcDbBlockTableRecord
  2
DIMBLOCK65-Level 1
340
0
 70
     0
280
     1
281
     0
  0
BLOCK_RECORD
  5
A9B
330
1
100
AcDbSymbolTableRecord
100
AcDbBlockTableRecord
  2
DIMBLOCK66-Level 1
340
0
 70
     0
280
     1
281
     0
  0
BLOCK_RECORD
  5
AB5
330
1
100
AcDbSymbolTableRecord
100
AcDbBlockTableRecord
  2
DIMBLOCK67-Level 1
340
0
 70
     0
280
     1
281
     0
  0
BLOCK_RECORD
  5
ACF
330
1
100
AcDbSymbolTableRecord
100
AcDbBlockTableRecord
  2
DIMBLOCK68-Level 1
340
0
 70
     0
280
     1
281
     0
  0
BLOCK_RECORD
  5
AE9
330
1
100
AcDbSymbolTableRecord
100
AcDbBlockTableRecord
  2
DIMBLOCK69-Level 1
340
0
 70
     0
280
     1
281
     0
  0
BLOCK_RECORD
  5
B03
330
1
100
AcDbSymbolTableRecord
100
AcDbBlockTableRecord
  2
DIMBLOCK70-Level 1
340
0
 70
     0
280
     1
281
     0
  0
ENDTAB
  0
ENDSEC
  0
SECTION
  2
BLOCKS
  0
BLOCK
  5
71
330
70
100
AcDbEntity
  8
0
100
AcDbBlockBegin
  2
*Model_Space
 70
     0
 10
0.0
 20
0.0
 30
0.0
  3
*Model_Space
  1

  0
ENDBLK
  5
72
330
70
100
AcDbEntity
  8
0
100
AcDbBlockEnd
  0
BLOCK
  5
6D
330
6C
100
AcDbEntity
 67
     1
  8
0
100
AcDbBlockBegin
  2
*Paper_Space
 70
     0
 10
0.0
 20
0.0
 30
0.0
  3
*Paper_Space
  1

  0
ENDBLK
  5
6E
330
6C
100
AcDbEntity
 67
     1
  8
0
100
AcDbBlockEnd
  0
BLOCK
  5
75
330
74
100
AcDbEntity
 67
     1
  8
0
100
AcDbBlockBegin
  2
*Paper_Space0
 70
     0
 10
0.0
 20
0.0
 30
0.0
  3
*Paper_Space0
  1

  0
ENDBLK
  5
76
330
74
100
AcDbEntity
 67
     1
  8
0
100
AcDbBlockEnd
  0
BLOCK
  5
18B
330
185
100
AcDbEntity
  8
0
100
AcDbBlockBegin
  2
M_Single-Flush - 0915 x 2134mm-469506-Level 1
 70
     0
 10
0.0
 20
0.0
 30
0.0
  3
M_Single-Flush - 0915 x 2134mm-469506-Level 1
  1

  0
ARC
  5
186
330
185
100
AcDbEntity
  8
A-DOOR
100
AcDbCircle
 10
457.5000000000243
 20
-99.99999999998937
 30
0.0
 40
916.6914560213211
100
AcDbArc
 50
179.9999999999998
 51
266.8107106662026
1001
REVIT
1002
{
1070
     1
1000
469325
1002
}
1002
{
1070
     5
1000
49480
1002
}
1002
{
1070
     3
1000
1951
1002
}
  0
LINE
  5
187
330
185
100
AcDbEntity
  8
A-DOOR
370
    18
100
AcDbLine
 10
406.4999999999999
 20
-99.99999999999445
 30
0.0
 11
406.4999999999999
 21
-1015.271667617034
 31
0.0
1001
REVIT
1002
{
1070
     1
1000
469325
1002
}
1002
{
1070
     5
1000
49480
1002
}
1002
{
1070
     3
1000
-2000025
1002
}
  0
LINE
  5
188
330
185
100
AcDbEntity
  8
A-DOOR
370
    18
100
AcDbLine
 10
457.5000000000243
 20
-1015.271667617034
 30
0.0
 11
406.4999999999999
 21
-1015.271667617034
 31
0.0
1001
REVIT
1002
{
1070
     1
1000
469325
1002
}
1002
{
1070
     5
1000
49480
1002
}
1002
{
1070
     3
1000
-2000025
1002
}
  0
LINE
  5
189
330
185
100
AcDbEntity
  8
A-DOOR
370
    18
100
AcDbLine
 10
457.5000000000243
 20
-99.99999999999445
 30
0.0
 11
457.5000000000243
 21
-1015.271667617034
 31
0.0
1001
REVIT
1002
{
1070
     1
1000
469325
1002
}
1002
{
1070
     5
1000
49480
1002
}
1002
{
1070
     3
1000
-2000025
1002
}
  0
LINE
  5
18A
330
185
100
AcDbEntity
  8
A-DOOR
370
    18
100
AcDbLine
 10
457.5000000000243
 20
-99.99999999999445
 30
0.0
 11
406.4999999999999
 21
-99.99999999999445
 31
0.0
1001
REVIT
1002
{
1070
     1
1000
469325
1002
}
1002
{
1070
     5
1000
49480
1002
}
1002
{
1070
     3
1000
-2000025
1002
}
  0
ENDBLK
  5
18C
330
185
100
AcDbEntity
  8
0
100
AcDbBlockEnd
  0
BLOCK
  5
194
330
18E
100
AcDbEntity
  8
0
100
AcDbBlockBegin
  2
M_Single-Flush - 0915 x 2134mm-469677-Level 1
 70
     0
 10
0.0
 20
0.0
 30
0.0
  3
M_Single-Flush - 0915 x 2134mm-469677-Level 1
  1

  0
ARC
  5
18F
330
18E
100
AcDbEntity
  8
A-DOOR
100
AcDbCircle
 10
457.5000000000243
 20
99.99999999998937
 30
0.0
 40
916.6914560213211
100
AcDbArc
 50
93.189289333797
 51
179.9999999999998
1001
REVIT
1002
{
1070
     1
1000
470479
1002
}
1002
{
1070
     5
1000
49480
1002
}
1002
{
1070
     3
1000
1951
1002
}
  0
LINE
  5
190
330
18E
100
AcDbEntity
  8
A-DOOR
370
    18
100
AcDbLine
 10
406.4999999999999
 20
99.99999999999445
 30
0.0
 11
406.4999999999999
 21
1015.271667617034
 31
0.0
1001
REVIT
1002
{
1070
     1
1000
470479
1002
}
1002
{
1070
     5
1000
49480
1002
}
1002
{
1070
     3
1000
-2000025
1002
}
  0
LINE
  5
191
330
18E
100
AcDbEntity
  8
A-DOOR
370
    18
100
AcDbLine
 10
457.5000000000243
 20
1015.271667617034
 30
0.0
 11
406.4999999999999
 21
1015.271667617034
 31
0.0
1001
REVIT
1002
{
1070
     1
1000
470479
1002
}
1002
{
1070
     5
1000
49480
1002
}
1002
{
1070
     3
1000
-2000025
1002
}
  0
LINE
  5
192
330
18E
100
AcDbEntity
  8
A-DOOR
370
    18
100
AcDbLine
 10
457.5000000000243
 20
99.99999999999445
 30
0.0
 11
457.5000000000243
 21
1015.271667617034
 31
0.0
1001
REVIT
1002
{
1070
     1
1000
470479
1002
}
1002
{
1070
     5
1000
49480
1002
}
1002
{
1070
     3
1000
-2000025
1002
}
  0
LINE
  5
193
330
18E
100
AcDbEntity
  8
A-DOOR
370
    18
100
AcDbLine
 10
457.5000000000243
 20
99.99999999999445
 30
0.0
 11
406.4999999999999
 21
99.99999999999445
 31
0.0
1001
REVIT
1002
{
1070
     1
1000
470479
1002
}
1002
{
1070
     5
1000
49480
1002
}
1002
{
1070
     3
1000
-2000025
1002
}
  0
ENDBLK
  5
195
330
18E
100
AcDbEntity
  8
0
100
AcDbBlockEnd
  0
BLOCK
  5
1A6
330
19A
100
AcDbEntity
  8
0
100
AcDbBlockBegin
  2
M_Electric Lift-4 person wall based - Type 1-505162-Level 1
 70
     0
 10
0.0
 20
0.0
 30
0.0
  3
M_Electric Lift-4 person wall based - Type 1-505162-Level 1
  1

  0
LINE
  5
19B
330
19A
100
AcDbEntity
  8
Q-SPCQ
100
AcDbLine
 10
-245.1999999493797
 20
-1190.0000000582
 30
0.0
 11
-245.1999999493803
 21
-1290.0000000582
 31
0.0
1001
REVIT
1002
{
1070
     1
1000
505109
1002
}
1002
{
1070
     5
1000
504849
1002
}
  0
LINE
  5
19C
330
19A
100
AcDbEntity
  8
Q-SPCQ
100
AcDbLine
 10
524.8000000675005
 20
-1190.000000058205
 30
0.0
 11
-245.1999999493797
 21
-1190.0000000582
 31
0.0
1001
REVIT
1002
{
1070
     1
1000
505109
1002
}
1002
{
1070
     5
1000
504849
1002
}
  0
LINE
  5
19D
330
19A
100
AcDbEntity
  8
Q-SPCQ
100
AcDbLine
 10
524.8000000674998
 20
-1290.000000058205
 30
0.0
 11
524.8000000675005
 21
-1190.000000058205
 31
0.0
1001
REVIT
1002
{
1070
     1
1000
505109
1002
}
1002
{
1070
     5
1000
504849
1002
}
  0
LINE
  5
19E
330
19A
100
AcDbEntity
  8
Q-SPCQ
100
AcDbLine
 10
-245.1999999493803
 20
-1290.0000000582
 30
0.0
 11
524.8000000674998
 21
-1290.000000058205
 31
0.0
1001
REVIT
1002
{
1070
     1
1000
505109
1002
}
1002
{
1070
     5
1000
504849
1002
}
  0
LINE
  5
19F
330
19A
100
AcDbEntity
  8
Q-SPCQ
100
AcDbLine
 10
649.9999999999835
 20
-1140.000000058206
 30
0.0
 11
-400.0000000000096
 21
-105.0000000088418
 31
0.0
1001
REVIT
1002
{
1070
     1
1000
505109
1002
}
1002
{
1070
     5
1000
504849
1002
}
  0
LINE
  5
1A0
330
19A
100
AcDbEntity
  8
Q-SPCQ
100
AcDbLine
 10
649.9999999999904
 20
-105.0000000088486
 30
0.0
 11
-400.0000000000164
 21
-1140.000000058199
 31
0.0
1001
REVIT
1002
{
1070
     1
1000
505109
1002
}
1002
{
1070
     5
1000
504849
1002
}
  0
LINE
  5
1A1
330
19A
100
AcDbEntity
  8
Q-SPCQ
100
AcDbLine
 10
649.9999999999835
 20
-1140.000000058206
 30
0.0
 11
649.9999999999901
 21
-105.0000000088486
 31
0.0
1001
REVIT
1002
{
1070
     1
1000
505109
1002
}
1002
{
1070
     5
1000
504849
1002
}
  0
LINE
  5
1A2
330
19A
100
AcDbEntity
  8
Q-SPCQ
100
AcDbLine
 10
-400.0000000000097
 20
-105.0000000088418
 30
0.0
 11
649.9999999999903
 21
-105.0000000088486
 31
0.0
1001
REVIT
1002
{
1070
     1
1000
505109
1002
}
1002
{
1070
     5
1000
504849
1002
}
  0
LINE
  5
1A3
330
19A
100
AcDbEntity
  8
Q-SPCQ
100
AcDbLine
 10
-400.0000000000162
 20
-1140.000000058199
 30
0.0
 11
-400.0000000000095
 21
-105.0000000088418
 31
0.0
1001
REVIT
1002
{
1070
     1
1000
505109
1002
}
1002
{
1070
     5
1000
504849
1002
}
  0
LINE
  5
1A4
330
19A
100
AcDbEntity
  8
Q-SPCQ
100
AcDbLine
 10
649.9999999999835
 20
-1140.000000058206
 30
0.0
 11
-400.0000000000162
 21
-1140.000000058199
 31
0.0
1001
REVIT
1002
{
1070
     1
1000
505109
1002
}
1002
{
1070
     5
1000
504849
1002
}
  0
LINE
  5
1A5
330
19A
100
AcDbEntity
  8
Q-SPCQ
100
AcDbLine
 10
-505.006797086034
 20
75.0
 30
0.0
 11
750.0000000000275
 21
74.9999999999997
 31
0.0
1001
REVIT
1002
{
1070
     1
1000
505109
1002
}
1002
{
1070
     5
1000
504849
1002
}
  0
ENDBLK
  5
1A7
330
19A
100
AcDbEntity
  8
0
100
AcDbBlockEnd
  0
BLOCK
  5
2C6
330
2B8
100
AcDbEntity
  8
0
100
AcDbBlockBegin
  2
Top Rail Type - Top Rail_Internal_-610499-Level 1
 70
     0
 10
0.0
 20
0.0
 30
0.0
  3
Top Rail Type - Top Rail_Internal_-610499-Level 1
  1

  0
LINE
  5
2B9
330
2B8
100
AcDbEntity
  8
A-FLOR-HRAL
100
AcDbLine
 10
-10495.58596345348
 20
-2271.559356379141
 30
0.0
 11
-10495.58596345348
 21
-2221.559356379141
 31
0.0
1001
REVIT
1002
{
1070
     1
1000
610498
1002
}
1002
{
1070
     5
1000
141548
1002
}
  0
LINE
  5
2BA
330
2B8
100
AcDbEntity
  8
A-FLOR-HRAL
100
AcDbLine
 10
-12598.49941819096
 20
-2221.559356379135
 30
0.0
 11
-12575.18403528321
 21
-2271.559356379134
 31
0.0
1001
REVIT
1002
{
1070
     1
1000
610498
1002
}
1002
{
1070
     5
1000
141548
1002
}
  0
LINE
  5
2BB
330
2B8
100
AcDbEntity
  8
A-FLOR-HRAL
  6
Overhead
100
AcDbLine
 10
-13326.50143699096
 20
699.8621849306369
 30
0.0
 11
-13276.50143699096
 21
699.8621849306369
 31
0.0
1001
REVIT
1002
{
1070
     1
1000
610498
1002
}
1002
{
1070
     5
1000
141548
1002
}
  0
LINE
  5
2BC
330
2B8
100
AcDbEntity
  8
A-FLOR-HRAL
  6
Overhead
100
AcDbLine
 10
-13276.50143699097
 20
-2000.137815069363
 30
0.0
 11
-13276.50143699096
 21
699.8621849306369
 31
0.0
1001
REVIT
1002
{
1070
     1
1000
610498
1002
}
1002
{
1070
     5
1000
141548
1002
}
  0
LINE
  5
2BD
330
2B8
100
AcDbEntity
  8
A-FLOR-HRAL
  6
Overhead
100
AcDbLine
 10
-13276.50143699097
 20
-2221.559356379132
 30
0.0
 11
-13276.50143699097
 21
-2000.137815069363
 31
0.0
1001
REVIT
1002
{
1070
     1
1000
610498
1002
}
1002
{
1070
     5
1000
141548
1002
}
  0
LINE
  5
2BE
330
2B8
100
AcDbEntity
  8
A-FLOR-HRAL
  6
Overhead
100
AcDbLine
 10
-13195.58596345348
 20
-2221.559356379133
 30
0.0
 11
-13276.50143699097
 21
-2221.559356379132
 31
0.0
1001
REVIT
1002
{
1070
     1
1000
610498
1002
}
1002
{
1070
     5
1000
141548
1002
}
  0
LINE
  5
2BF
330
2B8
100
AcDbEntity
  8
A-FLOR-HRAL
  6
Overhead
100
AcDbLine
 10
-12598.49941819096
 20
-2221.559356379135
 30
0.0
 11
-13195.58596345348
 21
-2221.559356379133
 31
0.0
1001
REVIT
1002
{
1070
     1
1000
610498
1002
}
1002
{
1070
     5
1000
141548
1002
}
  0
LINE
  5
2C0
330
2B8
100
AcDbEntity
  8
A-FLOR-HRAL
100
AcDbLine
 10
-10495.58596345348
 20
-2221.559356379141
 30
0.0
 11
-12598.49941819096
 21
-2221.559356379135
 31
0.0
1001
REVIT
1002
{
1070
     1
1000
610498
1002
}
1002
{
1070
     5
1000
141548
1002
}
  0
LINE
  5
2C1
330
2B8
100
AcDbEntity
  8
A-FLOR-HRAL
  6
Overhead
100
AcDbLine
 10
-13326.50143699097
 20
-2000.137815069363
 30
0.0
 11
-13326.50143699096
 21
699.8621849306369
 31
0.0
1001
REVIT
1002
{
1070
     1
1000
610498
1002
}
1002
{
1070
     5
1000
141548
1002
}
  0
LINE
  5
2C2
330
2B8
100
AcDbEntity
  8
A-FLOR-HRAL
  6
Overhead
100
AcDbLine
 10
-13326.50143699097
 20
-2271.559356379132
 30
0.0
 11
-13326.50143699097
 21
-2000.137815069363
 31
0.0
1001
REVIT
1002
{
1070
     1
1000
610498
1002
}
1002
{
1070
     5
1000
141548
1002
}
  0
LINE
  5
2C3
330
2B8
100
AcDbEntity
  8
A-FLOR-HRAL
  6
Overhead
100
AcDbLine
 10
-13195.58596345348
 20
-2271.559356379133
 30
0.0
 11
-13326.50143699097
 21
-2271.559356379132
 31
0.0
1001
REVIT
1002
{
1070
     1
1000
610498
1002
}
1002
{
1070
     5
1000
141548
1002
}
  0
LINE
  5
2C4
330
2B8
100
AcDbEntity
  8
A-FLOR-HRAL
  6
Overhead
100
AcDbLine
 10
-12575.18403528321
 20
-2271.559356379134
 30
0.0
 11
-13195.58596345348
 21
-2271.559356379133
 31
0.0
1001
REVIT
1002
{
1070
     1
1000
610498
1002
}
1002
{
1070
     5
1000
141548
1002
}
  0
LINE
  5
2C5
330
2B8
100
AcDbEntity
  8
A-FLOR-HRAL
100
AcDbLine
 10
-10495.58596345348
 20
-2271.559356379141
 30
0.0
 11
-12575.18403528321
 21
-2271.559356379134
 31
0.0
1001
REVIT
1002
{
1070
     1
1000
610498
1002
}
1002
{
1070
     5
1000
141548
1002
}
  0
ENDBLK
  5
2C7
330
2B8
100
AcDbEntity
  8
0
100
AcDbBlockEnd
  0
BLOCK
  5
2D7
330
2C9
100
AcDbEntity
  8
0
100
AcDbBlockBegin
  2
Top Rail Type - Top Rail_Internal_-610513-Level 1
 70
     0
 10
0.0
 20
0.0
 30
0.0
  3
Top Rail Type - Top Rail_Internal_-610513-Level 1
  1

  0
LINE
  5
2CA
330
2C9
100
AcDbEntity
  8
A-FLOR-HRAL
100
AcDbLine
 10
-10495.58596345348
 20
-3520.759356379141
 30
0.0
 11
-10495.58596345348
 21
-3470.759356379141
 31
0.0
1001
REVIT
1002
{
1070
     1
1000
610512
1002
}
1002
{
1070
     5
1000
141548
1002
}
  0
LINE
  5
2CB
330
2C9
100
AcDbEntity
  8
A-FLOR-HRAL
100
AcDbLine
 10
-12015.98789162374
 20
-3470.759356379137
 30
0.0
 11
-11992.67250871599
 21
-3520.759356379136
 31
0.0
1001
REVIT
1002
{
1070
     1
1000
610512
1002
}
1002
{
1070
     5
1000
141548
1002
}
  0
LINE
  5
2CC
330
2C9
100
AcDbEntity
  8
A-FLOR-HRAL
  6
Overhead
100
AcDbLine
 10
-14575.70143699096
 20
699.8621849306369
 30
0.0
 11
-14525.70143699096
 21
699.8621849306369
 31
0.0
1001
REVIT
1002
{
1070
     1
1000
610512
1002
}
1002
{
1070
     5
1000
141548
1002
}
  0
LINE
  5
2CD
330
2C9
100
AcDbEntity
  8
A-FLOR-HRAL
  6
Overhead
100
AcDbLine
 10
-14525.70143699096
 20
-2300.137815069363
 30
0.0
 11
-14525.70143699096
 21
699.8621849306369
 31
0.0
1001
REVIT
1002
{
1070
     1
1000
610512
1002
}
1002
{
1070
     5
1000
141548
1002
}
  0
LINE
  5
2CE
330
2C9
100
AcDbEntity
  8
A-FLOR-HRAL
  6
Overhead
100
AcDbLine
 10
-14525.70143699096
 20
-3470.759356379128
 30
0.0
 11
-14525.70143699096
 21
-2300.137815069363
 31
0.0
1001
REVIT
1002
{
1070
     1
1000
610512
1002
}
1002
{
1070
     5
1000
141548
1002
}
  0
LINE
  5
2CF
330
2C9
100
AcDbEntity
  8
A-FLOR-HRAL
  6
Overhead
100
AcDbLine
 10
-13195.58596345348
 20
-3470.759356379133
 30
0.0
 11
-14525.70143699096
 21
-3470.759356379128
 31
0.0
1001
REVIT
1002
{
1070
     1
1000
610512
1002
}
1002
{
1070
     5
1000
141548
1002
}
  0
LINE
  5
2D0
330
2C9
100
AcDbEntity
  8
A-FLOR-HRAL
  6
Overhead
100
AcDbLine
 10
-12015.98789162374
 20
-3470.759356379137
 30
0.0
 11
-13195.58596345348
 21
-3470.759356379133
 31
0.0
1001
REVIT
1002
{
1070
     1
1000
610512
1002
}
1002
{
1070
     5
1000
141548
1002
}
  0
LINE
  5
2D1
330
2C9
100
AcDbEntity
  8
A-FLOR-HRAL
100
AcDbLine
 10
-10495.58596345348
 20
-3470.759356379141
 30
0.0
 11
-12015.98789162374
 21
-3470.759356379137
 31
0.0
1001
REVIT
1002
{
1070
     1
1000
610512
1002
}
1002
{
1070
     5
1000
141548
1002
}
  0
LINE
  5
2D2
330
2C9
100
AcDbEntity
  8
A-FLOR-HRAL
  6
Overhead
100
AcDbLine
 10
-14575.70143699097
 20
-2300.137815069363
 30
0.0
 11
-14575.70143699096
 21
699.8621849306369
 31
0.0
1001
REVIT
1002
{
1070
     1
1000
610512
1002
}
1002
{
1070
     5
1000
141548
1002
}
  0
LINE
  5
2D3
330
2C9
100
AcDbEntity
  8
A-FLOR-HRAL
  6
Overhead
100
AcDbLine
 10
-14575.70143699097
 20
-3520.759356379128
 30
0.0
 11
-14575.70143699097
 21
-2300.137815069363
 31
0.0
1001
REVIT
1002
{
1070
     1
1000
610512
1002
}
1002
{
1070
     5
1000
141548
1002
}
  0
LINE
  5
2D4
330
2C9
100
AcDbEntity
  8
A-FLOR-HRAL
  6
Overhead
100
AcDbLine
 10
-13195.58596345348
 20
-3520.759356379133
 30
0.0
 11
-14575.70143699097
 21
-3520.759356379128
 31
0.0
1001
REVIT
1002
{
1070
     1
1000
610512
1002
}
1002
{
1070
     5
1000
141548
1002
}
  0
LINE
  5
2D5
330
2C9
100
AcDbEntity
  8
A-FLOR-HRAL
  6
Overhead
100
AcDbLine
 10
-11992.67250871599
 20
-3520.759356379136
 30
0.0
 11
-13195.58596345348
 21
-3520.759356379133
 31
0.0
1001
REVIT
1002
{
1070
     1
1000
610512
1002
}
1002
{
1070
     5
1000
141548
1002
}
  0
LINE
  5
2D6
330
2C9
100
AcDbEntity
  8
A-FLOR-HRAL
100
AcDbLine
 10
-10495.58596345348
 20
-3520.759356379141
 30
0.0
 11
-11992.67250871599
 21
-3520.759356379136
 31
0.0
1001
REVIT
1002
{
1070
     1
1000
610512
1002
}
1002
{
1070
     5
1000
141548
1002
}
  0
ENDBLK
  5
2D8
330
2C9
100
AcDbEntity
  8
0
100
AcDbBlockEnd
  0
BLOCK
  5
36C
330
367
100
AcDbEntity
  8
0
100
AcDbBlockBegin
  2
M_Room Tag xxx - Room Tag-387598-Level 1
 70
     0
 10
0.0
 20
0.0
 30
0.0
  3
M_Room Tag xxx - Room Tag-387598-Level 1
  1

  0
LINE
  5
368
330
367
100
AcDbEntity
  8
A-AREA-IDEN
100
AcDbLine
 10
-8.000000000000003
 20
2.999999999999999
 30
0.0
 11
7.999999999999999
 21
2.999999999999999
 31
0.0
1001
REVIT
1002
{
1070
     1
1000
463341
1002
}
1002
{
1070
     5
1000
387598
1002
}
  0
LINE
  5
369
330
367
100
AcDbEntity
  8
A-AREA-IDEN
100
AcDbLine
 10
-8.000000000000003
 20
2.999999999999999
 30
0.0
 11
-8.000000000000003
 21
-2.999999999999996
 31
0.0
1001
REVIT
1002
{
1070
     1
1000
463341
1002
}
1002
{
1070
     5
1000
387598
1002
}
  0
LINE
  5
36A
330
367
100
AcDbEntity
  8
A-AREA-IDEN
100
AcDbLine
 10
-8.000000000000003
 20
-2.999999999999996
 30
0.0
 11
7.999999999999999
 21
-2.999999999999996
 31
0.0
1001
REVIT
1002
{
1070
     1
1000
463341
1002
}
1002
{
1070
     5
1000
387598
1002
}
  0
LINE
  5
36B
330
367
100
AcDbEntity
  8
A-AREA-IDEN
100
AcDbLine
 10
7.999999999999999
 20
2.999999999999999
 30
0.0
 11
7.999999999999999
 21
-2.999999999999996
 31
0.0
1001
REVIT
1002
{
1070
     1
1000
463341
1002
}
1002
{
1070
     5
1000
387598
1002
}
  0
ENDBLK
  5
36D
330
367
100
AcDbEntity
  8
0
100
AcDbBlockEnd
  0
BLOCK
  5
3A9
330
3A7
100
AcDbEntity
  8
0
100
AcDbBlockBegin
  2
_Oblique
 70
     0
 10
0.0
 20
0.0
 30
0.0
  3
_Oblique
  1

  0
LINE
  5
3A8
330
3A7
100
AcDbEntity
  8
0
  6
ByBlock
 62
     0
370
    -2
100
AcDbLine
 10
-0.5
 20
-0.5
 30
0.0
 11
0.5
 21
0.5
 31
0.0
  0
ENDBLK
  5
3AA
330
3A7
100
AcDbEntity
  8
0
100
AcDbBlockEnd
  0
BLOCK
  5
3A4
330
3AE
100
AcDbEntity
  8
0
100
AcDbBlockBegin
  2
DIMBLOCK1-Level 1
 70
     0
 10
0.0
 20
0.0
 30
0.0
  3
DIMBLOCK1-Level 1
  1

  0
LINE
  5
399
330
3AE
100
AcDbEntity
  8
A-ANNO-DIMS-100
100
AcDbLine
 10
-23586.51139481141
 20
-24029.00653545685
 30
0.0
 11
30509.3799498493
 21
-24029.00653545685
 31
0.0
1001
REVIT
1002
{
1070
     1
1000
577295
1002
}
1002
{
1070
     5
1000
358345
1002
}
1002
{
1070
     2
1000
-2000260
1002
}
  0
LINE
  5
39A
330
3AE
100
AcDbEntity
  8
A-ANNO-DIMS-100
370
    35
100
AcDbLine
 10
30269.3799498493
 20
-24029.00653545685
 30
0.0
 11
30119.37994984929
 21
-24179.00653545685
 31
0.0
1001
REVIT
1002
{
1070
     1
1000
577295
1002
}
1002
{
1070
     5
1000
358345
1002
}
1002
{
1070
     2
1000
-2000260
1002
}
  0
LINE
  5
39B
330
3AE
100
AcDbEntity
  8
A-ANNO-DIMS-100
370
    35
100
AcDbLine
 10
30269.3799498493
 20
-24029.00653545685
 30
0.0
 11
30419.3799498493
 21
-23879.00653545684
 31
0.0
1001
REVIT
1002
{
1070
     1
1000
577295
1002
}
1002
{
1070
     5
1000
358345
1002
}
1002
{
1070
     2
1000
-2000260
1002
}
  0
LINE
  5
39C
330
3AE
100
AcDbEntity
  8
A-ANNO-DIMS-100
100
AcDbLine
 10
30269.3799498493
 20
-24029.00653545685
 30
0.0
 11
30269.3799498493
 21
-24269.00653545685
 31
0.0
1001
REVIT
1002
{
1070
     1
1000
577295
1002
}
1002
{
1070
     5
1000
358345
1002
}
1002
{
1070
     2
1000
-2000260
1002
}
  0
LINE
  5
39D
330
3AE
100
AcDbEntity
  8
A-ANNO-DIMS-100
100
AcDbLine
 10
30269.3799498493
 20
-24029.00653545685
 30
0.0
 11
30269.3799498493
 21
-23789.00653545684
 31
0.0
1001
REVIT
1002
{
1070
     1
1000
577295
1002
}
1002
{
1070
     5
1000
358345
1002
}
1002
{
1070
     2
1000
-2000260
1002
}
  0
LINE
  5
39E
330
3AE
100
AcDbEntity
  8
A-ANNO-DIMS-100
370
    35
100
AcDbLine
 10
-23346.5113948114
 20
-24029.00653545685
 30
0.0
 11
-23496.51139481141
 21
-24179.00653545685
 31
0.0
1001
REVIT
1002
{
1070
     1
1000
577295
1002
}
1002
{
1070
     5
1000
358345
1002
}
1002
{
1070
     2
1000
-2000260
1002
}
  0
LINE
  5
39F
330
3AE
100
AcDbEntity
  8
A-ANNO-DIMS-100
370
    35
100
AcDbLine
 10
-23346.5113948114
 20
-24029.00653545685
 30
0.0
 11
-23196.51139481141
 21
-23879.00653545684
 31
0.0
1001
REVIT
1002
{
1070
     1
1000
577295
1002
}
1002
{
1070
     5
1000
358345
1002
}
1002
{
1070
     2
1000
-2000260
1002
}
  0
LINE
  5
3A0
330
3AE
100
AcDbEntity
  8
A-ANNO-DIMS-100
100
AcDbLine
 10
-23346.5113948114
 20
-24029.00653545685
 30
0.0
 11
-23346.5113948114
 21
-24269.00653545685
 31
0.0
1001
REVIT
1002
{
1070
     1
1000
577295
1002
}
1002
{
1070
     5
1000
358345
1002
}
1002
{
1070
     2
1000
-2000260
1002
}
  0
LINE
  5
3A1
330
3AE
100
AcDbEntity
  8
A-ANNO-DIMS-100
100
AcDbLine
 10
-23346.5113948114
 20
-24029.00653545685
 30
0.0
 11
-23346.5113948114
 21
-23789.00653545684
 31
0.0
1001
REVIT
1002
{
1070
     1
1000
577295
1002
}
1002
{
1070
     5
1000
358345
1002
}
1002
{
1070
     2
1000
-2000260
1002
}
  0
MTEXT
  5
3A3
330
3AE
100
AcDbEntity
  8
A-ANNO-DIMS-100
 62
     0
100
AcDbMText
 10
1923.197028353051
 20
-22555.7768647002
 30
0.0
 40
1000.0
 41
3691.769397998144
 46
0.0
 71
     1
 72
     1
  1
5362
  7
Arial_3
 73
     2
 44
0.9417779076525876
 90
        3
 63
     9
421
 13158600
 45
1.25
441
        0
1001
REVIT
1002
{
1070
     1
1000
577295
1002
}
1002
{
1070
     5
1000
358345
1002
}
1002
{
1070
     2
1000
-2000260
1002
}
  0
ENDBLK
  5
3A5
330
3AE
100
AcDbEntity
  8
0
100
AcDbBlockEnd
  0
BLOCK
  5
3D3
330
3D6
100
AcDbEntity
  8
0
100
AcDbBlockBegin
  2
DIMBLOCK2-Level 1
 70
     0
 10
0.0
 20
0.0
 30
0.0
  3
DIMBLOCK2-Level 1
  1

  0
LINE
  5
3C9
330
3D6
100
AcDbEntity
  8
A-ANNO-DIMS-100
100
AcDbLine
 10
-22225.6447259244
 20
-19631.96639430382
 30
0.0
 11
-16214.83042327066
 21
-19631.96639430382
 31
0.0
1001
REVIT
1002
{
1070
     1
1000
624494
1002
}
1002
{
1070
     5
1000
358345
1002
}
1002
{
1070
     2
1000
-2000260
1002
}
  0
LINE
  5
3CA
330
3D6
100
AcDbEntity
  8
A-ANNO-DIMS-100
370
    35
100
AcDbLine
 10
-16214.83042327066
 20
-19631.96639430382
 30
0.0
 11
-16364.83042327067
 21
-19781.96639430382
 31
0.0
1001
REVIT
1002
{
1070
     1
1000
624494
1002
}
1002
{
1070
     5
1000
358345
1002
}
1002
{
1070
     2
1000
-2000260
1002
}
  0
LINE
  5
3CB
330
3D6
100
AcDbEntity
  8
A-ANNO-DIMS-100
370
    35
100
AcDbLine
 10
-16214.83042327066
 20
-19631.96639430382
 30
0.0
 11
-16064.83042327067
 21
-19481.96639430382
 31
0.0
1001
REVIT
1002
{
1070
     1
1000
624494
1002
}
1002
{
1070
     5
1000
358345
1002
}
1002
{
1070
     2
1000
-2000260
1002
}
  0
LINE
  5
3CC
330
3D6
100
AcDbEntity
  8
A-ANNO-DIMS-100
100
AcDbLine
 10
-16214.83042327066
 20
-19631.96639430382
 30
0.0
 11
-16214.83042327066
 21
-19871.96639430382
 31
0.0
1001
REVIT
1002
{
1070
     1
1000
624494
1002
}
1002
{
1070
     5
1000
358345
1002
}
1002
{
1070
     2
1000
-2000260
1002
}
  0
LINE
  5
3CD
330
3D6
100
AcDbEntity
  8
A-ANNO-DIMS-100
100
AcDbLine
 10
-16214.83042327066
 20
-19631.96639430382
 30
0.0
 11
-16214.83042327066
 21
-19391.96639430382
 31
0.0
1001
REVIT
1002
{
1070
     1
1000
624494
1002
}
1002
{
1070
     5
1000
358345
1002
}
1002
{
1070
     2
1000
-2000260
1002
}
  0
LINE
  5
3CE
330
3D6
100
AcDbEntity
  8
A-ANNO-DIMS-100
370
    35
100
AcDbLine
 10
-21985.64472592439
 20
-19631.96639430382
 30
0.0
 11
-22135.64472592439
 21
-19781.96639430382
 31
0.0
1001
REVIT
1002
{
1070
     1
1000
624494
1002
}
1002
{
1070
     5
1000
358345
1002
}
1002
{
1070
     2
1000
-2000260
1002
}
  0
LINE
  5
3CF
330
3D6
100
AcDbEntity
  8
A-ANNO-DIMS-100
370
    35
100
AcDbLine
 10
-21985.64472592439
 20
-19631.96639430382
 30
0.0
 11
-21835.64472592439
 21
-19481.96639430382
 31
0.0
1001
REVIT
1002
{
1070
     1
1000
624494
1002
}
1002
{
1070
     5
1000
358345
1002
}
1002
{
1070
     2
1000
-2000260
1002
}
  0
LINE
  5
3D0
330
3D6
100
AcDbEntity
  8
A-ANNO-DIMS-100
100
AcDbLine
 10
-21985.64472592439
 20
-19631.96639430382
 30
0.0
 11
-21985.64472592439
 21
-19871.96639430382
 31
0.0
1001
REVIT
1002
{
1070
     1
1000
624494
1002
}
1002
{
1070
     5
1000
358345
1002
}
1002
{
1070
     2
1000
-2000260
1002
}
  0
LINE
  5
3D1
330
3D6
100
AcDbEntity
  8
A-ANNO-DIMS-100
100
AcDbLine
 10
-21985.64472592439
 20
-19631.96639430382
 30
0.0
 11
-21985.64472592439
 21
-19391.96639430382
 31
0.0
1001
REVIT
1002
{
1070
     1
1000
624494
1002
}
1002
{
1070
     5
1000
358345
1002
}
1002
{
1070
     2
1000
-2000260
1002
}
  0
MTEXT
  5
3D2
330
3D6
100
AcDbEntity
  8
A-ANNO-DIMS-100
 62
     0
100
AcDbMText
 10
-20253.91551147195
 20
-18158.73672354717
 30
0.0
 40
1000.0
 41
2768.827048498608
 46
0.0
 71
     1
 72
     1
  1
577
  7
Arial_3
 73
     2
 44
0.9417779076525876
 90
        3
 63
     9
421
 13158600
 45
1.25
441
        0
1001
REVIT
1002
{
1070
     1
1000
624494
1002
}
1002
{
1070
     5
1000
358345
1002
}
1002
{
1070
     2
1000
-2000260
1002
}
  0
ENDBLK
  5
3D4
330
3D6
100
AcDbEntity
  8
0
100
AcDbBlockEnd
  0
BLOCK
  5
3ED
330
3F0
100
AcDbEntity
  8
0
100
AcDbBlockBegin
  2
DIMBLOCK3-Level 1
 70
     0
 10
0.0
 20
0.0
 30
0.0
  3
DIMBLOCK3-Level 1
  1

  0
LINE
  5
3E3
330
3F0
100
AcDbEntity
  8
A-ANNO-DIMS-100
100
AcDbLine
 10
-16214.83042327066
 20
-19631.96639430382
 30
0.0
 11
-16014.83042327067
 21
-19631.96639430382
 31
0.0
1001
REVIT
1002
{
1070
     1
1000
624494
1002
}
1002
{
1070
     5
1000
358345
1002
}
1002
{
1070
     2
1000
-2000260
1002
}
  0
LINE
  5
3E4
330
3F0
100
AcDbEntity
  8
A-ANNO-DIMS-100
370
    35
100
AcDbLine
 10
-16014.83042327067
 20
-19631.96639430382
 30
0.0
 11
-16164.83042327067
 21
-19781.96639430382
 31
0.0
1001
REVIT
1002
{
1070
     1
1000
624494
1002
}
1002
{
1070
     5
1000
358345
1002
}
1002
{
1070
     2
1000
-2000260
1002
}
  0
LINE
  5
3E5
330
3F0
100
AcDbEntity
  8
A-ANNO-DIMS-100
370
    35
100
AcDbLine
 10
-16014.83042327067
 20
-19631.96639430382
 30
0.0
 11
-15864.83042327067
 21
-19481.96639430382
 31
0.0
1001
REVIT
1002
{
1070
     1
1000
624494
1002
}
1002
{
1070
     5
1000
358345
1002
}
1002
{
1070
     2
1000
-2000260
1002
}
  0
LINE
  5
3E6
330
3F0
100
AcDbEntity
  8
A-ANNO-DIMS-100
100
AcDbLine
 10
-16014.83042327066
 20
-19631.96639430382
 30
0.0
 11
-16014.83042327066
 21
-19871.96639430382
 31
0.0
1001
REVIT
1002
{
1070
     1
1000
624494
1002
}
1002
{
1070
     5
1000
358345
1002
}
1002
{
1070
     2
1000
-2000260
1002
}
  0
LINE
  5
3E7
330
3F0
100
AcDbEntity
  8
A-ANNO-DIMS-100
100
AcDbLine
 10
-16014.83042327066
 20
-19631.96639430382
 30
0.0
 11
-16014.83042327066
 21
-19391.96639430382
 31
0.0
1001
REVIT
1002
{
1070
     1
1000
624494
1002
}
1002
{
1070
     5
1000
358345
1002
}
1002
{
1070
     2
1000
-2000260
1002
}
  0
LINE
  5
3E8
330
3F0
100
AcDbEntity
  8
A-ANNO-DIMS-100
370
    35
100
AcDbLine
 10
-16214.83042327066
 20
-19631.96639430382
 30
0.0
 11
-16364.83042327067
 21
-19781.96639430382
 31
0.0
1001
REVIT
1002
{
1070
     1
1000
624494
1002
}
1002
{
1070
     5
1000
358345
1002
}
1002
{
1070
     2
1000
-2000260
1002
}
  0
LINE
  5
3E9
330
3F0
100
AcDbEntity
  8
A-ANNO-DIMS-100
370
    35
100
AcDbLine
 10
-16214.83042327066
 20
-19631.96639430382
 30
0.0
 11
-16064.83042327067
 21
-19481.96639430382
 31
0.0
1001
REVIT
1002
{
1070
     1
1000
624494
1002
}
1002
{
1070
     5
1000
358345
1002
}
1002
{
1070
     2
1000
-2000260
1002
}
  0
LINE
  5
3EA
330
3F0
100
AcDbEntity
  8
A-ANNO-DIMS-100
100
AcDbLine
 10
-16214.83042327066
 20
-19631.96639430382
 30
0.0
 11
-16214.83042327066
 21
-19871.96639430382
 31
0.0
1001
REVIT
1002
{
1070
     1
1000
624494
1002
}
1002
{
1070
     5
1000
358345
1002
}
1002
{
1070
     2
1000
-2000260
1002
}
  0
LINE
  5
3EB
330
3F0
100
AcDbEntity
  8
A-ANNO-DIMS-100
100
AcDbLine
 10
-16214.83042327066
 20
-19631.96639430382
 30
0.0
 11
-16214.83042327066
 21
-19391.96639430382
 31
0.0
1001
REVIT
1002
{
1070
     1
1000
624494
1002
}
1002
{
1070
     5
1000
358345
1002
}
1002
{
1070
     2
1000
-2000260
1002
}
  0
MTEXT
  5
3EC
330
3F0
100
AcDbEntity
  8
A-ANNO-DIMS-100
 62
     0
100
AcDbMText
 10
-16883.94904785361
 20
-18158.73672354717
 30
0.0
 40
1000.0
 41
1845.884698999072
 46
0.0
 71
     1
 72
     1
  1
20
  7
Arial_3
 73
     2
 44
0.9417779076525876
 90
        3
 63
     9
421
 13158600
 45
1.25
441
        0
1001
REVIT
1002
{
1070
     1
1000
624494
1002
}
1002
{
1070
     5
1000
358345
1002
}
1002
{
1070
     2
1000
-2000260
1002
}
  0
ENDBLK
  5
3EE
330
3F0
100
AcDbEntity
  8
0
100
AcDbBlockEnd
  0
BLOCK
  5
409
330
40C
100
AcDbEntity
  8
0
100
AcDbBlockBegin
  2
DIMBLOCK4-Level 1
 70
     0
 10
0.0
 20
0.0
 30
0.0
  3
DIMBLOCK4-Level 1
  1

  0
LINE
  5
3FF
330
40C
100
AcDbEntity
  8
A-ANNO-DIMS-100
100
AcDbLine
 10
-16014.83042327067
 20
-19631.96639430382
 30
0.0
 11
-10014.83042327065
 21
-19631.96639430382
 31
0.0
1001
REVIT
1002
{
1070
     1
1000
624494
1002
}
1002
{
1070
     5
1000
358345
1002
}
1002
{
1070
     2
1000
-2000260
1002
}
  0
LINE
  5
400
330
40C
100
AcDbEntity
  8
A-ANNO-DIMS-100
370
    35
100
AcDbLine
 10
-10014.83042327065
 20
-19631.96639430382
 30
0.0
 11
-10164.83042327065
 21
-19781.96639430382
 31
0.0
1001
REVIT
1002
{
1070
     1
1000
624494
1002
}
1002
{
1070
     5
1000
358345
1002
}
1002
{
1070
     2
1000
-2000260
1002
}
  0
LINE
  5
401
330
40C
100
AcDbEntity
  8
A-ANNO-DIMS-100
370
    35
100
AcDbLine
 10
-10014.83042327065
 20
-19631.96639430382
 30
0.0
 11
-9864.830423270653
 21
-19481.96639430382
 31
0.0
1001
REVIT
1002
{
1070
     1
1000
624494
1002
}
1002
{
1070
     5
1000
358345
1002
}
1002
{
1070
     2
1000
-2000260
1002
}
  0
LINE
  5
402
330
40C
100
AcDbEntity
  8
A-ANNO-DIMS-100
100
AcDbLine
 10
-10014.83042327065
 20
-19631.96639430382
 30
0.0
 11
-10014.83042327065
 21
-19871.96639430382
 31
0.0
1001
REVIT
1002
{
1070
     1
1000
624494
1002
}
1002
{
1070
     5
1000
358345
1002
}
1002
{
1070
     2
1000
-2000260
1002
}
  0
LINE
  5
403
330
40C
100
AcDbEntity
  8
A-ANNO-DIMS-100
100
AcDbLine
 10
-10014.83042327065
 20
-19631.96639430382
 30
0.0
 11
-10014.83042327065
 21
-19391.96639430382
 31
0.0
1001
REVIT
1002
{
1070
     1
1000
624494
1002
}
1002
{
1070
     5
1000
358345
1002
}
1002
{
1070
     2
1000
-2000260
1002
}
  0
LINE
  5
404
330
40C
100
AcDbEntity
  8
A-ANNO-DIMS-100
370
    35
100
AcDbLine
 10
-16014.83042327067
 20
-19631.96639430382
 30
0.0
 11
-16164.83042327067
 21
-19781.96639430382
 31
0.0
1001
REVIT
1002
{
1070
     1
1000
624494
1002
}
1002
{
1070
     5
1000
358345
1002
}
1002
{
1070
     2
1000
-2000260
1002
}
  0
LINE
  5
405
330
40C
100
AcDbEntity
  8
A-ANNO-DIMS-100
370
    35
100
AcDbLine
 10
-16014.83042327067
 20
-19631.96639430382
 30
0.0
 11
-15864.83042327067
 21
-19481.96639430382
 31
0.0
1001
REVIT
1002
{
1070
     1
1000
624494
1002
}
1002
{
1070
     5
1000
358345
1002
}
1002
{
1070
     2
1000
-2000260
1002
}
  0
LINE
  5
406
330
40C
100
AcDbEntity
  8
A-ANNO-DIMS-100
100
AcDbLine
 10
-16014.83042327066
 20
-19631.96639430382
 30
0.0
 11
-16014.83042327066
 21
-19871.96639430382
 31
0.0
1001
REVIT
1002
{
1070
     1
1000
624494
1002
}
1002
{
1070
     5
1000
358345
1002
}
1002
{
1070
     2
1000
-2000260
1002
}
  0
LINE
  5
407
330
40C
100
AcDbEntity
  8
A-ANNO-DIMS-100
100
AcDbLine
 10
-16014.83042327066
 20
-19631.96639430382
 30
0.0
 11
-16014.83042327066
 21
-19391.96639430382
 31
0.0
1001
REVIT
1002
{
1070
     1
1000
624494
1002
}
1002
{
1070
     5
1000
358345
1002
}
1002
{
1070
     2
1000
-2000260
1002
}
  0
MTEXT
  5
408
330
40C
100
AcDbEntity
  8
A-ANNO-DIMS-100
 62
     0
100
AcDbMText
 10
-14168.50836014508
 20
-18158.73672354717
 30
0.0
 40
1000.0
 41
2768.827048498608
 46
0.0
 71
     1
 72
     1
  1
600
  7
Arial_3
 73
     2
 44
0.9417779076525876
 90
        3
 63
     9
421
 13158600
 45
1.25
441
        0
1001
REVIT
1002
{
1070
     1
1000
624494
1002
}
1002
{
1070
     5
1000
358345
1002
}
1002
{
1070
     2
1000
-2000260
1002
}
  0
ENDBLK
  5
40A
330
40C
100
AcDbEntity
  8
0
100
AcDbBlockEnd
  0
BLOCK
  5
423
330
426
100
AcDbEntity
  8
0
100
AcDbBlockBegin
  2
DIMBLOCK5-Level 1
 70
     0
 10
0.0
 20
0.0
 30
0.0
  3
DIMBLOCK5-Level 1
  1

  0
LINE
  5
419
330
426
100
AcDbEntity
  8
A-ANNO-DIMS-100
100
AcDbLine
 10
-10014.83042327065
 20
-19631.96639430382
 30
0.0
 11
-9814.830423270656
 21
-19631.96639430382
 31
0.0
1001
REVIT
1002
{
1070
     1
1000
624494
1002
}
1002
{
1070
     5
1000
358345
1002
}
1002
{
1070
     2
1000
-2000260
1002
}
  0
LINE
  5
41A
330
426
100
AcDbEntity
  8
A-ANNO-DIMS-100
370
    35
100
AcDbLine
 10
-9814.830423270656
 20
-19631.96639430382
 30
0.0
 11
-9964.830423270655
 21
-19781.96639430382
 31
0.0
1001
REVIT
1002
{
1070
     1
1000
624494
1002
}
1002
{
1070
     5
1000
358345
1002
}
1002
{
1070
     2
1000
-2000260
1002
}
  0
LINE
  5
41B
330
426
100
AcDbEntity
  8
A-ANNO-DIMS-100
370
    35
100
AcDbLine
 10
-9814.830423270656
 20
-19631.96639430382
 30
0.0
 11
-9664.830423270652
 21
-19481.96639430382
 31
0.0
1001
REVIT
1002
{
1070
     1
1000
624494
1002
}
1002
{
1070
     5
1000
358345
1002
}
1002
{
1070
     2
1000
-2000260
1002
}
  0
LINE
  5
41C
330
426
100
AcDbEntity
  8
A-ANNO-DIMS-100
100
AcDbLine
 10
-9814.830423270656
 20
-19631.96639430382
 30
0.0
 11
-9814.830423270656
 21
-19871.96639430382
 31
0.0
1001
REVIT
1002
{
1070
     1
1000
624494
1002
}
1002
{
1070
     5
1000
358345
1002
}
1002
{
1070
     2
1000
-2000260
1002
}
  0
LINE
  5
41D
330
426
100
AcDbEntity
  8
A-ANNO-DIMS-100
100
AcDbLine
 10
-9814.830423270656
 20
-19631.96639430382
 30
0.0
 11
-9814.830423270656
 21
-19391.96639430382
 31
0.0
1001
REVIT
1002
{
1070
     1
1000
624494
1002
}
1002
{
1070
     5
1000
358345
1002
}
1002
{
1070
     2
1000
-2000260
1002
}
  0
LINE
  5
41E
330
426
100
AcDbEntity
  8
A-ANNO-DIMS-100
370
    35
100
AcDbLine
 10
-10014.83042327065
 20
-19631.96639430382
 30
0.0
 11
-10164.83042327065
 21
-19781.96639430382
 31
0.0
1001
REVIT
1002
{
1070
     1
1000
624494
1002
}
1002
{
1070
     5
1000
358345
1002
}
1002
{
1070
     2
1000
-2000260
1002
}
  0
LINE
  5
41F
330
426
100
AcDbEntity
  8
A-ANNO-DIMS-100
370
    35
100
AcDbLine
 10
-10014.83042327065
 20
-19631.96639430382
 30
0.0
 11
-9864.830423270653
 21
-19481.96639430382
 31
0.0
1001
REVIT
1002
{
1070
     1
1000
624494
1002
}
1002
{
1070
     5
1000
358345
1002
}
1002
{
1070
     2
1000
-2000260
1002
}
  0
LINE
  5
420
330
426
100
AcDbEntity
  8
A-ANNO-DIMS-100
100
AcDbLine
 10
-10014.83042327065
 20
-19631.96639430382
 30
0.0
 11
-10014.83042327065
 21
-19871.96639430382
 31
0.0
1001
REVIT
1002
{
1070
     1
1000
624494
1002
}
1002
{
1070
     5
1000
358345
1002
}
1002
{
1070
     2
1000
-2000260
1002
}
  0
LINE
  5
421
330
426
100
AcDbEntity
  8
A-ANNO-DIMS-100
100
AcDbLine
 10
-10014.83042327065
 20
-19631.96639430382
 30
0.0
 11
-10014.83042327065
 21
-19391.96639430382
 31
0.0
1001
REVIT
1002
{
1070
     1
1000
624494
1002
}
1002
{
1070
     5
1000
358345
1002
}
1002
{
1070
     2
1000
-2000260
1002
}
  0
MTEXT
  5
422
330
426
100
AcDbEntity
  8
A-ANNO-DIMS-100
 62
     0
100
AcDbMText
 10
-10683.9490478536
 20
-18158.73672354717
 30
0.0
 40
1000.0
 41
1845.884698999072
 46
0.0
 71
     1
 72
     1
  1
20
  7
Arial_3
 73
     2
 44
0.9417779076525876
 90
        3
 63
     9
421
 13158600
 45
1.25
441
        0
1001
REVIT
1002
{
1070
     1
1000
624494
1002
}
1002
{
1070
     5
1000
358345
1002
}
1002
{
1070
     2
1000
-2000260
1002
}
  0
ENDBLK
  5
424
330
426
100
AcDbEntity
  8
0
100
AcDbBlockEnd
  0
BLOCK
  5
43F
330
442
100
AcDbEntity
  8
0
100
AcDbBlockBegin
  2
DIMBLOCK6-Level 1
 70
     0
 10
0.0
 20
0.0
 30
0.0
  3
DIMBLOCK6-Level 1
  1

  0
LINE
  5
435
330
442
100
AcDbEntity
  8
A-ANNO-DIMS-100
100
AcDbLine
 10
-9814.830423270656
 20
-19631.96639430382
 30
0.0
 11
-4309.830423270672
 21
-19631.96639430382
 31
0.0
1001
REVIT
1002
{
1070
     1
1000
624494
1002
}
1002
{
1070
     5
1000
358345
1002
}
1002
{
1070
     2
1000
-2000260
1002
}
  0
LINE
  5
436
330
442
100
AcDbEntity
  8
A-ANNO-DIMS-100
370
    35
100
AcDbLine
 10
-4309.830423270673
 20
-19631.96639430382
 30
0.0
 11
-4459.830423270672
 21
-19781.96639430382
 31
0.0
1001
REVIT
1002
{
1070
     1
1000
624494
1002
}
1002
{
1070
     5
1000
358345
1002
}
1002
{
1070
     2
1000
-2000260
1002
}
  0
LINE
  5
437
330
442
100
AcDbEntity
  8
A-ANNO-DIMS-100
370
    35
100
AcDbLine
 10
-4309.830423270673
 20
-19631.96639430382
 30
0.0
 11
-4159.830423270673
 21
-19481.96639430382
 31
0.0
1001
REVIT
1002
{
1070
     1
1000
624494
1002
}
1002
{
1070
     5
1000
358345
1002
}
1002
{
1070
     2
1000
-2000260
1002
}
  0
LINE
  5
438
330
442
100
AcDbEntity
  8
A-ANNO-DIMS-100
100
AcDbLine
 10
-4309.830423270672
 20
-19631.96639430382
 30
0.0
 11
-4309.830423270672
 21
-19871.96639430382
 31
0.0
1001
REVIT
1002
{
1070
     1
1000
624494
1002
}
1002
{
1070
     5
1000
358345
1002
}
1002
{
1070
     2
1000
-2000260
1002
}
  0
LINE
  5
439
330
442
100
AcDbEntity
  8
A-ANNO-DIMS-100
100
AcDbLine
 10
-4309.830423270672
 20
-19631.96639430382
 30
0.0
 11
-4309.830423270672
 21
-19391.96639430382
 31
0.0
1001
REVIT
1002
{
1070
     1
1000
624494
1002
}
1002
{
1070
     5
1000
358345
1002
}
1002
{
1070
     2
1000
-2000260
1002
}
  0
LINE
  5
43A
330
442
100
AcDbEntity
  8
A-ANNO-DIMS-100
370
    35
100
AcDbLine
 10
-9814.830423270656
 20
-19631.96639430382
 30
0.0
 11
-9964.830423270655
 21
-19781.96639430382
 31
0.0
1001
REVIT
1002
{
1070
     1
1000
624494
1002
}
1002
{
1070
     5
1000
358345
1002
}
1002
{
1070
     2
1000
-2000260
1002
}
  0
LINE
  5
43B
330
442
100
AcDbEntity
  8
A-ANNO-DIMS-100
370
    35
100
AcDbLine
 10
-9814.830423270656
 20
-19631.96639430382
 30
0.0
 11
-9664.830423270652
 21
-19481.96639430382
 31
0.0
1001
REVIT
1002
{
1070
     1
1000
624494
1002
}
1002
{
1070
     5
1000
358345
1002
}
1002
{
1070
     2
1000
-2000260
1002
}
  0
LINE
  5
43C
330
442
100
AcDbEntity
  8
A-ANNO-DIMS-100
100
AcDbLine
 10
-9814.830423270656
 20
-19631.96639430382
 30
0.0
 11
-9814.830423270656
 21
-19871.96639430382
 31
0.0
1001
REVIT
1002
{
1070
     1
1000
624494
1002
}
1002
{
1070
     5
1000
358345
1002
}
1002
{
1070
     2
1000
-2000260
1002
}
  0
LINE
  5
43D
330
442
100
AcDbEntity
  8
A-ANNO-DIMS-100
100
AcDbLine
 10
-9814.830423270656
 20
-19631.96639430382
 30
0.0
 11
-9814.830423270656
 21
-19391.96639430382
 31
0.0
1001
REVIT
1002
{
1070
     1
1000
624494
1002
}
1002
{
1070
     5
1000
358345
1002
}
1002
{
1070
     2
1000
-2000260
1002
}
  0
MTEXT
  5
43E
330
442
100
AcDbEntity
  8
A-ANNO-DIMS-100
 62
     0
100
AcDbMText
 10
-8216.008360145085
 20
-18158.73672354717
 30
0.0
 40
1000.0
 41
2768.827048498608
 46
0.0
 71
     1
 72
     1
  1
551
  7
Arial_3
 73
     2
 44
0.9417779076525876
 90
        3
 63
     9
421
 13158600
 45
1.25
441
        0
1001
REVIT
1002
{
1070
     1
1000
624494
1002
}
1002
{
1070
     5
1000
358345
1002
}
1002
{
1070
     2
1000
-2000260
1002
}
  0
ENDBLK
  5
440
330
442
100
AcDbEntity
  8
0
100
AcDbBlockEnd
  0
BLOCK
  5
459
330
45C
100
AcDbEntity
  8
0
100
AcDbBlockBegin
  2
DIMBLOCK7-Level 1
 70
     0
 10
0.0
 20
0.0
 30
0.0
  3
DIMBLOCK7-Level 1
  1

  0
LINE
  5
44F
330
45C
100
AcDbEntity
  8
A-ANNO-DIMS-100
100
AcDbLine
 10
-4309.830423270673
 20
-19631.96639430382
 30
0.0
 11
-3869.830423270673
 21
-19631.96639430382
 31
0.0
1001
REVIT
1002
{
1070
     1
1000
624494
1002
}
1002
{
1070
     5
1000
358345
1002
}
1002
{
1070
     2
1000
-2000260
1002
}
  0
LINE
  5
450
330
45C
100
AcDbEntity
  8
A-ANNO-DIMS-100
370
    35
100
AcDbLine
 10
-4109.830423270673
 20
-19631.96639430382
 30
0.0
 11
-4259.830423270673
 21
-19781.96639430382
 31
0.0
1001
REVIT
1002
{
1070
     1
1000
624494
1002
}
1002
{
1070
     5
1000
358345
1002
}
1002
{
1070
     2
1000
-2000260
1002
}
  0
LINE
  5
451
330
45C
100
AcDbEntity
  8
A-ANNO-DIMS-100
370
    35
100
AcDbLine
 10
-4109.830423270673
 20
-19631.96639430382
 30
0.0
 11
-3959.830423270673
 21
-19481.96639430382
 31
0.0
1001
REVIT
1002
{
1070
     1
1000
624494
1002
}
1002
{
1070
     5
1000
358345
1002
}
1002
{
1070
     2
1000
-2000260
1002
}
  0
LINE
  5
452
330
45C
100
AcDbEntity
  8
A-ANNO-DIMS-100
100
AcDbLine
 10
-4109.830423270672
 20
-19631.96639430382
 30
0.0
 11
-4109.830423270672
 21
-19871.96639430382
 31
0.0
1001
REVIT
1002
{
1070
     1
1000
624494
1002
}
1002
{
1070
     5
1000
358345
1002
}
1002
{
1070
     2
1000
-2000260
1002
}
  0
LINE
  5
453
330
45C
100
AcDbEntity
  8
A-ANNO-DIMS-100
100
AcDbLine
 10
-4109.830423270672
 20
-19631.96639430382
 30
0.0
 11
-4109.830423270672
 21
-19391.96639430382
 31
0.0
1001
REVIT
1002
{
1070
     1
1000
624494
1002
}
1002
{
1070
     5
1000
358345
1002
}
1002
{
1070
     2
1000
-2000260
1002
}
  0
LINE
  5
454
330
45C
100
AcDbEntity
  8
A-ANNO-DIMS-100
370
    35
100
AcDbLine
 10
-4309.830423270673
 20
-19631.96639430382
 30
0.0
 11
-4459.830423270672
 21
-19781.96639430382
 31
0.0
1001
REVIT
1002
{
1070
     1
1000
624494
1002
}
1002
{
1070
     5
1000
358345
1002
}
1002
{
1070
     2
1000
-2000260
1002
}
  0
LINE
  5
455
330
45C
100
AcDbEntity
  8
A-ANNO-DIMS-100
370
    35
100
AcDbLine
 10
-4309.830423270673
 20
-19631.96639430382
 30
0.0
 11
-4159.830423270673
 21
-19481.96639430382
 31
0.0
1001
REVIT
1002
{
1070
     1
1000
624494
1002
}
1002
{
1070
     5
1000
358345
1002
}
1002
{
1070
     2
1000
-2000260
1002
}
  0
LINE
  5
456
330
45C
100
AcDbEntity
  8
A-ANNO-DIMS-100
100
AcDbLine
 10
-4309.830423270672
 20
-19631.96639430382
 30
0.0
 11
-4309.830423270672
 21
-19871.96639430382
 31
0.0
1001
REVIT
1002
{
1070
     1
1000
624494
1002
}
1002
{
1070
     5
1000
358345
1002
}
1002
{
1070
     2
1000
-2000260
1002
}
  0
LINE
  5
457
330
45C
100
AcDbEntity
  8
A-ANNO-DIMS-100
100
AcDbLine
 10
-4309.830423270672
 20
-19631.96639430382
 30
0.0
 11
-4309.830423270672
 21
-19391.96639430382
 31
0.0
1001
REVIT
1002
{
1070
     1
1000
624494
1002
}
1002
{
1070
     5
1000
358345
1002
}
1002
{
1070
     2
1000
-2000260
1002
}
  0
MTEXT
  5
458
330
45C
100
AcDbEntity
  8
A-ANNO-DIMS-100
 62
     0
100
AcDbMText
 10
-4978.94904785362
 20
-18158.73672354717
 30
0.0
 40
1000.0
 41
1845.884698999072
 46
0.0
 71
     1
 72
     1
  1
20
  7
Arial_3
 73
     2
 44
0.9417779076525876
 90
        3
 63
     9
421
 13158600
 45
1.25
441
        0
1001
REVIT
1002
{
1070
     1
1000
624494
1002
}
1002
{
1070
     5
1000
358345
1002
}
1002
{
1070
     2
1000
-2000260
1002
}
  0
ENDBLK
  5
45A
330
45C
100
AcDbEntity
  8
0
100
AcDbBlockEnd
  0
BLOCK
  5
475
330
478
100
AcDbEntity
  8
0
100
AcDbBlockBegin
  2
DIMBLOCK8-Level 1
 70
     0
 10
0.0
 20
0.0
 30
0.0
  3
DIMBLOCK8-Level 1
  1

  0
LINE
  5
46B
330
478
100
AcDbEntity
  8
A-ANNO-DIMS-100
100
AcDbLine
 10
-32850.02954124008
 20
14252.84002850442
 30
0.0
 11
-32850.02954124008
 21
13812.84002850442
 31
0.0
1001
REVIT
1002
{
1070
     1
1000
624522
1002
}
1002
{
1070
     5
1000
358345
1002
}
1002
{
1070
     2
1000
-2000260
1002
}
  0
LINE
  5
46C
330
478
100
AcDbEntity
  8
A-ANNO-DIMS-100
370
    35
100
AcDbLine
 10
-32850.02954124008
 20
13812.84002850442
 30
0.0
 11
-33000.02954124008
 21
13962.84002850442
 31
0.0
1001
REVIT
1002
{
1070
     1
1000
624522
1002
}
1002
{
1070
     5
1000
358345
1002
}
1002
{
1070
     2
1000
-2000260
1002
}
  0
LINE
  5
46D
330
478
100
AcDbEntity
  8
A-ANNO-DIMS-100
370
    35
100
AcDbLine
 10
-32850.02954124008
 20
13812.84002850442
 30
0.0
 11
-32700.02954124008
 21
13662.84002850442
 31
0.0
1001
REVIT
1002
{
1070
     1
1000
624522
1002
}
1002
{
1070
     5
1000
358345
1002
}
1002
{
1070
     2
1000
-2000260
1002
}
  0
LINE
  5
46E
330
478
100
AcDbEntity
  8
A-ANNO-DIMS-100
100
AcDbLine
 10
-32850.02954124008
 20
13812.84002850442
 30
0.0
 11
-33090.02954124008
 21
13812.84002850442
 31
0.0
1001
REVIT
1002
{
1070
     1
1000
624522
1002
}
1002
{
1070
     5
1000
358345
1002
}
1002
{
1070
     2
1000
-2000260
1002
}
  0
LINE
  5
46F
330
478
100
AcDbEntity
  8
A-ANNO-DIMS-100
100
AcDbLine
 10
-32850.02954124008
 20
13812.84002850442
 30
0.0
 11
-32610.02954124008
 21
13812.84002850442
 31
0.0
1001
REVIT
1002
{
1070
     1
1000
624522
1002
}
1002
{
1070
     5
1000
358345
1002
}
1002
{
1070
     2
1000
-2000260
1002
}
  0
LINE
  5
470
330
478
100
AcDbEntity
  8
A-ANNO-DIMS-100
370
    35
100
AcDbLine
 10
-32850.02954124008
 20
14012.84002850442
 30
0.0
 11
-33000.02954124008
 21
14162.84002850442
 31
0.0
1001
REVIT
1002
{
1070
     1
1000
624522
1002
}
1002
{
1070
     5
1000
358345
1002
}
1002
{
1070
     2
1000
-2000260
1002
}
  0
LINE
  5
471
330
478
100
AcDbEntity
  8
A-ANNO-DIMS-100
370
    35
100
AcDbLine
 10
-32850.02954124008
 20
14012.84002850442
 30
0.0
 11
-32700.02954124008
 21
13862.84002850442
 31
0.0
1001
REVIT
1002
{
1070
     1
1000
624522
1002
}
1002
{
1070
     5
1000
358345
1002
}
1002
{
1070
     2
1000
-2000260
1002
}
  0
LINE
  5
472
330
478
100
AcDbEntity
  8
A-ANNO-DIMS-100
100
AcDbLine
 10
-32850.02954124008
 20
14012.84002850442
 30
0.0
 11
-33090.02954124008
 21
14012.84002850442
 31
0.0
1001
REVIT
1002
{
1070
     1
1000
624522
1002
}
1002
{
1070
     5
1000
358345
1002
}
1002
{
1070
     2
1000
-2000260
1002
}
  0
LINE
  5
473
330
478
100
AcDbEntity
  8
A-ANNO-DIMS-100
100
AcDbLine
 10
-32850.02954124008
 20
14012.84002850442
 30
0.0
 11
-32610.02954124008
 21
14012.84002850442
 31
0.0
1001
REVIT
1002
{
1070
     1
1000
624522
1002
}
1002
{
1070
     5
1000
358345
1002
}
1002
{
1070
     2
1000
-2000260
1002
}
  0
MTEXT
  5
474
330
478
100
AcDbEntity
  8
A-ANNO-DIMS-100
 62
     0
100
AcDbMText
 10
-34323.25921199673
 20
13143.72140392148
 30
0.0
 40
1000.0
 41
1845.884698999072
 46
0.0
 71
     1
 72
     1
  1
20
  7
Arial_3
 11
0.0
 21
1.0
 31
0.0
 73
     2
 44
0.9417779076525876
 90
        3
 63
     9
421
 13158600
 45
1.25
441
        0
1001
REVIT
1002
{
1070
     1
1000
624522
1002
}
1002
{
1070
     5
1000
358345
1002
}
1002
{
1070
     2
1000
-2000260
1002
}
  0
ENDBLK
  5
476
330
478
100
AcDbEntity
  8
0
100
AcDbBlockEnd
  0
BLOCK
  5
491
330
494
100
AcDbEntity
  8
0
100
AcDbBlockBegin
  2
DIMBLOCK9-Level 1
 70
     0
 10
0.0
 20
0.0
 30
0.0
  3
DIMBLOCK9-Level 1
  1

  0
LINE
  5
487
330
494
100
AcDbEntity
  8
A-ANNO-DIMS-100
100
AcDbLine
 10
-32850.02954124008
 20
13812.84002850442
 30
0.0
 11
-32850.02954124008
 21
7812.840028504426
 31
0.0
1001
REVIT
1002
{
1070
     1
1000
624522
1002
}
1002
{
1070
     5
1000
358345
1002
}
1002
{
1070
     2
1000
-2000260
1002
}
  0
LINE
  5
488
330
494
100
AcDbEntity
  8
A-ANNO-DIMS-100
370
    35
100
AcDbLine
 10
-32850.02954124008
 20
7812.840028504426
 30
0.0
 11
-33000.02954124008
 21
7962.840028504428
 31
0.0
1001
REVIT
1002
{
1070
     1
1000
624522
1002
}
1002
{
1070
     5
1000
358345
1002
}
1002
{
1070
     2
1000
-2000260
1002
}
  0
LINE
  5
489
330
494
100
AcDbEntity
  8
A-ANNO-DIMS-100
370
    35
100
AcDbLine
 10
-32850.02954124008
 20
7812.840028504426
 30
0.0
 11
-32700.02954124008
 21
7662.840028504426
 31
0.0
1001
REVIT
1002
{
1070
     1
1000
624522
1002
}
1002
{
1070
     5
1000
358345
1002
}
1002
{
1070
     2
1000
-2000260
1002
}
  0
LINE
  5
48A
330
494
100
AcDbEntity
  8
A-ANNO-DIMS-100
100
AcDbLine
 10
-32850.02954124008
 20
7812.840028504425
 30
0.0
 11
-33090.02954124008
 21
7812.840028504425
 31
0.0
1001
REVIT
1002
{
1070
     1
1000
624522
1002
}
1002
{
1070
     5
1000
358345
1002
}
1002
{
1070
     2
1000
-2000260
1002
}
  0
LINE
  5
48B
330
494
100
AcDbEntity
  8
A-ANNO-DIMS-100
100
AcDbLine
 10
-32850.02954124008
 20
7812.840028504425
 30
0.0
 11
-32610.02954124008
 21
7812.840028504425
 31
0.0
1001
REVIT
1002
{
1070
     1
1000
624522
1002
}
1002
{
1070
     5
1000
358345
1002
}
1002
{
1070
     2
1000
-2000260
1002
}
  0
LINE
  5
48C
330
494
100
AcDbEntity
  8
A-ANNO-DIMS-100
370
    35
100
AcDbLine
 10
-32850.02954124008
 20
13812.84002850442
 30
0.0
 11
-33000.02954124008
 21
13962.84002850442
 31
0.0
1001
REVIT
1002
{
1070
     1
1000
624522
1002
}
1002
{
1070
     5
1000
358345
1002
}
1002
{
1070
     2
1000
-2000260
1002
}
  0
LINE
  5
48D
330
494
100
AcDbEntity
  8
A-ANNO-DIMS-100
370
    35
100
AcDbLine
 10
-32850.02954124008
 20
13812.84002850442
 30
0.0
 11
-32700.02954124008
 21
13662.84002850442
 31
0.0
1001
REVIT
1002
{
1070
     1
1000
624522
1002
}
1002
{
1070
     5
1000
358345
1002
}
1002
{
1070
     2
1000
-2000260
1002
}
  0
LINE
  5
48E
330
494
100
AcDbEntity
  8
A-ANNO-DIMS-100
100
AcDbLine
 10
-32850.02954124008
 20
13812.84002850442
 30
0.0
 11
-33090.02954124008
 21
13812.84002850442
 31
0.0
1001
REVIT
1002
{
1070
     1
1000
624522
1002
}
1002
{
1070
     5
1000
358345
1002
}
1002
{
1070
     2
1000
-2000260
1002
}
  0
LINE
  5
48F
330
494
100
AcDbEntity
  8
A-ANNO-DIMS-100
100
AcDbLine
 10
-32850.02954124008
 20
13812.84002850442
 30
0.0
 11
-32610.02954124008
 21
13812.84002850442
 31
0.0
1001
REVIT
1002
{
1070
     1
1000
624522
1002
}
1002
{
1070
     5
1000
358345
1002
}
1002
{
1070
     2
1000
-2000260
1002
}
  0
MTEXT
  5
490
330
494
100
AcDbEntity
  8
A-ANNO-DIMS-100
 62
     0
100
AcDbMText
 10
-34323.25921199673
 20
9659.162091630006
 30
0.0
 40
1000.0
 41
2768.827048498608
 46
0.0
 71
     1
 72
     1
  1
600
  7
Arial_3
 11
0.0
 21
1.0
 31
0.0
 73
     2
 44
0.9417779076525876
 90
        3
 63
     9
421
 13158600
 45
1.25
441
        0
1001
REVIT
1002
{
1070
     1
1000
624522
1002
}
1002
{
1070
     5
1000
358345
1002
}
1002
{
1070
     2
1000
-2000260
1002
}
  0
ENDBLK
  5
492
330
494
100
AcDbEntity
  8
0
100
AcDbBlockEnd
  0
BLOCK
  5
4AB
330
4AE
100
AcDbEntity
  8
0
100
AcDbBlockBegin
  2
DIMBLOCK10-Level 1
 70
     0
 10
0.0
 20
0.0
 30
0.0
  3
DIMBLOCK10-Level 1
  1

  0
LINE
  5
4A1
330
4AE
100
AcDbEntity
  8
A-ANNO-DIMS-100
100
AcDbLine
 10
-32850.02954124008
 20
7812.840028504426
 30
0.0
 11
-32850.02954124008
 21
7612.840028504426
 31
0.0
1001
REVIT
1002
{
1070
     1
1000
624522
1002
}
1002
{
1070
     5
1000
358345
1002
}
1002
{
1070
     2
1000
-2000260
1002
}
  0
LINE
  5
4A2
330
4AE
100
AcDbEntity
  8
A-ANNO-DIMS-100
370
    35
100
AcDbLine
 10
-32850.02954124008
 20
7612.840028504426
 30
0.0
 11
-33000.02954124008
 21
7762.840028504427
 31
0.0
1001
REVIT
1002
{
1070
     1
1000
624522
1002
}
1002
{
1070
     5
1000
358345
1002
}
1002
{
1070
     2
1000
-2000260
1002
}
  0
LINE
  5
4A3
330
4AE
100
AcDbEntity
  8
A-ANNO-DIMS-100
370
    35
100
AcDbLine
 10
-32850.02954124008
 20
7612.840028504426
 30
0.0
 11
-32700.02954124008
 21
7462.840028504427
 31
0.0
1001
REVIT
1002
{
1070
     1
1000
624522
1002
}
1002
{
1070
     5
1000
358345
1002
}
1002
{
1070
     2
1000
-2000260
1002
}
  0
LINE
  5
4A4
330
4AE
100
AcDbEntity
  8
A-ANNO-DIMS-100
100
AcDbLine
 10
-32850.02954124008
 20
7612.840028504426
 30
0.0
 11
-33090.02954124008
 21
7612.840028504426
 31
0.0
1001
REVIT
1002
{
1070
     1
1000
624522
1002
}
1002
{
1070
     5
1000
358345
1002
}
1002
{
1070
     2
1000
-2000260
1002
}
  0
LINE
  5
4A5
330
4AE
100
AcDbEntity
  8
A-ANNO-DIMS-100
100
AcDbLine
 10
-32850.02954124008
 20
7612.840028504426
 30
0.0
 11
-32610.02954124008
 21
7612.840028504426
 31
0.0
1001
REVIT
1002
{
1070
     1
1000
624522
1002
}
1002
{
1070
     5
1000
358345
1002
}
1002
{
1070
     2
1000
-2000260
1002
}
  0
LINE
  5
4A6
330
4AE
100
AcDbEntity
  8
A-ANNO-DIMS-100
370
    35
100
AcDbLine
 10
-32850.02954124008
 20
7812.840028504426
 30
0.0
 11
-33000.02954124008
 21
7962.840028504428
 31
0.0
1001
REVIT
1002
{
1070
     1
1000
624522
1002
}
1002
{
1070
     5
1000
358345
1002
}
1002
{
1070
     2
1000
-2000260
1002
}
  0
LINE
  5
4A7
330
4AE
100
AcDbEntity
  8
A-ANNO-DIMS-100
370
    35
100
AcDbLine
 10
-32850.02954124008
 20
7812.840028504426
 30
0.0
 11
-32700.02954124008
 21
7662.840028504426
 31
0.0
1001
REVIT
1002
{
1070
     1
1000
624522
1002
}
1002
{
1070
     5
1000
358345
1002
}
1002
{
1070
     2
1000
-2000260
1002
}
  0
LINE
  5
4A8
330
4AE
100
AcDbEntity
  8
A-ANNO-DIMS-100
100
AcDbLine
 10
-32850.02954124008
 20
7812.840028504425
 30
0.0
 11
-33090.02954124008
 21
7812.840028504425
 31
0.0
1001
REVIT
1002
{
1070
     1
1000
624522
1002
}
1002
{
1070
     5
1000
358345
1002
}
1002
{
1070
     2
1000
-2000260
1002
}
  0
LINE
  5
4A9
330
4AE
100
AcDbEntity
  8
A-ANNO-DIMS-100
100
AcDbLine
 10
-32850.02954124008
 20
7812.840028504425
 30
0.0
 11
-32610.02954124008
 21
7812.840028504425
 31
0.0
1001
REVIT
1002
{
1070
     1
1000
624522
1002
}
1002
{
1070
     5
1000
358345
1002
}
1002
{
1070
     2
1000
-2000260
1002
}
  0
MTEXT
  5
4AA
330
4AE
100
AcDbEntity
  8
A-ANNO-DIMS-100
 62
     0
100
AcDbMText
 10
-34323.25921199673
 20
6943.721403921479
 30
0.0
 40
1000.0
 41
1845.884698999072
 46
0.0
 71
     1
 72
     1
  1
20
  7
Arial_3
 11
0.0
 21
1.0
 31
0.0
 73
     2
 44
0.9417779076525876
 90
        3
 63
     9
421
 13158600
 45
1.25
441
        0
1001
REVIT
1002
{
1070
     1
1000
624522
1002
}
1002
{
1070
     5
1000
358345
1002
}
1002
{
1070
     2
1000
-2000260
1002
}
  0
ENDBLK
  5
4AC
330
4AE
100
AcDbEntity
  8
0
100
AcDbBlockEnd
  0
BLOCK
  5
4C7
330
4CA
100
AcDbEntity
  8
0
100
AcDbBlockBegin
  2
DIMBLOCK11-Level 1
 70
     0
 10
0.0
 20
0.0
 30
0.0
  3
DIMBLOCK11-Level 1
  1

  0
LINE
  5
4BD
330
4CA
100
AcDbEntity
  8
A-ANNO-DIMS-100
100
AcDbLine
 10
-32850.02954124008
 20
7612.840028504426
 30
0.0
 11
-32850.02954124008
 21
1612.840028504419
 31
0.0
1001
REVIT
1002
{
1070
     1
1000
624522
1002
}
1002
{
1070
     5
1000
358345
1002
}
1002
{
1070
     2
1000
-2000260
1002
}
  0
LINE
  5
4BE
330
4CA
100
AcDbEntity
  8
A-ANNO-DIMS-100
370
    35
100
AcDbLine
 10
-32850.02954124008
 20
1612.840028504419
 30
0.0
 11
-33000.02954124008
 21
1762.840028504419
 31
0.0
1001
REVIT
1002
{
1070
     1
1000
624522
1002
}
1002
{
1070
     5
1000
358345
1002
}
1002
{
1070
     2
1000
-2000260
1002
}
  0
LINE
  5
4BF
330
4CA
100
AcDbEntity
  8
A-ANNO-DIMS-100
370
    35
100
AcDbLine
 10
-32850.02954124008
 20
1612.840028504419
 30
0.0
 11
-32700.02954124008
 21
1462.840028504419
 31
0.0
1001
REVIT
1002
{
1070
     1
1000
624522
1002
}
1002
{
1070
     5
1000
358345
1002
}
1002
{
1070
     2
1000
-2000260
1002
}
  0
LINE
  5
4C0
330
4CA
100
AcDbEntity
  8
A-ANNO-DIMS-100
100
AcDbLine
 10
-32850.02954124008
 20
1612.840028504419
 30
0.0
 11
-33090.02954124008
 21
1612.840028504419
 31
0.0
1001
REVIT
1002
{
1070
     1
1000
624522
1002
}
1002
{
1070
     5
1000
358345
1002
}
1002
{
1070
     2
1000
-2000260
1002
}
  0
LINE
  5
4C1
330
4CA
100
AcDbEntity
  8
A-ANNO-DIMS-100
100
AcDbLine
 10
-32850.02954124008
 20
1612.840028504419
 30
0.0
 11
-32610.02954124008
 21
1612.840028504419
 31
0.0
1001
REVIT
1002
{
1070
     1
1000
624522
1002
}
1002
{
1070
     5
1000
358345
1002
}
1002
{
1070
     2
1000
-2000260
1002
}
  0
LINE
  5
4C2
330
4CA
100
AcDbEntity
  8
A-ANNO-DIMS-100
370
    35
100
AcDbLine
 10
-32850.02954124008
 20
7612.840028504426
 30
0.0
 11
-33000.02954124008
 21
7762.840028504427
 31
0.0
1001
REVIT
1002
{
1070
     1
1000
624522
1002
}
1002
{
1070
     5
1000
358345
1002
}
1002
{
1070
     2
1000
-2000260
1002
}
  0
LINE
  5
4C3
330
4CA
100
AcDbEntity
  8
A-ANNO-DIMS-100
370
    35
100
AcDbLine
 10
-32850.02954124008
 20
7612.840028504426
 30
0.0
 11
-32700.02954124008
 21
7462.840028504427
 31
0.0
1001
REVIT
1002
{
1070
     1
1000
624522
1002
}
1002
{
1070
     5
1000
358345
1002
}
1002
{
1070
     2
1000
-2000260
1002
}
  0
LINE
  5
4C4
330
4CA
100
AcDbEntity
  8
A-ANNO-DIMS-100
100
AcDbLine
 10
-32850.02954124008
 20
7612.840028504426
 30
0.0
 11
-33090.02954124008
 21
7612.840028504426
 31
0.0
1001
REVIT
1002
{
1070
     1
1000
624522
1002
}
1002
{
1070
     5
1000
358345
1002
}
1002
{
1070
     2
1000
-2000260
1002
}
  0
LINE
  5
4C5
330
4CA
100
AcDbEntity
  8
A-ANNO-DIMS-100
100
AcDbLine
 10
-32850.02954124008
 20
7612.840028504426
 30
0.0
 11
-32610.02954124008
 21
7612.840028504426
 31
0.0
1001
REVIT
1002
{
1070
     1
1000
624522
1002
}
1002
{
1070
     5
1000
358345
1002
}
1002
{
1070
     2
1000
-2000260
1002
}
  0
MTEXT
  5
4C6
330
4CA
100
AcDbEntity
  8
A-ANNO-DIMS-100
 62
     0
100
AcDbMText
 10
-34323.25921199673
 20
3459.162091630002
 30
0.0
 40
1000.0
 41
2768.827048498608
 46
0.0
 71
     1
 72
     1
  1
600
  7
Arial_3
 11
0.0
 21
1.0
 31
0.0
 73
     2
 44
0.9417779076525876
 90
        3
 63
     9
421
 13158600
 45
1.25
441
        0
1001
REVIT
1002
{
1070
     1
1000
624522
1002
}
1002
{
1070
     5
1000
358345
1002
}
1002
{
1070
     2
1000
-2000260
1002
}
  0
ENDBLK
  5
4C8
330
4CA
100
AcDbEntity
  8
0
100
AcDbBlockEnd
  0
BLOCK
  5
4E1
330
4E4
100
AcDbEntity
  8
0
100
AcDbBlockBegin
  2
DIMBLOCK12-Level 1
 70
     0
 10
0.0
 20
0.0
 30
0.0
  3
DIMBLOCK12-Level 1
  1

  0
LINE
  5
4D7
330
4E4
100
AcDbEntity
  8
A-ANNO-DIMS-100
100
AcDbLine
 10
-32850.02954124008
 20
1612.840028504419
 30
0.0
 11
-32850.02954124008
 21
1412.840028504419
 31
0.0
1001
REVIT
1002
{
1070
     1
1000
624522
1002
}
1002
{
1070
     5
1000
358345
1002
}
1002
{
1070
     2
1000
-2000260
1002
}
  0
LINE
  5
4D8
330
4E4
100
AcDbEntity
  8
A-ANNO-DIMS-100
370
    35
100
AcDbLine
 10
-32850.02954124008
 20
1412.840028504419
 30
0.0
 11
-33000.02954124008
 21
1562.840028504419
 31
0.0
1001
REVIT
1002
{
1070
     1
1000
624522
1002
}
1002
{
1070
     5
1000
358345
1002
}
1002
{
1070
     2
1000
-2000260
1002
}
  0
LINE
  5
4D9
330
4E4
100
AcDbEntity
  8
A-ANNO-DIMS-100
370
    35
100
AcDbLine
 10
-32850.02954124008
 20
1412.840028504419
 30
0.0
 11
-32700.02954124008
 21
1262.840028504419
 31
0.0
1001
REVIT
1002
{
1070
     1
1000
624522
1002
}
1002
{
1070
     5
1000
358345
1002
}
1002
{
1070
     2
1000
-2000260
1002
}
  0
LINE
  5
4DA
330
4E4
100
AcDbEntity
  8
A-ANNO-DIMS-100
100
AcDbLine
 10
-32850.02954124008
 20
1412.84002850442
 30
0.0
 11
-33090.02954124008
 21
1412.84002850442
 31
0.0
1001
REVIT
1002
{
1070
     1
1000
624522
1002
}
1002
{
1070
     5
1000
358345
1002
}
1002
{
1070
     2
1000
-2000260
1002
}
  0
LINE
  5
4DB
330
4E4
100
AcDbEntity
  8
A-ANNO-DIMS-100
100
AcDbLine
 10
-32850.02954124008
 20
1412.84002850442
 30
0.0
 11
-32610.02954124008
 21
1412.84002850442
 31
0.0
1001
REVIT
1002
{
1070
     1
1000
624522
1002
}
1002
{
1070
     5
1000
358345
1002
}
1002
{
1070
     2
1000
-2000260
1002
}
  0
LINE
  5
4DC
330
4E4
100
AcDbEntity
  8
A-ANNO-DIMS-100
370
    35
100
AcDbLine
 10
-32850.02954124008
 20
1612.840028504419
 30
0.0
 11
-33000.02954124008
 21
1762.840028504419
 31
0.0
1001
REVIT
1002
{
1070
     1
1000
624522
1002
}
1002
{
1070
     5
1000
358345
1002
}
1002
{
1070
     2
1000
-2000260
1002
}
  0
LINE
  5
4DD
330
4E4
100
AcDbEntity
  8
A-ANNO-DIMS-100
370
    35
100
AcDbLine
 10
-32850.02954124008
 20
1612.840028504419
 30
0.0
 11
-32700.02954124008
 21
1462.840028504419
 31
0.0
1001
REVIT
1002
{
1070
     1
1000
624522
1002
}
1002
{
1070
     5
1000
358345
1002
}
1002
{
1070
     2
1000
-2000260
1002
}
  0
LINE
  5
4DE
330
4E4
100
AcDbEntity
  8
A-ANNO-DIMS-100
100
AcDbLine
 10
-32850.02954124008
 20
1612.840028504419
 30
0.0
 11
-33090.02954124008
 21
1612.840028504419
 31
0.0
1001
REVIT
1002
{
1070
     1
1000
624522
1002
}
1002
{
1070
     5
1000
358345
1002
}
1002
{
1070
     2
1000
-2000260
1002
}
  0
LINE
  5
4DF
330
4E4
100
AcDbEntity
  8
A-ANNO-DIMS-100
100
AcDbLine
 10
-32850.02954124008
 20
1612.840028504419
 30
0.0
 11
-32610.02954124008
 21
1612.840028504419
 31
0.0
1001
REVIT
1002
{
1070
     1
1000
624522
1002
}
1002
{
1070
     5
1000
358345
1002
}
1002
{
1070
     2
1000
-2000260
1002
}
  0
MTEXT
  5
4E0
330
4E4
100
AcDbEntity
  8
A-ANNO-DIMS-100
 62
     0
100
AcDbMText
 10
-34323.25921199673
 20
743.7214039214725
 30
0.0
 40
1000.0
 41
1845.884698999072
 46
0.0
 71
     1
 72
     1
  1
20
  7
Arial_3
 11
0.0
 21
1.0
 31
0.0
 73
     2
 44
0.9417779076525876
 90
        3
 63
     9
421
 13158600
 45
1.25
441
        0
1001
REVIT
1002
{
1070
     1
1000
624522
1002
}
1002
{
1070
     5
1000
358345
1002
}
1002
{
1070
     2
1000
-2000260
1002
}
  0
ENDBLK
  5
4E2
330
4E4
100
AcDbEntity
  8
0
100
AcDbBlockEnd
  0
BLOCK
  5
4FD
330
500
100
AcDbEntity
  8
0
100
AcDbBlockBegin
  2
DIMBLOCK13-Level 1
 70
     0
 10
0.0
 20
0.0
 30
0.0
  3
DIMBLOCK13-Level 1
  1

  0
LINE
  5
4F3
330
500
100
AcDbEntity
  8
A-ANNO-DIMS-100
100
AcDbLine
 10
-32850.02954124008
 20
1412.840028504419
 30
0.0
 11
-32850.02954124008
 21
-4587.159971495604
 31
0.0
1001
REVIT
1002
{
1070
     1
1000
624522
1002
}
1002
{
1070
     5
1000
358345
1002
}
1002
{
1070
     2
1000
-2000260
1002
}
  0
LINE
  5
4F4
330
500
100
AcDbEntity
  8
A-ANNO-DIMS-100
370
    35
100
AcDbLine
 10
-32850.02954124008
 20
-4587.159971495605
 30
0.0
 11
-33000.02954124008
 21
-4437.159971495606
 31
0.0
1001
REVIT
1002
{
1070
     1
1000
624522
1002
}
1002
{
1070
     5
1000
358345
1002
}
1002
{
1070
     2
1000
-2000260
1002
}
  0
LINE
  5
4F5
330
500
100
AcDbEntity
  8
A-ANNO-DIMS-100
370
    35
100
AcDbLine
 10
-32850.02954124008
 20
-4587.159971495605
 30
0.0
 11
-32700.02954124008
 21
-4737.159971495605
 31
0.0
1001
REVIT
1002
{
1070
     1
1000
624522
1002
}
1002
{
1070
     5
1000
358345
1002
}
1002
{
1070
     2
1000
-2000260
1002
}
  0
LINE
  5
4F6
330
500
100
AcDbEntity
  8
A-ANNO-DIMS-100
100
AcDbLine
 10
-32850.02954124008
 20
-4587.159971495606
 30
0.0
 11
-33090.02954124008
 21
-4587.159971495606
 31
0.0
1001
REVIT
1002
{
1070
     1
1000
624522
1002
}
1002
{
1070
     5
1000
358345
1002
}
1002
{
1070
     2
1000
-2000260
1002
}
  0
LINE
  5
4F7
330
500
100
AcDbEntity
  8
A-ANNO-DIMS-100
100
AcDbLine
 10
-32850.02954124008
 20
-4587.159971495606
 30
0.0
 11
-32610.02954124008
 21
-4587.159971495606
 31
0.0
1001
REVIT
1002
{
1070
     1
1000
624522
1002
}
1002
{
1070
     5
1000
358345
1002
}
1002
{
1070
     2
1000
-2000260
1002
}
  0
LINE
  5
4F8
330
500
100
AcDbEntity
  8
A-ANNO-DIMS-100
370
    35
100
AcDbLine
 10
-32850.02954124008
 20
1412.840028504419
 30
0.0
 11
-33000.02954124008
 21
1562.840028504419
 31
0.0
1001
REVIT
1002
{
1070
     1
1000
624522
1002
}
1002
{
1070
     5
1000
358345
1002
}
1002
{
1070
     2
1000
-2000260
1002
}
  0
LINE
  5
4F9
330
500
100
AcDbEntity
  8
A-ANNO-DIMS-100
370
    35
100
AcDbLine
 10
-32850.02954124008
 20
1412.840028504419
 30
0.0
 11
-32700.02954124008
 21
1262.840028504419
 31
0.0
1001
REVIT
1002
{
1070
     1
1000
624522
1002
}
1002
{
1070
     5
1000
358345
1002
}
1002
{
1070
     2
1000
-2000260
1002
}
  0
LINE
  5
4FA
330
500
100
AcDbEntity
  8
A-ANNO-DIMS-100
100
AcDbLine
 10
-32850.02954124008
 20
1412.84002850442
 30
0.0
 11
-33090.02954124008
 21
1412.84002850442
 31
0.0
1001
REVIT
1002
{
1070
     1
1000
624522
1002
}
1002
{
1070
     5
1000
358345
1002
}
1002
{
1070
     2
1000
-2000260
1002
}
  0
LINE
  5
4FB
330
500
100
AcDbEntity
  8
A-ANNO-DIMS-100
100
AcDbLine
 10
-32850.02954124008
 20
1412.84002850442
 30
0.0
 11
-32610.02954124008
 21
1412.84002850442
 31
0.0
1001
REVIT
1002
{
1070
     1
1000
624522
1002
}
1002
{
1070
     5
1000
358345
1002
}
1002
{
1070
     2
1000
-2000260
1002
}
  0
MTEXT
  5
4FC
330
500
100
AcDbEntity
  8
A-ANNO-DIMS-100
 62
     0
100
AcDbMText
 10
-34323.25921199673
 20
-2740.837908370013
 30
0.0
 40
1000.0
 41
2768.827048498608
 46
0.0
 71
     1
 72
     1
  1
600
  7
Arial_3
 11
0.0
 21
1.0
 31
0.0
 73
     2
 44
0.9417779076525876
 90
        3
 63
     9
421
 13158600
 45
1.25
441
        0
1001
REVIT
1002
{
1070
     1
1000
624522
1002
}
1002
{
1070
     5
1000
358345
1002
}
1002
{
1070
     2
1000
-2000260
1002
}
  0
ENDBLK
  5
4FE
330
500
100
AcDbEntity
  8
0
100
AcDbBlockEnd
  0
BLOCK
  5
517
330
51A
100
AcDbEntity
  8
0
100
AcDbBlockBegin
  2
DIMBLOCK14-Level 1
 70
     0
 10
0.0
 20
0.0
 30
0.0
  3
DIMBLOCK14-Level 1
  1

  0
LINE
  5
50D
330
51A
100
AcDbEntity
  8
A-ANNO-DIMS-100
100
AcDbLine
 10
-32850.02954124008
 20
-4587.159971495605
 30
0.0
 11
-32850.02954124008
 21
-4787.159971495605
 31
0.0
1001
REVIT
1002
{
1070
     1
1000
624522
1002
}
1002
{
1070
     5
1000
358345
1002
}
1002
{
1070
     2
1000
-2000260
1002
}
  0
LINE
  5
50E
330
51A
100
AcDbEntity
  8
A-ANNO-DIMS-100
370
    35
100
AcDbLine
 10
-32850.02954124008
 20
-4787.159971495605
 30
0.0
 11
-33000.02954124008
 21
-4637.159971495605
 31
0.0
1001
REVIT
1002
{
1070
     1
1000
624522
1002
}
1002
{
1070
     5
1000
358345
1002
}
1002
{
1070
     2
1000
-2000260
1002
}
  0
LINE
  5
50F
330
51A
100
AcDbEntity
  8
A-ANNO-DIMS-100
370
    35
100
AcDbLine
 10
-32850.02954124008
 20
-4787.159971495605
 30
0.0
 11
-32700.02954124008
 21
-4937.159971495606
 31
0.0
1001
REVIT
1002
{
1070
     1
1000
624522
1002
}
1002
{
1070
     5
1000
358345
1002
}
1002
{
1070
     2
1000
-2000260
1002
}
  0
LINE
  5
510
330
51A
100
AcDbEntity
  8
A-ANNO-DIMS-100
100
AcDbLine
 10
-32850.02954124008
 20
-4787.159971495604
 30
0.0
 11
-33090.02954124008
 21
-4787.159971495604
 31
0.0
1001
REVIT
1002
{
1070
     1
1000
624522
1002
}
1002
{
1070
     5
1000
358345
1002
}
1002
{
1070
     2
1000
-2000260
1002
}
  0
LINE
  5
511
330
51A
100
AcDbEntity
  8
A-ANNO-DIMS-100
100
AcDbLine
 10
-32850.02954124008
 20
-4787.159971495604
 30
0.0
 11
-32610.02954124008
 21
-4787.159971495604
 31
0.0
1001
REVIT
1002
{
1070
     1
1000
624522
1002
}
1002
{
1070
     5
1000
358345
1002
}
1002
{
1070
     2
1000
-2000260
1002
}
  0
LINE
  5
512
330
51A
100
AcDbEntity
  8
A-ANNO-DIMS-100
370
    35
100
AcDbLine
 10
-32850.02954124008
 20
-4587.159971495605
 30
0.0
 11
-33000.02954124008
 21
-4437.159971495606
 31
0.0
1001
REVIT
1002
{
1070
     1
1000
624522
1002
}
1002
{
1070
     5
1000
358345
1002
}
1002
{
1070
     2
1000
-2000260
1002
}
  0
LINE
  5
513
330
51A
100
AcDbEntity
  8
A-ANNO-DIMS-100
370
    35
100
AcDbLine
 10
-32850.02954124008
 20
-4587.159971495605
 30
0.0
 11
-32700.02954124008
 21
-4737.159971495605
 31
0.0
1001
REVIT
1002
{
1070
     1
1000
624522
1002
}
1002
{
1070
     5
1000
358345
1002
}
1002
{
1070
     2
1000
-2000260
1002
}
  0
LINE
  5
514
330
51A
100
AcDbEntity
  8
A-ANNO-DIMS-100
100
AcDbLine
 10
-32850.02954124008
 20
-4587.159971495606
 30
0.0
 11
-33090.02954124008
 21
-4587.159971495606
 31
0.0
1001
REVIT
1002
{
1070
     1
1000
624522
1002
}
1002
{
1070
     5
1000
358345
1002
}
1002
{
1070
     2
1000
-2000260
1002
}
  0
LINE
  5
515
330
51A
100
AcDbEntity
  8
A-ANNO-DIMS-100
100
AcDbLine
 10
-32850.02954124008
 20
-4587.159971495606
 30
0.0
 11
-32610.02954124008
 21
-4587.159971495606
 31
0.0
1001
REVIT
1002
{
1070
     1
1000
624522
1002
}
1002
{
1070
     5
1000
358345
1002
}
1002
{
1070
     2
1000
-2000260
1002
}
  0
MTEXT
  5
516
330
51A
100
AcDbEntity
  8
A-ANNO-DIMS-100
 62
     0
100
AcDbMText
 10
-34323.25921199673
 20
-5456.278596078552
 30
0.0
 40
1000.0
 41
1845.884698999072
 46
0.0
 71
     1
 72
     1
  1
20
  7
Arial_3
 11
0.0
 21
1.0
 31
0.0
 73
     2
 44
0.9417779076525876
 90
        3
 63
     9
421
 13158600
 45
1.25
441
        0
1001
REVIT
1002
{
1070
     1
1000
624522
1002
}
1002
{
1070
     5
1000
358345
1002
}
1002
{
1070
     2
1000
-2000260
1002
}
  0
ENDBLK
  5
518
330
51A
100
AcDbEntity
  8
0
100
AcDbBlockEnd
  0
BLOCK
  5
533
330
536
100
AcDbEntity
  8
0
100
AcDbBlockBegin
  2
DIMBLOCK15-Level 1
 70
     0
 10
0.0
 20
0.0
 30
0.0
  3
DIMBLOCK15-Level 1
  1

  0
LINE
  5
529
330
536
100
AcDbEntity
  8
A-ANNO-DIMS-100
100
AcDbLine
 10
-32850.02954124008
 20
-4787.159971495605
 30
0.0
 11
-32850.02954124008
 21
-11429.68142790462
 31
0.0
1001
REVIT
1002
{
1070
     1
1000
624522
1002
}
1002
{
1070
     5
1000
358345
1002
}
1002
{
1070
     2
1000
-2000260
1002
}
  0
LINE
  5
52A
330
536
100
AcDbEntity
  8
A-ANNO-DIMS-100
370
    35
100
AcDbLine
 10
-32850.02954124008
 20
-11189.68142790462
 30
0.0
 11
-33000.02954124008
 21
-11039.68142790462
 31
0.0
1001
REVIT
1002
{
1070
     1
1000
624522
1002
}
1002
{
1070
     5
1000
358345
1002
}
1002
{
1070
     2
1000
-2000260
1002
}
  0
LINE
  5
52B
330
536
100
AcDbEntity
  8
A-ANNO-DIMS-100
370
    35
100
AcDbLine
 10
-32850.02954124008
 20
-11189.68142790462
 30
0.0
 11
-32700.02954124008
 21
-11339.68142790462
 31
0.0
1001
REVIT
1002
{
1070
     1
1000
624522
1002
}
1002
{
1070
     5
1000
358345
1002
}
1002
{
1070
     2
1000
-2000260
1002
}
  0
LINE
  5
52C
330
536
100
AcDbEntity
  8
A-ANNO-DIMS-100
100
AcDbLine
 10
-32850.02954124008
 20
-11189.68142790462
 30
0.0
 11
-33090.02954124008
 21
-11189.68142790462
 31
0.0
1001
REVIT
1002
{
1070
     1
1000
624522
1002
}
1002
{
1070
     5
1000
358345
1002
}
1002
{
1070
     2
1000
-2000260
1002
}
  0
LINE
  5
52D
330
536
100
AcDbEntity
  8
A-ANNO-DIMS-100
100
AcDbLine
 10
-32850.02954124008
 20
-11189.68142790462
 30
0.0
 11
-32610.02954124008
 21
-11189.68142790462
 31
0.0
1001
REVIT
1002
{
1070
     1
1000
624522
1002
}
1002
{
1070
     5
1000
358345
1002
}
1002
{
1070
     2
1000
-2000260
1002
}
  0
LINE
  5
52E
330
536
100
AcDbEntity
  8
A-ANNO-DIMS-100
370
    35
100
AcDbLine
 10
-32850.02954124008
 20
-4787.159971495605
 30
0.0
 11
-33000.02954124008
 21
-4637.159971495605
 31
0.0
1001
REVIT
1002
{
1070
     1
1000
624522
1002
}
1002
{
1070
     5
1000
358345
1002
}
1002
{
1070
     2
1000
-2000260
1002
}
  0
LINE
  5
52F
330
536
100
AcDbEntity
  8
A-ANNO-DIMS-100
370
    35
100
AcDbLine
 10
-32850.02954124008
 20
-4787.159971495605
 30
0.0
 11
-32700.02954124008
 21
-4937.159971495606
 31
0.0
1001
REVIT
1002
{
1070
     1
1000
624522
1002
}
1002
{
1070
     5
1000
358345
1002
}
1002
{
1070
     2
1000
-2000260
1002
}
  0
LINE
  5
530
330
536
100
AcDbEntity
  8
A-ANNO-DIMS-100
100
AcDbLine
 10
-32850.02954124008
 20
-4787.159971495604
 30
0.0
 11
-33090.02954124008
 21
-4787.159971495604
 31
0.0
1001
REVIT
1002
{
1070
     1
1000
624522
1002
}
1002
{
1070
     5
1000
358345
1002
}
1002
{
1070
     2
1000
-2000260
1002
}
  0
LINE
  5
531
330
536
100
AcDbEntity
  8
A-ANNO-DIMS-100
100
AcDbLine
 10
-32850.02954124008
 20
-4787.159971495604
 30
0.0
 11
-32610.02954124008
 21
-4787.159971495604
 31
0.0
1001
REVIT
1002
{
1070
     1
1000
624522
1002
}
1002
{
1070
     5
1000
358345
1002
}
1002
{
1070
     2
1000
-2000260
1002
}
  0
MTEXT
  5
532
330
536
100
AcDbEntity
  8
A-ANNO-DIMS-100
 62
     0
100
AcDbMText
 10
-34323.25921199673
 20
-9142.098636574534
 30
0.0
 40
1000.0
 41
2768.827048498608
 46
0.0
 71
     1
 72
     1
  1
640
  7
Arial_3
 11
0.0
 21
1.0
 31
0.0
 73
     2
 44
0.9417779076525876
 90
        3
 63
     9
421
 13158600
 45
1.25
441
        0
1001
REVIT
1002
{
1070
     1
1000
624522
1002
}
1002
{
1070
     5
1000
358345
1002
}
1002
{
1070
     2
1000
-2000260
1002
}
  0
ENDBLK
  5
534
330
536
100
AcDbEntity
  8
0
100
AcDbBlockEnd
  0
BLOCK
  5
554
330
557
100
AcDbEntity
  8
0
100
AcDbBlockBegin
  2
DIMBLOCK16-Level 1
 70
     0
 10
0.0
 20
0.0
 30
0.0
  3
DIMBLOCK16-Level 1
  1

  0
LINE
  5
54A
330
557
100
AcDbEntity
  8
A-ANNO-DIMS-100
100
AcDbLine
 10
38234.74921566459
 20
8059.475627956546
 30
0.0
 11
38234.74921566459
 21
7619.475627956546
 31
0.0
1001
REVIT
1002
{
1070
     1
1000
633299
1002
}
1002
{
1070
     5
1000
358345
1002
}
1002
{
1070
     2
1000
-2000260
1002
}
  0
LINE
  5
54B
330
557
100
AcDbEntity
  8
A-ANNO-DIMS-100
370
    35
100
AcDbLine
 10
38234.74921566459
 20
7619.475627956546
 30
0.0
 11
38084.74921566459
 21
7769.475627956547
 31
0.0
1001
REVIT
1002
{
1070
     1
1000
633299
1002
}
1002
{
1070
     5
1000
358345
1002
}
1002
{
1070
     2
1000
-2000260
1002
}
  0
LINE
  5
54C
330
557
100
AcDbEntity
  8
A-ANNO-DIMS-100
370
    35
100
AcDbLine
 10
38234.74921566459
 20
7619.475627956546
 30
0.0
 11
38384.74921566459
 21
7469.475627956547
 31
0.0
1001
REVIT
1002
{
1070
     1
1000
633299
1002
}
1002
{
1070
     5
1000
358345
1002
}
1002
{
1070
     2
1000
-2000260
1002
}
  0
LINE
  5
54D
330
557
100
AcDbEntity
  8
A-ANNO-DIMS-100
100
AcDbLine
 10
38234.74921566458
 20
7619.475627956548
 30
0.0
 11
38474.74921566458
 21
7619.475627956548
 31
0.0
1001
REVIT
1002
{
1070
     1
1000
633299
1002
}
1002
{
1070
     5
1000
358345
1002
}
1002
{
1070
     2
1000
-2000260
1002
}
  0
LINE
  5
54E
330
557
100
AcDbEntity
  8
A-ANNO-DIMS-100
100
AcDbLine
 10
38234.74921566458
 20
7619.475627956548
 30
0.0
 11
37994.74921566458
 21
7619.475627956548
 31
0.0
1001
REVIT
1002
{
1070
     1
1000
633299
1002
}
1002
{
1070
     5
1000
358345
1002
}
1002
{
1070
     2
1000
-2000260
1002
}
  0
LINE
  5
54F
330
557
100
AcDbEntity
  8
A-ANNO-DIMS-100
370
    35
100
AcDbLine
 10
38234.74921566459
 20
7819.475627956546
 30
0.0
 11
38084.74921566459
 21
7969.475627956547
 31
0.0
1001
REVIT
1002
{
1070
     1
1000
633299
1002
}
1002
{
1070
     5
1000
358345
1002
}
1002
{
1070
     2
1000
-2000260
1002
}
  0
LINE
  5
550
330
557
100
AcDbEntity
  8
A-ANNO-DIMS-100
370
    35
100
AcDbLine
 10
38234.74921566459
 20
7819.475627956546
 30
0.0
 11
38384.74921566459
 21
7669.475627956545
 31
0.0
1001
REVIT
1002
{
1070
     1
1000
633299
1002
}
1002
{
1070
     5
1000
358345
1002
}
1002
{
1070
     2
1000
-2000260
1002
}
  0
LINE
  5
551
330
557
100
AcDbEntity
  8
A-ANNO-DIMS-100
100
AcDbLine
 10
38234.74921566458
 20
7819.475627956546
 30
0.0
 11
38474.74921566458
 21
7819.475627956546
 31
0.0
1001
REVIT
1002
{
1070
     1
1000
633299
1002
}
1002
{
1070
     5
1000
358345
1002
}
1002
{
1070
     2
1000
-2000260
1002
}
  0
LINE
  5
552
330
557
100
AcDbEntity
  8
A-ANNO-DIMS-100
100
AcDbLine
 10
38234.74921566458
 20
7819.475627956546
 30
0.0
 11
37994.74921566458
 21
7819.475627956546
 31
0.0
1001
REVIT
1002
{
1070
     1
1000
633299
1002
}
1002
{
1070
     5
1000
358345
1002
}
1002
{
1070
     2
1000
-2000260
1002
}
  0
MTEXT
  5
553
330
557
100
AcDbEntity
  8
A-ANNO-DIMS-100
 62
     0
100
AcDbMText
 10
36761.51954490793
 20
6950.357003373601
 30
0.0
 40
1000.0
 41
1845.884698999072
 46
0.0
 71
     1
 72
     1
  1
20
  7
Arial_3
 11
0.0
 21
1.0
 31
0.0
 73
     2
 44
0.9417779076525876
 90
        3
 63
     9
421
 13158600
 45
1.25
441
        0
1001
REVIT
1002
{
1070
     1
1000
633299
1002
}
1002
{
1070
     5
1000
358345
1002
}
1002
{
1070
     2
1000
-2000260
1002
}
  0
ENDBLK
  5
555
330
557
100
AcDbEntity
  8
0
100
AcDbBlockEnd
  0
BLOCK
  5
570
330
573
100
AcDbEntity
  8
0
100
AcDbBlockBegin
  2
DIMBLOCK17-Level 1
 70
     0
 10
0.0
 20
0.0
 30
0.0
  3
DIMBLOCK17-Level 1
  1

  0
LINE
  5
566
330
573
100
AcDbEntity
  8
A-ANNO-DIMS-100
100
AcDbLine
 10
38234.74921566459
 20
7619.475627956546
 30
0.0
 11
38234.74921566459
 21
619.4756279565616
 31
0.0
1001
REVIT
1002
{
1070
     1
1000
633299
1002
}
1002
{
1070
     5
1000
358345
1002
}
1002
{
1070
     2
1000
-2000260
1002
}
  0
LINE
  5
567
330
573
100
AcDbEntity
  8
A-ANNO-DIMS-100
370
    35
100
AcDbLine
 10
38234.74921566459
 20
619.4756279565618
 30
0.0
 11
38084.74921566459
 21
769.4756279565618
 31
0.0
1001
REVIT
1002
{
1070
     1
1000
633299
1002
}
1002
{
1070
     5
1000
358345
1002
}
1002
{
1070
     2
1000
-2000260
1002
}
  0
LINE
  5
568
330
573
100
AcDbEntity
  8
A-ANNO-DIMS-100
370
    35
100
AcDbLine
 10
38234.74921566459
 20
619.4756279565618
 30
0.0
 11
38384.74921566459
 21
469.4756279565618
 31
0.0
1001
REVIT
1002
{
1070
     1
1000
633299
1002
}
1002
{
1070
     5
1000
358345
1002
}
1002
{
1070
     2
1000
-2000260
1002
}
  0
LINE
  5
569
330
573
100
AcDbEntity
  8
A-ANNO-DIMS-100
100
AcDbLine
 10
38234.74921566458
 20
619.4756279565628
 30
0.0
 11
38474.74921566458
 21
619.4756279565628
 31
0.0
1001
REVIT
1002
{
1070
     1
1000
633299
1002
}
1002
{
1070
     5
1000
358345
1002
}
1002
{
1070
     2
1000
-2000260
1002
}
  0
LINE
  5
56A
330
573
100
AcDbEntity
  8
A-ANNO-DIMS-100
100
AcDbLine
 10
38234.74921566458
 20
619.4756279565628
 30
0.0
 11
37994.74921566458
 21
619.4756279565628
 31
0.0
1001
REVIT
1002
{
1070
     1
1000
633299
1002
}
1002
{
1070
     5
1000
358345
1002
}
1002
{
1070
     2
1000
-2000260
1002
}
  0
LINE
  5
56B
330
573
100
AcDbEntity
  8
A-ANNO-DIMS-100
370
    35
100
AcDbLine
 10
38234.74921566459
 20
7619.475627956546
 30
0.0
 11
38084.74921566459
 21
7769.475627956547
 31
0.0
1001
REVIT
1002
{
1070
     1
1000
633299
1002
}
1002
{
1070
     5
1000
358345
1002
}
1002
{
1070
     2
1000
-2000260
1002
}
  0
LINE
  5
56C
330
573
100
AcDbEntity
  8
A-ANNO-DIMS-100
370
    35
100
AcDbLine
 10
38234.74921566459
 20
7619.475627956546
 30
0.0
 11
38384.74921566459
 21
7469.475627956547
 31
0.0
1001
REVIT
1002
{
1070
     1
1000
633299
1002
}
1002
{
1070
     5
1000
358345
1002
}
1002
{
1070
     2
1000
-2000260
1002
}
  0
LINE
  5
56D
330
573
100
AcDbEntity
  8
A-ANNO-DIMS-100
100
AcDbLine
 10
38234.74921566458
 20
7619.475627956548
 30
0.0
 11
38474.74921566458
 21
7619.475627956548
 31
0.0
1001
REVIT
1002
{
1070
     1
1000
633299
1002
}
1002
{
1070
     5
1000
358345
1002
}
1002
{
1070
     2
1000
-2000260
1002
}
  0
LINE
  5
56E
330
573
100
AcDbEntity
  8
A-ANNO-DIMS-100
100
AcDbLine
 10
38234.74921566458
 20
7619.475627956548
 30
0.0
 11
37994.74921566458
 21
7619.475627956548
 31
0.0
1001
REVIT
1002
{
1070
     1
1000
633299
1002
}
1002
{
1070
     5
1000
358345
1002
}
1002
{
1070
     2
1000
-2000260
1002
}
  0
MTEXT
  5
56F
330
573
100
AcDbEntity
  8
A-ANNO-DIMS-100
 62
     0
100
AcDbMText
 10
36761.51954490793
 20
2965.797691082134
 30
0.0
 40
1000.0
 41
2768.827048498608
 46
0.0
 71
     1
 72
     1
  1
700
  7
Arial_3
 11
0.0
 21
1.0
 31
0.0
 73
     2
 44
0.9417779076525876
 90
        3
 63
     9
421
 13158600
 45
1.25
441
        0
1001
REVIT
1002
{
1070
     1
1000
633299
1002
}
1002
{
1070
     5
1000
358345
1002
}
1002
{
1070
     2
1000
-2000260
1002
}
  0
ENDBLK
  5
571
330
573
100
AcDbEntity
  8
0
100
AcDbBlockEnd
  0
BLOCK
  5
58A
330
58D
100
AcDbEntity
  8
0
100
AcDbBlockBegin
  2
DIMBLOCK18-Level 1
 70
     0
 10
0.0
 20
0.0
 30
0.0
  3
DIMBLOCK18-Level 1
  1

  0
LINE
  5
580
330
58D
100
AcDbEntity
  8
A-ANNO-DIMS-100
100
AcDbLine
 10
38234.74921566459
 20
619.4756279565618
 30
0.0
 11
38234.74921566459
 21
419.4756279565618
 31
0.0
1001
REVIT
1002
{
1070
     1
1000
633299
1002
}
1002
{
1070
     5
1000
358345
1002
}
1002
{
1070
     2
1000
-2000260
1002
}
  0
LINE
  5
581
330
58D
100
AcDbEntity
  8
A-ANNO-DIMS-100
370
    35
100
AcDbLine
 10
38234.74921566459
 20
419.4756279565618
 30
0.0
 11
38084.74921566459
 21
569.475627956562
 31
0.0
1001
REVIT
1002
{
1070
     1
1000
633299
1002
}
1002
{
1070
     5
1000
358345
1002
}
1002
{
1070
     2
1000
-2000260
1002
}
  0
LINE
  5
582
330
58D
100
AcDbEntity
  8
A-ANNO-DIMS-100
370
    35
100
AcDbLine
 10
38234.74921566459
 20
419.4756279565618
 30
0.0
 11
38384.74921566459
 21
269.4756279565618
 31
0.0
1001
REVIT
1002
{
1070
     1
1000
633299
1002
}
1002
{
1070
     5
1000
358345
1002
}
1002
{
1070
     2
1000
-2000260
1002
}
  0
LINE
  5
583
330
58D
100
AcDbEntity
  8
A-ANNO-DIMS-100
100
AcDbLine
 10
38234.74921566458
 20
419.4756279565627
 30
0.0
 11
38474.74921566458
 21
419.4756279565627
 31
0.0
1001
REVIT
1002
{
1070
     1
1000
633299
1002
}
1002
{
1070
     5
1000
358345
1002
}
1002
{
1070
     2
1000
-2000260
1002
}
  0
LINE
  5
584
330
58D
100
AcDbEntity
  8
A-ANNO-DIMS-100
100
AcDbLine
 10
38234.74921566458
 20
419.4756279565627
 30
0.0
 11
37994.74921566458
 21
419.4756279565627
 31
0.0
1001
REVIT
1002
{
1070
     1
1000
633299
1002
}
1002
{
1070
     5
1000
358345
1002
}
1002
{
1070
     2
1000
-2000260
1002
}
  0
LINE
  5
585
330
58D
100
AcDbEntity
  8
A-ANNO-DIMS-100
370
    35
100
AcDbLine
 10
38234.74921566459
 20
619.4756279565618
 30
0.0
 11
38084.74921566459
 21
769.4756279565618
 31
0.0
1001
REVIT
1002
{
1070
     1
1000
633299
1002
}
1002
{
1070
     5
1000
358345
1002
}
1002
{
1070
     2
1000
-2000260
1002
}
  0
LINE
  5
586
330
58D
100
AcDbEntity
  8
A-ANNO-DIMS-100
370
    35
100
AcDbLine
 10
38234.74921566459
 20
619.4756279565618
 30
0.0
 11
38384.74921566459
 21
469.4756279565618
 31
0.0
1001
REVIT
1002
{
1070
     1
1000
633299
1002
}
1002
{
1070
     5
1000
358345
1002
}
1002
{
1070
     2
1000
-2000260
1002
}
  0
LINE
  5
587
330
58D
100
AcDbEntity
  8
A-ANNO-DIMS-100
100
AcDbLine
 10
38234.74921566458
 20
619.4756279565628
 30
0.0
 11
38474.74921566458
 21
619.4756279565628
 31
0.0
1001
REVIT
1002
{
1070
     1
1000
633299
1002
}
1002
{
1070
     5
1000
358345
1002
}
1002
{
1070
     2
1000
-2000260
1002
}
  0
LINE
  5
588
330
58D
100
AcDbEntity
  8
A-ANNO-DIMS-100
100
AcDbLine
 10
38234.74921566458
 20
619.4756279565628
 30
0.0
 11
37994.74921566458
 21
619.4756279565628
 31
0.0
1001
REVIT
1002
{
1070
     1
1000
633299
1002
}
1002
{
1070
     5
1000
358345
1002
}
1002
{
1070
     2
1000
-2000260
1002
}
  0
MTEXT
  5
589
330
58D
100
AcDbEntity
  8
A-ANNO-DIMS-100
 62
     0
100
AcDbMText
 10
36761.51954490793
 20
-249.6429966263848
 30
0.0
 40
1000.0
 41
1845.884698999072
 46
0.0
 71
     1
 72
     1
  1
20
  7
Arial_3
 11
0.0
 21
1.0
 31
0.0
 73
     2
 44
0.9417779076525876
 90
        3
 63
     9
421
 13158600
 45
1.25
441
        0
1001
REVIT
1002
{
1070
     1
1000
633299
1002
}
1002
{
1070
     5
1000
358345
1002
}
1002
{
1070
     2
1000
-2000260
1002
}
  0
ENDBLK
  5
58B
330
58D
100
AcDbEntity
  8
0
100
AcDbBlockEnd
  0
BLOCK
  5
5A6
330
5A9
100
AcDbEntity
  8
0
100
AcDbBlockBegin
  2
DIMBLOCK19-Level 1
 70
     0
 10
0.0
 20
0.0
 30
0.0
  3
DIMBLOCK19-Level 1
  1

  0
LINE
  5
59C
330
5A9
100
AcDbEntity
  8
A-ANNO-DIMS-100
100
AcDbLine
 10
38234.74921566459
 20
419.4756279565618
 30
0.0
 11
38234.74921566459
 21
-5760.009811932443
 31
0.0
1001
REVIT
1002
{
1070
     1
1000
633299
1002
}
1002
{
1070
     5
1000
358345
1002
}
1002
{
1070
     2
1000
-2000260
1002
}
  0
LINE
  5
59D
330
5A9
100
AcDbEntity
  8
A-ANNO-DIMS-100
370
    35
100
AcDbLine
 10
38234.74921566459
 20
-5760.009811932443
 30
0.0
 11
38084.74921566459
 21
-5610.009811932442
 31
0.0
1001
REVIT
1002
{
1070
     1
1000
633299
1002
}
1002
{
1070
     5
1000
358345
1002
}
1002
{
1070
     2
1000
-2000260
1002
}
  0
LINE
  5
59E
330
5A9
100
AcDbEntity
  8
A-ANNO-DIMS-100
370
    35
100
AcDbLine
 10
38234.74921566459
 20
-5760.009811932443
 30
0.0
 11
38384.74921566459
 21
-5910.009811932444
 31
0.0
1001
REVIT
1002
{
1070
     1
1000
633299
1002
}
1002
{
1070
     5
1000
358345
1002
}
1002
{
1070
     2
1000
-2000260
1002
}
  0
LINE
  5
59F
330
5A9
100
AcDbEntity
  8
A-ANNO-DIMS-100
100
AcDbLine
 10
38234.74921566458
 20
-5760.009811932442
 30
0.0
 11
38474.74921566458
 21
-5760.009811932442
 31
0.0
1001
REVIT
1002
{
1070
     1
1000
633299
1002
}
1002
{
1070
     5
1000
358345
1002
}
1002
{
1070
     2
1000
-2000260
1002
}
  0
LINE
  5
5A0
330
5A9
100
AcDbEntity
  8
A-ANNO-DIMS-100
100
AcDbLine
 10
38234.74921566458
 20
-5760.009811932442
 30
0.0
 11
37994.74921566458
 21
-5760.009811932442
 31
0.0
1001
REVIT
1002
{
1070
     1
1000
633299
1002
}
1002
{
1070
     5
1000
358345
1002
}
1002
{
1070
     2
1000
-2000260
1002
}
  0
LINE
  5
5A1
330
5A9
100
AcDbEntity
  8
A-ANNO-DIMS-100
370
    35
100
AcDbLine
 10
38234.74921566459
 20
419.4756279565618
 30
0.0
 11
38084.74921566459
 21
569.475627956562
 31
0.0
1001
REVIT
1002
{
1070
     1
1000
633299
1002
}
1002
{
1070
     5
1000
358345
1002
}
1002
{
1070
     2
1000
-2000260
1002
}
  0
LINE
  5
5A2
330
5A9
100
AcDbEntity
  8
A-ANNO-DIMS-100
370
    35
100
AcDbLine
 10
38234.74921566459
 20
419.4756279565618
 30
0.0
 11
38384.74921566459
 21
269.4756279565618
 31
0.0
1001
REVIT
1002
{
1070
     1
1000
633299
1002
}
1002
{
1070
     5
1000
358345
1002
}
1002
{
1070
     2
1000
-2000260
1002
}
  0
LINE
  5
5A3
330
5A9
100
AcDbEntity
  8
A-ANNO-DIMS-100
100
AcDbLine
 10
38234.74921566458
 20
419.4756279565627
 30
0.0
 11
38474.74921566458
 21
419.4756279565627
 31
0.0
1001
REVIT
1002
{
1070
     1
1000
633299
1002
}
1002
{
1070
     5
1000
358345
1002
}
1002
{
1070
     2
1000
-2000260
1002
}
  0
LINE
  5
5A4
330
5A9
100
AcDbEntity
  8
A-ANNO-DIMS-100
100
AcDbLine
 10
38234.74921566458
 20
419.4756279565627
 30
0.0
 11
37994.74921566458
 21
419.4756279565627
 31
0.0
1001
REVIT
1002
{
1070
     1
1000
633299
1002
}
1002
{
1070
     5
1000
358345
1002
}
1002
{
1070
     2
1000
-2000260
1002
}
  0
MTEXT
  5
5A5
330
5A9
100
AcDbEntity
  8
A-ANNO-DIMS-100
 62
     0
100
AcDbMText
 10
36761.51954490793
 20
-3823.945028862361
 30
0.0
 40
1000.0
 41
2768.827048498608
 46
0.0
 71
     1
 72
     1
  1
618
  7
Arial_3
 11
0.0
 21
1.0
 31
0.0
 73
     2
 44
0.9417779076525876
 90
        3
 63
     9
421
 13158600
 45
1.25
441
        0
1001
REVIT
1002
{
1070
     1
1000
633299
1002
}
1002
{
1070
     5
1000
358345
1002
}
1002
{
1070
     2
1000
-2000260
1002
}
  0
ENDBLK
  5
5A7
330
5A9
100
AcDbEntity
  8
0
100
AcDbBlockEnd
  0
BLOCK
  5
5C0
330
5C3
100
AcDbEntity
  8
0
100
AcDbBlockBegin
  2
DIMBLOCK20-Level 1
 70
     0
 10
0.0
 20
0.0
 30
0.0
  3
DIMBLOCK20-Level 1
  1

  0
LINE
  5
5B6
330
5C3
100
AcDbEntity
  8
A-ANNO-DIMS-100
100
AcDbLine
 10
38234.74921566459
 20
-5760.009811932443
 30
0.0
 11
38234.74921566459
 21
-5960.009811932443
 31
0.0
1001
REVIT
1002
{
1070
     1
1000
633299
1002
}
1002
{
1070
     5
1000
358345
1002
}
1002
{
1070
     2
1000
-2000260
1002
}
  0
LINE
  5
5B7
330
5C3
100
AcDbEntity
  8
A-ANNO-DIMS-100
370
    35
100
AcDbLine
 10
38234.74921566459
 20
-5960.009811932443
 30
0.0
 11
38084.74921566459
 21
-5810.009811932443
 31
0.0
1001
REVIT
1002
{
1070
     1
1000
633299
1002
}
1002
{
1070
     5
1000
358345
1002
}
1002
{
1070
     2
1000
-2000260
1002
}
  0
LINE
  5
5B8
330
5C3
100
AcDbEntity
  8
A-ANNO-DIMS-100
370
    35
100
AcDbLine
 10
38234.74921566459
 20
-5960.009811932443
 30
0.0
 11
38384.74921566459
 21
-6110.009811932444
 31
0.0
1001
REVIT
1002
{
1070
     1
1000
633299
1002
}
1002
{
1070
     5
1000
358345
1002
}
1002
{
1070
     2
1000
-2000260
1002
}
  0
LINE
  5
5B9
330
5C3
100
AcDbEntity
  8
A-ANNO-DIMS-100
100
AcDbLine
 10
38234.74921566458
 20
-5960.009811932442
 30
0.0
 11
38474.74921566458
 21
-5960.009811932442
 31
0.0
1001
REVIT
1002
{
1070
     1
1000
633299
1002
}
1002
{
1070
     5
1000
358345
1002
}
1002
{
1070
     2
1000
-2000260
1002
}
  0
LINE
  5
5BA
330
5C3
100
AcDbEntity
  8
A-ANNO-DIMS-100
100
AcDbLine
 10
38234.74921566458
 20
-5960.009811932442
 30
0.0
 11
37994.74921566458
 21
-5960.009811932442
 31
0.0
1001
REVIT
1002
{
1070
     1
1000
633299
1002
}
1002
{
1070
     5
1000
358345
1002
}
1002
{
1070
     2
1000
-2000260
1002
}
  0
LINE
  5
5BB
330
5C3
100
AcDbEntity
  8
A-ANNO-DIMS-100
370
    35
100
AcDbLine
 10
38234.74921566459
 20
-5760.009811932443
 30
0.0
 11
38084.74921566459
 21
-5610.009811932442
 31
0.0
1001
REVIT
1002
{
1070
     1
1000
633299
1002
}
1002
{
1070
     5
1000
358345
1002
}
1002
{
1070
     2
1000
-2000260
1002
}
  0
LINE
  5
5BC
330
5C3
100
AcDbEntity
  8
A-ANNO-DIMS-100
370
    35
100
AcDbLine
 10
38234.74921566459
 20
-5760.009811932443
 30
0.0
 11
38384.74921566459
 21
-5910.009811932444
 31
0.0
1001
REVIT
1002
{
1070
     1
1000
633299
1002
}
1002
{
1070
     5
1000
358345
1002
}
1002
{
1070
     2
1000
-2000260
1002
}
  0
LINE
  5
5BD
330
5C3
100
AcDbEntity
  8
A-ANNO-DIMS-100
100
AcDbLine
 10
38234.74921566458
 20
-5760.009811932442
 30
0.0
 11
38474.74921566458
 21
-5760.009811932442
 31
0.0
1001
REVIT
1002
{
1070
     1
1000
633299
1002
}
1002
{
1070
     5
1000
358345
1002
}
1002
{
1070
     2
1000
-2000260
1002
}
  0
LINE
  5
5BE
330
5C3
100
AcDbEntity
  8
A-ANNO-DIMS-100
100
AcDbLine
 10
38234.74921566458
 20
-5760.009811932442
 30
0.0
 11
37994.74921566458
 21
-5760.009811932442
 31
0.0
1001
REVIT
1002
{
1070
     1
1000
633299
1002
}
1002
{
1070
     5
1000
358345
1002
}
1002
{
1070
     2
1000
-2000260
1002
}
  0
MTEXT
  5
5BF
330
5C3
100
AcDbEntity
  8
A-ANNO-DIMS-100
 62
     0
100
AcDbMText
 10
36761.51954490793
 20
-6629.12843651539
 30
0.0
 40
1000.0
 41
1845.884698999072
 46
0.0
 71
     1
 72
     1
  1
20
  7
Arial_3
 11
0.0
 21
1.0
 31
0.0
 73
     2
 44
0.9417779076525876
 90
        3
 63
     9
421
 13158600
 45
1.25
441
        0
1001
REVIT
1002
{
1070
     1
1000
633299
1002
}
1002
{
1070
     5
1000
358345
1002
}
1002
{
1070
     2
1000
-2000260
1002
}
  0
ENDBLK
  5
5C1
330
5C3
100
AcDbEntity
  8
0
100
AcDbBlockEnd
  0
BLOCK
  5
5DC
330
5DF
100
AcDbEntity
  8
0
100
AcDbBlockBegin
  2
DIMBLOCK21-Level 1
 70
     0
 10
0.0
 20
0.0
 30
0.0
  3
DIMBLOCK21-Level 1
  1

  0
LINE
  5
5D2
330
5DF
100
AcDbEntity
  8
A-ANNO-DIMS-100
100
AcDbLine
 10
38234.74921566459
 20
-5960.009811932443
 30
0.0
 11
38234.74921566459
 21
-12836.69078347321
 31
0.0
1001
REVIT
1002
{
1070
     1
1000
633299
1002
}
1002
{
1070
     5
1000
358345
1002
}
1002
{
1070
     2
1000
-2000260
1002
}
  0
LINE
  5
5D3
330
5DF
100
AcDbEntity
  8
A-ANNO-DIMS-100
370
    35
100
AcDbLine
 10
38234.74921566459
 20
-12836.69078347321
 30
0.0
 11
38084.74921566459
 21
-12686.69078347321
 31
0.0
1001
REVIT
1002
{
1070
     1
1000
633299
1002
}
1002
{
1070
     5
1000
358345
1002
}
1002
{
1070
     2
1000
-2000260
1002
}
  0
LINE
  5
5D4
330
5DF
100
AcDbEntity
  8
A-ANNO-DIMS-100
370
    35
100
AcDbLine
 10
38234.74921566459
 20
-12836.69078347321
 30
0.0
 11
38384.74921566459
 21
-12986.69078347321
 31
0.0
1001
REVIT
1002
{
1070
     1
1000
633299
1002
}
1002
{
1070
     5
1000
358345
1002
}
1002
{
1070
     2
1000
-2000260
1002
}
  0
LINE
  5
5D5
330
5DF
100
AcDbEntity
  8
A-ANNO-DIMS-100
100
AcDbLine
 10
38234.74921566458
 20
-12836.69078347321
 30
0.0
 11
38474.74921566458
 21
-12836.69078347321
 31
0.0
1001
REVIT
1002
{
1070
     1
1000
633299
1002
}
1002
{
1070
     5
1000
358345
1002
}
1002
{
1070
     2
1000
-2000260
1002
}
  0
LINE
  5
5D6
330
5DF
100
AcDbEntity
  8
A-ANNO-DIMS-100
100
AcDbLine
 10
38234.74921566458
 20
-12836.69078347321
 30
0.0
 11
37994.74921566458
 21
-12836.69078347321
 31
0.0
1001
REVIT
1002
{
1070
     1
1000
633299
1002
}
1002
{
1070
     5
1000
358345
1002
}
1002
{
1070
     2
1000
-2000260
1002
}
  0
LINE
  5
5D7
330
5DF
100
AcDbEntity
  8
A-ANNO-DIMS-100
370
    35
100
AcDbLine
 10
38234.74921566459
 20
-5960.009811932443
 30
0.0
 11
38084.74921566459
 21
-5810.009811932443
 31
0.0
1001
REVIT
1002
{
1070
     1
1000
633299
1002
}
1002
{
1070
     5
1000
358345
1002
}
1002
{
1070
     2
1000
-2000260
1002
}
  0
LINE
  5
5D8
330
5DF
100
AcDbEntity
  8
A-ANNO-DIMS-100
370
    35
100
AcDbLine
 10
38234.74921566459
 20
-5960.009811932443
 30
0.0
 11
38384.74921566459
 21
-6110.009811932444
 31
0.0
1001
REVIT
1002
{
1070
     1
1000
633299
1002
}
1002
{
1070
     5
1000
358345
1002
}
1002
{
1070
     2
1000
-2000260
1002
}
  0
LINE
  5
5D9
330
5DF
100
AcDbEntity
  8
A-ANNO-DIMS-100
100
AcDbLine
 10
38234.74921566458
 20
-5960.009811932442
 30
0.0
 11
38474.74921566458
 21
-5960.009811932442
 31
0.0
1001
REVIT
1002
{
1070
     1
1000
633299
1002
}
1002
{
1070
     5
1000
358345
1002
}
1002
{
1070
     2
1000
-2000260
1002
}
  0
LINE
  5
5DA
330
5DF
100
AcDbEntity
  8
A-ANNO-DIMS-100
100
AcDbLine
 10
38234.74921566458
 20
-5960.009811932442
 30
0.0
 11
37994.74921566458
 21
-5960.009811932442
 31
0.0
1001
REVIT
1002
{
1070
     1
1000
633299
1002
}
1002
{
1070
     5
1000
358345
1002
}
1002
{
1070
     2
1000
-2000260
1002
}
  0
MTEXT
  5
5DB
330
5DF
100
AcDbEntity
  8
A-ANNO-DIMS-100
 62
     0
100
AcDbMText
 10
36761.51954490793
 20
-10552.02823457725
 30
0.0
 40
1000.0
 41
2768.827048498608
 46
0.0
 71
     1
 72
     1
  1
688
  7
Arial_3
 11
0.0
 21
1.0
 31
0.0
 73
     2
 44
0.9417779076525876
 90
        3
 63
     9
421
 13158600
 45
1.25
441
        0
1001
REVIT
1002
{
1070
     1
1000
633299
1002
}
1002
{
1070
     5
1000
358345
1002
}
1002
{
1070
     2
1000
-2000260
1002
}
  0
ENDBLK
  5
5DD
330
5DF
100
AcDbEntity
  8
0
100
AcDbBlockEnd
  0
BLOCK
  5
5F6
330
5F9
100
AcDbEntity
  8
0
100
AcDbBlockBegin
  2
DIMBLOCK22-Level 1
 70
     0
 10
0.0
 20
0.0
 30
0.0
  3
DIMBLOCK22-Level 1
  1

  0
LINE
  5
5EC
330
5F9
100
AcDbEntity
  8
A-ANNO-DIMS-100
100
AcDbLine
 10
38234.74921566459
 20
-12836.69078347321
 30
0.0
 11
38234.74921566459
 21
-13276.69078347321
 31
0.0
1001
REVIT
1002
{
1070
     1
1000
633299
1002
}
1002
{
1070
     5
1000
358345
1002
}
1002
{
1070
     2
1000
-2000260
1002
}
  0
LINE
  5
5ED
330
5F9
100
AcDbEntity
  8
A-ANNO-DIMS-100
370
    35
100
AcDbLine
 10
38234.74921566459
 20
-13036.69078347321
 30
0.0
 11
38084.74921566459
 21
-12886.69078347321
 31
0.0
1001
REVIT
1002
{
1070
     1
1000
633299
1002
}
1002
{
1070
     5
1000
358345
1002
}
1002
{
1070
     2
1000
-2000260
1002
}
  0
LINE
  5
5EE
330
5F9
100
AcDbEntity
  8
A-ANNO-DIMS-100
370
    35
100
AcDbLine
 10
38234.74921566459
 20
-13036.69078347321
 30
0.0
 11
38384.74921566459
 21
-13186.69078347321
 31
0.0
1001
REVIT
1002
{
1070
     1
1000
633299
1002
}
1002
{
1070
     5
1000
358345
1002
}
1002
{
1070
     2
1000
-2000260
1002
}
  0
LINE
  5
5EF
330
5F9
100
AcDbEntity
  8
A-ANNO-DIMS-100
100
AcDbLine
 10
38234.74921566458
 20
-13036.69078347321
 30
0.0
 11
38474.74921566458
 21
-13036.69078347321
 31
0.0
1001
REVIT
1002
{
1070
     1
1000
633299
1002
}
1002
{
1070
     5
1000
358345
1002
}
1002
{
1070
     2
1000
-2000260
1002
}
  0
LINE
  5
5F0
330
5F9
100
AcDbEntity
  8
A-ANNO-DIMS-100
100
AcDbLine
 10
38234.74921566458
 20
-13036.69078347321
 30
0.0
 11
37994.74921566458
 21
-13036.69078347321
 31
0.0
1001
REVIT
1002
{
1070
     1
1000
633299
1002
}
1002
{
1070
     5
1000
358345
1002
}
1002
{
1070
     2
1000
-2000260
1002
}
  0
LINE
  5
5F1
330
5F9
100
AcDbEntity
  8
A-ANNO-DIMS-100
370
    35
100
AcDbLine
 10
38234.74921566459
 20
-12836.69078347321
 30
0.0
 11
38084.74921566459
 21
-12686.69078347321
 31
0.0
1001
REVIT
1002
{
1070
     1
1000
633299
1002
}
1002
{
1070
     5
1000
358345
1002
}
1002
{
1070
     2
1000
-2000260
1002
}
  0
LINE
  5
5F2
330
5F9
100
AcDbEntity
  8
A-ANNO-DIMS-100
370
    35
100
AcDbLine
 10
38234.74921566459
 20
-12836.69078347321
 30
0.0
 11
38384.74921566459
 21
-12986.69078347321
 31
0.0
1001
REVIT
1002
{
1070
     1
1000
633299
1002
}
1002
{
1070
     5
1000
358345
1002
}
1002
{
1070
     2
1000
-2000260
1002
}
  0
LINE
  5
5F3
330
5F9
100
AcDbEntity
  8
A-ANNO-DIMS-100
100
AcDbLine
 10
38234.74921566458
 20
-12836.69078347321
 30
0.0
 11
38474.74921566458
 21
-12836.69078347321
 31
0.0
1001
REVIT
1002
{
1070
     1
1000
633299
1002
}
1002
{
1070
     5
1000
358345
1002
}
1002
{
1070
     2
1000
-2000260
1002
}
  0
LINE
  5
5F4
330
5F9
100
AcDbEntity
  8
A-ANNO-DIMS-100
100
AcDbLine
 10
38234.74921566458
 20
-12836.69078347321
 30
0.0
 11
37994.74921566458
 21
-12836.69078347321
 31
0.0
1001
REVIT
1002
{
1070
     1
1000
633299
1002
}
1002
{
1070
     5
1000
358345
1002
}
1002
{
1070
     2
1000
-2000260
1002
}
  0
MTEXT
  5
5F5
330
5F9
100
AcDbEntity
  8
A-ANNO-DIMS-100
 62
     0
100
AcDbMText
 10
36761.51954490793
 20
-13705.80940805616
 30
0.0
 40
1000.0
 41
1845.884698999072
 46
0.0
 71
     1
 72
     1
  1
20
  7
Arial_3
 11
0.0
 21
1.0
 31
0.0
 73
     2
 44
0.9417779076525876
 90
        3
 63
     9
421
 13158600
 45
1.25
441
        0
1001
REVIT
1002
{
1070
     1
1000
633299
1002
}
1002
{
1070
     5
1000
358345
1002
}
1002
{
1070
     2
1000
-2000260
1002
}
  0
ENDBLK
  5
5F7
330
5F9
100
AcDbEntity
  8
0
100
AcDbBlockEnd
  0
BLOCK
  5
612
330
615
100
AcDbEntity
  8
0
100
AcDbBlockBegin
  2
DIMBLOCK23-Level 1
 70
     0
 10
0.0
 20
0.0
 30
0.0
  3
DIMBLOCK23-Level 1
  1

  0
LINE
  5
608
330
615
100
AcDbEntity
  8
A-ANNO-DIMS-100
100
AcDbLine
 10
4603.716006985619
 20
-19631.96639430382
 30
0.0
 11
5043.716006985619
 21
-19631.96639430382
 31
0.0
1001
REVIT
1002
{
1070
     1
1000
633331
1002
}
1002
{
1070
     5
1000
358345
1002
}
1002
{
1070
     2
1000
-2000260
1002
}
  0
LINE
  5
609
330
615
100
AcDbEntity
  8
A-ANNO-DIMS-100
370
    35
100
AcDbLine
 10
5043.716006985619
 20
-19631.96639430382
 30
0.0
 11
4893.716006985618
 21
-19781.96639430382
 31
0.0
1001
REVIT
1002
{
1070
     1
1000
633331
1002
}
1002
{
1070
     5
1000
358345
1002
}
1002
{
1070
     2
1000
-2000260
1002
}
  0
LINE
  5
60A
330
615
100
AcDbEntity
  8
A-ANNO-DIMS-100
370
    35
100
AcDbLine
 10
5043.716006985619
 20
-19631.96639430382
 30
0.0
 11
5193.716006985619
 21
-19481.96639430382
 31
0.0
1001
REVIT
1002
{
1070
     1
1000
633331
1002
}
1002
{
1070
     5
1000
358345
1002
}
1002
{
1070
     2
1000
-2000260
1002
}
  0
LINE
  5
60B
330
615
100
AcDbEntity
  8
A-ANNO-DIMS-100
100
AcDbLine
 10
5043.716006985619
 20
-19631.96639430382
 30
0.0
 11
5043.716006985619
 21
-19871.96639430382
 31
0.0
1001
REVIT
1002
{
1070
     1
1000
633331
1002
}
1002
{
1070
     5
1000
358345
1002
}
1002
{
1070
     2
1000
-2000260
1002
}
  0
LINE
  5
60C
330
615
100
AcDbEntity
  8
A-ANNO-DIMS-100
100
AcDbLine
 10
5043.716006985619
 20
-19631.96639430382
 30
0.0
 11
5043.716006985619
 21
-19391.96639430382
 31
0.0
1001
REVIT
1002
{
1070
     1
1000
633331
1002
}
1002
{
1070
     5
1000
358345
1002
}
1002
{
1070
     2
1000
-2000260
1002
}
  0
LINE
  5
60D
330
615
100
AcDbEntity
  8
A-ANNO-DIMS-100
370
    35
100
AcDbLine
 10
4843.716006985618
 20
-19631.96639430382
 30
0.0
 11
4693.716006985618
 21
-19781.96639430382
 31
0.0
1001
REVIT
1002
{
1070
     1
1000
633331
1002
}
1002
{
1070
     5
1000
358345
1002
}
1002
{
1070
     2
1000
-2000260
1002
}
  0
LINE
  5
60E
330
615
100
AcDbEntity
  8
A-ANNO-DIMS-100
370
    35
100
AcDbLine
 10
4843.716006985618
 20
-19631.96639430382
 30
0.0
 11
4993.716006985619
 21
-19481.96639430382
 31
0.0
1001
REVIT
1002
{
1070
     1
1000
633331
1002
}
1002
{
1070
     5
1000
358345
1002
}
1002
{
1070
     2
1000
-2000260
1002
}
  0
LINE
  5
60F
330
615
100
AcDbEntity
  8
A-ANNO-DIMS-100
100
AcDbLine
 10
4843.716006985617
 20
-19631.96639430382
 30
0.0
 11
4843.716006985617
 21
-19871.96639430382
 31
0.0
1001
REVIT
1002
{
1070
     1
1000
633331
1002
}
1002
{
1070
     5
1000
358345
1002
}
1002
{
1070
     2
1000
-2000260
1002
}
  0
LINE
  5
610
330
615
100
AcDbEntity
  8
A-ANNO-DIMS-100
100
AcDbLine
 10
4843.716006985617
 20
-19631.96639430382
 30
0.0
 11
4843.716006985617
 21
-19391.96639430382
 31
0.0
1001
REVIT
1002
{
1070
     1
1000
633331
1002
}
1002
{
1070
     5
1000
358345
1002
}
1002
{
1070
     2
1000
-2000260
1002
}
  0
MTEXT
  5
611
330
615
100
AcDbEntity
  8
A-ANNO-DIMS-100
 62
     0
100
AcDbMText
 10
4174.597382402671
 20
-18158.73672354717
 30
0.0
 40
1000.0
 41
1845.884698999072
 46
0.0
 71
     1
 72
     1
  1
20
  7
Arial_3
 73
     2
 44
0.9417779076525876
 90
        3
 63
     9
421
 13158600
 45
1.25
441
        0
1001
REVIT
1002
{
1070
     1
1000
633331
1002
}
1002
{
1070
     5
1000
358345
1002
}
1002
{
1070
     2
1000
-2000260
1002
}
  0
ENDBLK
  5
613
330
615
100
AcDbEntity
  8
0
100
AcDbBlockEnd
  0
BLOCK
  5
62E
330
631
100
AcDbEntity
  8
0
100
AcDbBlockBegin
  2
DIMBLOCK24-Level 1
 70
     0
 10
0.0
 20
0.0
 30
0.0
  3
DIMBLOCK24-Level 1
  1

  0
LINE
  5
624
330
631
100
AcDbEntity
  8
A-ANNO-DIMS-100
100
AcDbLine
 10
5043.716006985619
 20
-19631.96639430382
 30
0.0
 11
12159.8363370141
 21
-19631.96639430382
 31
0.0
1001
REVIT
1002
{
1070
     1
1000
633331
1002
}
1002
{
1070
     5
1000
358345
1002
}
1002
{
1070
     2
1000
-2000260
1002
}
  0
LINE
  5
625
330
631
100
AcDbEntity
  8
A-ANNO-DIMS-100
370
    35
100
AcDbLine
 10
12159.8363370141
 20
-19631.96639430382
 30
0.0
 11
12009.8363370141
 21
-19781.96639430382
 31
0.0
1001
REVIT
1002
{
1070
     1
1000
633331
1002
}
1002
{
1070
     5
1000
358345
1002
}
1002
{
1070
     2
1000
-2000260
1002
}
  0
LINE
  5
626
330
631
100
AcDbEntity
  8
A-ANNO-DIMS-100
370
    35
100
AcDbLine
 10
12159.8363370141
 20
-19631.96639430382
 30
0.0
 11
12309.8363370141
 21
-19481.96639430382
 31
0.0
1001
REVIT
1002
{
1070
     1
1000
633331
1002
}
1002
{
1070
     5
1000
358345
1002
}
1002
{
1070
     2
1000
-2000260
1002
}
  0
LINE
  5
627
330
631
100
AcDbEntity
  8
A-ANNO-DIMS-100
100
AcDbLine
 10
12159.8363370141
 20
-19631.96639430382
 30
0.0
 11
12159.8363370141
 21
-19871.96639430382
 31
0.0
1001
REVIT
1002
{
1070
     1
1000
633331
1002
}
1002
{
1070
     5
1000
358345
1002
}
1002
{
1070
     2
1000
-2000260
1002
}
  0
LINE
  5
628
330
631
100
AcDbEntity
  8
A-ANNO-DIMS-100
100
AcDbLine
 10
12159.8363370141
 20
-19631.96639430382
 30
0.0
 11
12159.8363370141
 21
-19391.96639430382
 31
0.0
1001
REVIT
1002
{
1070
     1
1000
633331
1002
}
1002
{
1070
     5
1000
358345
1002
}
1002
{
1070
     2
1000
-2000260
1002
}
  0
LINE
  5
629
330
631
100
AcDbEntity
  8
A-ANNO-DIMS-100
370
    35
100
AcDbLine
 10
5043.716006985619
 20
-19631.96639430382
 30
0.0
 11
4893.716006985618
 21
-19781.96639430382
 31
0.0
1001
REVIT
1002
{
1070
     1
1000
633331
1002
}
1002
{
1070
     5
1000
358345
1002
}
1002
{
1070
     2
1000
-2000260
1002
}
  0
LINE
  5
62A
330
631
100
AcDbEntity
  8
A-ANNO-DIMS-100
370
    35
100
AcDbLine
 10
5043.716006985619
 20
-19631.96639430382
 30
0.0
 11
5193.716006985619
 21
-19481.96639430382
 31
0.0
1001
REVIT
1002
{
1070
     1
1000
633331
1002
}
1002
{
1070
     5
1000
358345
1002
}
1002
{
1070
     2
1000
-2000260
1002
}
  0
LINE
  5
62B
330
631
100
AcDbEntity
  8
A-ANNO-DIMS-100
100
AcDbLine
 10
5043.716006985619
 20
-19631.96639430382
 30
0.0
 11
5043.716006985619
 21
-19871.96639430382
 31
0.0
1001
REVIT
1002
{
1070
     1
1000
633331
1002
}
1002
{
1070
     5
1000
358345
1002
}
1002
{
1070
     2
1000
-2000260
1002
}
  0
LINE
  5
62C
330
631
100
AcDbEntity
  8
A-ANNO-DIMS-100
100
AcDbLine
 10
5043.716006985619
 20
-19631.96639430382
 30
0.0
 11
5043.716006985619
 21
-19391.96639430382
 31
0.0
1001
REVIT
1002
{
1070
     1
1000
633331
1002
}
1002
{
1070
     5
1000
358345
1002
}
1002
{
1070
     2
1000
-2000260
1002
}
  0
MTEXT
  5
62D
330
631
100
AcDbEntity
  8
A-ANNO-DIMS-100
 62
     0
100
AcDbMText
 10
7448.098235125441
 20
-18158.73672354717
 30
0.0
 40
1000.0
 41
2768.827048498608
 46
0.0
 71
     1
 72
     1
  1
712
  7
Arial_3
 73
     2
 44
0.9417779076525876
 90
        3
 63
     9
421
 13158600
 45
1.25
441
        0
1001
REVIT
1002
{
1070
     1
1000
633331
1002
}
1002
{
1070
     5
1000
358345
1002
}
1002
{
1070
     2
1000
-2000260
1002
}
  0
ENDBLK
  5
62F
330
631
100
AcDbEntity
  8
0
100
AcDbBlockEnd
  0
BLOCK
  5
648
330
64B
100
AcDbEntity
  8
0
100
AcDbBlockBegin
  2
DIMBLOCK25-Level 1
 70
     0
 10
0.0
 20
0.0
 30
0.0
  3
DIMBLOCK25-Level 1
  1

  0
LINE
  5
63E
330
64B
100
AcDbEntity
  8
A-ANNO-DIMS-100
100
AcDbLine
 10
12159.8363370141
 20
-19631.96639430382
 30
0.0
 11
12359.8363370141
 21
-19631.96639430382
 31
0.0
1001
REVIT
1002
{
1070
     1
1000
633331
1002
}
1002
{
1070
     5
1000
358345
1002
}
1002
{
1070
     2
1000
-2000260
1002
}
  0
LINE
  5
63F
330
64B
100
AcDbEntity
  8
A-ANNO-DIMS-100
370
    35
100
AcDbLine
 10
12359.8363370141
 20
-19631.96639430382
 30
0.0
 11
12209.8363370141
 21
-19781.96639430382
 31
0.0
1001
REVIT
1002
{
1070
     1
1000
633331
1002
}
1002
{
1070
     5
1000
358345
1002
}
1002
{
1070
     2
1000
-2000260
1002
}
  0
LINE
  5
640
330
64B
100
AcDbEntity
  8
A-ANNO-DIMS-100
370
    35
100
AcDbLine
 10
12359.8363370141
 20
-19631.96639430382
 30
0.0
 11
12509.8363370141
 21
-19481.96639430382
 31
0.0
1001
REVIT
1002
{
1070
     1
1000
633331
1002
}
1002
{
1070
     5
1000
358345
1002
}
1002
{
1070
     2
1000
-2000260
1002
}
  0
LINE
  5
641
330
64B
100
AcDbEntity
  8
A-ANNO-DIMS-100
100
AcDbLine
 10
12359.8363370141
 20
-19631.96639430382
 30
0.0
 11
12359.8363370141
 21
-19871.96639430382
 31
0.0
1001
REVIT
1002
{
1070
     1
1000
633331
1002
}
1002
{
1070
     5
1000
358345
1002
}
1002
{
1070
     2
1000
-2000260
1002
}
  0
LINE
  5
642
330
64B
100
AcDbEntity
  8
A-ANNO-DIMS-100
100
AcDbLine
 10
12359.8363370141
 20
-19631.96639430382
 30
0.0
 11
12359.8363370141
 21
-19391.96639430382
 31
0.0
1001
REVIT
1002
{
1070
     1
1000
633331
1002
}
1002
{
1070
     5
1000
358345
1002
}
1002
{
1070
     2
1000
-2000260
1002
}
  0
LINE
  5
643
330
64B
100
AcDbEntity
  8
A-ANNO-DIMS-100
370
    35
100
AcDbLine
 10
12159.8363370141
 20
-19631.96639430382
 30
0.0
 11
12009.8363370141
 21
-19781.96639430382
 31
0.0
1001
REVIT
1002
{
1070
     1
1000
633331
1002
}
1002
{
1070
     5
1000
358345
1002
}
1002
{
1070
     2
1000
-2000260
1002
}
  0
LINE
  5
644
330
64B
100
AcDbEntity
  8
A-ANNO-DIMS-100
370
    35
100
AcDbLine
 10
12159.8363370141
 20
-19631.96639430382
 30
0.0
 11
12309.8363370141
 21
-19481.96639430382
 31
0.0
1001
REVIT
1002
{
1070
     1
1000
633331
1002
}
1002
{
1070
     5
1000
358345
1002
}
1002
{
1070
     2
1000
-2000260
1002
}
  0
LINE
  5
645
330
64B
100
AcDbEntity
  8
A-ANNO-DIMS-100
100
AcDbLine
 10
12159.8363370141
 20
-19631.96639430382
 30
0.0
 11
12159.8363370141
 21
-19871.96639430382
 31
0.0
1001
REVIT
1002
{
1070
     1
1000
633331
1002
}
1002
{
1070
     5
1000
358345
1002
}
1002
{
1070
     2
1000
-2000260
1002
}
  0
LINE
  5
646
330
64B
100
AcDbEntity
  8
A-ANNO-DIMS-100
100
AcDbLine
 10
12159.8363370141
 20
-19631.96639430382
 30
0.0
 11
12159.8363370141
 21
-19391.96639430382
 31
0.0
1001
REVIT
1002
{
1070
     1
1000
633331
1002
}
1002
{
1070
     5
1000
358345
1002
}
1002
{
1070
     2
1000
-2000260
1002
}
  0
MTEXT
  5
647
330
64B
100
AcDbEntity
  8
A-ANNO-DIMS-100
 62
     0
100
AcDbMText
 10
11490.71771243116
 20
-18158.73672354717
 30
0.0
 40
1000.0
 41
1845.884698999072
 46
0.0
 71
     1
 72
     1
  1
20
  7
Arial_3
 73
     2
 44
0.9417779076525876
 90
        3
 63
     9
421
 13158600
 45
1.25
441
        0
1001
REVIT
1002
{
1070
     1
1000
633331
1002
}
1002
{
1070
     5
1000
358345
1002
}
1002
{
1070
     2
1000
-2000260
1002
}
  0
ENDBLK
  5
649
330
64B
100
AcDbEntity
  8
0
100
AcDbBlockEnd
  0
BLOCK
  5
664
330
667
100
AcDbEntity
  8
0
100
AcDbBlockBegin
  2
DIMBLOCK26-Level 1
 70
     0
 10
0.0
 20
0.0
 30
0.0
  3
DIMBLOCK26-Level 1
  1

  0
LINE
  5
65A
330
667
100
AcDbEntity
  8
A-ANNO-DIMS-100
100
AcDbLine
 10
12359.8363370141
 20
-19631.96639430382
 30
0.0
 11
18259.83633701411
 21
-19631.96639430382
 31
0.0
1001
REVIT
1002
{
1070
     1
1000
633331
1002
}
1002
{
1070
     5
1000
358345
1002
}
1002
{
1070
     2
1000
-2000260
1002
}
  0
LINE
  5
65B
330
667
100
AcDbEntity
  8
A-ANNO-DIMS-100
370
    35
100
AcDbLine
 10
18259.83633701411
 20
-19631.96639430382
 30
0.0
 11
18109.83633701411
 21
-19781.96639430382
 31
0.0
1001
REVIT
1002
{
1070
     1
1000
633331
1002
}
1002
{
1070
     5
1000
358345
1002
}
1002
{
1070
     2
1000
-2000260
1002
}
  0
LINE
  5
65C
330
667
100
AcDbEntity
  8
A-ANNO-DIMS-100
370
    35
100
AcDbLine
 10
18259.83633701411
 20
-19631.96639430382
 30
0.0
 11
18409.83633701411
 21
-19481.96639430382
 31
0.0
1001
REVIT
1002
{
1070
     1
1000
633331
1002
}
1002
{
1070
     5
1000
358345
1002
}
1002
{
1070
     2
1000
-2000260
1002
}
  0
LINE
  5
65D
330
667
100
AcDbEntity
  8
A-ANNO-DIMS-100
100
AcDbLine
 10
18259.8363370141
 20
-19631.96639430382
 30
0.0
 11
18259.8363370141
 21
-19871.96639430382
 31
0.0
1001
REVIT
1002
{
1070
     1
1000
633331
1002
}
1002
{
1070
     5
1000
358345
1002
}
1002
{
1070
     2
1000
-2000260
1002
}
  0
LINE
  5
65E
330
667
100
AcDbEntity
  8
A-ANNO-DIMS-100
100
AcDbLine
 10
18259.8363370141
 20
-19631.96639430382
 30
0.0
 11
18259.8363370141
 21
-19391.96639430382
 31
0.0
1001
REVIT
1002
{
1070
     1
1000
633331
1002
}
1002
{
1070
     5
1000
358345
1002
}
1002
{
1070
     2
1000
-2000260
1002
}
  0
LINE
  5
65F
330
667
100
AcDbEntity
  8
A-ANNO-DIMS-100
370
    35
100
AcDbLine
 10
12359.8363370141
 20
-19631.96639430382
 30
0.0
 11
12209.8363370141
 21
-19781.96639430382
 31
0.0
1001
REVIT
1002
{
1070
     1
1000
633331
1002
}
1002
{
1070
     5
1000
358345
1002
}
1002
{
1070
     2
1000
-2000260
1002
}
  0
LINE
  5
660
330
667
100
AcDbEntity
  8
A-ANNO-DIMS-100
370
    35
100
AcDbLine
 10
12359.8363370141
 20
-19631.96639430382
 30
0.0
 11
12509.8363370141
 21
-19481.96639430382
 31
0.0
1001
REVIT
1002
{
1070
     1
1000
633331
1002
}
1002
{
1070
     5
1000
358345
1002
}
1002
{
1070
     2
1000
-2000260
1002
}
  0
LINE
  5
661
330
667
100
AcDbEntity
  8
A-ANNO-DIMS-100
100
AcDbLine
 10
12359.8363370141
 20
-19631.96639430382
 30
0.0
 11
12359.8363370141
 21
-19871.96639430382
 31
0.0
1001
REVIT
1002
{
1070
     1
1000
633331
1002
}
1002
{
1070
     5
1000
358345
1002
}
1002
{
1070
     2
1000
-2000260
1002
}
  0
LINE
  5
662
330
667
100
AcDbEntity
  8
A-ANNO-DIMS-100
100
AcDbLine
 10
12359.8363370141
 20
-19631.96639430382
 30
0.0
 11
12359.8363370141
 21
-19391.96639430382
 31
0.0
1001
REVIT
1002
{
1070
     1
1000
633331
1002
}
1002
{
1070
     5
1000
358345
1002
}
1002
{
1070
     2
1000
-2000260
1002
}
  0
MTEXT
  5
663
330
667
100
AcDbEntity
  8
A-ANNO-DIMS-100
 62
     0
100
AcDbMText
 10
14156.15840013968
 20
-18158.73672354717
 30
0.0
 40
1000.0
 41
2768.827048498608
 46
0.0
 71
     1
 72
     1
  1
590
  7
Arial_3
 73
     2
 44
0.9417779076525876
 90
        3
 63
     9
421
 13158600
 45
1.25
441
        0
1001
REVIT
1002
{
1070
     1
1000
633331
1002
}
1002
{
1070
     5
1000
358345
1002
}
1002
{
1070
     2
1000
-2000260
1002
}
  0
ENDBLK
  5
665
330
667
100
AcDbEntity
  8
0
100
AcDbBlockEnd
  0
BLOCK
  5
67E
330
681
100
AcDbEntity
  8
0
100
AcDbBlockBegin
  2
DIMBLOCK27-Level 1
 70
     0
 10
0.0
 20
0.0
 30
0.0
  3
DIMBLOCK27-Level 1
  1

  0
LINE
  5
674
330
681
100
AcDbEntity
  8
A-ANNO-DIMS-100
100
AcDbLine
 10
18259.83633701411
 20
-19631.96639430382
 30
0.0
 11
18459.8363370141
 21
-19631.96639430382
 31
0.0
1001
REVIT
1002
{
1070
     1
1000
633331
1002
}
1002
{
1070
     5
1000
358345
1002
}
1002
{
1070
     2
1000
-2000260
1002
}
  0
LINE
  5
675
330
681
100
AcDbEntity
  8
A-ANNO-DIMS-100
370
    35
100
AcDbLine
 10
18459.8363370141
 20
-19631.96639430382
 30
0.0
 11
18309.8363370141
 21
-19781.96639430382
 31
0.0
1001
REVIT
1002
{
1070
     1
1000
633331
1002
}
1002
{
1070
     5
1000
358345
1002
}
1002
{
1070
     2
1000
-2000260
1002
}
  0
LINE
  5
676
330
681
100
AcDbEntity
  8
A-ANNO-DIMS-100
370
    35
100
AcDbLine
 10
18459.8363370141
 20
-19631.96639430382
 30
0.0
 11
18609.83633701411
 21
-19481.96639430382
 31
0.0
1001
REVIT
1002
{
1070
     1
1000
633331
1002
}
1002
{
1070
     5
1000
358345
1002
}
1002
{
1070
     2
1000
-2000260
1002
}
  0
LINE
  5
677
330
681
100
AcDbEntity
  8
A-ANNO-DIMS-100
100
AcDbLine
 10
18459.8363370141
 20
-19631.96639430382
 30
0.0
 11
18459.8363370141
 21
-19871.96639430382
 31
0.0
1001
REVIT
1002
{
1070
     1
1000
633331
1002
}
1002
{
1070
     5
1000
358345
1002
}
1002
{
1070
     2
1000
-2000260
1002
}
  0
LINE
  5
678
330
681
100
AcDbEntity
  8
A-ANNO-DIMS-100
100
AcDbLine
 10
18459.8363370141
 20
-19631.96639430382
 30
0.0
 11
18459.8363370141
 21
-19391.96639430382
 31
0.0
1001
REVIT
1002
{
1070
     1
1000
633331
1002
}
1002
{
1070
     5
1000
358345
1002
}
1002
{
1070
     2
1000
-2000260
1002
}
  0
LINE
  5
679
330
681
100
AcDbEntity
  8
A-ANNO-DIMS-100
370
    35
100
AcDbLine
 10
18259.83633701411
 20
-19631.96639430382
 30
0.0
 11
18109.83633701411
 21
-19781.96639430382
 31
0.0
1001
REVIT
1002
{
1070
     1
1000
633331
1002
}
1002
{
1070
     5
1000
358345
1002
}
1002
{
1070
     2
1000
-2000260
1002
}
  0
LINE
  5
67A
330
681
100
AcDbEntity
  8
A-ANNO-DIMS-100
370
    35
100
AcDbLine
 10
18259.83633701411
 20
-19631.96639430382
 30
0.0
 11
18409.83633701411
 21
-19481.96639430382
 31
0.0
1001
REVIT
1002
{
1070
     1
1000
633331
1002
}
1002
{
1070
     5
1000
358345
1002
}
1002
{
1070
     2
1000
-2000260
1002
}
  0
LINE
  5
67B
330
681
100
AcDbEntity
  8
A-ANNO-DIMS-100
100
AcDbLine
 10
18259.8363370141
 20
-19631.96639430382
 30
0.0
 11
18259.8363370141
 21
-19871.96639430382
 31
0.0
1001
REVIT
1002
{
1070
     1
1000
633331
1002
}
1002
{
1070
     5
1000
358345
1002
}
1002
{
1070
     2
1000
-2000260
1002
}
  0
LINE
  5
67C
330
681
100
AcDbEntity
  8
A-ANNO-DIMS-100
100
AcDbLine
 10
18259.8363370141
 20
-19631.96639430382
 30
0.0
 11
18259.8363370141
 21
-19391.96639430382
 31
0.0
1001
REVIT
1002
{
1070
     1
1000
633331
1002
}
1002
{
1070
     5
1000
358345
1002
}
1002
{
1070
     2
1000
-2000260
1002
}
  0
MTEXT
  5
67D
330
681
100
AcDbEntity
  8
A-ANNO-DIMS-100
 62
     0
100
AcDbMText
 10
17590.71771243116
 20
-18158.73672354717
 30
0.0
 40
1000.0
 41
1845.884698999072
 46
0.0
 71
     1
 72
     1
  1
20
  7
Arial_3
 73
     2
 44
0.9417779076525876
 90
        3
 63
     9
421
 13158600
 45
1.25
441
        0
1001
REVIT
1002
{
1070
     1
1000
633331
1002
}
1002
{
1070
     5
1000
358345
1002
}
1002
{
1070
     2
1000
-2000260
1002
}
  0
ENDBLK
  5
67F
330
681
100
AcDbEntity
  8
0
100
AcDbBlockEnd
  0
BLOCK
  5
69A
330
69D
100
AcDbEntity
  8
0
100
AcDbBlockBegin
  2
DIMBLOCK28-Level 1
 70
     0
 10
0.0
 20
0.0
 30
0.0
  3
DIMBLOCK28-Level 1
  1

  0
LINE
  5
690
330
69D
100
AcDbEntity
  8
A-ANNO-DIMS-100
100
AcDbLine
 10
18459.8363370141
 20
-19631.96639430382
 30
0.0
 11
24688.86123488273
 21
-19631.96639430382
 31
0.0
1001
REVIT
1002
{
1070
     1
1000
633331
1002
}
1002
{
1070
     5
1000
358345
1002
}
1002
{
1070
     2
1000
-2000260
1002
}
  0
LINE
  5
691
330
69D
100
AcDbEntity
  8
A-ANNO-DIMS-100
370
    35
100
AcDbLine
 10
24688.86123488273
 20
-19631.96639430382
 30
0.0
 11
24538.86123488273
 21
-19781.96639430382
 31
0.0
1001
REVIT
1002
{
1070
     1
1000
633331
1002
}
1002
{
1070
     5
1000
358345
1002
}
1002
{
1070
     2
1000
-2000260
1002
}
  0
LINE
  5
692
330
69D
100
AcDbEntity
  8
A-ANNO-DIMS-100
370
    35
100
AcDbLine
 10
24688.86123488273
 20
-19631.96639430382
 30
0.0
 11
24838.86123488273
 21
-19481.96639430382
 31
0.0
1001
REVIT
1002
{
1070
     1
1000
633331
1002
}
1002
{
1070
     5
1000
358345
1002
}
1002
{
1070
     2
1000
-2000260
1002
}
  0
LINE
  5
693
330
69D
100
AcDbEntity
  8
A-ANNO-DIMS-100
100
AcDbLine
 10
24688.86123488273
 20
-19631.96639430382
 30
0.0
 11
24688.86123488273
 21
-19871.96639430382
 31
0.0
1001
REVIT
1002
{
1070
     1
1000
633331
1002
}
1002
{
1070
     5
1000
358345
1002
}
1002
{
1070
     2
1000
-2000260
1002
}
  0
LINE
  5
694
330
69D
100
AcDbEntity
  8
A-ANNO-DIMS-100
100
AcDbLine
 10
24688.86123488273
 20
-19631.96639430382
 30
0.0
 11
24688.86123488273
 21
-19391.96639430382
 31
0.0
1001
REVIT
1002
{
1070
     1
1000
633331
1002
}
1002
{
1070
     5
1000
358345
1002
}
1002
{
1070
     2
1000
-2000260
1002
}
  0
LINE
  5
695
330
69D
100
AcDbEntity
  8
A-ANNO-DIMS-100
370
    35
100
AcDbLine
 10
18459.8363370141
 20
-19631.96639430382
 30
0.0
 11
18309.8363370141
 21
-19781.96639430382
 31
0.0
1001
REVIT
1002
{
1070
     1
1000
633331
1002
}
1002
{
1070
     5
1000
358345
1002
}
1002
{
1070
     2
1000
-2000260
1002
}
  0
LINE
  5
696
330
69D
100
AcDbEntity
  8
A-ANNO-DIMS-100
370
    35
100
AcDbLine
 10
18459.8363370141
 20
-19631.96639430382
 30
0.0
 11
18609.83633701411
 21
-19481.96639430382
 31
0.0
1001
REVIT
1002
{
1070
     1
1000
633331
1002
}
1002
{
1070
     5
1000
358345
1002
}
1002
{
1070
     2
1000
-2000260
1002
}
  0
LINE
  5
697
330
69D
100
AcDbEntity
  8
A-ANNO-DIMS-100
100
AcDbLine
 10
18459.8363370141
 20
-19631.96639430382
 30
0.0
 11
18459.8363370141
 21
-19871.96639430382
 31
0.0
1001
REVIT
1002
{
1070
     1
1000
633331
1002
}
1002
{
1070
     5
1000
358345
1002
}
1002
{
1070
     2
1000
-2000260
1002
}
  0
LINE
  5
698
330
69D
100
AcDbEntity
  8
A-ANNO-DIMS-100
100
AcDbLine
 10
18459.8363370141
 20
-19631.96639430382
 30
0.0
 11
18459.8363370141
 21
-19391.96639430382
 31
0.0
1001
REVIT
1002
{
1070
     1
1000
633331
1002
}
1002
{
1070
     5
1000
358345
1002
}
1002
{
1070
     2
1000
-2000260
1002
}
  0
MTEXT
  5
699
330
69D
100
AcDbEntity
  8
A-ANNO-DIMS-100
 62
     0
100
AcDbMText
 10
20420.670849074
 20
-18158.73672354717
 30
0.0
 40
1000.0
 41
2768.827048498608
 46
0.0
 71
     1
 72
     1
  1
623
  7
Arial_3
 73
     2
 44
0.9417779076525876
 90
        3
 63
     9
421
 13158600
 45
1.25
441
        0
1001
REVIT
1002
{
1070
     1
1000
633331
1002
}
1002
{
1070
     5
1000
358345
1002
}
1002
{
1070
     2
1000
-2000260
1002
}
  0
ENDBLK
  5
69B
330
69D
100
AcDbEntity
  8
0
100
AcDbBlockEnd
  0
BLOCK
  5
6B4
330
6B7
100
AcDbEntity
  8
0
100
AcDbBlockBegin
  2
DIMBLOCK29-Level 1
 70
     0
 10
0.0
 20
0.0
 30
0.0
  3
DIMBLOCK29-Level 1
  1

  0
LINE
  5
6AA
330
6B7
100
AcDbEntity
  8
A-ANNO-DIMS-100
100
AcDbLine
 10
24688.86123488273
 20
-19631.96639430382
 30
0.0
 11
24888.86123488273
 21
-19631.96639430382
 31
0.0
1001
REVIT
1002
{
1070
     1
1000
633331
1002
}
1002
{
1070
     5
1000
358345
1002
}
1002
{
1070
     2
1000
-2000260
1002
}
  0
LINE
  5
6AB
330
6B7
100
AcDbEntity
  8
A-ANNO-DIMS-100
370
    35
100
AcDbLine
 10
24888.86123488273
 20
-19631.96639430382
 30
0.0
 11
24738.86123488273
 21
-19781.96639430382
 31
0.0
1001
REVIT
1002
{
1070
     1
1000
633331
1002
}
1002
{
1070
     5
1000
358345
1002
}
1002
{
1070
     2
1000
-2000260
1002
}
  0
LINE
  5
6AC
330
6B7
100
AcDbEntity
  8
A-ANNO-DIMS-100
370
    35
100
AcDbLine
 10
24888.86123488273
 20
-19631.96639430382
 30
0.0
 11
25038.86123488273
 21
-19481.96639430382
 31
0.0
1001
REVIT
1002
{
1070
     1
1000
633331
1002
}
1002
{
1070
     5
1000
358345
1002
}
1002
{
1070
     2
1000
-2000260
1002
}
  0
LINE
  5
6AD
330
6B7
100
AcDbEntity
  8
A-ANNO-DIMS-100
100
AcDbLine
 10
24888.86123488273
 20
-19631.96639430382
 30
0.0
 11
24888.86123488273
 21
-19871.96639430382
 31
0.0
1001
REVIT
1002
{
1070
     1
1000
633331
1002
}
1002
{
1070
     5
1000
358345
1002
}
1002
{
1070
     2
1000
-2000260
1002
}
  0
LINE
  5
6AE
330
6B7
100
AcDbEntity
  8
A-ANNO-DIMS-100
100
AcDbLine
 10
24888.86123488273
 20
-19631.96639430382
 30
0.0
 11
24888.86123488273
 21
-19391.96639430382
 31
0.0
1001
REVIT
1002
{
1070
     1
1000
633331
1002
}
1002
{
1070
     5
1000
358345
1002
}
1002
{
1070
     2
1000
-2000260
1002
}
  0
LINE
  5
6AF
330
6B7
100
AcDbEntity
  8
A-ANNO-DIMS-100
370
    35
100
AcDbLine
 10
24688.86123488273
 20
-19631.96639430382
 30
0.0
 11
24538.86123488273
 21
-19781.96639430382
 31
0.0
1001
REVIT
1002
{
1070
     1
1000
633331
1002
}
1002
{
1070
     5
1000
358345
1002
}
1002
{
1070
     2
1000
-2000260
1002
}
  0
LINE
  5
6B0
330
6B7
100
AcDbEntity
  8
A-ANNO-DIMS-100
370
    35
100
AcDbLine
 10
24688.86123488273
 20
-19631.96639430382
 30
0.0
 11
24838.86123488273
 21
-19481.96639430382
 31
0.0
1001
REVIT
1002
{
1070
     1
1000
633331
1002
}
1002
{
1070
     5
1000
358345
1002
}
1002
{
1070
     2
1000
-2000260
1002
}
  0
LINE
  5
6B1
330
6B7
100
AcDbEntity
  8
A-ANNO-DIMS-100
100
AcDbLine
 10
24688.86123488273
 20
-19631.96639430382
 30
0.0
 11
24688.86123488273
 21
-19871.96639430382
 31
0.0
1001
REVIT
1002
{
1070
     1
1000
633331
1002
}
1002
{
1070
     5
1000
358345
1002
}
1002
{
1070
     2
1000
-2000260
1002
}
  0
LINE
  5
6B2
330
6B7
100
AcDbEntity
  8
A-ANNO-DIMS-100
100
AcDbLine
 10
24688.86123488273
 20
-19631.96639430382
 30
0.0
 11
24688.86123488273
 21
-19391.96639430382
 31
0.0
1001
REVIT
1002
{
1070
     1
1000
633331
1002
}
1002
{
1070
     5
1000
358345
1002
}
1002
{
1070
     2
1000
-2000260
1002
}
  0
MTEXT
  5
6B3
330
6B7
100
AcDbEntity
  8
A-ANNO-DIMS-100
 62
     0
100
AcDbMText
 10
24019.74261029979
 20
-18158.73672354717
 30
0.0
 40
1000.0
 41
1845.884698999072
 46
0.0
 71
     1
 72
     1
  1
20
  7
Arial_3
 73
     2
 44
0.9417779076525876
 90
        3
 63
     9
421
 13158600
 45
1.25
441
        0
1001
REVIT
1002
{
1070
     1
1000
633331
1002
}
1002
{
1070
     5
1000
358345
1002
}
1002
{
1070
     2
1000
-2000260
1002
}
  0
ENDBLK
  5
6B5
330
6B7
100
AcDbEntity
  8
0
100
AcDbBlockEnd
  0
BLOCK
  5
6D0
330
6D3
100
AcDbEntity
  8
0
100
AcDbBlockBegin
  2
DIMBLOCK30-Level 1
 70
     0
 10
0.0
 20
0.0
 30
0.0
  3
DIMBLOCK30-Level 1
  1

  0
LINE
  5
6C6
330
6D3
100
AcDbEntity
  8
A-ANNO-DIMS-100
100
AcDbLine
 10
24888.86123488273
 20
-19631.96639430382
 30
0.0
 11
30309.37994984929
 21
-19631.96639430382
 31
0.0
1001
REVIT
1002
{
1070
     1
1000
633331
1002
}
1002
{
1070
     5
1000
358345
1002
}
1002
{
1070
     2
1000
-2000260
1002
}
  0
LINE
  5
6C7
330
6D3
100
AcDbEntity
  8
A-ANNO-DIMS-100
370
    35
100
AcDbLine
 10
30069.37994984929
 20
-19631.96639430382
 30
0.0
 11
29919.37994984929
 21
-19781.96639430382
 31
0.0
1001
REVIT
1002
{
1070
     1
1000
633331
1002
}
1002
{
1070
     5
1000
358345
1002
}
1002
{
1070
     2
1000
-2000260
1002
}
  0
LINE
  5
6C8
330
6D3
100
AcDbEntity
  8
A-ANNO-DIMS-100
370
    35
100
AcDbLine
 10
30069.37994984929
 20
-19631.96639430382
 30
0.0
 11
30219.37994984929
 21
-19481.96639430382
 31
0.0
1001
REVIT
1002
{
1070
     1
1000
633331
1002
}
1002
{
1070
     5
1000
358345
1002
}
1002
{
1070
     2
1000
-2000260
1002
}
  0
LINE
  5
6C9
330
6D3
100
AcDbEntity
  8
A-ANNO-DIMS-100
100
AcDbLine
 10
30069.37994984929
 20
-19631.96639430382
 30
0.0
 11
30069.37994984929
 21
-19871.96639430382
 31
0.0
1001
REVIT
1002
{
1070
     1
1000
633331
1002
}
1002
{
1070
     5
1000
358345
1002
}
1002
{
1070
     2
1000
-2000260
1002
}
  0
LINE
  5
6CA
330
6D3
100
AcDbEntity
  8
A-ANNO-DIMS-100
100
AcDbLine
 10
30069.37994984929
 20
-19631.96639430382
 30
0.0
 11
30069.37994984929
 21
-19391.96639430382
 31
0.0
1001
REVIT
1002
{
1070
     1
1000
633331
1002
}
1002
{
1070
     5
1000
358345
1002
}
1002
{
1070
     2
1000
-2000260
1002
}
  0
LINE
  5
6CB
330
6D3
100
AcDbEntity
  8
A-ANNO-DIMS-100
370
    35
100
AcDbLine
 10
24888.86123488273
 20
-19631.96639430382
 30
0.0
 11
24738.86123488273
 21
-19781.96639430382
 31
0.0
1001
REVIT
1002
{
1070
     1
1000
633331
1002
}
1002
{
1070
     5
1000
358345
1002
}
1002
{
1070
     2
1000
-2000260
1002
}
  0
LINE
  5
6CC
330
6D3
100
AcDbEntity
  8
A-ANNO-DIMS-100
370
    35
100
AcDbLine
 10
24888.86123488273
 20
-19631.96639430382
 30
0.0
 11
25038.86123488273
 21
-19481.96639430382
 31
0.0
1001
REVIT
1002
{
1070
     1
1000
633331
1002
}
1002
{
1070
     5
1000
358345
1002
}
1002
{
1070
     2
1000
-2000260
1002
}
  0
LINE
  5
6CD
330
6D3
100
AcDbEntity
  8
A-ANNO-DIMS-100
100
AcDbLine
 10
24888.86123488273
 20
-19631.96639430382
 30
0.0
 11
24888.86123488273
 21
-19871.96639430382
 31
0.0
1001
REVIT
1002
{
1070
     1
1000
633331
1002
}
1002
{
1070
     5
1000
358345
1002
}
1002
{
1070
     2
1000
-2000260
1002
}
  0
LINE
  5
6CE
330
6D3
100
AcDbEntity
  8
A-ANNO-DIMS-100
100
AcDbLine
 10
24888.86123488273
 20
-19631.96639430382
 30
0.0
 11
24888.86123488273
 21
-19391.96639430382
 31
0.0
1001
REVIT
1002
{
1070
     1
1000
633331
1002
}
1002
{
1070
     5
1000
358345
1002
}
1002
{
1070
     2
1000
-2000260
1002
}
  0
MTEXT
  5
6CF
330
6D3
100
AcDbEntity
  8
A-ANNO-DIMS-100
 62
     0
100
AcDbMText
 10
26325.44265549159
 20
-18158.73672354717
 30
0.0
 40
1000.0
 41
2768.827048498608
 46
0.0
 71
     1
 72
     1
  1
518
  7
Arial_3
 73
     2
 44
0.9417779076525876
 90
        3
 63
     9
421
 13158600
 45
1.25
441
        0
1001
REVIT
1002
{
1070
     1
1000
633331
1002
}
1002
{
1070
     5
1000
358345
1002
}
1002
{
1070
     2
1000
-2000260
1002
}
  0
ENDBLK
  5
6D1
330
6D3
100
AcDbEntity
  8
0
100
AcDbBlockEnd
  0
BLOCK
  5
6EA
330
6ED
100
AcDbEntity
  8
0
100
AcDbBlockBegin
  2
DIMBLOCK31-Level 1
 70
     0
 10
0.0
 20
0.0
 30
0.0
  3
DIMBLOCK31-Level 1
  1

  0
LINE
  5
6E0
330
6ED
100
AcDbEntity
  8
A-ANNO-DIMS-100
100
AcDbLine
 10
4121.017644004046
 20
6759.475627956587
 30
0.0
 11
4121.017644004046
 21
6319.475627956588
 31
0.0
1001
REVIT
1002
{
1070
     1
1000
634545
1002
}
1002
{
1070
     5
1000
358345
1002
}
1002
{
1070
     2
1000
-2000260
1002
}
  0
LINE
  5
6E1
330
6ED
100
AcDbEntity
  8
A-ANNO-DIMS-100
370
    35
100
AcDbLine
 10
4121.017644004046
 20
6319.475627956588
 30
0.0
 11
3971.017644004046
 21
6469.475627956588
 31
0.0
1001
REVIT
1002
{
1070
     1
1000
634545
1002
}
1002
{
1070
     5
1000
358345
1002
}
1002
{
1070
     2
1000
-2000260
1002
}
  0
LINE
  5
6E2
330
6ED
100
AcDbEntity
  8
A-ANNO-DIMS-100
370
    35
100
AcDbLine
 10
4121.017644004046
 20
6319.475627956588
 30
0.0
 11
4271.017644004046
 21
6169.475627956587
 31
0.0
1001
REVIT
1002
{
1070
     1
1000
634545
1002
}
1002
{
1070
     5
1000
358345
1002
}
1002
{
1070
     2
1000
-2000260
1002
}
  0
LINE
  5
6E3
330
6ED
100
AcDbEntity
  8
A-ANNO-DIMS-100
100
AcDbLine
 10
4121.017644004044
 20
6319.475627956588
 30
0.0
 11
3881.017644004045
 21
6319.475627956588
 31
0.0
1001
REVIT
1002
{
1070
     1
1000
634545
1002
}
1002
{
1070
     5
1000
358345
1002
}
1002
{
1070
     2
1000
-2000260
1002
}
  0
LINE
  5
6E4
330
6ED
100
AcDbEntity
  8
A-ANNO-DIMS-100
100
AcDbLine
 10
4121.017644004044
 20
6319.475627956588
 30
0.0
 11
4361.017644004045
 21
6319.475627956588
 31
0.0
1001
REVIT
1002
{
1070
     1
1000
634545
1002
}
1002
{
1070
     5
1000
358345
1002
}
1002
{
1070
     2
1000
-2000260
1002
}
  0
LINE
  5
6E5
330
6ED
100
AcDbEntity
  8
A-ANNO-DIMS-100
370
    35
100
AcDbLine
 10
4121.017644004046
 20
6519.475627956587
 30
0.0
 11
3971.017644004046
 21
6669.475627956588
 31
0.0
1001
REVIT
1002
{
1070
     1
1000
634545
1002
}
1002
{
1070
     5
1000
358345
1002
}
1002
{
1070
     2
1000
-2000260
1002
}
  0
LINE
  5
6E6
330
6ED
100
AcDbEntity
  8
A-ANNO-DIMS-100
370
    35
100
AcDbLine
 10
4121.017644004046
 20
6519.475627956587
 30
0.0
 11
4271.017644004046
 21
6369.475627956587
 31
0.0
1001
REVIT
1002
{
1070
     1
1000
634545
1002
}
1002
{
1070
     5
1000
358345
1002
}
1002
{
1070
     2
1000
-2000260
1002
}
  0
LINE
  5
6E7
330
6ED
100
AcDbEntity
  8
A-ANNO-DIMS-100
100
AcDbLine
 10
4121.017644004044
 20
6519.475627956589
 30
0.0
 11
3881.017644004045
 21
6519.475627956589
 31
0.0
1001
REVIT
1002
{
1070
     1
1000
634545
1002
}
1002
{
1070
     5
1000
358345
1002
}
1002
{
1070
     2
1000
-2000260
1002
}
  0
LINE
  5
6E8
330
6ED
100
AcDbEntity
  8
A-ANNO-DIMS-100
100
AcDbLine
 10
4121.017644004044
 20
6519.475627956589
 30
0.0
 11
4361.017644004045
 21
6519.475627956589
 31
0.0
1001
REVIT
1002
{
1070
     1
1000
634545
1002
}
1002
{
1070
     5
1000
358345
1002
}
1002
{
1070
     2
1000
-2000260
1002
}
  0
MTEXT
  5
6E9
330
6ED
100
AcDbEntity
  8
A-ANNO-DIMS-100
 62
     0
100
AcDbMText
 10
2647.787973247393
 20
5650.357003373642
 30
0.0
 40
1000.0
 41
1845.884698999072
 46
0.0
 71
     1
 72
     1
  1
20
  7
Arial_3
 11
0.0
 21
1.0
 31
0.0
 73
     2
 44
0.9417779076525876
 90
        3
 63
     9
421
 13158600
 45
1.25
441
        0
1001
REVIT
1002
{
1070
     1
1000
634545
1002
}
1002
{
1070
     5
1000
358345
1002
}
1002
{
1070
     2
1000
-2000260
1002
}
  0
ENDBLK
  5
6EB
330
6ED
100
AcDbEntity
  8
0
100
AcDbBlockEnd
  0
BLOCK
  5
706
330
709
100
AcDbEntity
  8
0
100
AcDbBlockBegin
  2
DIMBLOCK32-Level 1
 70
     0
 10
0.0
 20
0.0
 30
0.0
  3
DIMBLOCK32-Level 1
  1

  0
LINE
  5
6FC
330
709
100
AcDbEntity
  8
A-ANNO-DIMS-100
100
AcDbLine
 10
4121.017644004046
 20
6319.475627956588
 30
0.0
 11
4121.017644004046
 21
279.9901880676174
 31
0.0
1001
REVIT
1002
{
1070
     1
1000
634545
1002
}
1002
{
1070
     5
1000
358345
1002
}
1002
{
1070
     2
1000
-2000260
1002
}
  0
LINE
  5
6FD
330
709
100
AcDbEntity
  8
A-ANNO-DIMS-100
370
    35
100
AcDbLine
 10
4121.017644004046
 20
279.9901880676171
 30
0.0
 11
3971.017644004046
 21
429.9901880676172
 31
0.0
1001
REVIT
1002
{
1070
     1
1000
634545
1002
}
1002
{
1070
     5
1000
358345
1002
}
1002
{
1070
     2
1000
-2000260
1002
}
  0
LINE
  5
6FE
330
709
100
AcDbEntity
  8
A-ANNO-DIMS-100
370
    35
100
AcDbLine
 10
4121.017644004046
 20
279.9901880676171
 30
0.0
 11
4271.017644004046
 21
129.990188067617
 31
0.0
1001
REVIT
1002
{
1070
     1
1000
634545
1002
}
1002
{
1070
     5
1000
358345
1002
}
1002
{
1070
     2
1000
-2000260
1002
}
  0
LINE
  5
6FF
330
709
100
AcDbEntity
  8
A-ANNO-DIMS-100
100
AcDbLine
 10
4121.017644004044
 20
279.9901880676168
 30
0.0
 11
3881.017644004045
 21
279.9901880676168
 31
0.0
1001
REVIT
1002
{
1070
     1
1000
634545
1002
}
1002
{
1070
     5
1000
358345
1002
}
1002
{
1070
     2
1000
-2000260
1002
}
  0
LINE
  5
700
330
709
100
AcDbEntity
  8
A-ANNO-DIMS-100
100
AcDbLine
 10
4121.017644004044
 20
279.9901880676168
 30
0.0
 11
4361.017644004045
 21
279.9901880676168
 31
0.0
1001
REVIT
1002
{
1070
     1
1000
634545
1002
}
1002
{
1070
     5
1000
358345
1002
}
1002
{
1070
     2
1000
-2000260
1002
}
  0
LINE
  5
701
330
709
100
AcDbEntity
  8
A-ANNO-DIMS-100
370
    35
100
AcDbLine
 10
4121.017644004046
 20
6319.475627956588
 30
0.0
 11
3971.017644004046
 21
6469.475627956588
 31
0.0
1001
REVIT
1002
{
1070
     1
1000
634545
1002
}
1002
{
1070
     5
1000
358345
1002
}
1002
{
1070
     2
1000
-2000260
1002
}
  0
LINE
  5
702
330
709
100
AcDbEntity
  8
A-ANNO-DIMS-100
370
    35
100
AcDbLine
 10
4121.017644004046
 20
6319.475627956588
 30
0.0
 11
4271.017644004046
 21
6169.475627956587
 31
0.0
1001
REVIT
1002
{
1070
     1
1000
634545
1002
}
1002
{
1070
     5
1000
358345
1002
}
1002
{
1070
     2
1000
-2000260
1002
}
  0
LINE
  5
703
330
709
100
AcDbEntity
  8
A-ANNO-DIMS-100
100
AcDbLine
 10
4121.017644004044
 20
6319.475627956588
 30
0.0
 11
3881.017644004045
 21
6319.475627956588
 31
0.0
1001
REVIT
1002
{
1070
     1
1000
634545
1002
}
1002
{
1070
     5
1000
358345
1002
}
1002
{
1070
     2
1000
-2000260
1002
}
  0
LINE
  5
704
330
709
100
AcDbEntity
  8
A-ANNO-DIMS-100
100
AcDbLine
 10
4121.017644004044
 20
6319.475627956588
 30
0.0
 11
4361.017644004045
 21
6319.475627956588
 31
0.0
1001
REVIT
1002
{
1070
     1
1000
634545
1002
}
1002
{
1070
     5
1000
358345
1002
}
1002
{
1070
     2
1000
-2000260
1002
}
  0
MTEXT
  5
705
330
709
100
AcDbEntity
  8
A-ANNO-DIMS-100
 62
     0
100
AcDbMText
 10
2647.787973247393
 20
2146.054971137683
 30
0.0
 40
1000.0
 41
2768.827048498608
 46
0.0
 71
     1
 72
     1
  1
604
  7
Arial_3
 11
0.0
 21
1.0
 31
0.0
 73
     2
 44
0.9417779076525876
 90
        3
 63
     9
421
 13158600
 45
1.25
441
        0
1001
REVIT
1002
{
1070
     1
1000
634545
1002
}
1002
{
1070
     5
1000
358345
1002
}
1002
{
1070
     2
1000
-2000260
1002
}
  0
ENDBLK
  5
707
330
709
100
AcDbEntity
  8
0
100
AcDbBlockEnd
  0
BLOCK
  5
720
330
723
100
AcDbEntity
  8
0
100
AcDbBlockBegin
  2
DIMBLOCK33-Level 1
 70
     0
 10
0.0
 20
0.0
 30
0.0
  3
DIMBLOCK33-Level 1
  1

  0
LINE
  5
716
330
723
100
AcDbEntity
  8
A-ANNO-DIMS-100
100
AcDbLine
 10
4121.017644004046
 20
279.9901880676171
 30
0.0
 11
4121.017644004046
 21
79.99018806761712
 31
0.0
1001
REVIT
1002
{
1070
     1
1000
634545
1002
}
1002
{
1070
     5
1000
358345
1002
}
1002
{
1070
     2
1000
-2000260
1002
}
  0
LINE
  5
717
330
723
100
AcDbEntity
  8
A-ANNO-DIMS-100
370
    35
100
AcDbLine
 10
4121.017644004046
 20
79.99018806761712
 30
0.0
 11
3971.017644004046
 21
229.9901880676172
 31
0.0
1001
REVIT
1002
{
1070
     1
1000
634545
1002
}
1002
{
1070
     5
1000
358345
1002
}
1002
{
1070
     2
1000
-2000260
1002
}
  0
LINE
  5
718
330
723
100
AcDbEntity
  8
A-ANNO-DIMS-100
370
    35
100
AcDbLine
 10
4121.017644004046
 20
79.99018806761712
 30
0.0
 11
4271.017644004046
 21
-70.00981193238295
 31
0.0
1001
REVIT
1002
{
1070
     1
1000
634545
1002
}
1002
{
1070
     5
1000
358345
1002
}
1002
{
1070
     2
1000
-2000260
1002
}
  0
LINE
  5
719
330
723
100
AcDbEntity
  8
A-ANNO-DIMS-100
100
AcDbLine
 10
4121.017644004044
 20
79.99018806761684
 30
0.0
 11
3881.017644004045
 21
79.99018806761684
 31
0.0
1001
REVIT
1002
{
1070
     1
1000
634545
1002
}
1002
{
1070
     5
1000
358345
1002
}
1002
{
1070
     2
1000
-2000260
1002
}
  0
LINE
  5
71A
330
723
100
AcDbEntity
  8
A-ANNO-DIMS-100
100
AcDbLine
 10
4121.017644004044
 20
79.99018806761684
 30
0.0
 11
4361.017644004045
 21
79.99018806761684
 31
0.0
1001
REVIT
1002
{
1070
     1
1000
634545
1002
}
1002
{
1070
     5
1000
358345
1002
}
1002
{
1070
     2
1000
-2000260
1002
}
  0
LINE
  5
71B
330
723
100
AcDbEntity
  8
A-ANNO-DIMS-100
370
    35
100
AcDbLine
 10
4121.017644004046
 20
279.9901880676171
 30
0.0
 11
3971.017644004046
 21
429.9901880676172
 31
0.0
1001
REVIT
1002
{
1070
     1
1000
634545
1002
}
1002
{
1070
     5
1000
358345
1002
}
1002
{
1070
     2
1000
-2000260
1002
}
  0
LINE
  5
71C
330
723
100
AcDbEntity
  8
A-ANNO-DIMS-100
370
    35
100
AcDbLine
 10
4121.017644004046
 20
279.9901880676171
 30
0.0
 11
4271.017644004046
 21
129.990188067617
 31
0.0
1001
REVIT
1002
{
1070
     1
1000
634545
1002
}
1002
{
1070
     5
1000
358345
1002
}
1002
{
1070
     2
1000
-2000260
1002
}
  0
LINE
  5
71D
330
723
100
AcDbEntity
  8
A-ANNO-DIMS-100
100
AcDbLine
 10
4121.017644004044
 20
279.9901880676168
 30
0.0
 11
3881.017644004045
 21
279.9901880676168
 31
0.0
1001
REVIT
1002
{
1070
     1
1000
634545
1002
}
1002
{
1070
     5
1000
358345
1002
}
1002
{
1070
     2
1000
-2000260
1002
}
  0
LINE
  5
71E
330
723
100
AcDbEntity
  8
A-ANNO-DIMS-100
100
AcDbLine
 10
4121.017644004044
 20
279.9901880676168
 30
0.0
 11
4361.017644004045
 21
279.9901880676168
 31
0.0
1001
REVIT
1002
{
1070
     1
1000
634545
1002
}
1002
{
1070
     5
1000
358345
1002
}
1002
{
1070
     2
1000
-2000260
1002
}
  0
MTEXT
  5
71F
330
723
100
AcDbEntity
  8
A-ANNO-DIMS-100
 62
     0
100
AcDbMText
 10
2647.787973247393
 20
-589.1284365153296
 30
0.0
 40
1000.0
 41
1845.884698999072
 46
0.0
 71
     1
 72
     1
  1
20
  7
Arial_3
 11
0.0
 21
1.0
 31
0.0
 73
     2
 44
0.9417779076525876
 90
        3
 63
     9
421
 13158600
 45
1.25
441
        0
1001
REVIT
1002
{
1070
     1
1000
634545
1002
}
1002
{
1070
     5
1000
358345
1002
}
1002
{
1070
     2
1000
-2000260
1002
}
  0
ENDBLK
  5
721
330
723
100
AcDbEntity
  8
0
100
AcDbBlockEnd
  0
BLOCK
  5
73C
330
73F
100
AcDbEntity
  8
0
100
AcDbBlockBegin
  2
DIMBLOCK34-Level 1
 70
     0
 10
0.0
 20
0.0
 30
0.0
  3
DIMBLOCK34-Level 1
  1

  0
LINE
  5
732
330
73F
100
AcDbEntity
  8
A-ANNO-DIMS-100
100
AcDbLine
 10
4121.017644004046
 20
79.99018806761712
 30
0.0
 11
4121.017644004046
 21
-7920.009811932385
 31
0.0
1001
REVIT
1002
{
1070
     1
1000
634545
1002
}
1002
{
1070
     5
1000
358345
1002
}
1002
{
1070
     2
1000
-2000260
1002
}
  0
LINE
  5
733
330
73F
100
AcDbEntity
  8
A-ANNO-DIMS-100
370
    35
100
AcDbLine
 10
4121.017644004046
 20
-7920.009811932385
 30
0.0
 11
3971.017644004046
 21
-7770.009811932386
 31
0.0
1001
REVIT
1002
{
1070
     1
1000
634545
1002
}
1002
{
1070
     5
1000
358345
1002
}
1002
{
1070
     2
1000
-2000260
1002
}
  0
LINE
  5
734
330
73F
100
AcDbEntity
  8
A-ANNO-DIMS-100
370
    35
100
AcDbLine
 10
4121.017644004046
 20
-7920.009811932385
 30
0.0
 11
4271.017644004046
 21
-8070.009811932385
 31
0.0
1001
REVIT
1002
{
1070
     1
1000
634545
1002
}
1002
{
1070
     5
1000
358345
1002
}
1002
{
1070
     2
1000
-2000260
1002
}
  0
LINE
  5
735
330
73F
100
AcDbEntity
  8
A-ANNO-DIMS-100
100
AcDbLine
 10
4121.017644004044
 20
-7920.009811932385
 30
0.0
 11
3881.017644004045
 21
-7920.009811932385
 31
0.0
1001
REVIT
1002
{
1070
     1
1000
634545
1002
}
1002
{
1070
     5
1000
358345
1002
}
1002
{
1070
     2
1000
-2000260
1002
}
  0
LINE
  5
736
330
73F
100
AcDbEntity
  8
A-ANNO-DIMS-100
100
AcDbLine
 10
4121.017644004044
 20
-7920.009811932385
 30
0.0
 11
4361.017644004045
 21
-7920.009811932385
 31
0.0
1001
REVIT
1002
{
1070
     1
1000
634545
1002
}
1002
{
1070
     5
1000
358345
1002
}
1002
{
1070
     2
1000
-2000260
1002
}
  0
LINE
  5
737
330
73F
100
AcDbEntity
  8
A-ANNO-DIMS-100
370
    35
100
AcDbLine
 10
4121.017644004046
 20
79.99018806761712
 30
0.0
 11
3971.017644004046
 21
229.9901880676172
 31
0.0
1001
REVIT
1002
{
1070
     1
1000
634545
1002
}
1002
{
1070
     5
1000
358345
1002
}
1002
{
1070
     2
1000
-2000260
1002
}
  0
LINE
  5
738
330
73F
100
AcDbEntity
  8
A-ANNO-DIMS-100
370
    35
100
AcDbLine
 10
4121.017644004046
 20
79.99018806761712
 30
0.0
 11
4271.017644004046
 21
-70.00981193238295
 31
0.0
1001
REVIT
1002
{
1070
     1
1000
634545
1002
}
1002
{
1070
     5
1000
358345
1002
}
1002
{
1070
     2
1000
-2000260
1002
}
  0
LINE
  5
739
330
73F
100
AcDbEntity
  8
A-ANNO-DIMS-100
100
AcDbLine
 10
4121.017644004044
 20
79.99018806761684
 30
0.0
 11
3881.017644004045
 21
79.99018806761684
 31
0.0
1001
REVIT
1002
{
1070
     1
1000
634545
1002
}
1002
{
1070
     5
1000
358345
1002
}
1002
{
1070
     2
1000
-2000260
1002
}
  0
LINE
  5
73A
330
73F
100
AcDbEntity
  8
A-ANNO-DIMS-100
100
AcDbLine
 10
4121.017644004044
 20
79.99018806761684
 30
0.0
 11
4361.017644004045
 21
79.99018806761684
 31
0.0
1001
REVIT
1002
{
1070
     1
1000
634545
1002
}
1002
{
1070
     5
1000
358345
1002
}
1002
{
1070
     2
1000
-2000260
1002
}
  0
MTEXT
  5
73B
330
73F
100
AcDbEntity
  8
A-ANNO-DIMS-100
 62
     0
100
AcDbMText
 10
2647.787973247393
 20
-5073.687748806804
 30
0.0
 40
1000.0
 41
2768.827048498608
 46
0.0
 71
     1
 72
     1
  1
800
  7
Arial_3
 11
0.0
 21
1.0
 31
0.0
 73
     2
 44
0.9417779076525876
 90
        3
 63
     9
421
 13158600
 45
1.25
441
        0
1001
REVIT
1002
{
1070
     1
1000
634545
1002
}
1002
{
1070
     5
1000
358345
1002
}
1002
{
1070
     2
1000
-2000260
1002
}
  0
ENDBLK
  5
73D
330
73F
100
AcDbEntity
  8
0
100
AcDbBlockEnd
  0
BLOCK
  5
756
330
759
100
AcDbEntity
  8
0
100
AcDbBlockBegin
  2
DIMBLOCK35-Level 1
 70
     0
 10
0.0
 20
0.0
 30
0.0
  3
DIMBLOCK35-Level 1
  1

  0
LINE
  5
74C
330
759
100
AcDbEntity
  8
A-ANNO-DIMS-100
100
AcDbLine
 10
4121.017644004046
 20
-7920.009811932385
 30
0.0
 11
4121.017644004046
 21
-8120.009811932385
 31
0.0
1001
REVIT
1002
{
1070
     1
1000
634545
1002
}
1002
{
1070
     5
1000
358345
1002
}
1002
{
1070
     2
1000
-2000260
1002
}
  0
LINE
  5
74D
330
759
100
AcDbEntity
  8
A-ANNO-DIMS-100
370
    35
100
AcDbLine
 10
4121.017644004046
 20
-8120.009811932385
 30
0.0
 11
3971.017644004046
 21
-7970.009811932385
 31
0.0
1001
REVIT
1002
{
1070
     1
1000
634545
1002
}
1002
{
1070
     5
1000
358345
1002
}
1002
{
1070
     2
1000
-2000260
1002
}
  0
LINE
  5
74E
330
759
100
AcDbEntity
  8
A-ANNO-DIMS-100
370
    35
100
AcDbLine
 10
4121.017644004046
 20
-8120.009811932385
 30
0.0
 11
4271.017644004046
 21
-8270.009811932387
 31
0.0
1001
REVIT
1002
{
1070
     1
1000
634545
1002
}
1002
{
1070
     5
1000
358345
1002
}
1002
{
1070
     2
1000
-2000260
1002
}
  0
LINE
  5
74F
330
759
100
AcDbEntity
  8
A-ANNO-DIMS-100
100
AcDbLine
 10
4121.017644004044
 20
-8120.009811932385
 30
0.0
 11
3881.017644004045
 21
-8120.009811932385
 31
0.0
1001
REVIT
1002
{
1070
     1
1000
634545
1002
}
1002
{
1070
     5
1000
358345
1002
}
1002
{
1070
     2
1000
-2000260
1002
}
  0
LINE
  5
750
330
759
100
AcDbEntity
  8
A-ANNO-DIMS-100
100
AcDbLine
 10
4121.017644004044
 20
-8120.009811932385
 30
0.0
 11
4361.017644004045
 21
-8120.009811932385
 31
0.0
1001
REVIT
1002
{
1070
     1
1000
634545
1002
}
1002
{
1070
     5
1000
358345
1002
}
1002
{
1070
     2
1000
-2000260
1002
}
  0
LINE
  5
751
330
759
100
AcDbEntity
  8
A-ANNO-DIMS-100
370
    35
100
AcDbLine
 10
4121.017644004046
 20
-7920.009811932385
 30
0.0
 11
3971.017644004046
 21
-7770.009811932386
 31
0.0
1001
REVIT
1002
{
1070
     1
1000
634545
1002
}
1002
{
1070
     5
1000
358345
1002
}
1002
{
1070
     2
1000
-2000260
1002
}
  0
LINE
  5
752
330
759
100
AcDbEntity
  8
A-ANNO-DIMS-100
370
    35
100
AcDbLine
 10
4121.017644004046
 20
-7920.009811932385
 30
0.0
 11
4271.017644004046
 21
-8070.009811932385
 31
0.0
1001
REVIT
1002
{
1070
     1
1000
634545
1002
}
1002
{
1070
     5
1000
358345
1002
}
1002
{
1070
     2
1000
-2000260
1002
}
  0
LINE
  5
753
330
759
100
AcDbEntity
  8
A-ANNO-DIMS-100
100
AcDbLine
 10
4121.017644004044
 20
-7920.009811932385
 30
0.0
 11
3881.017644004045
 21
-7920.009811932385
 31
0.0
1001
REVIT
1002
{
1070
     1
1000
634545
1002
}
1002
{
1070
     5
1000
358345
1002
}
1002
{
1070
     2
1000
-2000260
1002
}
  0
LINE
  5
754
330
759
100
AcDbEntity
  8
A-ANNO-DIMS-100
100
AcDbLine
 10
4121.017644004044
 20
-7920.009811932385
 30
0.0
 11
4361.017644004045
 21
-7920.009811932385
 31
0.0
1001
REVIT
1002
{
1070
     1
1000
634545
1002
}
1002
{
1070
     5
1000
358345
1002
}
1002
{
1070
     2
1000
-2000260
1002
}
  0
MTEXT
  5
755
330
759
100
AcDbEntity
  8
A-ANNO-DIMS-100
 62
     0
100
AcDbMText
 10
2647.787973247393
 20
-8789.128436515332
 30
0.0
 40
1000.0
 41
1845.884698999072
 46
0.0
 71
     1
 72
     1
  1
20
  7
Arial_3
 11
0.0
 21
1.0
 31
0.0
 73
     2
 44
0.9417779076525876
 90
        3
 63
     9
421
 13158600
 45
1.25
441
        0
1001
REVIT
1002
{
1070
     1
1000
634545
1002
}
1002
{
1070
     5
1000
358345
1002
}
1002
{
1070
     2
1000
-2000260
1002
}
  0
ENDBLK
  5
757
330
759
100
AcDbEntity
  8
0
100
AcDbBlockEnd
  0
BLOCK
  5
772
330
775
100
AcDbEntity
  8
0
100
AcDbBlockBegin
  2
DIMBLOCK36-Level 1
 70
     0
 10
0.0
 20
0.0
 30
0.0
  3
DIMBLOCK36-Level 1
  1

  0
LINE
  5
768
330
775
100
AcDbEntity
  8
A-ANNO-DIMS-100
100
AcDbLine
 10
4121.017644004046
 20
-8120.009811932385
 30
0.0
 11
4121.017644004046
 21
-12836.69078347319
 31
0.0
1001
REVIT
1002
{
1070
     1
1000
634545
1002
}
1002
{
1070
     5
1000
358345
1002
}
1002
{
1070
     2
1000
-2000260
1002
}
  0
LINE
  5
769
330
775
100
AcDbEntity
  8
A-ANNO-DIMS-100
370
    35
100
AcDbLine
 10
4121.017644004046
 20
-12836.69078347319
 30
0.0
 11
3971.017644004046
 21
-12686.69078347319
 31
0.0
1001
REVIT
1002
{
1070
     1
1000
634545
1002
}
1002
{
1070
     5
1000
358345
1002
}
1002
{
1070
     2
1000
-2000260
1002
}
  0
LINE
  5
76A
330
775
100
AcDbEntity
  8
A-ANNO-DIMS-100
370
    35
100
AcDbLine
 10
4121.017644004046
 20
-12836.69078347319
 30
0.0
 11
4271.017644004046
 21
-12986.69078347319
 31
0.0
1001
REVIT
1002
{
1070
     1
1000
634545
1002
}
1002
{
1070
     5
1000
358345
1002
}
1002
{
1070
     2
1000
-2000260
1002
}
  0
LINE
  5
76B
330
775
100
AcDbEntity
  8
A-ANNO-DIMS-100
100
AcDbLine
 10
4121.017644004044
 20
-12836.69078347319
 30
0.0
 11
3881.017644004045
 21
-12836.69078347319
 31
0.0
1001
REVIT
1002
{
1070
     1
1000
634545
1002
}
1002
{
1070
     5
1000
358345
1002
}
1002
{
1070
     2
1000
-2000260
1002
}
  0
LINE
  5
76C
330
775
100
AcDbEntity
  8
A-ANNO-DIMS-100
100
AcDbLine
 10
4121.017644004044
 20
-12836.69078347319
 30
0.0
 11
4361.017644004045
 21
-12836.69078347319
 31
0.0
1001
REVIT
1002
{
1070
     1
1000
634545
1002
}
1002
{
1070
     5
1000
358345
1002
}
1002
{
1070
     2
1000
-2000260
1002
}
  0
LINE
  5
76D
330
775
100
AcDbEntity
  8
A-ANNO-DIMS-100
370
    35
100
AcDbLine
 10
4121.017644004046
 20
-8120.009811932385
 30
0.0
 11
3971.017644004046
 21
-7970.009811932385
 31
0.0
1001
REVIT
1002
{
1070
     1
1000
634545
1002
}
1002
{
1070
     5
1000
358345
1002
}
1002
{
1070
     2
1000
-2000260
1002
}
  0
LINE
  5
76E
330
775
100
AcDbEntity
  8
A-ANNO-DIMS-100
370
    35
100
AcDbLine
 10
4121.017644004046
 20
-8120.009811932385
 30
0.0
 11
4271.017644004046
 21
-8270.009811932387
 31
0.0
1001
REVIT
1002
{
1070
     1
1000
634545
1002
}
1002
{
1070
     5
1000
358345
1002
}
1002
{
1070
     2
1000
-2000260
1002
}
  0
LINE
  5
76F
330
775
100
AcDbEntity
  8
A-ANNO-DIMS-100
100
AcDbLine
 10
4121.017644004044
 20
-8120.009811932385
 30
0.0
 11
3881.017644004045
 21
-8120.009811932385
 31
0.0
1001
REVIT
1002
{
1070
     1
1000
634545
1002
}
1002
{
1070
     5
1000
358345
1002
}
1002
{
1070
     2
1000
-2000260
1002
}
  0
LINE
  5
770
330
775
100
AcDbEntity
  8
A-ANNO-DIMS-100
100
AcDbLine
 10
4121.017644004044
 20
-8120.009811932385
 30
0.0
 11
4361.017644004045
 21
-8120.009811932385
 31
0.0
1001
REVIT
1002
{
1070
     1
1000
634545
1002
}
1002
{
1070
     5
1000
358345
1002
}
1002
{
1070
     2
1000
-2000260
1002
}
  0
MTEXT
  5
771
330
775
100
AcDbEntity
  8
A-ANNO-DIMS-100
 62
     0
100
AcDbMText
 10
2647.787973247393
 20
-11632.02823457721
 30
0.0
 40
1000.0
 41
2768.827048498608
 46
0.0
 71
     1
 72
     1
  1
472
  7
Arial_3
 11
0.0
 21
1.0
 31
0.0
 73
     2
 44
0.9417779076525876
 90
        3
 63
     9
421
 13158600
 45
1.25
441
        0
1001
REVIT
1002
{
1070
     1
1000
634545
1002
}
1002
{
1070
     5
1000
358345
1002
}
1002
{
1070
     2
1000
-2000260
1002
}
  0
ENDBLK
  5
773
330
775
100
AcDbEntity
  8
0
100
AcDbBlockEnd
  0
BLOCK
  5
78C
330
78F
100
AcDbEntity
  8
0
100
AcDbBlockBegin
  2
DIMBLOCK37-Level 1
 70
     0
 10
0.0
 20
0.0
 30
0.0
  3
DIMBLOCK37-Level 1
  1

  0
LINE
  5
782
330
78F
100
AcDbEntity
  8
A-ANNO-DIMS-100
100
AcDbLine
 10
4121.017644004046
 20
-12836.69078347319
 30
0.0
 11
4121.017644004046
 21
-13276.69078347319
 31
0.0
1001
REVIT
1002
{
1070
     1
1000
634545
1002
}
1002
{
1070
     5
1000
358345
1002
}
1002
{
1070
     2
1000
-2000260
1002
}
  0
LINE
  5
783
330
78F
100
AcDbEntity
  8
A-ANNO-DIMS-100
370
    35
100
AcDbLine
 10
4121.017644004046
 20
-13036.69078347319
 30
0.0
 11
3971.017644004046
 21
-12886.69078347319
 31
0.0
1001
REVIT
1002
{
1070
     1
1000
634545
1002
}
1002
{
1070
     5
1000
358345
1002
}
1002
{
1070
     2
1000
-2000260
1002
}
  0
LINE
  5
784
330
78F
100
AcDbEntity
  8
A-ANNO-DIMS-100
370
    35
100
AcDbLine
 10
4121.017644004046
 20
-13036.69078347319
 30
0.0
 11
4271.017644004046
 21
-13186.69078347319
 31
0.0
1001
REVIT
1002
{
1070
     1
1000
634545
1002
}
1002
{
1070
     5
1000
358345
1002
}
1002
{
1070
     2
1000
-2000260
1002
}
  0
LINE
  5
785
330
78F
100
AcDbEntity
  8
A-ANNO-DIMS-100
100
AcDbLine
 10
4121.017644004044
 20
-13036.69078347319
 30
0.0
 11
3881.017644004045
 21
-13036.69078347319
 31
0.0
1001
REVIT
1002
{
1070
     1
1000
634545
1002
}
1002
{
1070
     5
1000
358345
1002
}
1002
{
1070
     2
1000
-2000260
1002
}
  0
LINE
  5
786
330
78F
100
AcDbEntity
  8
A-ANNO-DIMS-100
100
AcDbLine
 10
4121.017644004044
 20
-13036.69078347319
 30
0.0
 11
4361.017644004045
 21
-13036.69078347319
 31
0.0
1001
REVIT
1002
{
1070
     1
1000
634545
1002
}
1002
{
1070
     5
1000
358345
1002
}
1002
{
1070
     2
1000
-2000260
1002
}
  0
LINE
  5
787
330
78F
100
AcDbEntity
  8
A-ANNO-DIMS-100
370
    35
100
AcDbLine
 10
4121.017644004046
 20
-12836.69078347319
 30
0.0
 11
3971.017644004046
 21
-12686.69078347319
 31
0.0
1001
REVIT
1002
{
1070
     1
1000
634545
1002
}
1002
{
1070
     5
1000
358345
1002
}
1002
{
1070
     2
1000
-2000260
1002
}
  0
LINE
  5
788
330
78F
100
AcDbEntity
  8
A-ANNO-DIMS-100
370
    35
100
AcDbLine
 10
4121.017644004046
 20
-12836.69078347319
 30
0.0
 11
4271.017644004046
 21
-12986.69078347319
 31
0.0
1001
REVIT
1002
{
1070
     1
1000
634545
1002
}
1002
{
1070
     5
1000
358345
1002
}
1002
{
1070
     2
1000
-2000260
1002
}
  0
LINE
  5
789
330
78F
100
AcDbEntity
  8
A-ANNO-DIMS-100
100
AcDbLine
 10
4121.017644004044
 20
-12836.69078347319
 30
0.0
 11
3881.017644004045
 21
-12836.69078347319
 31
0.0
1001
REVIT
1002
{
1070
     1
1000
634545
1002
}
1002
{
1070
     5
1000
358345
1002
}
1002
{
1070
     2
1000
-2000260
1002
}
  0
LINE
  5
78A
330
78F
100
AcDbEntity
  8
A-ANNO-DIMS-100
100
AcDbLine
 10
4121.017644004044
 20
-12836.69078347319
 30
0.0
 11
4361.017644004045
 21
-12836.69078347319
 31
0.0
1001
REVIT
1002
{
1070
     1
1000
634545
1002
}
1002
{
1070
     5
1000
358345
1002
}
1002
{
1070
     2
1000
-2000260
1002
}
  0
MTEXT
  5
78B
330
78F
100
AcDbEntity
  8
A-ANNO-DIMS-100
 62
     0
100
AcDbMText
 10
2647.787973247393
 20
-13705.80940805613
 30
0.0
 40
1000.0
 41
1845.884698999072
 46
0.0
 71
     1
 72
     1
  1
20
  7
Arial_3
 11
0.0
 21
1.0
 31
0.0
 73
     2
 44
0.9417779076525876
 90
        3
 63
     9
421
 13158600
 45
1.25
441
        0
1001
REVIT
1002
{
1070
     1
1000
634545
1002
}
1002
{
1070
     5
1000
358345
1002
}
1002
{
1070
     2
1000
-2000260
1002
}
  0
ENDBLK
  5
78D
330
78F
100
AcDbEntity
  8
0
100
AcDbBlockEnd
  0
BLOCK
  5
7A8
330
7AB
100
AcDbEntity
  8
0
100
AcDbBlockBegin
  2
DIMBLOCK38-Level 1
 70
     0
 10
0.0
 20
0.0
 30
0.0
  3
DIMBLOCK38-Level 1
  1

  0
LINE
  5
79E
330
7AB
100
AcDbEntity
  8
A-ANNO-DIMS-100
100
AcDbLine
 10
18245.50212848576
 20
1379.475627956565
 30
0.0
 11
18245.50212848578
 21
7859.475627956567
 31
0.0
1001
REVIT
1002
{
1070
     1
1000
635040
1002
}
1002
{
1070
     5
1000
358345
1002
}
1002
{
1070
     2
1000
-2000260
1002
}
  0
LINE
  5
79F
330
7AB
100
AcDbEntity
  8
A-ANNO-DIMS-100
370
    35
100
AcDbLine
 10
18245.50212848578
 20
7619.475627956565
 30
0.0
 11
18395.50212848578
 21
7469.475627956565
 31
0.0
1001
REVIT
1002
{
1070
     1
1000
635040
1002
}
1002
{
1070
     5
1000
358345
1002
}
1002
{
1070
     2
1000
-2000260
1002
}
  0
LINE
  5
7A0
330
7AB
100
AcDbEntity
  8
A-ANNO-DIMS-100
370
    35
100
AcDbLine
 10
18245.50212848578
 20
7619.475627956565
 30
0.0
 11
18095.50212848579
 21
7769.475627956566
 31
0.0
1001
REVIT
1002
{
1070
     1
1000
635040
1002
}
1002
{
1070
     5
1000
358345
1002
}
1002
{
1070
     2
1000
-2000260
1002
}
  0
LINE
  5
7A1
330
7AB
100
AcDbEntity
  8
A-ANNO-DIMS-100
100
AcDbLine
 10
18245.50212848578
 20
7619.475627956565
 30
0.0
 11
18005.50212848578
 21
7619.475627956567
 31
0.0
1001
REVIT
1002
{
1070
     1
1000
635040
1002
}
1002
{
1070
     5
1000
358345
1002
}
1002
{
1070
     2
1000
-2000260
1002
}
  0
LINE
  5
7A2
330
7AB
100
AcDbEntity
  8
A-ANNO-DIMS-100
100
AcDbLine
 10
18245.50212848578
 20
7619.475627956565
 30
0.0
 11
18485.50212848578
 21
7619.475627956565
 31
0.0
1001
REVIT
1002
{
1070
     1
1000
635040
1002
}
1002
{
1070
     5
1000
358345
1002
}
1002
{
1070
     2
1000
-2000260
1002
}
  0
LINE
  5
7A3
330
7AB
100
AcDbEntity
  8
A-ANNO-DIMS-100
370
    35
100
AcDbLine
 10
18245.50212848576
 20
1619.475627956565
 30
0.0
 11
18395.50212848576
 21
1469.475627956564
 31
0.0
1001
REVIT
1002
{
1070
     1
1000
635040
1002
}
1002
{
1070
     5
1000
358345
1002
}
1002
{
1070
     2
1000
-2000260
1002
}
  0
LINE
  5
7A4
330
7AB
100
AcDbEntity
  8
A-ANNO-DIMS-100
370
    35
100
AcDbLine
 10
18245.50212848576
 20
1619.475627956565
 30
0.0
 11
18095.50212848576
 21
1769.475627956565
 31
0.0
1001
REVIT
1002
{
1070
     1
1000
635040
1002
}
1002
{
1070
     5
1000
358345
1002
}
1002
{
1070
     2
1000
-2000260
1002
}
  0
LINE
  5
7A5
330
7AB
100
AcDbEntity
  8
A-ANNO-DIMS-100
100
AcDbLine
 10
18245.50212848576
 20
1619.475627956565
 30
0.0
 11
18485.50212848576
 21
1619.475627956564
 31
0.0
1001
REVIT
1002
{
1070
     1
1000
635040
1002
}
1002
{
1070
     5
1000
358345
1002
}
1002
{
1070
     2
1000
-2000260
1002
}
  0
LINE
  5
7A6
330
7AB
100
AcDbEntity
  8
A-ANNO-DIMS-100
100
AcDbLine
 10
18245.50212848576
 20
1619.475627956565
 30
0.0
 11
18005.50212848576
 21
1619.475627956565
 31
0.0
1001
REVIT
1002
{
1070
     1
1000
635040
1002
}
1002
{
1070
     5
1000
358345
1002
}
1002
{
1070
     2
1000
-2000260
1002
}
  0
MTEXT
  5
7A7
330
7AB
100
AcDbEntity
  8
A-ANNO-DIMS-100
 62
     0
100
AcDbMText
 10
16772.27245772912
 20
3465.797691082146
 30
0.0
 40
1000.0
 41
2768.827048498608
 46
0.0
 71
     1
 72
     1
  1
600
  7
Arial_3
 11
0.0
 21
1.0
 31
0.0
 73
     2
 44
0.9417779076525876
 90
        3
 63
     9
421
 13158600
 45
1.25
441
        0
1001
REVIT
1002
{
1070
     1
1000
635040
1002
}
1002
{
1070
     5
1000
358345
1002
}
1002
{
1070
     2
1000
-2000260
1002
}
  0
ENDBLK
  5
7A9
330
7AB
100
AcDbEntity
  8
0
100
AcDbBlockEnd
  0
BLOCK
  5
7C2
330
7C5
100
AcDbEntity
  8
0
100
AcDbBlockBegin
  2
DIMBLOCK39-Level 1
 70
     0
 10
0.0
 20
0.0
 30
0.0
  3
DIMBLOCK39-Level 1
  1

  0
LINE
  5
7B8
330
7C5
100
AcDbEntity
  8
A-ANNO-DIMS-100
100
AcDbLine
 10
11088.86123488274
 20
2143.904142486152
 30
0.0
 11
19068.86123488272
 21
2143.904142486152
 31
0.0
1001
REVIT
1002
{
1070
     1
1000
635047
1002
}
1002
{
1070
     5
1000
358345
1002
}
1002
{
1070
     2
1000
-2000260
1002
}
  0
LINE
  5
7B9
330
7C5
100
AcDbEntity
  8
A-ANNO-DIMS-100
370
    35
100
AcDbLine
 10
18828.86123488272
 20
2143.904142486152
 30
0.0
 11
18678.86123488272
 21
1993.904142486152
 31
0.0
1001
REVIT
1002
{
1070
     1
1000
635047
1002
}
1002
{
1070
     5
1000
358345
1002
}
1002
{
1070
     2
1000
-2000260
1002
}
  0
LINE
  5
7BA
330
7C5
100
AcDbEntity
  8
A-ANNO-DIMS-100
370
    35
100
AcDbLine
 10
18828.86123488272
 20
2143.904142486152
 30
0.0
 11
18978.86123488272
 21
2293.904142486152
 31
0.0
1001
REVIT
1002
{
1070
     1
1000
635047
1002
}
1002
{
1070
     5
1000
358345
1002
}
1002
{
1070
     2
1000
-2000260
1002
}
  0
LINE
  5
7BB
330
7C5
100
AcDbEntity
  8
A-ANNO-DIMS-100
100
AcDbLine
 10
18828.86123488272
 20
2143.904142486152
 30
0.0
 11
18828.86123488272
 21
1903.904142486151
 31
0.0
1001
REVIT
1002
{
1070
     1
1000
635047
1002
}
1002
{
1070
     5
1000
358345
1002
}
1002
{
1070
     2
1000
-2000260
1002
}
  0
LINE
  5
7BC
330
7C5
100
AcDbEntity
  8
A-ANNO-DIMS-100
100
AcDbLine
 10
18828.86123488272
 20
2143.904142486152
 30
0.0
 11
18828.86123488272
 21
2383.904142486152
 31
0.0
1001
REVIT
1002
{
1070
     1
1000
635047
1002
}
1002
{
1070
     5
1000
358345
1002
}
1002
{
1070
     2
1000
-2000260
1002
}
  0
LINE
  5
7BD
330
7C5
100
AcDbEntity
  8
A-ANNO-DIMS-100
370
    35
100
AcDbLine
 10
11328.86123488273
 20
2143.904142486152
 30
0.0
 11
11178.86123488273
 21
1993.904142486152
 31
0.0
1001
REVIT
1002
{
1070
     1
1000
635047
1002
}
1002
{
1070
     5
1000
358345
1002
}
1002
{
1070
     2
1000
-2000260
1002
}
  0
LINE
  5
7BE
330
7C5
100
AcDbEntity
  8
A-ANNO-DIMS-100
370
    35
100
AcDbLine
 10
11328.86123488273
 20
2143.904142486152
 30
0.0
 11
11478.86123488274
 21
2293.904142486152
 31
0.0
1001
REVIT
1002
{
1070
     1
1000
635047
1002
}
1002
{
1070
     5
1000
358345
1002
}
1002
{
1070
     2
1000
-2000260
1002
}
  0
LINE
  5
7BF
330
7C5
100
AcDbEntity
  8
A-ANNO-DIMS-100
100
AcDbLine
 10
11328.86123488273
 20
2143.904142486152
 30
0.0
 11
11328.86123488273
 21
1903.904142486151
 31
0.0
1001
REVIT
1002
{
1070
     1
1000
635047
1002
}
1002
{
1070
     5
1000
358345
1002
}
1002
{
1070
     2
1000
-2000260
1002
}
  0
LINE
  5
7C0
330
7C5
100
AcDbEntity
  8
A-ANNO-DIMS-100
100
AcDbLine
 10
11328.86123488273
 20
2143.904142486152
 30
0.0
 11
11328.86123488273
 21
2383.904142486152
 31
0.0
1001
REVIT
1002
{
1070
     1
1000
635047
1002
}
1002
{
1070
     5
1000
358345
1002
}
1002
{
1070
     2
1000
-2000260
1002
}
  0
MTEXT
  5
7C1
330
7C5
100
AcDbEntity
  8
A-ANNO-DIMS-100
 62
     0
100
AcDbMText
 10
13925.18329800831
 20
3617.133813242804
 30
0.0
 40
1000.0
 41
2768.827048498608
 46
0.0
 71
     1
 72
     1
  1
750
  7
Arial_3
 73
     2
 44
0.9417779076525876
 90
        3
 63
     9
421
 13158600
 45
1.25
441
        0
1001
REVIT
1002
{
1070
     1
1000
635047
1002
}
1002
{
1070
     5
1000
358345
1002
}
1002
{
1070
     2
1000
-2000260
1002
}
  0
ENDBLK
  5
7C3
330
7C5
100
AcDbEntity
  8
0
100
AcDbBlockEnd
  0
BLOCK
  5
7DC
330
7DF
100
AcDbEntity
  8
0
100
AcDbBlockBegin
  2
DIMBLOCK40-Level 1
 70
     0
 10
0.0
 20
0.0
 30
0.0
  3
DIMBLOCK40-Level 1
  1

  0
LINE
  5
7D2
330
7DF
100
AcDbEntity
  8
A-ANNO-DIMS-100
100
AcDbLine
 10
-25941.43694956354
 20
17864.77437702309
 30
0.0
 11
-19289.83042327064
 21
17864.77437702309
 31
0.0
1001
REVIT
1002
{
1070
     1
1000
642077
1002
}
1002
{
1070
     5
1000
358345
1002
}
1002
{
1070
     2
1000
-2000260
1002
}
  0
LINE
  5
7D3
330
7DF
100
AcDbEntity
  8
A-ANNO-DIMS-100
370
    35
100
AcDbLine
 10
-19289.83042327064
 20
17864.77437702309
 30
0.0
 11
-19439.83042327064
 21
17714.77437702309
 31
0.0
1001
REVIT
1002
{
1070
     1
1000
642077
1002
}
1002
{
1070
     5
1000
358345
1002
}
1002
{
1070
     2
1000
-2000260
1002
}
  0
LINE
  5
7D4
330
7DF
100
AcDbEntity
  8
A-ANNO-DIMS-100
370
    35
100
AcDbLine
 10
-19289.83042327064
 20
17864.77437702309
 30
0.0
 11
-19139.83042327064
 21
18014.77437702309
 31
0.0
1001
REVIT
1002
{
1070
     1
1000
642077
1002
}
1002
{
1070
     5
1000
358345
1002
}
1002
{
1070
     2
1000
-2000260
1002
}
  0
LINE
  5
7D5
330
7DF
100
AcDbEntity
  8
A-ANNO-DIMS-100
100
AcDbLine
 10
-19289.83042327064
 20
17864.77437702309
 30
0.0
 11
-19289.83042327064
 21
18104.77437702309
 31
0.0
1001
REVIT
1002
{
1070
     1
1000
642077
1002
}
1002
{
1070
     5
1000
358345
1002
}
1002
{
1070
     2
1000
-2000260
1002
}
  0
LINE
  5
7D6
330
7DF
100
AcDbEntity
  8
A-ANNO-DIMS-100
100
AcDbLine
 10
-19289.83042327064
 20
17864.77437702309
 30
0.0
 11
-19289.83042327064
 21
17624.77437702309
 31
0.0
1001
REVIT
1002
{
1070
     1
1000
642077
1002
}
1002
{
1070
     5
1000
358345
1002
}
1002
{
1070
     2
1000
-2000260
1002
}
  0
LINE
  5
7D7
330
7DF
100
AcDbEntity
  8
A-ANNO-DIMS-100
370
    35
100
AcDbLine
 10
-25701.43694956354
 20
17864.77437702309
 30
0.0
 11
-25851.43694956355
 21
17714.77437702309
 31
0.0
1001
REVIT
1002
{
1070
     1
1000
642077
1002
}
1002
{
1070
     5
1000
358345
1002
}
1002
{
1070
     2
1000
-2000260
1002
}
  0
LINE
  5
7D8
330
7DF
100
AcDbEntity
  8
A-ANNO-DIMS-100
370
    35
100
AcDbLine
 10
-25701.43694956354
 20
17864.77437702309
 30
0.0
 11
-25551.43694956354
 21
18014.77437702309
 31
0.0
1001
REVIT
1002
{
1070
     1
1000
642077
1002
}
1002
{
1070
     5
1000
358345
1002
}
1002
{
1070
     2
1000
-2000260
1002
}
  0
LINE
  5
7D9
330
7DF
100
AcDbEntity
  8
A-ANNO-DIMS-100
100
AcDbLine
 10
-25701.43694956354
 20
17864.77437702309
 30
0.0
 11
-25701.43694956354
 21
18104.77437702309
 31
0.0
1001
REVIT
1002
{
1070
     1
1000
642077
1002
}
1002
{
1070
     5
1000
358345
1002
}
1002
{
1070
     2
1000
-2000260
1002
}
  0
LINE
  5
7DA
330
7DF
100
AcDbEntity
  8
A-ANNO-DIMS-100
100
AcDbLine
 10
-25701.43694956354
 20
17864.77437702309
 30
0.0
 11
-25701.43694956354
 21
17624.77437702309
 31
0.0
1001
REVIT
1002
{
1070
     1
1000
642077
1002
}
1002
{
1070
     5
1000
358345
1002
}
1002
{
1070
     2
1000
-2000260
1002
}
  0
MTEXT
  5
7DB
330
7DF
100
AcDbEntity
  8
A-ANNO-DIMS-100
 62
     0
100
AcDbMText
 10
-23649.31162329151
 20
19338.00404777974
 30
0.0
 40
1000.0
 41
2768.827048498608
 46
0.0
 71
     1
 72
     1
  1
641
  7
Arial_3
 73
     2
 44
0.9417779076525876
 90
        3
 63
     9
421
 13158600
 45
1.25
441
        0
1001
REVIT
1002
{
1070
     1
1000
642077
1002
}
1002
{
1070
     5
1000
358345
1002
}
1002
{
1070
     2
1000
-2000260
1002
}
  0
ENDBLK
  5
7DD
330
7DF
100
AcDbEntity
  8
0
100
AcDbBlockEnd
  0
BLOCK
  5
7F6
330
7F9
100
AcDbEntity
  8
0
100
AcDbBlockBegin
  2
DIMBLOCK41-Level 1
 70
     0
 10
0.0
 20
0.0
 30
0.0
  3
DIMBLOCK41-Level 1
  1

  0
LINE
  5
7EC
330
7F9
100
AcDbEntity
  8
A-ANNO-DIMS-100
100
AcDbLine
 10
-19289.83042327064
 20
17864.77437702309
 30
0.0
 11
-13726.10143699096
 21
17864.77437702309
 31
0.0
1001
REVIT
1002
{
1070
     1
1000
642077
1002
}
1002
{
1070
     5
1000
358345
1002
}
1002
{
1070
     2
1000
-2000260
1002
}
  0
LINE
  5
7ED
330
7F9
100
AcDbEntity
  8
A-ANNO-DIMS-100
370
    35
100
AcDbLine
 10
-13726.10143699096
 20
17864.77437702309
 30
0.0
 11
-13876.10143699096
 21
17714.77437702309
 31
0.0
1001
REVIT
1002
{
1070
     1
1000
642077
1002
}
1002
{
1070
     5
1000
358345
1002
}
1002
{
1070
     2
1000
-2000260
1002
}
  0
LINE
  5
7EE
330
7F9
100
AcDbEntity
  8
A-ANNO-DIMS-100
370
    35
100
AcDbLine
 10
-13726.10143699096
 20
17864.77437702309
 30
0.0
 11
-13576.10143699096
 21
18014.77437702309
 31
0.0
1001
REVIT
1002
{
1070
     1
1000
642077
1002
}
1002
{
1070
     5
1000
358345
1002
}
1002
{
1070
     2
1000
-2000260
1002
}
  0
LINE
  5
7EF
330
7F9
100
AcDbEntity
  8
A-ANNO-DIMS-100
100
AcDbLine
 10
-13726.10143699096
 20
17864.77437702309
 30
0.0
 11
-13726.10143699096
 21
18104.77437702309
 31
0.0
1001
REVIT
1002
{
1070
     1
1000
642077
1002
}
1002
{
1070
     5
1000
358345
1002
}
1002
{
1070
     2
1000
-2000260
1002
}
  0
LINE
  5
7F0
330
7F9
100
AcDbEntity
  8
A-ANNO-DIMS-100
100
AcDbLine
 10
-13726.10143699096
 20
17864.77437702309
 30
0.0
 11
-13726.10143699096
 21
17624.77437702309
 31
0.0
1001
REVIT
1002
{
1070
     1
1000
642077
1002
}
1002
{
1070
     5
1000
358345
1002
}
1002
{
1070
     2
1000
-2000260
1002
}
  0
LINE
  5
7F1
330
7F9
100
AcDbEntity
  8
A-ANNO-DIMS-100
370
    35
100
AcDbLine
 10
-19289.83042327064
 20
17864.77437702309
 30
0.0
 11
-19439.83042327064
 21
17714.77437702309
 31
0.0
1001
REVIT
1002
{
1070
     1
1000
642077
1002
}
1002
{
1070
     5
1000
358345
1002
}
1002
{
1070
     2
1000
-2000260
1002
}
  0
LINE
  5
7F2
330
7F9
100
AcDbEntity
  8
A-ANNO-DIMS-100
370
    35
100
AcDbLine
 10
-19289.83042327064
 20
17864.77437702309
 30
0.0
 11
-19139.83042327064
 21
18014.77437702309
 31
0.0
1001
REVIT
1002
{
1070
     1
1000
642077
1002
}
1002
{
1070
     5
1000
358345
1002
}
1002
{
1070
     2
1000
-2000260
1002
}
  0
LINE
  5
7F3
330
7F9
100
AcDbEntity
  8
A-ANNO-DIMS-100
100
AcDbLine
 10
-19289.83042327064
 20
17864.77437702309
 30
0.0
 11
-19289.83042327064
 21
18104.77437702309
 31
0.0
1001
REVIT
1002
{
1070
     1
1000
642077
1002
}
1002
{
1070
     5
1000
358345
1002
}
1002
{
1070
     2
1000
-2000260
1002
}
  0
LINE
  5
7F4
330
7F9
100
AcDbEntity
  8
A-ANNO-DIMS-100
100
AcDbLine
 10
-19289.83042327064
 20
17864.77437702309
 30
0.0
 11
-19289.83042327064
 21
17624.77437702309
 31
0.0
1001
REVIT
1002
{
1070
     1
1000
642077
1002
}
1002
{
1070
     5
1000
358345
1002
}
1002
{
1070
     2
1000
-2000260
1002
}
  0
MTEXT
  5
7F5
330
7F9
100
AcDbEntity
  8
A-ANNO-DIMS-100
 62
     0
100
AcDbMText
 10
-17661.64386700522
 20
19338.00404777974
 30
0.0
 40
1000.0
 41
2768.827048498608
 46
0.0
 71
     1
 72
     1
  1
556
  7
Arial_3
 73
     2
 44
0.9417779076525876
 90
        3
 63
     9
421
 13158600
 45
1.25
441
        0
1001
REVIT
1002
{
1070
     1
1000
642077
1002
}
1002
{
1070
     5
1000
358345
1002
}
1002
{
1070
     2
1000
-2000260
1002
}
  0
ENDBLK
  5
7F7
330
7F9
100
AcDbEntity
  8
0
100
AcDbBlockEnd
  0
BLOCK
  5
810
330
813
100
AcDbEntity
  8
0
100
AcDbBlockBegin
  2
DIMBLOCK42-Level 1
 70
     0
 10
0.0
 20
0.0
 30
0.0
  3
DIMBLOCK42-Level 1
  1

  0
LINE
  5
806
330
813
100
AcDbEntity
  8
A-ANNO-DIMS-100
100
AcDbLine
 10
-13726.10143699096
 20
17864.77437702309
 30
0.0
 11
-7730.344983381633
 21
17864.77437702309
 31
0.0
1001
REVIT
1002
{
1070
     1
1000
642077
1002
}
1002
{
1070
     5
1000
358345
1002
}
1002
{
1070
     2
1000
-2000260
1002
}
  0
LINE
  5
807
330
813
100
AcDbEntity
  8
A-ANNO-DIMS-100
370
    35
100
AcDbLine
 10
-7730.344983381633
 20
17864.77437702309
 30
0.0
 11
-7880.344983381633
 21
17714.77437702309
 31
0.0
1001
REVIT
1002
{
1070
     1
1000
642077
1002
}
1002
{
1070
     5
1000
358345
1002
}
1002
{
1070
     2
1000
-2000260
1002
}
  0
LINE
  5
808
330
813
100
AcDbEntity
  8
A-ANNO-DIMS-100
370
    35
100
AcDbLine
 10
-7730.344983381633
 20
17864.77437702309
 30
0.0
 11
-7580.344983381632
 21
18014.77437702309
 31
0.0
1001
REVIT
1002
{
1070
     1
1000
642077
1002
}
1002
{
1070
     5
1000
358345
1002
}
1002
{
1070
     2
1000
-2000260
1002
}
  0
LINE
  5
809
330
813
100
AcDbEntity
  8
A-ANNO-DIMS-100
100
AcDbLine
 10
-7730.344983381633
 20
17864.77437702309
 30
0.0
 11
-7730.344983381633
 21
18104.77437702309
 31
0.0
1001
REVIT
1002
{
1070
     1
1000
642077
1002
}
1002
{
1070
     5
1000
358345
1002
}
1002
{
1070
     2
1000
-2000260
1002
}
  0
LINE
  5
80A
330
813
100
AcDbEntity
  8
A-ANNO-DIMS-100
100
AcDbLine
 10
-7730.344983381633
 20
17864.77437702309
 30
0.0
 11
-7730.344983381633
 21
17624.77437702309
 31
0.0
1001
REVIT
1002
{
1070
     1
1000
642077
1002
}
1002
{
1070
     5
1000
358345
1002
}
1002
{
1070
     2
1000
-2000260
1002
}
  0
LINE
  5
80B
330
813
100
AcDbEntity
  8
A-ANNO-DIMS-100
370
    35
100
AcDbLine
 10
-13726.10143699096
 20
17864.77437702309
 30
0.0
 11
-13876.10143699096
 21
17714.77437702309
 31
0.0
1001
REVIT
1002
{
1070
     1
1000
642077
1002
}
1002
{
1070
     5
1000
358345
1002
}
1002
{
1070
     2
1000
-2000260
1002
}
  0
LINE
  5
80C
330
813
100
AcDbEntity
  8
A-ANNO-DIMS-100
370
    35
100
AcDbLine
 10
-13726.10143699096
 20
17864.77437702309
 30
0.0
 11
-13576.10143699096
 21
18014.77437702309
 31
0.0
1001
REVIT
1002
{
1070
     1
1000
642077
1002
}
1002
{
1070
     5
1000
358345
1002
}
1002
{
1070
     2
1000
-2000260
1002
}
  0
LINE
  5
80D
330
813
100
AcDbEntity
  8
A-ANNO-DIMS-100
100
AcDbLine
 10
-13726.10143699096
 20
17864.77437702309
 30
0.0
 11
-13726.10143699096
 21
18104.77437702309
 31
0.0
1001
REVIT
1002
{
1070
     1
1000
642077
1002
}
1002
{
1070
     5
1000
358345
1002
}
1002
{
1070
     2
1000
-2000260
1002
}
  0
LINE
  5
80E
330
813
100
AcDbEntity
  8
A-ANNO-DIMS-100
100
AcDbLine
 10
-13726.10143699096
 20
17864.77437702309
 30
0.0
 11
-13726.10143699096
 21
17624.77437702309
 31
0.0
1001
REVIT
1002
{
1070
     1
1000
642077
1002
}
1002
{
1070
     5
1000
358345
1002
}
1002
{
1070
     2
1000
-2000260
1002
}
  0
MTEXT
  5
80F
330
813
100
AcDbEntity
  8
A-ANNO-DIMS-100
 62
     0
100
AcDbMText
 10
-11881.90114706072
 20
19338.00404777974
 30
0.0
 40
1000.0
 41
2768.827048498608
 46
0.0
 71
     1
 72
     1
  1
600
  7
Arial_3
 73
     2
 44
0.9417779076525876
 90
        3
 63
     9
421
 13158600
 45
1.25
441
        0
1001
REVIT
1002
{
1070
     1
1000
642077
1002
}
1002
{
1070
     5
1000
358345
1002
}
1002
{
1070
     2
1000
-2000260
1002
}
  0
ENDBLK
  5
811
330
813
100
AcDbEntity
  8
0
100
AcDbBlockEnd
  0
BLOCK
  5
82A
330
82D
100
AcDbEntity
  8
0
100
AcDbBlockBegin
  2
DIMBLOCK43-Level 1
 70
     0
 10
0.0
 20
0.0
 30
0.0
  3
DIMBLOCK43-Level 1
  1

  0
LINE
  5
820
330
82D
100
AcDbEntity
  8
A-ANNO-DIMS-100
100
AcDbLine
 10
-7730.344983381633
 20
17864.77437702309
 30
0.0
 11
-7530.344983381635
 21
17864.77437702309
 31
0.0
1001
REVIT
1002
{
1070
     1
1000
642077
1002
}
1002
{
1070
     5
1000
358345
1002
}
1002
{
1070
     2
1000
-2000260
1002
}
  0
LINE
  5
821
330
82D
100
AcDbEntity
  8
A-ANNO-DIMS-100
370
    35
100
AcDbLine
 10
-7530.344983381635
 20
17864.77437702309
 30
0.0
 11
-7680.344983381636
 21
17714.77437702309
 31
0.0
1001
REVIT
1002
{
1070
     1
1000
642077
1002
}
1002
{
1070
     5
1000
358345
1002
}
1002
{
1070
     2
1000
-2000260
1002
}
  0
LINE
  5
822
330
82D
100
AcDbEntity
  8
A-ANNO-DIMS-100
370
    35
100
AcDbLine
 10
-7530.344983381635
 20
17864.77437702309
 30
0.0
 11
-7380.344983381634
 21
18014.77437702309
 31
0.0
1001
REVIT
1002
{
1070
     1
1000
642077
1002
}
1002
{
1070
     5
1000
358345
1002
}
1002
{
1070
     2
1000
-2000260
1002
}
  0
LINE
  5
823
330
82D
100
AcDbEntity
  8
A-ANNO-DIMS-100
100
AcDbLine
 10
-7530.344983381633
 20
17864.77437702309
 30
0.0
 11
-7530.344983381633
 21
18104.77437702309
 31
0.0
1001
REVIT
1002
{
1070
     1
1000
642077
1002
}
1002
{
1070
     5
1000
358345
1002
}
1002
{
1070
     2
1000
-2000260
1002
}
  0
LINE
  5
824
330
82D
100
AcDbEntity
  8
A-ANNO-DIMS-100
100
AcDbLine
 10
-7530.344983381633
 20
17864.77437702309
 30
0.0
 11
-7530.344983381633
 21
17624.77437702309
 31
0.0
1001
REVIT
1002
{
1070
     1
1000
642077
1002
}
1002
{
1070
     5
1000
358345
1002
}
1002
{
1070
     2
1000
-2000260
1002
}
  0
LINE
  5
825
330
82D
100
AcDbEntity
  8
A-ANNO-DIMS-100
370
    35
100
AcDbLine
 10
-7730.344983381633
 20
17864.77437702309
 30
0.0
 11
-7880.344983381633
 21
17714.77437702309
 31
0.0
1001
REVIT
1002
{
1070
     1
1000
642077
1002
}
1002
{
1070
     5
1000
358345
1002
}
1002
{
1070
     2
1000
-2000260
1002
}
  0
LINE
  5
826
330
82D
100
AcDbEntity
  8
A-ANNO-DIMS-100
370
    35
100
AcDbLine
 10
-7730.344983381633
 20
17864.77437702309
 30
0.0
 11
-7580.344983381632
 21
18014.77437702309
 31
0.0
1001
REVIT
1002
{
1070
     1
1000
642077
1002
}
1002
{
1070
     5
1000
358345
1002
}
1002
{
1070
     2
1000
-2000260
1002
}
  0
LINE
  5
827
330
82D
100
AcDbEntity
  8
A-ANNO-DIMS-100
100
AcDbLine
 10
-7730.344983381633
 20
17864.77437702309
 30
0.0
 11
-7730.344983381633
 21
18104.77437702309
 31
0.0
1001
REVIT
1002
{
1070
     1
1000
642077
1002
}
1002
{
1070
     5
1000
358345
1002
}
1002
{
1070
     2
1000
-2000260
1002
}
  0
LINE
  5
828
330
82D
100
AcDbEntity
  8
A-ANNO-DIMS-100
100
AcDbLine
 10
-7730.344983381633
 20
17864.77437702309
 30
0.0
 11
-7730.344983381633
 21
17624.77437702309
 31
0.0
1001
REVIT
1002
{
1070
     1
1000
642077
1002
}
1002
{
1070
     5
1000
358345
1002
}
1002
{
1070
     2
1000
-2000260
1002
}
  0
MTEXT
  5
829
330
82D
100
AcDbEntity
  8
A-ANNO-DIMS-100
 62
     0
100
AcDbMText
 10
-8399.463607964582
 20
19338.00404777974
 30
0.0
 40
1000.0
 41
1845.884698999072
 46
0.0
 71
     1
 72
     1
  1
20
  7
Arial_3
 73
     2
 44
0.9417779076525876
 90
        3
 63
     9
421
 13158600
 45
1.25
441
        0
1001
REVIT
1002
{
1070
     1
1000
642077
1002
}
1002
{
1070
     5
1000
358345
1002
}
1002
{
1070
     2
1000
-2000260
1002
}
  0
ENDBLK
  5
82B
330
82D
100
AcDbEntity
  8
0
100
AcDbBlockEnd
  0
BLOCK
  5
846
330
849
100
AcDbEntity
  8
0
100
AcDbBlockBegin
  2
DIMBLOCK44-Level 1
 70
     0
 10
0.0
 20
0.0
 30
0.0
  3
DIMBLOCK44-Level 1
  1

  0
LINE
  5
83C
330
849
100
AcDbEntity
  8
A-ANNO-DIMS-100
100
AcDbLine
 10
-7530.344983381635
 20
17864.77437702309
 30
0.0
 11
-1910.344983381633
 21
17864.77437702309
 31
0.0
1001
REVIT
1002
{
1070
     1
1000
642077
1002
}
1002
{
1070
     5
1000
358345
1002
}
1002
{
1070
     2
1000
-2000260
1002
}
  0
LINE
  5
83D
330
849
100
AcDbEntity
  8
A-ANNO-DIMS-100
370
    35
100
AcDbLine
 10
-2150.344983381634
 20
17864.77437702309
 30
0.0
 11
-2300.344983381634
 21
17714.77437702309
 31
0.0
1001
REVIT
1002
{
1070
     1
1000
642077
1002
}
1002
{
1070
     5
1000
358345
1002
}
1002
{
1070
     2
1000
-2000260
1002
}
  0
LINE
  5
83E
330
849
100
AcDbEntity
  8
A-ANNO-DIMS-100
370
    35
100
AcDbLine
 10
-2150.344983381634
 20
17864.77437702309
 30
0.0
 11
-2000.344983381634
 21
18014.77437702309
 31
0.0
1001
REVIT
1002
{
1070
     1
1000
642077
1002
}
1002
{
1070
     5
1000
358345
1002
}
1002
{
1070
     2
1000
-2000260
1002
}
  0
LINE
  5
83F
330
849
100
AcDbEntity
  8
A-ANNO-DIMS-100
100
AcDbLine
 10
-2150.344983381634
 20
17864.77437702309
 30
0.0
 11
-2150.344983381634
 21
18104.77437702309
 31
0.0
1001
REVIT
1002
{
1070
     1
1000
642077
1002
}
1002
{
1070
     5
1000
358345
1002
}
1002
{
1070
     2
1000
-2000260
1002
}
  0
LINE
  5
840
330
849
100
AcDbEntity
  8
A-ANNO-DIMS-100
100
AcDbLine
 10
-2150.344983381634
 20
17864.77437702309
 30
0.0
 11
-2150.344983381634
 21
17624.77437702309
 31
0.0
1001
REVIT
1002
{
1070
     1
1000
642077
1002
}
1002
{
1070
     5
1000
358345
1002
}
1002
{
1070
     2
1000
-2000260
1002
}
  0
LINE
  5
841
330
849
100
AcDbEntity
  8
A-ANNO-DIMS-100
370
    35
100
AcDbLine
 10
-7530.344983381635
 20
17864.77437702309
 30
0.0
 11
-7680.344983381636
 21
17714.77437702309
 31
0.0
1001
REVIT
1002
{
1070
     1
1000
642077
1002
}
1002
{
1070
     5
1000
358345
1002
}
1002
{
1070
     2
1000
-2000260
1002
}
  0
LINE
  5
842
330
849
100
AcDbEntity
  8
A-ANNO-DIMS-100
370
    35
100
AcDbLine
 10
-7530.344983381635
 20
17864.77437702309
 30
0.0
 11
-7380.344983381634
 21
18014.77437702309
 31
0.0
1001
REVIT
1002
{
1070
     1
1000
642077
1002
}
1002
{
1070
     5
1000
358345
1002
}
1002
{
1070
     2
1000
-2000260
1002
}
  0
LINE
  5
843
330
849
100
AcDbEntity
  8
A-ANNO-DIMS-100
100
AcDbLine
 10
-7530.344983381633
 20
17864.77437702309
 30
0.0
 11
-7530.344983381633
 21
18104.77437702309
 31
0.0
1001
REVIT
1002
{
1070
     1
1000
642077
1002
}
1002
{
1070
     5
1000
358345
1002
}
1002
{
1070
     2
1000
-2000260
1002
}
  0
LINE
  5
844
330
849
100
AcDbEntity
  8
A-ANNO-DIMS-100
100
AcDbLine
 10
-7530.344983381633
 20
17864.77437702309
 30
0.0
 11
-7530.344983381633
 21
17624.77437702309
 31
0.0
1001
REVIT
1002
{
1070
     1
1000
642077
1002
}
1002
{
1070
     5
1000
358345
1002
}
1002
{
1070
     2
1000
-2000260
1002
}
  0
MTEXT
  5
845
330
849
100
AcDbEntity
  8
A-ANNO-DIMS-100
 62
     0
100
AcDbMText
 10
-5994.022920256055
 20
19338.00404777974
 30
0.0
 40
1000.0
 41
2768.827048498608
 46
0.0
 71
     1
 72
     1
  1
538
  7
Arial_3
 73
     2
 44
0.9417779076525876
 90
        3
 63
     9
421
 13158600
 45
1.25
441
        0
1001
REVIT
1002
{
1070
     1
1000
642077
1002
}
1002
{
1070
     5
1000
358345
1002
}
1002
{
1070
     2
1000
-2000260
1002
}
  0
ENDBLK
  5
847
330
849
100
AcDbEntity
  8
0
100
AcDbBlockEnd
  0
BLOCK
  5
860
330
863
100
AcDbEntity
  8
0
100
AcDbBlockBegin
  2
DIMBLOCK45-Level 1
 70
     0
 10
0.0
 20
0.0
 30
0.0
  3
DIMBLOCK45-Level 1
  1

  0
LINE
  5
856
330
863
100
AcDbEntity
  8
A-ANNO-DIMS-100
100
AcDbLine
 10
-11661.61073013344
 20
7300.837287061984
 30
0.0
 11
-11661.61073013342
 21
14780.83728706198
 31
0.0
1001
REVIT
1002
{
1070
     1
1000
642101
1002
}
1002
{
1070
     5
1000
358345
1002
}
1002
{
1070
     2
1000
-2000260
1002
}
  0
LINE
  5
857
330
863
100
AcDbEntity
  8
A-ANNO-DIMS-100
370
    35
100
AcDbLine
 10
-11661.61073013342
 20
14540.83728706198
 30
0.0
 11
-11511.61073013342
 21
14390.83728706198
 31
0.0
1001
REVIT
1002
{
1070
     1
1000
642101
1002
}
1002
{
1070
     5
1000
358345
1002
}
1002
{
1070
     2
1000
-2000260
1002
}
  0
LINE
  5
858
330
863
100
AcDbEntity
  8
A-ANNO-DIMS-100
370
    35
100
AcDbLine
 10
-11661.61073013342
 20
14540.83728706198
 30
0.0
 11
-11811.61073013342
 21
14690.83728706198
 31
0.0
1001
REVIT
1002
{
1070
     1
1000
642101
1002
}
1002
{
1070
     5
1000
358345
1002
}
1002
{
1070
     2
1000
-2000260
1002
}
  0
LINE
  5
859
330
863
100
AcDbEntity
  8
A-ANNO-DIMS-100
100
AcDbLine
 10
-11661.61073013342
 20
14540.83728706198
 30
0.0
 11
-11421.61073013342
 21
14540.83728706198
 31
0.0
1001
REVIT
1002
{
1070
     1
1000
642101
1002
}
1002
{
1070
     5
1000
358345
1002
}
1002
{
1070
     2
1000
-2000260
1002
}
  0
LINE
  5
85A
330
863
100
AcDbEntity
  8
A-ANNO-DIMS-100
100
AcDbLine
 10
-11661.61073013342
 20
14540.83728706198
 30
0.0
 11
-11901.61073013342
 21
14540.83728706198
 31
0.0
1001
REVIT
1002
{
1070
     1
1000
642101
1002
}
1002
{
1070
     5
1000
358345
1002
}
1002
{
1070
     2
1000
-2000260
1002
}
  0
LINE
  5
85B
330
863
100
AcDbEntity
  8
A-ANNO-DIMS-100
370
    35
100
AcDbLine
 10
-11661.61073013344
 20
7540.837287061984
 30
0.0
 11
-11511.61073013345
 21
7390.837287061983
 31
0.0
1001
REVIT
1002
{
1070
     1
1000
642101
1002
}
1002
{
1070
     5
1000
358345
1002
}
1002
{
1070
     2
1000
-2000260
1002
}
  0
LINE
  5
85C
330
863
100
AcDbEntity
  8
A-ANNO-DIMS-100
370
    35
100
AcDbLine
 10
-11661.61073013344
 20
7540.837287061984
 30
0.0
 11
-11811.61073013344
 21
7690.837287061985
 31
0.0
1001
REVIT
1002
{
1070
     1
1000
642101
1002
}
1002
{
1070
     5
1000
358345
1002
}
1002
{
1070
     2
1000
-2000260
1002
}
  0
LINE
  5
85D
330
863
100
AcDbEntity
  8
A-ANNO-DIMS-100
100
AcDbLine
 10
-11661.61073013344
 20
7540.837287061982
 30
0.0
 11
-11421.61073013344
 21
7540.837287061982
 31
0.0
1001
REVIT
1002
{
1070
     1
1000
642101
1002
}
1002
{
1070
     5
1000
358345
1002
}
1002
{
1070
     2
1000
-2000260
1002
}
  0
LINE
  5
85E
330
863
100
AcDbEntity
  8
A-ANNO-DIMS-100
100
AcDbLine
 10
-11661.61073013344
 20
7540.837287061982
 30
0.0
 11
-11901.61073013344
 21
7540.837287061984
 31
0.0
1001
REVIT
1002
{
1070
     1
1000
642101
1002
}
1002
{
1070
     5
1000
358345
1002
}
1002
{
1070
     2
1000
-2000260
1002
}
  0
MTEXT
  5
85F
330
863
100
AcDbEntity
  8
A-ANNO-DIMS-100
 62
     0
100
AcDbMText
 10
-13134.84040089008
 20
9887.159350187562
 30
0.0
 40
1000.0
 41
2768.827048498608
 46
0.0
 71
     1
 72
     1
  1
700
  7
Arial_3
 11
0.0
 21
1.0
 31
0.0
 73
     2
 44
0.9417779076525876
 90
        3
 63
     9
421
 13158600
 45
1.25
441
        0
1001
REVIT
1002
{
1070
     1
1000
642101
1002
}
1002
{
1070
     5
1000
358345
1002
}
1002
{
1070
     2
1000
-2000260
1002
}
  0
ENDBLK
  5
861
330
863
100
AcDbEntity
  8
0
100
AcDbBlockEnd
  0
BLOCK
  5
87A
330
87D
100
AcDbEntity
  8
0
100
AcDbBlockBegin
  2
DIMBLOCK46-Level 1
 70
     0
 10
0.0
 20
0.0
 30
0.0
  3
DIMBLOCK46-Level 1
  1

  0
LINE
  5
870
330
87D
100
AcDbEntity
  8
A-ANNO-DIMS-100
100
AcDbLine
 10
1981.871507682647
 20
9780.83728706194
 30
0.0
 11
1981.871507682646
 21
9340.837287061939
 31
0.0
1001
REVIT
1002
{
1070
     1
1000
642298
1002
}
1002
{
1070
     5
1000
358345
1002
}
1002
{
1070
     2
1000
-2000260
1002
}
  0
LINE
  5
871
330
87D
100
AcDbEntity
  8
A-ANNO-DIMS-100
370
    35
100
AcDbLine
 10
1981.871507682646
 20
9340.837287061939
 30
0.0
 11
1831.871507682647
 21
9490.837287061939
 31
0.0
1001
REVIT
1002
{
1070
     1
1000
642298
1002
}
1002
{
1070
     5
1000
358345
1002
}
1002
{
1070
     2
1000
-2000260
1002
}
  0
LINE
  5
872
330
87D
100
AcDbEntity
  8
A-ANNO-DIMS-100
370
    35
100
AcDbLine
 10
1981.871507682646
 20
9340.837287061939
 30
0.0
 11
2131.871507682646
 21
9190.837287061938
 31
0.0
1001
REVIT
1002
{
1070
     1
1000
642298
1002
}
1002
{
1070
     5
1000
358345
1002
}
1002
{
1070
     2
1000
-2000260
1002
}
  0
LINE
  5
873
330
87D
100
AcDbEntity
  8
A-ANNO-DIMS-100
100
AcDbLine
 10
1981.871507682646
 20
9340.83728706194
 30
0.0
 11
2221.871507682646
 21
9340.83728706194
 31
0.0
1001
REVIT
1002
{
1070
     1
1000
642298
1002
}
1002
{
1070
     5
1000
358345
1002
}
1002
{
1070
     2
1000
-2000260
1002
}
  0
LINE
  5
874
330
87D
100
AcDbEntity
  8
A-ANNO-DIMS-100
100
AcDbLine
 10
1981.871507682646
 20
9340.83728706194
 30
0.0
 11
1741.871507682646
 21
9340.837287061942
 31
0.0
1001
REVIT
1002
{
1070
     1
1000
642298
1002
}
1002
{
1070
     5
1000
358345
1002
}
1002
{
1070
     2
1000
-2000260
1002
}
  0
LINE
  5
875
330
87D
100
AcDbEntity
  8
A-ANNO-DIMS-100
370
    35
100
AcDbLine
 10
1981.871507682646
 20
9540.837287061938
 30
0.0
 11
1831.871507682647
 21
9690.837287061938
 31
0.0
1001
REVIT
1002
{
1070
     1
1000
642298
1002
}
1002
{
1070
     5
1000
358345
1002
}
1002
{
1070
     2
1000
-2000260
1002
}
  0
LINE
  5
876
330
87D
100
AcDbEntity
  8
A-ANNO-DIMS-100
370
    35
100
AcDbLine
 10
1981.871507682646
 20
9540.837287061938
 30
0.0
 11
2131.871507682646
 21
9390.837287061938
 31
0.0
1001
REVIT
1002
{
1070
     1
1000
642298
1002
}
1002
{
1070
     5
1000
358345
1002
}
1002
{
1070
     2
1000
-2000260
1002
}
  0
LINE
  5
877
330
87D
100
AcDbEntity
  8
A-ANNO-DIMS-100
100
AcDbLine
 10
1981.871507682646
 20
9540.837287061938
 30
0.0
 11
2221.871507682646
 21
9540.837287061938
 31
0.0
1001
REVIT
1002
{
1070
     1
1000
642298
1002
}
1002
{
1070
     5
1000
358345
1002
}
1002
{
1070
     2
1000
-2000260
1002
}
  0
LINE
  5
878
330
87D
100
AcDbEntity
  8
A-ANNO-DIMS-100
100
AcDbLine
 10
1981.871507682646
 20
9540.837287061938
 30
0.0
 11
1741.871507682646
 21
9540.837287061938
 31
0.0
1001
REVIT
1002
{
1070
     1
1000
642298
1002
}
1002
{
1070
     5
1000
358345
1002
}
1002
{
1070
     2
1000
-2000260
1002
}
  0
MTEXT
  5
879
330
87D
100
AcDbEntity
  8
A-ANNO-DIMS-100
 62
     0
100
AcDbMText
 10
508.6418369259929
 20
8671.718662478994
 30
0.0
 40
1000.0
 41
1845.884698999072
 46
0.0
 71
     1
 72
     1
  1
20
  7
Arial_3
 11
0.0
 21
1.0
 31
0.0
 73
     2
 44
0.9417779076525876
 90
        3
 63
     9
421
 13158600
 45
1.25
441
        0
1001
REVIT
1002
{
1070
     1
1000
642298
1002
}
1002
{
1070
     5
1000
358345
1002
}
1002
{
1070
     2
1000
-2000260
1002
}
  0
ENDBLK
  5
87B
330
87D
100
AcDbEntity
  8
0
100
AcDbBlockEnd
  0
BLOCK
  5
896
330
899
100
AcDbEntity
  8
0
100
AcDbBlockBegin
  2
DIMBLOCK47-Level 1
 70
     0
 10
0.0
 20
0.0
 30
0.0
  3
DIMBLOCK47-Level 1
  1

  0
LINE
  5
88C
330
899
100
AcDbEntity
  8
A-ANNO-DIMS-100
100
AcDbLine
 10
1981.871507682646
 20
9340.837287061939
 30
0.0
 11
1981.871507682623
 21
2200.837287061953
 31
0.0
1001
REVIT
1002
{
1070
     1
1000
642298
1002
}
1002
{
1070
     5
1000
358345
1002
}
1002
{
1070
     2
1000
-2000260
1002
}
  0
LINE
  5
88D
330
899
100
AcDbEntity
  8
A-ANNO-DIMS-100
370
    35
100
AcDbLine
 10
1981.871507682623
 20
2200.837287061953
 30
0.0
 11
1831.871507682623
 21
2350.837287061953
 31
0.0
1001
REVIT
1002
{
1070
     1
1000
642298
1002
}
1002
{
1070
     5
1000
358345
1002
}
1002
{
1070
     2
1000
-2000260
1002
}
  0
LINE
  5
88E
330
899
100
AcDbEntity
  8
A-ANNO-DIMS-100
370
    35
100
AcDbLine
 10
1981.871507682623
 20
2200.837287061953
 30
0.0
 11
2131.871507682623
 21
2050.837287061952
 31
0.0
1001
REVIT
1002
{
1070
     1
1000
642298
1002
}
1002
{
1070
     5
1000
358345
1002
}
1002
{
1070
     2
1000
-2000260
1002
}
  0
LINE
  5
88F
330
899
100
AcDbEntity
  8
A-ANNO-DIMS-100
100
AcDbLine
 10
1981.871507682623
 20
2200.837287061953
 30
0.0
 11
2221.871507682623
 21
2200.837287061952
 31
0.0
1001
REVIT
1002
{
1070
     1
1000
642298
1002
}
1002
{
1070
     5
1000
358345
1002
}
1002
{
1070
     2
1000
-2000260
1002
}
  0
LINE
  5
890
330
899
100
AcDbEntity
  8
A-ANNO-DIMS-100
100
AcDbLine
 10
1981.871507682623
 20
2200.837287061953
 30
0.0
 11
1741.871507682623
 21
2200.837287061954
 31
0.0
1001
REVIT
1002
{
1070
     1
1000
642298
1002
}
1002
{
1070
     5
1000
358345
1002
}
1002
{
1070
     2
1000
-2000260
1002
}
  0
LINE
  5
891
330
899
100
AcDbEntity
  8
A-ANNO-DIMS-100
370
    35
100
AcDbLine
 10
1981.871507682646
 20
9340.837287061939
 30
0.0
 11
1831.871507682647
 21
9490.837287061939
 31
0.0
1001
REVIT
1002
{
1070
     1
1000
642298
1002
}
1002
{
1070
     5
1000
358345
1002
}
1002
{
1070
     2
1000
-2000260
1002
}
  0
LINE
  5
892
330
899
100
AcDbEntity
  8
A-ANNO-DIMS-100
370
    35
100
AcDbLine
 10
1981.871507682646
 20
9340.837287061939
 30
0.0
 11
2131.871507682646
 21
9190.837287061938
 31
0.0
1001
REVIT
1002
{
1070
     1
1000
642298
1002
}
1002
{
1070
     5
1000
358345
1002
}
1002
{
1070
     2
1000
-2000260
1002
}
  0
LINE
  5
893
330
899
100
AcDbEntity
  8
A-ANNO-DIMS-100
100
AcDbLine
 10
1981.871507682646
 20
9340.83728706194
 30
0.0
 11
2221.871507682646
 21
9340.83728706194
 31
0.0
1001
REVIT
1002
{
1070
     1
1000
642298
1002
}
1002
{
1070
     5
1000
358345
1002
}
1002
{
1070
     2
1000
-2000260
1002
}
  0
LINE
  5
894
330
899
100
AcDbEntity
  8
A-ANNO-DIMS-100
100
AcDbLine
 10
1981.871507682646
 20
9340.83728706194
 30
0.0
 11
1741.871507682646
 21
9340.837287061942
 31
0.0
1001
REVIT
1002
{
1070
     1
1000
642298
1002
}
1002
{
1070
     5
1000
358345
1002
}
1002
{
1070
     2
1000
-2000260
1002
}
  0
MTEXT
  5
895
330
899
100
AcDbEntity
  8
A-ANNO-DIMS-100
 62
     0
100
AcDbMText
 10
508.6418369259812
 20
4617.159350187526
 30
0.0
 40
1000.0
 41
2768.827048498608
 46
0.0
 71
     1
 72
     1
  1
714
  7
Arial_3
 11
0.0
 21
1.0
 31
0.0
 73
     2
 44
0.9417779076525876
 90
        3
 63
     9
421
 13158600
 45
1.25
441
        0
1001
REVIT
1002
{
1070
     1
1000
642298
1002
}
1002
{
1070
     5
1000
358345
1002
}
1002
{
1070
     2
1000
-2000260
1002
}
  0
ENDBLK
  5
897
330
899
100
AcDbEntity
  8
0
100
AcDbBlockEnd
  0
BLOCK
  5
8B0
330
8B3
100
AcDbEntity
  8
0
100
AcDbBlockBegin
  2
DIMBLOCK48-Level 1
 70
     0
 10
0.0
 20
0.0
 30
0.0
  3
DIMBLOCK48-Level 1
  1

  0
LINE
  5
8A6
330
8B3
100
AcDbEntity
  8
A-ANNO-DIMS-100
100
AcDbLine
 10
1981.871507682623
 20
2200.837287061953
 30
0.0
 11
1981.871507682623
 21
2000.837287061953
 31
0.0
1001
REVIT
1002
{
1070
     1
1000
642298
1002
}
1002
{
1070
     5
1000
358345
1002
}
1002
{
1070
     2
1000
-2000260
1002
}
  0
LINE
  5
8A7
330
8B3
100
AcDbEntity
  8
A-ANNO-DIMS-100
370
    35
100
AcDbLine
 10
1981.871507682623
 20
2000.837287061953
 30
0.0
 11
1831.871507682623
 21
2150.837287061954
 31
0.0
1001
REVIT
1002
{
1070
     1
1000
642298
1002
}
1002
{
1070
     5
1000
358345
1002
}
1002
{
1070
     2
1000
-2000260
1002
}
  0
LINE
  5
8A8
330
8B3
100
AcDbEntity
  8
A-ANNO-DIMS-100
370
    35
100
AcDbLine
 10
1981.871507682623
 20
2000.837287061953
 30
0.0
 11
2131.871507682623
 21
1850.837287061952
 31
0.0
1001
REVIT
1002
{
1070
     1
1000
642298
1002
}
1002
{
1070
     5
1000
358345
1002
}
1002
{
1070
     2
1000
-2000260
1002
}
  0
LINE
  5
8A9
330
8B3
100
AcDbEntity
  8
A-ANNO-DIMS-100
100
AcDbLine
 10
1981.871507682622
 20
2000.837287061953
 30
0.0
 11
2221.871507682622
 21
2000.837287061951
 31
0.0
1001
REVIT
1002
{
1070
     1
1000
642298
1002
}
1002
{
1070
     5
1000
358345
1002
}
1002
{
1070
     2
1000
-2000260
1002
}
  0
LINE
  5
8AA
330
8B3
100
AcDbEntity
  8
A-ANNO-DIMS-100
100
AcDbLine
 10
1981.871507682622
 20
2000.837287061953
 30
0.0
 11
1741.871507682622
 21
2000.837287061953
 31
0.0
1001
REVIT
1002
{
1070
     1
1000
642298
1002
}
1002
{
1070
     5
1000
358345
1002
}
1002
{
1070
     2
1000
-2000260
1002
}
  0
LINE
  5
8AB
330
8B3
100
AcDbEntity
  8
A-ANNO-DIMS-100
370
    35
100
AcDbLine
 10
1981.871507682623
 20
2200.837287061953
 30
0.0
 11
1831.871507682623
 21
2350.837287061953
 31
0.0
1001
REVIT
1002
{
1070
     1
1000
642298
1002
}
1002
{
1070
     5
1000
358345
1002
}
1002
{
1070
     2
1000
-2000260
1002
}
  0
LINE
  5
8AC
330
8B3
100
AcDbEntity
  8
A-ANNO-DIMS-100
370
    35
100
AcDbLine
 10
1981.871507682623
 20
2200.837287061953
 30
0.0
 11
2131.871507682623
 21
2050.837287061952
 31
0.0
1001
REVIT
1002
{
1070
     1
1000
642298
1002
}
1002
{
1070
     5
1000
358345
1002
}
1002
{
1070
     2
1000
-2000260
1002
}
  0
LINE
  5
8AD
330
8B3
100
AcDbEntity
  8
A-ANNO-DIMS-100
100
AcDbLine
 10
1981.871507682623
 20
2200.837287061953
 30
0.0
 11
2221.871507682623
 21
2200.837287061952
 31
0.0
1001
REVIT
1002
{
1070
     1
1000
642298
1002
}
1002
{
1070
     5
1000
358345
1002
}
1002
{
1070
     2
1000
-2000260
1002
}
  0
LINE
  5
8AE
330
8B3
100
AcDbEntity
  8
A-ANNO-DIMS-100
100
AcDbLine
 10
1981.871507682623
 20
2200.837287061953
 30
0.0
 11
1741.871507682623
 21
2200.837287061954
 31
0.0
1001
REVIT
1002
{
1070
     1
1000
642298
1002
}
1002
{
1070
     5
1000
358345
1002
}
1002
{
1070
     2
1000
-2000260
1002
}
  0
MTEXT
  5
8AF
330
8B3
100
AcDbEntity
  8
A-ANNO-DIMS-100
 62
     0
100
AcDbMText
 10
508.6418369259695
 20
1331.718662479008
 30
0.0
 40
1000.0
 41
1845.884698999072
 46
0.0
 71
     1
 72
     1
  1
20
  7
Arial_3
 11
0.0
 21
1.0
 31
0.0
 73
     2
 44
0.9417779076525876
 90
        3
 63
     9
421
 13158600
 45
1.25
441
        0
1001
REVIT
1002
{
1070
     1
1000
642298
1002
}
1002
{
1070
     5
1000
358345
1002
}
1002
{
1070
     2
1000
-2000260
1002
}
  0
ENDBLK
  5
8B1
330
8B3
100
AcDbEntity
  8
0
100
AcDbBlockEnd
  0
BLOCK
  5
8CC
330
8CF
100
AcDbEntity
  8
0
100
AcDbBlockBegin
  2
DIMBLOCK49-Level 1
 70
     0
 10
0.0
 20
0.0
 30
0.0
  3
DIMBLOCK49-Level 1
  1

  0
LINE
  5
8C2
330
8CF
100
AcDbEntity
  8
A-ANNO-DIMS-100
100
AcDbLine
 10
1981.871507682623
 20
2000.837287061953
 30
0.0
 11
1981.8715076826
 21
-5158.643997971565
 31
0.0
1001
REVIT
1002
{
1070
     1
1000
642298
1002
}
1002
{
1070
     5
1000
358345
1002
}
1002
{
1070
     2
1000
-2000260
1002
}
  0
LINE
  5
8C3
330
8CF
100
AcDbEntity
  8
A-ANNO-DIMS-100
370
    35
100
AcDbLine
 10
1981.8715076826
 20
-5158.643997971565
 30
0.0
 11
1831.8715076826
 21
-5008.643997971564
 31
0.0
1001
REVIT
1002
{
1070
     1
1000
642298
1002
}
1002
{
1070
     5
1000
358345
1002
}
1002
{
1070
     2
1000
-2000260
1002
}
  0
LINE
  5
8C4
330
8CF
100
AcDbEntity
  8
A-ANNO-DIMS-100
370
    35
100
AcDbLine
 10
1981.8715076826
 20
-5158.643997971565
 30
0.0
 11
2131.8715076826
 21
-5308.643997971564
 31
0.0
1001
REVIT
1002
{
1070
     1
1000
642298
1002
}
1002
{
1070
     5
1000
358345
1002
}
1002
{
1070
     2
1000
-2000260
1002
}
  0
LINE
  5
8C5
330
8CF
100
AcDbEntity
  8
A-ANNO-DIMS-100
100
AcDbLine
 10
1981.8715076826
 20
-5158.643997971566
 30
0.0
 11
2221.8715076826
 21
-5158.643997971567
 31
0.0
1001
REVIT
1002
{
1070
     1
1000
642298
1002
}
1002
{
1070
     5
1000
358345
1002
}
1002
{
1070
     2
1000
-2000260
1002
}
  0
LINE
  5
8C6
330
8CF
100
AcDbEntity
  8
A-ANNO-DIMS-100
100
AcDbLine
 10
1981.8715076826
 20
-5158.643997971566
 30
0.0
 11
1741.8715076826
 21
-5158.643997971565
 31
0.0
1001
REVIT
1002
{
1070
     1
1000
642298
1002
}
1002
{
1070
     5
1000
358345
1002
}
1002
{
1070
     2
1000
-2000260
1002
}
  0
LINE
  5
8C7
330
8CF
100
AcDbEntity
  8
A-ANNO-DIMS-100
370
    35
100
AcDbLine
 10
1981.871507682623
 20
2000.837287061953
 30
0.0
 11
1831.871507682623
 21
2150.837287061954
 31
0.0
1001
REVIT
1002
{
1070
     1
1000
642298
1002
}
1002
{
1070
     5
1000
358345
1002
}
1002
{
1070
     2
1000
-2000260
1002
}
  0
LINE
  5
8C8
330
8CF
100
AcDbEntity
  8
A-ANNO-DIMS-100
370
    35
100
AcDbLine
 10
1981.871507682623
 20
2000.837287061953
 30
0.0
 11
2131.871507682623
 21
1850.837287061952
 31
0.0
1001
REVIT
1002
{
1070
     1
1000
642298
1002
}
1002
{
1070
     5
1000
358345
1002
}
1002
{
1070
     2
1000
-2000260
1002
}
  0
LINE
  5
8C9
330
8CF
100
AcDbEntity
  8
A-ANNO-DIMS-100
100
AcDbLine
 10
1981.871507682622
 20
2000.837287061953
 30
0.0
 11
2221.871507682622
 21
2000.837287061951
 31
0.0
1001
REVIT
1002
{
1070
     1
1000
642298
1002
}
1002
{
1070
     5
1000
358345
1002
}
1002
{
1070
     2
1000
-2000260
1002
}
  0
LINE
  5
8CA
330
8CF
100
AcDbEntity
  8
A-ANNO-DIMS-100
100
AcDbLine
 10
1981.871507682622
 20
2000.837287061953
 30
0.0
 11
1741.871507682622
 21
2000.837287061953
 31
0.0
1001
REVIT
1002
{
1070
     1
1000
642298
1002
}
1002
{
1070
     5
1000
358345
1002
}
1002
{
1070
     2
1000
-2000260
1002
}
  0
MTEXT
  5
8CB
330
8CF
100
AcDbEntity
  8
A-ANNO-DIMS-100
 62
     0
100
AcDbMText
 10
508.6418369259582
 20
-2732.581292329226
 30
0.0
 40
1000.0
 41
2768.827048498608
 46
0.0
 71
     1
 72
     1
  1
716
  7
Arial_3
 11
0.0
 21
1.0
 31
0.0
 73
     2
 44
0.9417779076525876
 90
        3
 63
     9
421
 13158600
 45
1.25
441
        0
1001
REVIT
1002
{
1070
     1
1000
642298
1002
}
1002
{
1070
     5
1000
358345
1002
}
1002
{
1070
     2
1000
-2000260
1002
}
  0
ENDBLK
  5
8CD
330
8CF
100
AcDbEntity
  8
0
100
AcDbBlockEnd
  0
BLOCK
  5
8E6
330
8E9
100
AcDbEntity
  8
0
100
AcDbBlockBegin
  2
DIMBLOCK50-Level 1
 70
     0
 10
0.0
 20
0.0
 30
0.0
  3
DIMBLOCK50-Level 1
  1

  0
LINE
  5
8DC
330
8E9
100
AcDbEntity
  8
A-ANNO-DIMS-100
100
AcDbLine
 10
1981.8715076826
 20
-5158.643997971565
 30
0.0
 11
1981.871507682607
 21
-5158.643997971565
 31
0.0
1001
REVIT
1002
{
1070
     1
1000
642298
1002
}
1002
{
1070
     5
1000
358345
1002
}
1002
{
1070
     2
1000
-2000260
1002
}
  0
LINE
  5
8DD
330
8E9
100
AcDbEntity
  8
A-ANNO-DIMS-100
370
    35
100
AcDbLine
 10
1981.8715076826
 20
-5158.643997971571
 30
0.0
 11
1831.8715076826
 21
-5008.643997971571
 31
0.0
1001
REVIT
1002
{
1070
     1
1000
642298
1002
}
1002
{
1070
     5
1000
358345
1002
}
1002
{
1070
     2
1000
-2000260
1002
}
  0
LINE
  5
8DE
330
8E9
100
AcDbEntity
  8
A-ANNO-DIMS-100
370
    35
100
AcDbLine
 10
1981.8715076826
 20
-5158.643997971571
 30
0.0
 11
2131.8715076826
 21
-5308.643997971572
 31
0.0
1001
REVIT
1002
{
1070
     1
1000
642298
1002
}
1002
{
1070
     5
1000
358345
1002
}
1002
{
1070
     2
1000
-2000260
1002
}
  0
LINE
  5
8DF
330
8E9
100
AcDbEntity
  8
A-ANNO-DIMS-100
100
AcDbLine
 10
1981.8715076826
 20
-5158.643997971567
 30
0.0
 11
2221.8715076826
 21
-5158.643997971568
 31
0.0
1001
REVIT
1002
{
1070
     1
1000
642298
1002
}
1002
{
1070
     5
1000
358345
1002
}
1002
{
1070
     2
1000
-2000260
1002
}
  0
LINE
  5
8E0
330
8E9
100
AcDbEntity
  8
A-ANNO-DIMS-100
100
AcDbLine
 10
1981.8715076826
 20
-5158.643997971567
 30
0.0
 11
1741.8715076826
 21
-5158.643997971566
 31
0.0
1001
REVIT
1002
{
1070
     1
1000
642298
1002
}
1002
{
1070
     5
1000
358345
1002
}
1002
{
1070
     2
1000
-2000260
1002
}
  0
LINE
  5
8E1
330
8E9
100
AcDbEntity
  8
A-ANNO-DIMS-100
370
    35
100
AcDbLine
 10
1981.8715076826
 20
-5158.643997971565
 30
0.0
 11
1831.8715076826
 21
-5008.643997971564
 31
0.0
1001
REVIT
1002
{
1070
     1
1000
642298
1002
}
1002
{
1070
     5
1000
358345
1002
}
1002
{
1070
     2
1000
-2000260
1002
}
  0
LINE
  5
8E2
330
8E9
100
AcDbEntity
  8
A-ANNO-DIMS-100
370
    35
100
AcDbLine
 10
1981.8715076826
 20
-5158.643997971565
 30
0.0
 11
2131.8715076826
 21
-5308.643997971564
 31
0.0
1001
REVIT
1002
{
1070
     1
1000
642298
1002
}
1002
{
1070
     5
1000
358345
1002
}
1002
{
1070
     2
1000
-2000260
1002
}
  0
LINE
  5
8E3
330
8E9
100
AcDbEntity
  8
A-ANNO-DIMS-100
100
AcDbLine
 10
1981.8715076826
 20
-5158.643997971566
 30
0.0
 11
2221.8715076826
 21
-5158.643997971567
 31
0.0
1001
REVIT
1002
{
1070
     1
1000
642298
1002
}
1002
{
1070
     5
1000
358345
1002
}
1002
{
1070
     2
1000
-2000260
1002
}
  0
LINE
  5
8E4
330
8E9
100
AcDbEntity
  8
A-ANNO-DIMS-100
100
AcDbLine
 10
1981.8715076826
 20
-5158.643997971566
 30
0.0
 11
1741.8715076826
 21
-5158.643997971565
 31
0.0
1001
REVIT
1002
{
1070
     1
1000
642298
1002
}
1002
{
1070
     5
1000
358345
1002
}
1002
{
1070
     2
1000
-2000260
1002
}
  0
MTEXT
  5
8E5
330
8E9
100
AcDbEntity
  8
A-ANNO-DIMS-100
 62
     0
100
AcDbMText
 10
508.6418369259471
 20
-5543.203310263041
 30
0.0
 40
1000.0
 41
922.942349499536
 46
0.0
 71
     1
 72
     1
  1
\fArial|b0|i0|c162|p34|;0
  7
Arial_3
 11
0.0
 21
1.0
 31
0.0
 73
     2
 44
0.9417779076525876
 90
        3
 63
     9
421
 13158600
 45
1.25
441
        0
1001
REVIT
1002
{
1070
     1
1000
642298
1002
}
1002
{
1070
     5
1000
358345
1002
}
1002
{
1070
     2
1000
-2000260
1002
}
  0
ENDBLK
  5
8E7
330
8E9
100
AcDbEntity
  8
0
100
AcDbBlockEnd
  0
BLOCK
  5
901
330
904
100
AcDbEntity
  8
0
100
AcDbBlockBegin
  2
DIMBLOCK51-Level 1
 70
     0
 10
0.0
 20
0.0
 30
0.0
  3
DIMBLOCK51-Level 1
  1

  0
LINE
  5
8F7
330
904
100
AcDbEntity
  8
A-ANNO-DIMS-100
100
AcDbLine
 10
1981.8715076826
 20
-5158.643997971571
 30
0.0
 11
1981.871507682599
 21
-5358.643997971566
 31
0.0
1001
REVIT
1002
{
1070
     1
1000
642298
1002
}
1002
{
1070
     5
1000
358345
1002
}
1002
{
1070
     2
1000
-2000260
1002
}
  0
LINE
  5
8F8
330
904
100
AcDbEntity
  8
A-ANNO-DIMS-100
370
    35
100
AcDbLine
 10
1981.871507682599
 20
-5358.643997971566
 30
0.0
 11
1831.8715076826
 21
-5208.643997971565
 31
0.0
1001
REVIT
1002
{
1070
     1
1000
642298
1002
}
1002
{
1070
     5
1000
358345
1002
}
1002
{
1070
     2
1000
-2000260
1002
}
  0
LINE
  5
8F9
330
904
100
AcDbEntity
  8
A-ANNO-DIMS-100
370
    35
100
AcDbLine
 10
1981.871507682599
 20
-5358.643997971566
 30
0.0
 11
2131.871507682598
 21
-5508.643997971567
 31
0.0
1001
REVIT
1002
{
1070
     1
1000
642298
1002
}
1002
{
1070
     5
1000
358345
1002
}
1002
{
1070
     2
1000
-2000260
1002
}
  0
LINE
  5
8FA
330
904
100
AcDbEntity
  8
A-ANNO-DIMS-100
100
AcDbLine
 10
1981.871507682599
 20
-5358.643997971566
 30
0.0
 11
2221.8715076826
 21
-5358.643997971567
 31
0.0
1001
REVIT
1002
{
1070
     1
1000
642298
1002
}
1002
{
1070
     5
1000
358345
1002
}
1002
{
1070
     2
1000
-2000260
1002
}
  0
LINE
  5
8FB
330
904
100
AcDbEntity
  8
A-ANNO-DIMS-100
100
AcDbLine
 10
1981.871507682599
 20
-5358.643997971566
 30
0.0
 11
1741.871507682599
 21
-5358.643997971565
 31
0.0
1001
REVIT
1002
{
1070
     1
1000
642298
1002
}
1002
{
1070
     5
1000
358345
1002
}
1002
{
1070
     2
1000
-2000260
1002
}
  0
LINE
  5
8FC
330
904
100
AcDbEntity
  8
A-ANNO-DIMS-100
370
    35
100
AcDbLine
 10
1981.8715076826
 20
-5158.643997971571
 30
0.0
 11
1831.8715076826
 21
-5008.643997971571
 31
0.0
1001
REVIT
1002
{
1070
     1
1000
642298
1002
}
1002
{
1070
     5
1000
358345
1002
}
1002
{
1070
     2
1000
-2000260
1002
}
  0
LINE
  5
8FD
330
904
100
AcDbEntity
  8
A-ANNO-DIMS-100
370
    35
100
AcDbLine
 10
1981.8715076826
 20
-5158.643997971571
 30
0.0
 11
2131.8715076826
 21
-5308.643997971572
 31
0.0
1001
REVIT
1002
{
1070
     1
1000
642298
1002
}
1002
{
1070
     5
1000
358345
1002
}
1002
{
1070
     2
1000
-2000260
1002
}
  0
LINE
  5
8FE
330
904
100
AcDbEntity
  8
A-ANNO-DIMS-100
100
AcDbLine
 10
1981.8715076826
 20
-5158.643997971567
 30
0.0
 11
2221.8715076826
 21
-5158.643997971568
 31
0.0
1001
REVIT
1002
{
1070
     1
1000
642298
1002
}
1002
{
1070
     5
1000
358345
1002
}
1002
{
1070
     2
1000
-2000260
1002
}
  0
LINE
  5
8FF
330
904
100
AcDbEntity
  8
A-ANNO-DIMS-100
100
AcDbLine
 10
1981.8715076826
 20
-5158.643997971567
 30
0.0
 11
1741.8715076826
 21
-5158.643997971566
 31
0.0
1001
REVIT
1002
{
1070
     1
1000
642298
1002
}
1002
{
1070
     5
1000
358345
1002
}
1002
{
1070
     2
1000
-2000260
1002
}
  0
MTEXT
  5
900
330
904
100
AcDbEntity
  8
A-ANNO-DIMS-100
 62
     0
100
AcDbMText
 10
508.6418369259465
 20
-6027.762622554515
 30
0.0
 40
1000.0
 41
1845.884698999072
 46
0.0
 71
     1
 72
     1
  1
20
  7
Arial_3
 11
0.0
 21
1.0
 31
0.0
 73
     2
 44
0.9417779076525876
 90
        3
 63
     9
421
 13158600
 45
1.25
441
        0
1001
REVIT
1002
{
1070
     1
1000
642298
1002
}
1002
{
1070
     5
1000
358345
1002
}
1002
{
1070
     2
1000
-2000260
1002
}
  0
ENDBLK
  5
902
330
904
100
AcDbEntity
  8
0
100
AcDbBlockEnd
  0
BLOCK
  5
91D
330
920
100
AcDbEntity
  8
0
100
AcDbBlockBegin
  2
DIMBLOCK52-Level 1
 70
     0
 10
0.0
 20
0.0
 30
0.0
  3
DIMBLOCK52-Level 1
  1

  0
LINE
  5
913
330
920
100
AcDbEntity
  8
A-ANNO-DIMS-100
100
AcDbLine
 10
1981.871507682599
 20
-5358.643997971566
 30
0.0
 11
1981.871507682604
 21
-5358.643997971566
 31
0.0
1001
REVIT
1002
{
1070
     1
1000
642298
1002
}
1002
{
1070
     5
1000
358345
1002
}
1002
{
1070
     2
1000
-2000260
1002
}
  0
LINE
  5
914
330
920
100
AcDbEntity
  8
A-ANNO-DIMS-100
370
    35
100
AcDbLine
 10
1981.871507682599
 20
-5358.643997971571
 30
0.0
 11
1831.8715076826
 21
-5208.64399797157
 31
0.0
1001
REVIT
1002
{
1070
     1
1000
642298
1002
}
1002
{
1070
     5
1000
358345
1002
}
1002
{
1070
     2
1000
-2000260
1002
}
  0
LINE
  5
915
330
920
100
AcDbEntity
  8
A-ANNO-DIMS-100
370
    35
100
AcDbLine
 10
1981.871507682599
 20
-5358.643997971571
 30
0.0
 11
2131.871507682598
 21
-5508.643997971573
 31
0.0
1001
REVIT
1002
{
1070
     1
1000
642298
1002
}
1002
{
1070
     5
1000
358345
1002
}
1002
{
1070
     2
1000
-2000260
1002
}
  0
LINE
  5
916
330
920
100
AcDbEntity
  8
A-ANNO-DIMS-100
100
AcDbLine
 10
1981.8715076826
 20
-5358.643997971567
 30
0.0
 11
2221.8715076826
 21
-5358.643997971568
 31
0.0
1001
REVIT
1002
{
1070
     1
1000
642298
1002
}
1002
{
1070
     5
1000
358345
1002
}
1002
{
1070
     2
1000
-2000260
1002
}
  0
LINE
  5
917
330
920
100
AcDbEntity
  8
A-ANNO-DIMS-100
100
AcDbLine
 10
1981.8715076826
 20
-5358.643997971567
 30
0.0
 11
1741.871507682599
 21
-5358.643997971566
 31
0.0
1001
REVIT
1002
{
1070
     1
1000
642298
1002
}
1002
{
1070
     5
1000
358345
1002
}
1002
{
1070
     2
1000
-2000260
1002
}
  0
LINE
  5
918
330
920
100
AcDbEntity
  8
A-ANNO-DIMS-100
370
    35
100
AcDbLine
 10
1981.871507682599
 20
-5358.643997971566
 30
0.0
 11
1831.8715076826
 21
-5208.643997971565
 31
0.0
1001
REVIT
1002
{
1070
     1
1000
642298
1002
}
1002
{
1070
     5
1000
358345
1002
}
1002
{
1070
     2
1000
-2000260
1002
}
  0
LINE
  5
919
330
920
100
AcDbEntity
  8
A-ANNO-DIMS-100
370
    35
100
AcDbLine
 10
1981.871507682599
 20
-5358.643997971566
 30
0.0
 11
2131.871507682598
 21
-5508.643997971567
 31
0.0
1001
REVIT
1002
{
1070
     1
1000
642298
1002
}
1002
{
1070
     5
1000
358345
1002
}
1002
{
1070
     2
1000
-2000260
1002
}
  0
LINE
  5
91A
330
920
100
AcDbEntity
  8
A-ANNO-DIMS-100
100
AcDbLine
 10
1981.871507682599
 20
-5358.643997971566
 30
0.0
 11
2221.8715076826
 21
-5358.643997971567
 31
0.0
1001
REVIT
1002
{
1070
     1
1000
642298
1002
}
1002
{
1070
     5
1000
358345
1002
}
1002
{
1070
     2
1000
-2000260
1002
}
  0
LINE
  5
91B
330
920
100
AcDbEntity
  8
A-ANNO-DIMS-100
100
AcDbLine
 10
1981.871507682599
 20
-5358.643997971566
 30
0.0
 11
1741.871507682599
 21
-5358.643997971565
 31
0.0
1001
REVIT
1002
{
1070
     1
1000
642298
1002
}
1002
{
1070
     5
1000
358345
1002
}
1002
{
1070
     2
1000
-2000260
1002
}
  0
MTEXT
  5
91C
330
920
100
AcDbEntity
  8
A-ANNO-DIMS-100
 62
     0
100
AcDbMText
 10
508.6418369259465
 20
-5743.203310263041
 30
0.0
 40
1000.0
 41
922.942349499536
 46
0.0
 71
     1
 72
     1
  1
\fArial|b0|i0|c162|p34|;0
  7
Arial_3
 11
0.0
 21
1.0
 31
0.0
 73
     2
 44
0.9417779076525876
 90
        3
 63
     9
421
 13158600
 45
1.25
441
        0
1001
REVIT
1002
{
1070
     1
1000
642298
1002
}
1002
{
1070
     5
1000
358345
1002
}
1002
{
1070
     2
1000
-2000260
1002
}
  0
ENDBLK
  5
91E
330
920
100
AcDbEntity
  8
0
100
AcDbBlockEnd
  0
BLOCK
  5
938
330
93B
100
AcDbEntity
  8
0
100
AcDbBlockBegin
  2
DIMBLOCK53-Level 1
 70
     0
 10
0.0
 20
0.0
 30
0.0
  3
DIMBLOCK53-Level 1
  1

  0
LINE
  5
92E
330
93B
100
AcDbEntity
  8
A-ANNO-DIMS-100
100
AcDbLine
 10
1981.871507682599
 20
-5358.643997971571
 30
0.0
 11
1981.871507682581
 21
-11188.64399797159
 31
0.0
1001
REVIT
1002
{
1070
     1
1000
642298
1002
}
1002
{
1070
     5
1000
358345
1002
}
1002
{
1070
     2
1000
-2000260
1002
}
  0
LINE
  5
92F
330
93B
100
AcDbEntity
  8
A-ANNO-DIMS-100
370
    35
100
AcDbLine
 10
1981.871507682581
 20
-11188.64399797159
 30
0.0
 11
1831.871507682582
 21
-11038.64399797159
 31
0.0
1001
REVIT
1002
{
1070
     1
1000
642298
1002
}
1002
{
1070
     5
1000
358345
1002
}
1002
{
1070
     2
1000
-2000260
1002
}
  0
LINE
  5
930
330
93B
100
AcDbEntity
  8
A-ANNO-DIMS-100
370
    35
100
AcDbLine
 10
1981.871507682581
 20
-11188.64399797159
 30
0.0
 11
2131.871507682581
 21
-11338.64399797159
 31
0.0
1001
REVIT
1002
{
1070
     1
1000
642298
1002
}
1002
{
1070
     5
1000
358345
1002
}
1002
{
1070
     2
1000
-2000260
1002
}
  0
LINE
  5
931
330
93B
100
AcDbEntity
  8
A-ANNO-DIMS-100
100
AcDbLine
 10
1981.871507682581
 20
-11188.64399797159
 30
0.0
 11
2221.871507682581
 21
-11188.64399797159
 31
0.0
1001
REVIT
1002
{
1070
     1
1000
642298
1002
}
1002
{
1070
     5
1000
358345
1002
}
1002
{
1070
     2
1000
-2000260
1002
}
  0
LINE
  5
932
330
93B
100
AcDbEntity
  8
A-ANNO-DIMS-100
100
AcDbLine
 10
1981.871507682581
 20
-11188.64399797159
 30
0.0
 11
1741.871507682581
 21
-11188.64399797159
 31
0.0
1001
REVIT
1002
{
1070
     1
1000
642298
1002
}
1002
{
1070
     5
1000
358345
1002
}
1002
{
1070
     2
1000
-2000260
1002
}
  0
LINE
  5
933
330
93B
100
AcDbEntity
  8
A-ANNO-DIMS-100
370
    35
100
AcDbLine
 10
1981.871507682599
 20
-5358.643997971571
 30
0.0
 11
1831.8715076826
 21
-5208.64399797157
 31
0.0
1001
REVIT
1002
{
1070
     1
1000
642298
1002
}
1002
{
1070
     5
1000
358345
1002
}
1002
{
1070
     2
1000
-2000260
1002
}
  0
LINE
  5
934
330
93B
100
AcDbEntity
  8
A-ANNO-DIMS-100
370
    35
100
AcDbLine
 10
1981.871507682599
 20
-5358.643997971571
 30
0.0
 11
2131.871507682598
 21
-5508.643997971573
 31
0.0
1001
REVIT
1002
{
1070
     1
1000
642298
1002
}
1002
{
1070
     5
1000
358345
1002
}
1002
{
1070
     2
1000
-2000260
1002
}
  0
LINE
  5
935
330
93B
100
AcDbEntity
  8
A-ANNO-DIMS-100
100
AcDbLine
 10
1981.8715076826
 20
-5358.643997971567
 30
0.0
 11
2221.8715076826
 21
-5358.643997971568
 31
0.0
1001
REVIT
1002
{
1070
     1
1000
642298
1002
}
1002
{
1070
     5
1000
358345
1002
}
1002
{
1070
     2
1000
-2000260
1002
}
  0
LINE
  5
936
330
93B
100
AcDbEntity
  8
A-ANNO-DIMS-100
100
AcDbLine
 10
1981.8715076826
 20
-5358.643997971567
 30
0.0
 11
1741.871507682599
 21
-5358.643997971566
 31
0.0
1001
REVIT
1002
{
1070
     1
1000
642298
1002
}
1002
{
1070
     5
1000
358345
1002
}
1002
{
1070
     2
1000
-2000260
1002
}
  0
MTEXT
  5
937
330
93B
100
AcDbEntity
  8
A-ANNO-DIMS-100
 62
     0
100
AcDbMText
 10
508.6418369259373
 20
-9427.321934846
 30
0.0
 40
1000.0
 41
2768.827048498608
 46
0.0
 71
     1
 72
     1
  1
583
  7
Arial_3
 11
0.0
 21
1.0
 31
0.0
 73
     2
 44
0.9417779076525876
 90
        3
 63
     9
421
 13158600
 45
1.25
441
        0
1001
REVIT
1002
{
1070
     1
1000
642298
1002
}
1002
{
1070
     5
1000
358345
1002
}
1002
{
1070
     2
1000
-2000260
1002
}
  0
ENDBLK
  5
939
330
93B
100
AcDbEntity
  8
0
100
AcDbBlockEnd
  0
BLOCK
  5
952
330
955
100
AcDbEntity
  8
0
100
AcDbBlockBegin
  2
DIMBLOCK54-Level 1
 70
     0
 10
0.0
 20
0.0
 30
0.0
  3
DIMBLOCK54-Level 1
  1

  0
LINE
  5
948
330
955
100
AcDbEntity
  8
A-ANNO-DIMS-100
100
AcDbLine
 10
1981.871507682581
 20
-11188.64399797159
 30
0.0
 11
1981.87150768258
 21
-11628.64399797159
 31
0.0
1001
REVIT
1002
{
1070
     1
1000
642298
1002
}
1002
{
1070
     5
1000
358345
1002
}
1002
{
1070
     2
1000
-2000260
1002
}
  0
LINE
  5
949
330
955
100
AcDbEntity
  8
A-ANNO-DIMS-100
370
    35
100
AcDbLine
 10
1981.871507682581
 20
-11388.64399797159
 30
0.0
 11
1831.871507682581
 21
-11238.64399797159
 31
0.0
1001
REVIT
1002
{
1070
     1
1000
642298
1002
}
1002
{
1070
     5
1000
358345
1002
}
1002
{
1070
     2
1000
-2000260
1002
}
  0
LINE
  5
94A
330
955
100
AcDbEntity
  8
A-ANNO-DIMS-100
370
    35
100
AcDbLine
 10
1981.871507682581
 20
-11388.64399797159
 30
0.0
 11
2131.87150768258
 21
-11538.64399797159
 31
0.0
1001
REVIT
1002
{
1070
     1
1000
642298
1002
}
1002
{
1070
     5
1000
358345
1002
}
1002
{
1070
     2
1000
-2000260
1002
}
  0
LINE
  5
94B
330
955
100
AcDbEntity
  8
A-ANNO-DIMS-100
100
AcDbLine
 10
1981.87150768258
 20
-11388.64399797159
 30
0.0
 11
2221.87150768258
 21
-11388.64399797159
 31
0.0
1001
REVIT
1002
{
1070
     1
1000
642298
1002
}
1002
{
1070
     5
1000
358345
1002
}
1002
{
1070
     2
1000
-2000260
1002
}
  0
LINE
  5
94C
330
955
100
AcDbEntity
  8
A-ANNO-DIMS-100
100
AcDbLine
 10
1981.87150768258
 20
-11388.64399797159
 30
0.0
 11
1741.87150768258
 21
-11388.64399797159
 31
0.0
1001
REVIT
1002
{
1070
     1
1000
642298
1002
}
1002
{
1070
     5
1000
358345
1002
}
1002
{
1070
     2
1000
-2000260
1002
}
  0
LINE
  5
94D
330
955
100
AcDbEntity
  8
A-ANNO-DIMS-100
370
    35
100
AcDbLine
 10
1981.871507682581
 20
-11188.64399797159
 30
0.0
 11
1831.871507682582
 21
-11038.64399797159
 31
0.0
1001
REVIT
1002
{
1070
     1
1000
642298
1002
}
1002
{
1070
     5
1000
358345
1002
}
1002
{
1070
     2
1000
-2000260
1002
}
  0
LINE
  5
94E
330
955
100
AcDbEntity
  8
A-ANNO-DIMS-100
370
    35
100
AcDbLine
 10
1981.871507682581
 20
-11188.64399797159
 30
0.0
 11
2131.871507682581
 21
-11338.64399797159
 31
0.0
1001
REVIT
1002
{
1070
     1
1000
642298
1002
}
1002
{
1070
     5
1000
358345
1002
}
1002
{
1070
     2
1000
-2000260
1002
}
  0
LINE
  5
94F
330
955
100
AcDbEntity
  8
A-ANNO-DIMS-100
100
AcDbLine
 10
1981.871507682581
 20
-11188.64399797159
 30
0.0
 11
2221.871507682581
 21
-11188.64399797159
 31
0.0
1001
REVIT
1002
{
1070
     1
1000
642298
1002
}
1002
{
1070
     5
1000
358345
1002
}
1002
{
1070
     2
1000
-2000260
1002
}
  0
LINE
  5
950
330
955
100
AcDbEntity
  8
A-ANNO-DIMS-100
100
AcDbLine
 10
1981.871507682581
 20
-11188.64399797159
 30
0.0
 11
1741.871507682581
 21
-11188.64399797159
 31
0.0
1001
REVIT
1002
{
1070
     1
1000
642298
1002
}
1002
{
1070
     5
1000
358345
1002
}
1002
{
1070
     2
1000
-2000260
1002
}
  0
MTEXT
  5
951
330
955
100
AcDbEntity
  8
A-ANNO-DIMS-100
 62
     0
100
AcDbMText
 10
508.6418369259273
 20
-12057.76262255453
 30
0.0
 40
1000.0
 41
1845.884698999072
 46
0.0
 71
     1
 72
     1
  1
20
  7
Arial_3
 11
0.0
 21
1.0
 31
0.0
 73
     2
 44
0.9417779076525876
 90
        3
 63
     9
421
 13158600
 45
1.25
441
        0
1001
REVIT
1002
{
1070
     1
1000
642298
1002
}
1002
{
1070
     5
1000
358345
1002
}
1002
{
1070
     2
1000
-2000260
1002
}
  0
ENDBLK
  5
953
330
955
100
AcDbEntity
  8
0
100
AcDbBlockEnd
  0
BLOCK
  5
96E
330
971
100
AcDbEntity
  8
0
100
AcDbBlockBegin
  2
DIMBLOCK55-Level 1
 70
     0
 10
0.0
 20
0.0
 30
0.0
  3
DIMBLOCK55-Level 1
  1

  0
LINE
  5
964
330
971
100
AcDbEntity
  8
A-ANNO-DIMS-100
100
AcDbLine
 10
4603.716006985649
 20
17864.77437702309
 30
0.0
 11
5043.716006985651
 21
17864.77437702309
 31
0.0
1001
REVIT
1002
{
1070
     1
1000
642338
1002
}
1002
{
1070
     5
1000
358345
1002
}
1002
{
1070
     2
1000
-2000260
1002
}
  0
LINE
  5
965
330
971
100
AcDbEntity
  8
A-ANNO-DIMS-100
370
    35
100
AcDbLine
 10
5043.716006985651
 20
17864.77437702309
 30
0.0
 11
4893.716006985651
 21
17714.77437702309
 31
0.0
1001
REVIT
1002
{
1070
     1
1000
642338
1002
}
1002
{
1070
     5
1000
358345
1002
}
1002
{
1070
     2
1000
-2000260
1002
}
  0
LINE
  5
966
330
971
100
AcDbEntity
  8
A-ANNO-DIMS-100
370
    35
100
AcDbLine
 10
5043.716006985651
 20
17864.77437702309
 30
0.0
 11
5193.716006985652
 21
18014.77437702309
 31
0.0
1001
REVIT
1002
{
1070
     1
1000
642338
1002
}
1002
{
1070
     5
1000
358345
1002
}
1002
{
1070
     2
1000
-2000260
1002
}
  0
LINE
  5
967
330
971
100
AcDbEntity
  8
A-ANNO-DIMS-100
100
AcDbLine
 10
5043.716006985651
 20
17864.77437702309
 30
0.0
 11
5043.716006985651
 21
18104.77437702309
 31
0.0
1001
REVIT
1002
{
1070
     1
1000
642338
1002
}
1002
{
1070
     5
1000
358345
1002
}
1002
{
1070
     2
1000
-2000260
1002
}
  0
LINE
  5
968
330
971
100
AcDbEntity
  8
A-ANNO-DIMS-100
100
AcDbLine
 10
5043.716006985651
 20
17864.77437702309
 30
0.0
 11
5043.716006985651
 21
17624.77437702309
 31
0.0
1001
REVIT
1002
{
1070
     1
1000
642338
1002
}
1002
{
1070
     5
1000
358345
1002
}
1002
{
1070
     2
1000
-2000260
1002
}
  0
LINE
  5
969
330
971
100
AcDbEntity
  8
A-ANNO-DIMS-100
370
    35
100
AcDbLine
 10
4843.716006985649
 20
17864.77437702309
 30
0.0
 11
4693.716006985648
 21
17714.77437702309
 31
0.0
1001
REVIT
1002
{
1070
     1
1000
642338
1002
}
1002
{
1070
     5
1000
358345
1002
}
1002
{
1070
     2
1000
-2000260
1002
}
  0
LINE
  5
96A
330
971
100
AcDbEntity
  8
A-ANNO-DIMS-100
370
    35
100
AcDbLine
 10
4843.716006985649
 20
17864.77437702309
 30
0.0
 11
4993.716006985649
 21
18014.77437702309
 31
0.0
1001
REVIT
1002
{
1070
     1
1000
642338
1002
}
1002
{
1070
     5
1000
358345
1002
}
1002
{
1070
     2
1000
-2000260
1002
}
  0
LINE
  5
96B
330
971
100
AcDbEntity
  8
A-ANNO-DIMS-100
100
AcDbLine
 10
4843.716006985651
 20
17864.77437702309
 30
0.0
 11
4843.716006985651
 21
18104.77437702309
 31
0.0
1001
REVIT
1002
{
1070
     1
1000
642338
1002
}
1002
{
1070
     5
1000
358345
1002
}
1002
{
1070
     2
1000
-2000260
1002
}
  0
LINE
  5
96C
330
971
100
AcDbEntity
  8
A-ANNO-DIMS-100
100
AcDbLine
 10
4843.716006985651
 20
17864.77437702309
 30
0.0
 11
4843.716006985651
 21
17624.77437702309
 31
0.0
1001
REVIT
1002
{
1070
     1
1000
642338
1002
}
1002
{
1070
     5
1000
358345
1002
}
1002
{
1070
     2
1000
-2000260
1002
}
  0
MTEXT
  5
96D
330
971
100
AcDbEntity
  8
A-ANNO-DIMS-100
 62
     0
100
AcDbMText
 10
4174.597382402704
 20
19338.00404777974
 30
0.0
 40
1000.0
 41
1845.884698999072
 46
0.0
 71
     1
 72
     1
  1
20
  7
Arial_3
 73
     2
 44
0.9417779076525876
 90
        3
 63
     9
421
 13158600
 45
1.25
441
        0
1001
REVIT
1002
{
1070
     1
1000
642338
1002
}
1002
{
1070
     5
1000
358345
1002
}
1002
{
1070
     2
1000
-2000260
1002
}
  0
ENDBLK
  5
96F
330
971
100
AcDbEntity
  8
0
100
AcDbBlockEnd
  0
BLOCK
  5
98A
330
98D
100
AcDbEntity
  8
0
100
AcDbBlockBegin
  2
DIMBLOCK56-Level 1
 70
     0
 10
0.0
 20
0.0
 30
0.0
  3
DIMBLOCK56-Level 1
  1

  0
LINE
  5
980
330
98D
100
AcDbEntity
  8
A-ANNO-DIMS-100
100
AcDbLine
 10
5043.716006985651
 20
17864.77437702309
 30
0.0
 11
11128.86123488274
 21
17864.77437702309
 31
0.0
1001
REVIT
1002
{
1070
     1
1000
642338
1002
}
1002
{
1070
     5
1000
358345
1002
}
1002
{
1070
     2
1000
-2000260
1002
}
  0
LINE
  5
981
330
98D
100
AcDbEntity
  8
A-ANNO-DIMS-100
370
    35
100
AcDbLine
 10
11128.86123488274
 20
17864.77437702309
 30
0.0
 11
10978.86123488274
 21
17714.77437702309
 31
0.0
1001
REVIT
1002
{
1070
     1
1000
642338
1002
}
1002
{
1070
     5
1000
358345
1002
}
1002
{
1070
     2
1000
-2000260
1002
}
  0
LINE
  5
982
330
98D
100
AcDbEntity
  8
A-ANNO-DIMS-100
370
    35
100
AcDbLine
 10
11128.86123488274
 20
17864.77437702309
 30
0.0
 11
11278.86123488274
 21
18014.77437702309
 31
0.0
1001
REVIT
1002
{
1070
     1
1000
642338
1002
}
1002
{
1070
     5
1000
358345
1002
}
1002
{
1070
     2
1000
-2000260
1002
}
  0
LINE
  5
983
330
98D
100
AcDbEntity
  8
A-ANNO-DIMS-100
100
AcDbLine
 10
11128.86123488274
 20
17864.77437702309
 30
0.0
 11
11128.86123488274
 21
18104.77437702309
 31
0.0
1001
REVIT
1002
{
1070
     1
1000
642338
1002
}
1002
{
1070
     5
1000
358345
1002
}
1002
{
1070
     2
1000
-2000260
1002
}
  0
LINE
  5
984
330
98D
100
AcDbEntity
  8
A-ANNO-DIMS-100
100
AcDbLine
 10
11128.86123488274
 20
17864.77437702309
 30
0.0
 11
11128.86123488274
 21
17624.77437702309
 31
0.0
1001
REVIT
1002
{
1070
     1
1000
642338
1002
}
1002
{
1070
     5
1000
358345
1002
}
1002
{
1070
     2
1000
-2000260
1002
}
  0
LINE
  5
985
330
98D
100
AcDbEntity
  8
A-ANNO-DIMS-100
370
    35
100
AcDbLine
 10
5043.716006985651
 20
17864.77437702309
 30
0.0
 11
4893.716006985651
 21
17714.77437702309
 31
0.0
1001
REVIT
1002
{
1070
     1
1000
642338
1002
}
1002
{
1070
     5
1000
358345
1002
}
1002
{
1070
     2
1000
-2000260
1002
}
  0
LINE
  5
986
330
98D
100
AcDbEntity
  8
A-ANNO-DIMS-100
370
    35
100
AcDbLine
 10
5043.716006985651
 20
17864.77437702309
 30
0.0
 11
5193.716006985652
 21
18014.77437702309
 31
0.0
1001
REVIT
1002
{
1070
     1
1000
642338
1002
}
1002
{
1070
     5
1000
358345
1002
}
1002
{
1070
     2
1000
-2000260
1002
}
  0
LINE
  5
987
330
98D
100
AcDbEntity
  8
A-ANNO-DIMS-100
100
AcDbLine
 10
5043.716006985651
 20
17864.77437702309
 30
0.0
 11
5043.716006985651
 21
18104.77437702309
 31
0.0
1001
REVIT
1002
{
1070
     1
1000
642338
1002
}
1002
{
1070
     5
1000
358345
1002
}
1002
{
1070
     2
1000
-2000260
1002
}
  0
LINE
  5
988
330
98D
100
AcDbEntity
  8
A-ANNO-DIMS-100
100
AcDbLine
 10
5043.716006985651
 20
17864.77437702309
 30
0.0
 11
5043.716006985651
 21
17624.77437702309
 31
0.0
1001
REVIT
1002
{
1070
     1
1000
642338
1002
}
1002
{
1070
     5
1000
358345
1002
}
1002
{
1070
     2
1000
-2000260
1002
}
  0
MTEXT
  5
989
330
98D
100
AcDbEntity
  8
A-ANNO-DIMS-100
 62
     0
100
AcDbMText
 10
6932.610684059778
 20
19338.00404777974
 30
0.0
 40
1000.0
 41
2768.827048498608
 46
0.0
 71
     1
 72
     1
  1
609
  7
Arial_3
 73
     2
 44
0.9417779076525876
 90
        3
 63
     9
421
 13158600
 45
1.25
441
        0
1001
REVIT
1002
{
1070
     1
1000
642338
1002
}
1002
{
1070
     5
1000
358345
1002
}
1002
{
1070
     2
1000
-2000260
1002
}
  0
ENDBLK
  5
98B
330
98D
100
AcDbEntity
  8
0
100
AcDbBlockEnd
  0
BLOCK
  5
9A4
330
9A7
100
AcDbEntity
  8
0
100
AcDbBlockBegin
  2
DIMBLOCK57-Level 1
 70
     0
 10
0.0
 20
0.0
 30
0.0
  3
DIMBLOCK57-Level 1
  1

  0
LINE
  5
99A
330
9A7
100
AcDbEntity
  8
A-ANNO-DIMS-100
100
AcDbLine
 10
11128.86123488274
 20
17864.77437702309
 30
0.0
 11
11128.86123488275
 21
17864.77437702309
 31
0.0
1001
REVIT
1002
{
1070
     1
1000
642338
1002
}
1002
{
1070
     5
1000
358345
1002
}
1002
{
1070
     2
1000
-2000260
1002
}
  0
LINE
  5
99B
330
9A7
100
AcDbEntity
  8
A-ANNO-DIMS-100
370
    35
100
AcDbLine
 10
11128.86123488273
 20
17864.77437702309
 30
0.0
 11
10978.86123488273
 21
17714.77437702309
 31
0.0
1001
REVIT
1002
{
1070
     1
1000
642338
1002
}
1002
{
1070
     5
1000
358345
1002
}
1002
{
1070
     2
1000
-2000260
1002
}
  0
LINE
  5
99C
330
9A7
100
AcDbEntity
  8
A-ANNO-DIMS-100
370
    35
100
AcDbLine
 10
11128.86123488273
 20
17864.77437702309
 30
0.0
 11
11278.86123488273
 21
18014.77437702309
 31
0.0
1001
REVIT
1002
{
1070
     1
1000
642338
1002
}
1002
{
1070
     5
1000
358345
1002
}
1002
{
1070
     2
1000
-2000260
1002
}
  0
LINE
  5
99D
330
9A7
100
AcDbEntity
  8
A-ANNO-DIMS-100
100
AcDbLine
 10
11128.86123488273
 20
17864.77437702309
 30
0.0
 11
11128.86123488273
 21
18104.77437702309
 31
0.0
1001
REVIT
1002
{
1070
     1
1000
642338
1002
}
1002
{
1070
     5
1000
358345
1002
}
1002
{
1070
     2
1000
-2000260
1002
}
  0
LINE
  5
99E
330
9A7
100
AcDbEntity
  8
A-ANNO-DIMS-100
100
AcDbLine
 10
11128.86123488273
 20
17864.77437702309
 30
0.0
 11
11128.86123488273
 21
17624.77437702309
 31
0.0
1001
REVIT
1002
{
1070
     1
1000
642338
1002
}
1002
{
1070
     5
1000
358345
1002
}
1002
{
1070
     2
1000
-2000260
1002
}
  0
LINE
  5
99F
330
9A7
100
AcDbEntity
  8
A-ANNO-DIMS-100
370
    35
100
AcDbLine
 10
11128.86123488274
 20
17864.77437702309
 30
0.0
 11
10978.86123488274
 21
17714.77437702309
 31
0.0
1001
REVIT
1002
{
1070
     1
1000
642338
1002
}
1002
{
1070
     5
1000
358345
1002
}
1002
{
1070
     2
1000
-2000260
1002
}
  0
LINE
  5
9A0
330
9A7
100
AcDbEntity
  8
A-ANNO-DIMS-100
370
    35
100
AcDbLine
 10
11128.86123488274
 20
17864.77437702309
 30
0.0
 11
11278.86123488274
 21
18014.77437702309
 31
0.0
1001
REVIT
1002
{
1070
     1
1000
642338
1002
}
1002
{
1070
     5
1000
358345
1002
}
1002
{
1070
     2
1000
-2000260
1002
}
  0
LINE
  5
9A1
330
9A7
100
AcDbEntity
  8
A-ANNO-DIMS-100
100
AcDbLine
 10
11128.86123488274
 20
17864.77437702309
 30
0.0
 11
11128.86123488274
 21
18104.77437702309
 31
0.0
1001
REVIT
1002
{
1070
     1
1000
642338
1002
}
1002
{
1070
     5
1000
358345
1002
}
1002
{
1070
     2
1000
-2000260
1002
}
  0
LINE
  5
9A2
330
9A7
100
AcDbEntity
  8
A-ANNO-DIMS-100
100
AcDbLine
 10
11128.86123488274
 20
17864.77437702309
 30
0.0
 11
11128.86123488274
 21
17624.77437702309
 31
0.0
1001
REVIT
1002
{
1070
     1
1000
642338
1002
}
1002
{
1070
     5
1000
358345
1002
}
1002
{
1070
     2
1000
-2000260
1002
}
  0
MTEXT
  5
9A3
330
9A7
100
AcDbEntity
  8
A-ANNO-DIMS-100
 62
     0
100
AcDbMText
 10
10744.30192259126
 20
19338.00404777974
 30
0.0
 40
1000.0
 41
922.942349499536
 46
0.0
 71
     1
 72
     1
  1
\fArial|b0|i0|c162|p34|;0
  7
Arial_3
 73
     2
 44
0.9417779076525876
 90
        3
 63
     9
421
 13158600
 45
1.25
441
        0
1001
REVIT
1002
{
1070
     1
1000
642338
1002
}
1002
{
1070
     5
1000
358345
1002
}
1002
{
1070
     2
1000
-2000260
1002
}
  0
ENDBLK
  5
9A5
330
9A7
100
AcDbEntity
  8
0
100
AcDbBlockEnd
  0
BLOCK
  5
9BF
330
9C2
100
AcDbEntity
  8
0
100
AcDbBlockBegin
  2
DIMBLOCK58-Level 1
 70
     0
 10
0.0
 20
0.0
 30
0.0
  3
DIMBLOCK58-Level 1
  1

  0
LINE
  5
9B5
330
9C2
100
AcDbEntity
  8
A-ANNO-DIMS-100
100
AcDbLine
 10
11128.86123488273
 20
17864.77437702309
 30
0.0
 11
11328.86123488274
 21
17864.77437702309
 31
0.0
1001
REVIT
1002
{
1070
     1
1000
642338
1002
}
1002
{
1070
     5
1000
358345
1002
}
1002
{
1070
     2
1000
-2000260
1002
}
  0
LINE
  5
9B6
330
9C2
100
AcDbEntity
  8
A-ANNO-DIMS-100
370
    35
100
AcDbLine
 10
11328.86123488274
 20
17864.77437702309
 30
0.0
 11
11178.86123488274
 21
17714.77437702309
 31
0.0
1001
REVIT
1002
{
1070
     1
1000
642338
1002
}
1002
{
1070
     5
1000
358345
1002
}
1002
{
1070
     2
1000
-2000260
1002
}
  0
LINE
  5
9B7
330
9C2
100
AcDbEntity
  8
A-ANNO-DIMS-100
370
    35
100
AcDbLine
 10
11328.86123488274
 20
17864.77437702309
 30
0.0
 11
11478.86123488274
 21
18014.77437702309
 31
0.0
1001
REVIT
1002
{
1070
     1
1000
642338
1002
}
1002
{
1070
     5
1000
358345
1002
}
1002
{
1070
     2
1000
-2000260
1002
}
  0
LINE
  5
9B8
330
9C2
100
AcDbEntity
  8
A-ANNO-DIMS-100
100
AcDbLine
 10
11328.86123488274
 20
17864.77437702309
 30
0.0
 11
11328.86123488274
 21
18104.77437702309
 31
0.0
1001
REVIT
1002
{
1070
     1
1000
642338
1002
}
1002
{
1070
     5
1000
358345
1002
}
1002
{
1070
     2
1000
-2000260
1002
}
  0
LINE
  5
9B9
330
9C2
100
AcDbEntity
  8
A-ANNO-DIMS-100
100
AcDbLine
 10
11328.86123488274
 20
17864.77437702309
 30
0.0
 11
11328.86123488274
 21
17624.77437702309
 31
0.0
1001
REVIT
1002
{
1070
     1
1000
642338
1002
}
1002
{
1070
     5
1000
358345
1002
}
1002
{
1070
     2
1000
-2000260
1002
}
  0
LINE
  5
9BA
330
9C2
100
AcDbEntity
  8
A-ANNO-DIMS-100
370
    35
100
AcDbLine
 10
11128.86123488273
 20
17864.77437702309
 30
0.0
 11
10978.86123488273
 21
17714.77437702309
 31
0.0
1001
REVIT
1002
{
1070
     1
1000
642338
1002
}
1002
{
1070
     5
1000
358345
1002
}
1002
{
1070
     2
1000
-2000260
1002
}
  0
LINE
  5
9BB
330
9C2
100
AcDbEntity
  8
A-ANNO-DIMS-100
370
    35
100
AcDbLine
 10
11128.86123488273
 20
17864.77437702309
 30
0.0
 11
11278.86123488273
 21
18014.77437702309
 31
0.0
1001
REVIT
1002
{
1070
     1
1000
642338
1002
}
1002
{
1070
     5
1000
358345
1002
}
1002
{
1070
     2
1000
-2000260
1002
}
  0
LINE
  5
9BC
330
9C2
100
AcDbEntity
  8
A-ANNO-DIMS-100
100
AcDbLine
 10
11128.86123488273
 20
17864.77437702309
 30
0.0
 11
11128.86123488273
 21
18104.77437702309
 31
0.0
1001
REVIT
1002
{
1070
     1
1000
642338
1002
}
1002
{
1070
     5
1000
358345
1002
}
1002
{
1070
     2
1000
-2000260
1002
}
  0
LINE
  5
9BD
330
9C2
100
AcDbEntity
  8
A-ANNO-DIMS-100
100
AcDbLine
 10
11128.86123488273
 20
17864.77437702309
 30
0.0
 11
11128.86123488273
 21
17624.77437702309
 31
0.0
1001
REVIT
1002
{
1070
     1
1000
642338
1002
}
1002
{
1070
     5
1000
358345
1002
}
1002
{
1070
     2
1000
-2000260
1002
}
  0
MTEXT
  5
9BE
330
9C2
100
AcDbEntity
  8
A-ANNO-DIMS-100
 62
     0
100
AcDbMText
 10
10459.74261029979
 20
19338.00404777974
 30
0.0
 40
1000.0
 41
1845.884698999072
 46
0.0
 71
     1
 72
     1
  1
20
  7
Arial_3
 73
     2
 44
0.9417779076525876
 90
        3
 63
     9
421
 13158600
 45
1.25
441
        0
1001
REVIT
1002
{
1070
     1
1000
642338
1002
}
1002
{
1070
     5
1000
358345
1002
}
1002
{
1070
     2
1000
-2000260
1002
}
  0
ENDBLK
  5
9C0
330
9C2
100
AcDbEntity
  8
0
100
AcDbBlockEnd
  0
BLOCK
  5
9DB
330
9DE
100
AcDbEntity
  8
0
100
AcDbBlockBegin
  2
DIMBLOCK59-Level 1
 70
     0
 10
0.0
 20
0.0
 30
0.0
  3
DIMBLOCK59-Level 1
  1

  0
LINE
  5
9D1
330
9DE
100
AcDbEntity
  8
A-ANNO-DIMS-100
100
AcDbLine
 10
11328.86123488274
 20
17864.77437702309
 30
0.0
 11
11328.86123488275
 21
17864.77437702309
 31
0.0
1001
REVIT
1002
{
1070
     1
1000
642338
1002
}
1002
{
1070
     5
1000
358345
1002
}
1002
{
1070
     2
1000
-2000260
1002
}
  0
LINE
  5
9D2
330
9DE
100
AcDbEntity
  8
A-ANNO-DIMS-100
370
    35
100
AcDbLine
 10
11328.86123488273
 20
17864.77437702309
 30
0.0
 11
11178.86123488273
 21
17714.77437702309
 31
0.0
1001
REVIT
1002
{
1070
     1
1000
642338
1002
}
1002
{
1070
     5
1000
358345
1002
}
1002
{
1070
     2
1000
-2000260
1002
}
  0
LINE
  5
9D3
330
9DE
100
AcDbEntity
  8
A-ANNO-DIMS-100
370
    35
100
AcDbLine
 10
11328.86123488273
 20
17864.77437702309
 30
0.0
 11
11478.86123488273
 21
18014.77437702309
 31
0.0
1001
REVIT
1002
{
1070
     1
1000
642338
1002
}
1002
{
1070
     5
1000
358345
1002
}
1002
{
1070
     2
1000
-2000260
1002
}
  0
LINE
  5
9D4
330
9DE
100
AcDbEntity
  8
A-ANNO-DIMS-100
100
AcDbLine
 10
11328.86123488273
 20
17864.77437702309
 30
0.0
 11
11328.86123488273
 21
18104.77437702309
 31
0.0
1001
REVIT
1002
{
1070
     1
1000
642338
1002
}
1002
{
1070
     5
1000
358345
1002
}
1002
{
1070
     2
1000
-2000260
1002
}
  0
LINE
  5
9D5
330
9DE
100
AcDbEntity
  8
A-ANNO-DIMS-100
100
AcDbLine
 10
11328.86123488273
 20
17864.77437702309
 30
0.0
 11
11328.86123488273
 21
17624.77437702309
 31
0.0
1001
REVIT
1002
{
1070
     1
1000
642338
1002
}
1002
{
1070
     5
1000
358345
1002
}
1002
{
1070
     2
1000
-2000260
1002
}
  0
LINE
  5
9D6
330
9DE
100
AcDbEntity
  8
A-ANNO-DIMS-100
370
    35
100
AcDbLine
 10
11328.86123488274
 20
17864.77437702309
 30
0.0
 11
11178.86123488274
 21
17714.77437702309
 31
0.0
1001
REVIT
1002
{
1070
     1
1000
642338
1002
}
1002
{
1070
     5
1000
358345
1002
}
1002
{
1070
     2
1000
-2000260
1002
}
  0
LINE
  5
9D7
330
9DE
100
AcDbEntity
  8
A-ANNO-DIMS-100
370
    35
100
AcDbLine
 10
11328.86123488274
 20
17864.77437702309
 30
0.0
 11
11478.86123488274
 21
18014.77437702309
 31
0.0
1001
REVIT
1002
{
1070
     1
1000
642338
1002
}
1002
{
1070
     5
1000
358345
1002
}
1002
{
1070
     2
1000
-2000260
1002
}
  0
LINE
  5
9D8
330
9DE
100
AcDbEntity
  8
A-ANNO-DIMS-100
100
AcDbLine
 10
11328.86123488274
 20
17864.77437702309
 30
0.0
 11
11328.86123488274
 21
18104.77437702309
 31
0.0
1001
REVIT
1002
{
1070
     1
1000
642338
1002
}
1002
{
1070
     5
1000
358345
1002
}
1002
{
1070
     2
1000
-2000260
1002
}
  0
LINE
  5
9D9
330
9DE
100
AcDbEntity
  8
A-ANNO-DIMS-100
100
AcDbLine
 10
11328.86123488274
 20
17864.77437702309
 30
0.0
 11
11328.86123488274
 21
17624.77437702309
 31
0.0
1001
REVIT
1002
{
1070
     1
1000
642338
1002
}
1002
{
1070
     5
1000
358345
1002
}
1002
{
1070
     2
1000
-2000260
1002
}
  0
MTEXT
  5
9DA
330
9DE
100
AcDbEntity
  8
A-ANNO-DIMS-100
 62
     0
100
AcDbMText
 10
10944.30192259126
 20
19338.00404777974
 30
0.0
 40
1000.0
 41
922.942349499536
 46
0.0
 71
     1
 72
     1
  1
\fArial|b0|i0|c162|p34|;0
  7
Arial_3
 73
     2
 44
0.9417779076525876
 90
        3
 63
     9
421
 13158600
 45
1.25
441
        0
1001
REVIT
1002
{
1070
     1
1000
642338
1002
}
1002
{
1070
     5
1000
358345
1002
}
1002
{
1070
     2
1000
-2000260
1002
}
  0
ENDBLK
  5
9DC
330
9DE
100
AcDbEntity
  8
0
100
AcDbBlockEnd
  0
BLOCK
  5
9F6
330
9F9
100
AcDbEntity
  8
0
100
AcDbBlockBegin
  2
DIMBLOCK60-Level 1
 70
     0
 10
0.0
 20
0.0
 30
0.0
  3
DIMBLOCK60-Level 1
  1

  0
LINE
  5
9EC
330
9F9
100
AcDbEntity
  8
A-ANNO-DIMS-100
100
AcDbLine
 10
11328.86123488273
 20
17864.77437702309
 30
0.0
 11
18828.86123488273
 21
17864.77437702309
 31
0.0
1001
REVIT
1002
{
1070
     1
1000
642338
1002
}
1002
{
1070
     5
1000
358345
1002
}
1002
{
1070
     2
1000
-2000260
1002
}
  0
LINE
  5
9ED
330
9F9
100
AcDbEntity
  8
A-ANNO-DIMS-100
370
    35
100
AcDbLine
 10
18828.86123488273
 20
17864.77437702309
 30
0.0
 11
18678.86123488273
 21
17714.77437702309
 31
0.0
1001
REVIT
1002
{
1070
     1
1000
642338
1002
}
1002
{
1070
     5
1000
358345
1002
}
1002
{
1070
     2
1000
-2000260
1002
}
  0
LINE
  5
9EE
330
9F9
100
AcDbEntity
  8
A-ANNO-DIMS-100
370
    35
100
AcDbLine
 10
18828.86123488273
 20
17864.77437702309
 30
0.0
 11
18978.86123488273
 21
18014.77437702309
 31
0.0
1001
REVIT
1002
{
1070
     1
1000
642338
1002
}
1002
{
1070
     5
1000
358345
1002
}
1002
{
1070
     2
1000
-2000260
1002
}
  0
LINE
  5
9EF
330
9F9
100
AcDbEntity
  8
A-ANNO-DIMS-100
100
AcDbLine
 10
18828.86123488273
 20
17864.77437702309
 30
0.0
 11
18828.86123488273
 21
18104.77437702309
 31
0.0
1001
REVIT
1002
{
1070
     1
1000
642338
1002
}
1002
{
1070
     5
1000
358345
1002
}
1002
{
1070
     2
1000
-2000260
1002
}
  0
LINE
  5
9F0
330
9F9
100
AcDbEntity
  8
A-ANNO-DIMS-100
100
AcDbLine
 10
18828.86123488273
 20
17864.77437702309
 30
0.0
 11
18828.86123488273
 21
17624.77437702309
 31
0.0
1001
REVIT
1002
{
1070
     1
1000
642338
1002
}
1002
{
1070
     5
1000
358345
1002
}
1002
{
1070
     2
1000
-2000260
1002
}
  0
LINE
  5
9F1
330
9F9
100
AcDbEntity
  8
A-ANNO-DIMS-100
370
    35
100
AcDbLine
 10
11328.86123488273
 20
17864.77437702309
 30
0.0
 11
11178.86123488273
 21
17714.77437702309
 31
0.0
1001
REVIT
1002
{
1070
     1
1000
642338
1002
}
1002
{
1070
     5
1000
358345
1002
}
1002
{
1070
     2
1000
-2000260
1002
}
  0
LINE
  5
9F2
330
9F9
100
AcDbEntity
  8
A-ANNO-DIMS-100
370
    35
100
AcDbLine
 10
11328.86123488273
 20
17864.77437702309
 30
0.0
 11
11478.86123488273
 21
18014.77437702309
 31
0.0
1001
REVIT
1002
{
1070
     1
1000
642338
1002
}
1002
{
1070
     5
1000
358345
1002
}
1002
{
1070
     2
1000
-2000260
1002
}
  0
LINE
  5
9F3
330
9F9
100
AcDbEntity
  8
A-ANNO-DIMS-100
100
AcDbLine
 10
11328.86123488273
 20
17864.77437702309
 30
0.0
 11
11328.86123488273
 21
18104.77437702309
 31
0.0
1001
REVIT
1002
{
1070
     1
1000
642338
1002
}
1002
{
1070
     5
1000
358345
1002
}
1002
{
1070
     2
1000
-2000260
1002
}
  0
LINE
  5
9F4
330
9F9
100
AcDbEntity
  8
A-ANNO-DIMS-100
100
AcDbLine
 10
11328.86123488273
 20
17864.77437702309
 30
0.0
 11
11328.86123488273
 21
17624.77437702309
 31
0.0
1001
REVIT
1002
{
1070
     1
1000
642338
1002
}
1002
{
1070
     5
1000
358345
1002
}
1002
{
1070
     2
1000
-2000260
1002
}
  0
MTEXT
  5
9F5
330
9F9
100
AcDbEntity
  8
A-ANNO-DIMS-100
 62
     0
100
AcDbMText
 10
13925.18329800831
 20
19338.00404777974
 30
0.0
 40
1000.0
 41
2768.827048498608
 46
0.0
 71
     1
 72
     1
  1
750
  7
Arial_3
 73
     2
 44
0.9417779076525876
 90
        3
 63
     9
421
 13158600
 45
1.25
441
        0
1001
REVIT
1002
{
1070
     1
1000
642338
1002
}
1002
{
1070
     5
1000
358345
1002
}
1002
{
1070
     2
1000
-2000260
1002
}
  0
ENDBLK
  5
9F7
330
9F9
100
AcDbEntity
  8
0
100
AcDbBlockEnd
  0
BLOCK
  5
A10
330
A13
100
AcDbEntity
  8
0
100
AcDbBlockBegin
  2
DIMBLOCK61-Level 1
 70
     0
 10
0.0
 20
0.0
 30
0.0
  3
DIMBLOCK61-Level 1
  1

  0
LINE
  5
A06
330
A13
100
AcDbEntity
  8
A-ANNO-DIMS-100
100
AcDbLine
 10
18828.86123488273
 20
17864.77437702309
 30
0.0
 11
19028.86123488273
 21
17864.77437702309
 31
0.0
1001
REVIT
1002
{
1070
     1
1000
642338
1002
}
1002
{
1070
     5
1000
358345
1002
}
1002
{
1070
     2
1000
-2000260
1002
}
  0
LINE
  5
A07
330
A13
100
AcDbEntity
  8
A-ANNO-DIMS-100
370
    35
100
AcDbLine
 10
19028.86123488273
 20
17864.77437702309
 30
0.0
 11
18878.86123488273
 21
17714.77437702309
 31
0.0
1001
REVIT
1002
{
1070
     1
1000
642338
1002
}
1002
{
1070
     5
1000
358345
1002
}
1002
{
1070
     2
1000
-2000260
1002
}
  0
LINE
  5
A08
330
A13
100
AcDbEntity
  8
A-ANNO-DIMS-100
370
    35
100
AcDbLine
 10
19028.86123488273
 20
17864.77437702309
 30
0.0
 11
19178.86123488273
 21
18014.77437702309
 31
0.0
1001
REVIT
1002
{
1070
     1
1000
642338
1002
}
1002
{
1070
     5
1000
358345
1002
}
1002
{
1070
     2
1000
-2000260
1002
}
  0
LINE
  5
A09
330
A13
100
AcDbEntity
  8
A-ANNO-DIMS-100
100
AcDbLine
 10
19028.86123488273
 20
17864.77437702309
 30
0.0
 11
19028.86123488273
 21
18104.77437702309
 31
0.0
1001
REVIT
1002
{
1070
     1
1000
642338
1002
}
1002
{
1070
     5
1000
358345
1002
}
1002
{
1070
     2
1000
-2000260
1002
}
  0
LINE
  5
A0A
330
A13
100
AcDbEntity
  8
A-ANNO-DIMS-100
100
AcDbLine
 10
19028.86123488273
 20
17864.77437702309
 30
0.0
 11
19028.86123488273
 21
17624.77437702309
 31
0.0
1001
REVIT
1002
{
1070
     1
1000
642338
1002
}
1002
{
1070
     5
1000
358345
1002
}
1002
{
1070
     2
1000
-2000260
1002
}
  0
LINE
  5
A0B
330
A13
100
AcDbEntity
  8
A-ANNO-DIMS-100
370
    35
100
AcDbLine
 10
18828.86123488273
 20
17864.77437702309
 30
0.0
 11
18678.86123488273
 21
17714.77437702309
 31
0.0
1001
REVIT
1002
{
1070
     1
1000
642338
1002
}
1002
{
1070
     5
1000
358345
1002
}
1002
{
1070
     2
1000
-2000260
1002
}
  0
LINE
  5
A0C
330
A13
100
AcDbEntity
  8
A-ANNO-DIMS-100
370
    35
100
AcDbLine
 10
18828.86123488273
 20
17864.77437702309
 30
0.0
 11
18978.86123488273
 21
18014.77437702309
 31
0.0
1001
REVIT
1002
{
1070
     1
1000
642338
1002
}
1002
{
1070
     5
1000
358345
1002
}
1002
{
1070
     2
1000
-2000260
1002
}
  0
LINE
  5
A0D
330
A13
100
AcDbEntity
  8
A-ANNO-DIMS-100
100
AcDbLine
 10
18828.86123488273
 20
17864.77437702309
 30
0.0
 11
18828.86123488273
 21
18104.77437702309
 31
0.0
1001
REVIT
1002
{
1070
     1
1000
642338
1002
}
1002
{
1070
     5
1000
358345
1002
}
1002
{
1070
     2
1000
-2000260
1002
}
  0
LINE
  5
A0E
330
A13
100
AcDbEntity
  8
A-ANNO-DIMS-100
100
AcDbLine
 10
18828.86123488273
 20
17864.77437702309
 30
0.0
 11
18828.86123488273
 21
17624.77437702309
 31
0.0
1001
REVIT
1002
{
1070
     1
1000
642338
1002
}
1002
{
1070
     5
1000
358345
1002
}
1002
{
1070
     2
1000
-2000260
1002
}
  0
MTEXT
  5
A0F
330
A13
100
AcDbEntity
  8
A-ANNO-DIMS-100
 62
     0
100
AcDbMText
 10
18159.74261029978
 20
19338.00404777974
 30
0.0
 40
1000.0
 41
1845.884698999072
 46
0.0
 71
     1
 72
     1
  1
20
  7
Arial_3
 73
     2
 44
0.9417779076525876
 90
        3
 63
     9
421
 13158600
 45
1.25
441
        0
1001
REVIT
1002
{
1070
     1
1000
642338
1002
}
1002
{
1070
     5
1000
358345
1002
}
1002
{
1070
     2
1000
-2000260
1002
}
  0
ENDBLK
  5
A11
330
A13
100
AcDbEntity
  8
0
100
AcDbBlockEnd
  0
BLOCK
  5
A2C
330
A2F
100
AcDbEntity
  8
0
100
AcDbBlockBegin
  2
DIMBLOCK62-Level 1
 70
     0
 10
0.0
 20
0.0
 30
0.0
  3
DIMBLOCK62-Level 1
  1

  0
LINE
  5
A22
330
A2F
100
AcDbEntity
  8
A-ANNO-DIMS-100
100
AcDbLine
 10
19028.86123488273
 20
17864.77437702309
 30
0.0
 11
25249.8363370141
 21
17864.77437702309
 31
0.0
1001
REVIT
1002
{
1070
     1
1000
642338
1002
}
1002
{
1070
     5
1000
358345
1002
}
1002
{
1070
     2
1000
-2000260
1002
}
  0
LINE
  5
A23
330
A2F
100
AcDbEntity
  8
A-ANNO-DIMS-100
370
    35
100
AcDbLine
 10
25249.8363370141
 20
17864.77437702309
 30
0.0
 11
25099.8363370141
 21
17714.77437702309
 31
0.0
1001
REVIT
1002
{
1070
     1
1000
642338
1002
}
1002
{
1070
     5
1000
358345
1002
}
1002
{
1070
     2
1000
-2000260
1002
}
  0
LINE
  5
A24
330
A2F
100
AcDbEntity
  8
A-ANNO-DIMS-100
370
    35
100
AcDbLine
 10
25249.8363370141
 20
17864.77437702309
 30
0.0
 11
25399.8363370141
 21
18014.77437702309
 31
0.0
1001
REVIT
1002
{
1070
     1
1000
642338
1002
}
1002
{
1070
     5
1000
358345
1002
}
1002
{
1070
     2
1000
-2000260
1002
}
  0
LINE
  5
A25
330
A2F
100
AcDbEntity
  8
A-ANNO-DIMS-100
100
AcDbLine
 10
25249.8363370141
 20
17864.77437702309
 30
0.0
 11
25249.8363370141
 21
18104.77437702309
 31
0.0
1001
REVIT
1002
{
1070
     1
1000
642338
1002
}
1002
{
1070
     5
1000
358345
1002
}
1002
{
1070
     2
1000
-2000260
1002
}
  0
LINE
  5
A26
330
A2F
100
AcDbEntity
  8
A-ANNO-DIMS-100
100
AcDbLine
 10
25249.8363370141
 20
17864.77437702309
 30
0.0
 11
25249.8363370141
 21
17624.77437702309
 31
0.0
1001
REVIT
1002
{
1070
     1
1000
642338
1002
}
1002
{
1070
     5
1000
358345
1002
}
1002
{
1070
     2
1000
-2000260
1002
}
  0
LINE
  5
A27
330
A2F
100
AcDbEntity
  8
A-ANNO-DIMS-100
370
    35
100
AcDbLine
 10
19028.86123488273
 20
17864.77437702309
 30
0.0
 11
18878.86123488273
 21
17714.77437702309
 31
0.0
1001
REVIT
1002
{
1070
     1
1000
642338
1002
}
1002
{
1070
     5
1000
358345
1002
}
1002
{
1070
     2
1000
-2000260
1002
}
  0
LINE
  5
A28
330
A2F
100
AcDbEntity
  8
A-ANNO-DIMS-100
370
    35
100
AcDbLine
 10
19028.86123488273
 20
17864.77437702309
 30
0.0
 11
19178.86123488273
 21
18014.77437702309
 31
0.0
1001
REVIT
1002
{
1070
     1
1000
642338
1002
}
1002
{
1070
     5
1000
358345
1002
}
1002
{
1070
     2
1000
-2000260
1002
}
  0
LINE
  5
A29
330
A2F
100
AcDbEntity
  8
A-ANNO-DIMS-100
100
AcDbLine
 10
19028.86123488273
 20
17864.77437702309
 30
0.0
 11
19028.86123488273
 21
18104.77437702309
 31
0.0
1001
REVIT
1002
{
1070
     1
1000
642338
1002
}
1002
{
1070
     5
1000
358345
1002
}
1002
{
1070
     2
1000
-2000260
1002
}
  0
LINE
  5
A2A
330
A2F
100
AcDbEntity
  8
A-ANNO-DIMS-100
100
AcDbLine
 10
19028.86123488273
 20
17864.77437702309
 30
0.0
 11
19028.86123488273
 21
17624.77437702309
 31
0.0
1001
REVIT
1002
{
1070
     1
1000
642338
1002
}
1002
{
1070
     5
1000
358345
1002
}
1002
{
1070
     2
1000
-2000260
1002
}
  0
MTEXT
  5
A2B
330
A2F
100
AcDbEntity
  8
A-ANNO-DIMS-100
 62
     0
100
AcDbMText
 10
20985.67084907399
 20
19338.00404777974
 30
0.0
 40
1000.0
 41
2768.827048498608
 46
0.0
 71
     1
 72
     1
  1
622
  7
Arial_3
 73
     2
 44
0.9417779076525876
 90
        3
 63
     9
421
 13158600
 45
1.25
441
        0
1001
REVIT
1002
{
1070
     1
1000
642338
1002
}
1002
{
1070
     5
1000
358345
1002
}
1002
{
1070
     2
1000
-2000260
1002
}
  0
ENDBLK
  5
A2D
330
A2F
100
AcDbEntity
  8
0
100
AcDbBlockEnd
  0
BLOCK
  5
A46
330
A49
100
AcDbEntity
  8
0
100
AcDbBlockBegin
  2
DIMBLOCK63-Level 1
 70
     0
 10
0.0
 20
0.0
 30
0.0
  3
DIMBLOCK63-Level 1
  1

  0
LINE
  5
A3C
330
A49
100
AcDbEntity
  8
A-ANNO-DIMS-100
100
AcDbLine
 10
25249.8363370141
 20
17864.77437702309
 30
0.0
 11
25449.8363370141
 21
17864.77437702309
 31
0.0
1001
REVIT
1002
{
1070
     1
1000
642338
1002
}
1002
{
1070
     5
1000
358345
1002
}
1002
{
1070
     2
1000
-2000260
1002
}
  0
LINE
  5
A3D
330
A49
100
AcDbEntity
  8
A-ANNO-DIMS-100
370
    35
100
AcDbLine
 10
25449.8363370141
 20
17864.77437702309
 30
0.0
 11
25299.8363370141
 21
17714.77437702309
 31
0.0
1001
REVIT
1002
{
1070
     1
1000
642338
1002
}
1002
{
1070
     5
1000
358345
1002
}
1002
{
1070
     2
1000
-2000260
1002
}
  0
LINE
  5
A3E
330
A49
100
AcDbEntity
  8
A-ANNO-DIMS-100
370
    35
100
AcDbLine
 10
25449.8363370141
 20
17864.77437702309
 30
0.0
 11
25599.8363370141
 21
18014.77437702309
 31
0.0
1001
REVIT
1002
{
1070
     1
1000
642338
1002
}
1002
{
1070
     5
1000
358345
1002
}
1002
{
1070
     2
1000
-2000260
1002
}
  0
LINE
  5
A3F
330
A49
100
AcDbEntity
  8
A-ANNO-DIMS-100
100
AcDbLine
 10
25449.8363370141
 20
17864.77437702309
 30
0.0
 11
25449.8363370141
 21
18104.77437702309
 31
0.0
1001
REVIT
1002
{
1070
     1
1000
642338
1002
}
1002
{
1070
     5
1000
358345
1002
}
1002
{
1070
     2
1000
-2000260
1002
}
  0
LINE
  5
A40
330
A49
100
AcDbEntity
  8
A-ANNO-DIMS-100
100
AcDbLine
 10
25449.8363370141
 20
17864.77437702309
 30
0.0
 11
25449.8363370141
 21
17624.77437702309
 31
0.0
1001
REVIT
1002
{
1070
     1
1000
642338
1002
}
1002
{
1070
     5
1000
358345
1002
}
1002
{
1070
     2
1000
-2000260
1002
}
  0
LINE
  5
A41
330
A49
100
AcDbEntity
  8
A-ANNO-DIMS-100
370
    35
100
AcDbLine
 10
25249.8363370141
 20
17864.77437702309
 30
0.0
 11
25099.8363370141
 21
17714.77437702309
 31
0.0
1001
REVIT
1002
{
1070
     1
1000
642338
1002
}
1002
{
1070
     5
1000
358345
1002
}
1002
{
1070
     2
1000
-2000260
1002
}
  0
LINE
  5
A42
330
A49
100
AcDbEntity
  8
A-ANNO-DIMS-100
370
    35
100
AcDbLine
 10
25249.8363370141
 20
17864.77437702309
 30
0.0
 11
25399.8363370141
 21
18014.77437702309
 31
0.0
1001
REVIT
1002
{
1070
     1
1000
642338
1002
}
1002
{
1070
     5
1000
358345
1002
}
1002
{
1070
     2
1000
-2000260
1002
}
  0
LINE
  5
A43
330
A49
100
AcDbEntity
  8
A-ANNO-DIMS-100
100
AcDbLine
 10
25249.8363370141
 20
17864.77437702309
 30
0.0
 11
25249.8363370141
 21
18104.77437702309
 31
0.0
1001
REVIT
1002
{
1070
     1
1000
642338
1002
}
1002
{
1070
     5
1000
358345
1002
}
1002
{
1070
     2
1000
-2000260
1002
}
  0
LINE
  5
A44
330
A49
100
AcDbEntity
  8
A-ANNO-DIMS-100
100
AcDbLine
 10
25249.8363370141
 20
17864.77437702309
 30
0.0
 11
25249.8363370141
 21
17624.77437702309
 31
0.0
1001
REVIT
1002
{
1070
     1
1000
642338
1002
}
1002
{
1070
     5
1000
358345
1002
}
1002
{
1070
     2
1000
-2000260
1002
}
  0
MTEXT
  5
A45
330
A49
100
AcDbEntity
  8
A-ANNO-DIMS-100
 62
     0
100
AcDbMText
 10
24580.71771243116
 20
19338.00404777974
 30
0.0
 40
1000.0
 41
1845.884698999072
 46
0.0
 71
     1
 72
     1
  1
20
  7
Arial_3
 73
     2
 44
0.9417779076525876
 90
        3
 63
     9
421
 13158600
 45
1.25
441
        0
1001
REVIT
1002
{
1070
     1
1000
642338
1002
}
1002
{
1070
     5
1000
358345
1002
}
1002
{
1070
     2
1000
-2000260
1002
}
  0
ENDBLK
  5
A47
330
A49
100
AcDbEntity
  8
0
100
AcDbBlockEnd
  0
BLOCK
  5
A62
330
A65
100
AcDbEntity
  8
0
100
AcDbBlockBegin
  2
DIMBLOCK64-Level 1
 70
     0
 10
0.0
 20
0.0
 30
0.0
  3
DIMBLOCK64-Level 1
  1

  0
LINE
  5
A58
330
A65
100
AcDbEntity
  8
A-ANNO-DIMS-100
100
AcDbLine
 10
25449.8363370141
 20
17864.77437702309
 30
0.0
 11
30068.34251991626
 21
17864.77437702309
 31
0.0
1001
REVIT
1002
{
1070
     1
1000
642338
1002
}
1002
{
1070
     5
1000
358345
1002
}
1002
{
1070
     2
1000
-2000260
1002
}
  0
LINE
  5
A59
330
A65
100
AcDbEntity
  8
A-ANNO-DIMS-100
370
    35
100
AcDbLine
 10
30068.34251991626
 20
17864.77437702309
 30
0.0
 11
29918.34251991625
 21
17714.77437702309
 31
0.0
1001
REVIT
1002
{
1070
     1
1000
642338
1002
}
1002
{
1070
     5
1000
358345
1002
}
1002
{
1070
     2
1000
-2000260
1002
}
  0
LINE
  5
A5A
330
A65
100
AcDbEntity
  8
A-ANNO-DIMS-100
370
    35
100
AcDbLine
 10
30068.34251991626
 20
17864.77437702309
 30
0.0
 11
30218.34251991626
 21
18014.77437702309
 31
0.0
1001
REVIT
1002
{
1070
     1
1000
642338
1002
}
1002
{
1070
     5
1000
358345
1002
}
1002
{
1070
     2
1000
-2000260
1002
}
  0
LINE
  5
A5B
330
A65
100
AcDbEntity
  8
A-ANNO-DIMS-100
100
AcDbLine
 10
30068.34251991626
 20
17864.77437702309
 30
0.0
 11
30068.34251991626
 21
18104.77437702309
 31
0.0
1001
REVIT
1002
{
1070
     1
1000
642338
1002
}
1002
{
1070
     5
1000
358345
1002
}
1002
{
1070
     2
1000
-2000260
1002
}
  0
LINE
  5
A5C
330
A65
100
AcDbEntity
  8
A-ANNO-DIMS-100
100
AcDbLine
 10
30068.34251991626
 20
17864.77437702309
 30
0.0
 11
30068.34251991626
 21
17624.77437702309
 31
0.0
1001
REVIT
1002
{
1070
     1
1000
642338
1002
}
1002
{
1070
     5
1000
358345
1002
}
1002
{
1070
     2
1000
-2000260
1002
}
  0
LINE
  5
A5D
330
A65
100
AcDbEntity
  8
A-ANNO-DIMS-100
370
    35
100
AcDbLine
 10
25449.8363370141
 20
17864.77437702309
 30
0.0
 11
25299.8363370141
 21
17714.77437702309
 31
0.0
1001
REVIT
1002
{
1070
     1
1000
642338
1002
}
1002
{
1070
     5
1000
358345
1002
}
1002
{
1070
     2
1000
-2000260
1002
}
  0
LINE
  5
A5E
330
A65
100
AcDbEntity
  8
A-ANNO-DIMS-100
370
    35
100
AcDbLine
 10
25449.8363370141
 20
17864.77437702309
 30
0.0
 11
25599.8363370141
 21
18014.77437702309
 31
0.0
1001
REVIT
1002
{
1070
     1
1000
642338
1002
}
1002
{
1070
     5
1000
358345
1002
}
1002
{
1070
     2
1000
-2000260
1002
}
  0
LINE
  5
A5F
330
A65
100
AcDbEntity
  8
A-ANNO-DIMS-100
100
AcDbLine
 10
25449.8363370141
 20
17864.77437702309
 30
0.0
 11
25449.8363370141
 21
18104.77437702309
 31
0.0
1001
REVIT
1002
{
1070
     1
1000
642338
1002
}
1002
{
1070
     5
1000
358345
1002
}
1002
{
1070
     2
1000
-2000260
1002
}
  0
LINE
  5
A60
330
A65
100
AcDbEntity
  8
A-ANNO-DIMS-100
100
AcDbLine
 10
25449.8363370141
 20
17864.77437702309
 30
0.0
 11
25449.8363370141
 21
17624.77437702309
 31
0.0
1001
REVIT
1002
{
1070
     1
1000
642338
1002
}
1002
{
1070
     5
1000
358345
1002
}
1002
{
1070
     2
1000
-2000260
1002
}
  0
MTEXT
  5
A61
330
A65
100
AcDbEntity
  8
A-ANNO-DIMS-100
 62
     0
100
AcDbMText
 10
26605.41149159076
 20
19338.00404777974
 30
0.0
 40
1000.0
 41
2768.827048498608
 46
0.0
 71
     1
 72
     1
  1
462
  7
Arial_3
 73
     2
 44
0.9417779076525876
 90
        3
 63
     9
421
 13158600
 45
1.25
441
        0
1001
REVIT
1002
{
1070
     1
1000
642338
1002
}
1002
{
1070
     5
1000
358345
1002
}
1002
{
1070
     2
1000
-2000260
1002
}
  0
ENDBLK
  5
A63
330
A65
100
AcDbEntity
  8
0
100
AcDbBlockEnd
  0
BLOCK
  5
A7C
330
A7F
100
AcDbEntity
  8
0
100
AcDbBlockBegin
  2
DIMBLOCK65-Level 1
 70
     0
 10
0.0
 20
0.0
 30
0.0
  3
DIMBLOCK65-Level 1
  1

  0
LINE
  5
A72
330
A7F
100
AcDbEntity
  8
A-ANNO-DIMS-100
100
AcDbLine
 10
30068.34251991626
 20
17864.77437702309
 30
0.0
 11
30508.34251991626
 21
17864.77437702309
 31
0.0
1001
REVIT
1002
{
1070
     1
1000
642338
1002
}
1002
{
1070
     5
1000
358345
1002
}
1002
{
1070
     2
1000
-2000260
1002
}
  0
LINE
  5
A73
330
A7F
100
AcDbEntity
  8
A-ANNO-DIMS-100
370
    35
100
AcDbLine
 10
30268.34251991626
 20
17864.77437702309
 30
0.0
 11
30118.34251991626
 21
17714.77437702309
 31
0.0
1001
REVIT
1002
{
1070
     1
1000
642338
1002
}
1002
{
1070
     5
1000
358345
1002
}
1002
{
1070
     2
1000
-2000260
1002
}
  0
LINE
  5
A74
330
A7F
100
AcDbEntity
  8
A-ANNO-DIMS-100
370
    35
100
AcDbLine
 10
30268.34251991626
 20
17864.77437702309
 30
0.0
 11
30418.34251991626
 21
18014.77437702309
 31
0.0
1001
REVIT
1002
{
1070
     1
1000
642338
1002
}
1002
{
1070
     5
1000
358345
1002
}
1002
{
1070
     2
1000
-2000260
1002
}
  0
LINE
  5
A75
330
A7F
100
AcDbEntity
  8
A-ANNO-DIMS-100
100
AcDbLine
 10
30268.34251991626
 20
17864.77437702309
 30
0.0
 11
30268.34251991626
 21
18104.77437702309
 31
0.0
1001
REVIT
1002
{
1070
     1
1000
642338
1002
}
1002
{
1070
     5
1000
358345
1002
}
1002
{
1070
     2
1000
-2000260
1002
}
  0
LINE
  5
A76
330
A7F
100
AcDbEntity
  8
A-ANNO-DIMS-100
100
AcDbLine
 10
30268.34251991626
 20
17864.77437702309
 30
0.0
 11
30268.34251991626
 21
17624.77437702309
 31
0.0
1001
REVIT
1002
{
1070
     1
1000
642338
1002
}
1002
{
1070
     5
1000
358345
1002
}
1002
{
1070
     2
1000
-2000260
1002
}
  0
LINE
  5
A77
330
A7F
100
AcDbEntity
  8
A-ANNO-DIMS-100
370
    35
100
AcDbLine
 10
30068.34251991626
 20
17864.77437702309
 30
0.0
 11
29918.34251991625
 21
17714.77437702309
 31
0.0
1001
REVIT
1002
{
1070
     1
1000
642338
1002
}
1002
{
1070
     5
1000
358345
1002
}
1002
{
1070
     2
1000
-2000260
1002
}
  0
LINE
  5
A78
330
A7F
100
AcDbEntity
  8
A-ANNO-DIMS-100
370
    35
100
AcDbLine
 10
30068.34251991626
 20
17864.77437702309
 30
0.0
 11
30218.34251991626
 21
18014.77437702309
 31
0.0
1001
REVIT
1002
{
1070
     1
1000
642338
1002
}
1002
{
1070
     5
1000
358345
1002
}
1002
{
1070
     2
1000
-2000260
1002
}
  0
LINE
  5
A79
330
A7F
100
AcDbEntity
  8
A-ANNO-DIMS-100
100
AcDbLine
 10
30068.34251991626
 20
17864.77437702309
 30
0.0
 11
30068.34251991626
 21
18104.77437702309
 31
0.0
1001
REVIT
1002
{
1070
     1
1000
642338
1002
}
1002
{
1070
     5
1000
358345
1002
}
1002
{
1070
     2
1000
-2000260
1002
}
  0
LINE
  5
A7A
330
A7F
100
AcDbEntity
  8
A-ANNO-DIMS-100
100
AcDbLine
 10
30068.34251991626
 20
17864.77437702309
 30
0.0
 11
30068.34251991626
 21
17624.77437702309
 31
0.0
1001
REVIT
1002
{
1070
     1
1000
642338
1002
}
1002
{
1070
     5
1000
358345
1002
}
1002
{
1070
     2
1000
-2000260
1002
}
  0
MTEXT
  5
A7B
330
A7F
100
AcDbEntity
  8
A-ANNO-DIMS-100
 62
     0
100
AcDbMText
 10
29399.22389533331
 20
19338.00404777974
 30
0.0
 40
1000.0
 41
1845.884698999072
 46
0.0
 71
     1
 72
     1
  1
20
  7
Arial_3
 73
     2
 44
0.9417779076525876
 90
        3
 63
     9
421
 13158600
 45
1.25
441
        0
1001
REVIT
1002
{
1070
     1
1000
642338
1002
}
1002
{
1070
     5
1000
358345
1002
}
1002
{
1070
     2
1000
-2000260
1002
}
  0
ENDBLK
  5
A7D
330
A7F
100
AcDbEntity
  8
0
100
AcDbBlockEnd
  0
BLOCK
  5
A98
330
A9B
100
AcDbEntity
  8
0
100
AcDbBlockBegin
  2
DIMBLOCK66-Level 1
 70
     0
 10
0.0
 20
0.0
 30
0.0
  3
DIMBLOCK66-Level 1
  1

  0
LINE
  5
A8E
330
A9B
100
AcDbEntity
  8
A-ANNO-DIMS-100
100
AcDbLine
 10
-35529.2166382288
 20
14252.84002850446
 30
0.0
 11
-35529.21663822889
 21
-11629.68142790457
 31
0.0
1001
REVIT
1002
{
1070
     1
1000
643501
1002
}
1002
{
1070
     5
1000
358345
1002
}
1002
{
1070
     2
1000
-2000260
1002
}
  0
LINE
  5
A8F
330
A9B
100
AcDbEntity
  8
A-ANNO-DIMS-100
370
    35
100
AcDbLine
 10
-35529.21663822889
 20
-11389.68142790457
 30
0.0
 11
-35679.21663822889
 21
-11239.68142790457
 31
0.0
1001
REVIT
1002
{
1070
     1
1000
643501
1002
}
1002
{
1070
     5
1000
358345
1002
}
1002
{
1070
     2
1000
-2000260
1002
}
  0
LINE
  5
A90
330
A9B
100
AcDbEntity
  8
A-ANNO-DIMS-100
370
    35
100
AcDbLine
 10
-35529.21663822889
 20
-11389.68142790457
 30
0.0
 11
-35379.21663822889
 21
-11539.68142790457
 31
0.0
1001
REVIT
1002
{
1070
     1
1000
643501
1002
}
1002
{
1070
     5
1000
358345
1002
}
1002
{
1070
     2
1000
-2000260
1002
}
  0
LINE
  5
A91
330
A9B
100
AcDbEntity
  8
A-ANNO-DIMS-100
100
AcDbLine
 10
-35529.21663822889
 20
-11389.68142790457
 30
0.0
 11
-35769.2166382289
 21
-11389.68142790457
 31
0.0
1001
REVIT
1002
{
1070
     1
1000
643501
1002
}
1002
{
1070
     5
1000
358345
1002
}
1002
{
1070
     2
1000
-2000260
1002
}
  0
LINE
  5
A92
330
A9B
100
AcDbEntity
  8
A-ANNO-DIMS-100
100
AcDbLine
 10
-35529.21663822889
 20
-11389.68142790457
 30
0.0
 11
-35289.21663822889
 21
-11389.68142790457
 31
0.0
1001
REVIT
1002
{
1070
     1
1000
643501
1002
}
1002
{
1070
     5
1000
358345
1002
}
1002
{
1070
     2
1000
-2000260
1002
}
  0
LINE
  5
A93
330
A9B
100
AcDbEntity
  8
A-ANNO-DIMS-100
370
    35
100
AcDbLine
 10
-35529.2166382288
 20
14012.84002850446
 30
0.0
 11
-35679.2166382288
 21
14162.84002850446
 31
0.0
1001
REVIT
1002
{
1070
     1
1000
643501
1002
}
1002
{
1070
     5
1000
358345
1002
}
1002
{
1070
     2
1000
-2000260
1002
}
  0
LINE
  5
A94
330
A9B
100
AcDbEntity
  8
A-ANNO-DIMS-100
370
    35
100
AcDbLine
 10
-35529.2166382288
 20
14012.84002850446
 30
0.0
 11
-35379.2166382288
 21
13862.84002850446
 31
0.0
1001
REVIT
1002
{
1070
     1
1000
643501
1002
}
1002
{
1070
     5
1000
358345
1002
}
1002
{
1070
     2
1000
-2000260
1002
}
  0
LINE
  5
A95
330
A9B
100
AcDbEntity
  8
A-ANNO-DIMS-100
100
AcDbLine
 10
-35529.2166382288
 20
14012.84002850446
 30
0.0
 11
-35769.2166382288
 21
14012.84002850446
 31
0.0
1001
REVIT
1002
{
1070
     1
1000
643501
1002
}
1002
{
1070
     5
1000
358345
1002
}
1002
{
1070
     2
1000
-2000260
1002
}
  0
LINE
  5
A96
330
A9B
100
AcDbEntity
  8
A-ANNO-DIMS-100
100
AcDbLine
 10
-35529.2166382288
 20
14012.84002850446
 30
0.0
 11
-35289.2166382288
 21
14012.84002850446
 31
0.0
1001
REVIT
1002
{
1070
     1
1000
643501
1002
}
1002
{
1070
     5
1000
358345
1002
}
1002
{
1070
     2
1000
-2000260
1002
}
  0
MTEXT
  5
A97
330
A9B
100
AcDbEntity
  8
A-ANNO-DIMS-100
 62
     0
100
AcDbMText
 10
-37002.4463089855
 20
-226.657948865949
 30
0.0
 40
1000.0
 41
3691.769397998144
 46
0.0
 71
     1
 72
     1
  1
2540
  7
Arial_3
 11
0.0
 21
1.0
 31
0.0
 73
     2
 44
0.9417779076525876
 90
        3
 63
     9
421
 13158600
 45
1.25
441
        0
1001
REVIT
1002
{
1070
     1
1000
643501
1002
}
1002
{
1070
     5
1000
358345
1002
}
1002
{
1070
     2
1000
-2000260
1002
}
  0
ENDBLK
  5
A99
330
A9B
100
AcDbEntity
  8
0
100
AcDbBlockEnd
  0
BLOCK
  5
AB2
330
AB5
100
AcDbEntity
  8
0
100
AcDbBlockBegin
  2
DIMBLOCK67-Level 1
 70
     0
 10
0.0
 20
0.0
 30
0.0
  3
DIMBLOCK67-Level 1
  1

  0
LINE
  5
AA8
330
AB5
100
AcDbEntity
  8
A-ANNO-DIMS-100
100
AcDbLine
 10
40622.26654454266
 20
8059.475627956546
 30
0.0
 11
40622.26654454266
 21
-13276.69078347321
 31
0.0
1001
REVIT
1002
{
1070
     1
1000
643508
1002
}
1002
{
1070
     5
1000
358345
1002
}
1002
{
1070
     2
1000
-2000260
1002
}
  0
LINE
  5
AA9
330
AB5
100
AcDbEntity
  8
A-ANNO-DIMS-100
370
    35
100
AcDbLine
 10
40622.26654454266
 20
-13036.69078347321
 30
0.0
 11
40472.26654454266
 21
-12886.69078347321
 31
0.0
1001
REVIT
1002
{
1070
     1
1000
643508
1002
}
1002
{
1070
     5
1000
358345
1002
}
1002
{
1070
     2
1000
-2000260
1002
}
  0
LINE
  5
AAA
330
AB5
100
AcDbEntity
  8
A-ANNO-DIMS-100
370
    35
100
AcDbLine
 10
40622.26654454266
 20
-13036.69078347321
 30
0.0
 11
40772.26654454266
 21
-13186.69078347321
 31
0.0
1001
REVIT
1002
{
1070
     1
1000
643508
1002
}
1002
{
1070
     5
1000
358345
1002
}
1002
{
1070
     2
1000
-2000260
1002
}
  0
LINE
  5
AAB
330
AB5
100
AcDbEntity
  8
A-ANNO-DIMS-100
100
AcDbLine
 10
40622.26654454266
 20
-13036.69078347321
 30
0.0
 11
40862.26654454266
 21
-13036.69078347321
 31
0.0
1001
REVIT
1002
{
1070
     1
1000
643508
1002
}
1002
{
1070
     5
1000
358345
1002
}
1002
{
1070
     2
1000
-2000260
1002
}
  0
LINE
  5
AAC
330
AB5
100
AcDbEntity
  8
A-ANNO-DIMS-100
100
AcDbLine
 10
40622.26654454266
 20
-13036.69078347321
 30
0.0
 11
40382.26654454266
 21
-13036.69078347321
 31
0.0
1001
REVIT
1002
{
1070
     1
1000
643508
1002
}
1002
{
1070
     5
1000
358345
1002
}
1002
{
1070
     2
1000
-2000260
1002
}
  0
LINE
  5
AAD
330
AB5
100
AcDbEntity
  8
A-ANNO-DIMS-100
370
    35
100
AcDbLine
 10
40622.26654454266
 20
7819.475627956546
 30
0.0
 11
40472.26654454266
 21
7969.475627956547
 31
0.0
1001
REVIT
1002
{
1070
     1
1000
643508
1002
}
1002
{
1070
     5
1000
358345
1002
}
1002
{
1070
     2
1000
-2000260
1002
}
  0
LINE
  5
AAE
330
AB5
100
AcDbEntity
  8
A-ANNO-DIMS-100
370
    35
100
AcDbLine
 10
40622.26654454266
 20
7819.475627956546
 30
0.0
 11
40772.26654454266
 21
7669.475627956545
 31
0.0
1001
REVIT
1002
{
1070
     1
1000
643508
1002
}
1002
{
1070
     5
1000
358345
1002
}
1002
{
1070
     2
1000
-2000260
1002
}
  0
LINE
  5
AAF
330
AB5
100
AcDbEntity
  8
A-ANNO-DIMS-100
100
AcDbLine
 10
40622.26654454266
 20
7819.475627956546
 30
0.0
 11
40862.26654454266
 21
7819.475627956546
 31
0.0
1001
REVIT
1002
{
1070
     1
1000
643508
1002
}
1002
{
1070
     5
1000
358345
1002
}
1002
{
1070
     2
1000
-2000260
1002
}
  0
LINE
  5
AB0
330
AB5
100
AcDbEntity
  8
A-ANNO-DIMS-100
100
AcDbLine
 10
40622.26654454266
 20
7819.475627956546
 30
0.0
 11
40382.26654454266
 21
7819.475627956546
 31
0.0
1001
REVIT
1002
{
1070
     1
1000
643508
1002
}
1002
{
1070
     5
1000
358345
1002
}
1002
{
1070
     2
1000
-2000260
1002
}
  0
MTEXT
  5
AB1
330
AB5
100
AcDbEntity
  8
A-ANNO-DIMS-100
 62
     0
100
AcDbMText
 10
39149.03687378601
 20
-4146.844826924226
 30
0.0
 40
1000.0
 41
3691.769397998144
 46
0.0
 71
     1
 72
     1
  1
2086
  7
Arial_3
 11
0.0
 21
1.0
 31
0.0
 73
     2
 44
0.9417779076525876
 90
        3
 63
     9
421
 13158600
 45
1.25
441
        0
1001
REVIT
1002
{
1070
     1
1000
643508
1002
}
1002
{
1070
     5
1000
358345
1002
}
1002
{
1070
     2
1000
-2000260
1002
}
  0
ENDBLK
  5
AB3
330
AB5
100
AcDbEntity
  8
0
100
AcDbBlockEnd
  0
BLOCK
  5
ACC
330
ACF
100
AcDbEntity
  8
0
100
AcDbBlockBegin
  2
DIMBLOCK68-Level 1
 70
     0
 10
0.0
 20
0.0
 30
0.0
  3
DIMBLOCK68-Level 1
  1

  0
LINE
  5
AC2
330
ACF
100
AcDbEntity
  8
A-ANNO-DIMS-100
100
AcDbLine
 10
-22425.6447259244
 20
-22097.71760979961
 30
0.0
 11
-1910.344983381645
 21
-22097.71760979961
 31
0.0
1001
REVIT
1002
{
1070
     1
1000
643515
1002
}
1002
{
1070
     5
1000
358345
1002
}
1002
{
1070
     2
1000
-2000260
1002
}
  0
LINE
  5
AC3
330
ACF
100
AcDbEntity
  8
A-ANNO-DIMS-100
370
    35
100
AcDbLine
 10
-2150.344983381646
 20
-22097.71760979961
 30
0.0
 11
-2300.344983381646
 21
-22247.71760979961
 31
0.0
1001
REVIT
1002
{
1070
     1
1000
643515
1002
}
1002
{
1070
     5
1000
358345
1002
}
1002
{
1070
     2
1000
-2000260
1002
}
  0
LINE
  5
AC4
330
ACF
100
AcDbEntity
  8
A-ANNO-DIMS-100
370
    35
100
AcDbLine
 10
-2150.344983381646
 20
-22097.71760979961
 30
0.0
 11
-2000.344983381646
 21
-21947.71760979961
 31
0.0
1001
REVIT
1002
{
1070
     1
1000
643515
1002
}
1002
{
1070
     5
1000
358345
1002
}
1002
{
1070
     2
1000
-2000260
1002
}
  0
LINE
  5
AC5
330
ACF
100
AcDbEntity
  8
A-ANNO-DIMS-100
100
AcDbLine
 10
-2150.344983381646
 20
-22097.71760979961
 30
0.0
 11
-2150.344983381646
 21
-22337.71760979962
 31
0.0
1001
REVIT
1002
{
1070
     1
1000
643515
1002
}
1002
{
1070
     5
1000
358345
1002
}
1002
{
1070
     2
1000
-2000260
1002
}
  0
LINE
  5
AC6
330
ACF
100
AcDbEntity
  8
A-ANNO-DIMS-100
100
AcDbLine
 10
-2150.344983381646
 20
-22097.71760979961
 30
0.0
 11
-2150.344983381646
 21
-21857.71760979961
 31
0.0
1001
REVIT
1002
{
1070
     1
1000
643515
1002
}
1002
{
1070
     5
1000
358345
1002
}
1002
{
1070
     2
1000
-2000260
1002
}
  0
LINE
  5
AC7
330
ACF
100
AcDbEntity
  8
A-ANNO-DIMS-100
370
    35
100
AcDbLine
 10
-22185.6447259244
 20
-22097.71760979961
 30
0.0
 11
-22335.6447259244
 21
-22247.71760979961
 31
0.0
1001
REVIT
1002
{
1070
     1
1000
643515
1002
}
1002
{
1070
     5
1000
358345
1002
}
1002
{
1070
     2
1000
-2000260
1002
}
  0
LINE
  5
AC8
330
ACF
100
AcDbEntity
  8
A-ANNO-DIMS-100
370
    35
100
AcDbLine
 10
-22185.6447259244
 20
-22097.71760979961
 30
0.0
 11
-22035.64472592439
 21
-21947.71760979961
 31
0.0
1001
REVIT
1002
{
1070
     1
1000
643515
1002
}
1002
{
1070
     5
1000
358345
1002
}
1002
{
1070
     2
1000
-2000260
1002
}
  0
LINE
  5
AC9
330
ACF
100
AcDbEntity
  8
A-ANNO-DIMS-100
100
AcDbLine
 10
-22185.6447259244
 20
-22097.71760979961
 30
0.0
 11
-22185.6447259244
 21
-22337.71760979962
 31
0.0
1001
REVIT
1002
{
1070
     1
1000
643515
1002
}
1002
{
1070
     5
1000
358345
1002
}
1002
{
1070
     2
1000
-2000260
1002
}
  0
LINE
  5
ACA
330
ACF
100
AcDbEntity
  8
A-ANNO-DIMS-100
100
AcDbLine
 10
-22185.6447259244
 20
-22097.71760979961
 30
0.0
 11
-22185.6447259244
 21
-21857.71760979961
 31
0.0
1001
REVIT
1002
{
1070
     1
1000
643515
1002
}
1002
{
1070
     5
1000
358345
1002
}
1002
{
1070
     2
1000
-2000260
1002
}
  0
MTEXT
  5
ACB
330
ACF
100
AcDbEntity
  8
A-ANNO-DIMS-100
 62
     0
100
AcDbMText
 10
-13706.23210381891
 20
-20624.48793904296
 30
0.0
 40
1000.0
 41
3691.769397998144
 46
0.0
 71
     1
 72
     1
  1
2004
  7
Arial_3
 73
     2
 44
0.9417779076525876
 90
        3
 63
     9
421
 13158600
 45
1.25
441
        0
1001
REVIT
1002
{
1070
     1
1000
643515
1002
}
1002
{
1070
     5
1000
358345
1002
}
1002
{
1070
     2
1000
-2000260
1002
}
  0
ENDBLK
  5
ACD
330
ACF
100
AcDbEntity
  8
0
100
AcDbBlockEnd
  0
BLOCK
  5
AE6
330
AE9
100
AcDbEntity
  8
0
100
AcDbBlockBegin
  2
DIMBLOCK69-Level 1
 70
     0
 10
0.0
 20
0.0
 30
0.0
  3
DIMBLOCK69-Level 1
  1

  0
LINE
  5
ADC
330
AE9
100
AcDbEntity
  8
A-ANNO-DIMS-100
100
AcDbLine
 10
4603.716006985619
 20
-21674.40950268659
 30
0.0
 11
30509.3799498493
 21
-21674.40950268659
 31
0.0
1001
REVIT
1002
{
1070
     1
1000
643522
1002
}
1002
{
1070
     5
1000
358345
1002
}
1002
{
1070
     2
1000
-2000260
1002
}
  0
LINE
  5
ADD
330
AE9
100
AcDbEntity
  8
A-ANNO-DIMS-100
370
    35
100
AcDbLine
 10
30269.3799498493
 20
-21674.40950268659
 30
0.0
 11
30119.37994984929
 21
-21824.40950268659
 31
0.0
1001
REVIT
1002
{
1070
     1
1000
643522
1002
}
1002
{
1070
     5
1000
358345
1002
}
1002
{
1070
     2
1000
-2000260
1002
}
  0
LINE
  5
ADE
330
AE9
100
AcDbEntity
  8
A-ANNO-DIMS-100
370
    35
100
AcDbLine
 10
30269.3799498493
 20
-21674.40950268659
 30
0.0
 11
30419.3799498493
 21
-21524.40950268659
 31
0.0
1001
REVIT
1002
{
1070
     1
1000
643522
1002
}
1002
{
1070
     5
1000
358345
1002
}
1002
{
1070
     2
1000
-2000260
1002
}
  0
LINE
  5
ADF
330
AE9
100
AcDbEntity
  8
A-ANNO-DIMS-100
100
AcDbLine
 10
30269.3799498493
 20
-21674.40950268659
 30
0.0
 11
30269.3799498493
 21
-21914.40950268659
 31
0.0
1001
REVIT
1002
{
1070
     1
1000
643522
1002
}
1002
{
1070
     5
1000
358345
1002
}
1002
{
1070
     2
1000
-2000260
1002
}
  0
LINE
  5
AE0
330
AE9
100
AcDbEntity
  8
A-ANNO-DIMS-100
100
AcDbLine
 10
30269.3799498493
 20
-21674.40950268659
 30
0.0
 11
30269.3799498493
 21
-21434.40950268659
 31
0.0
1001
REVIT
1002
{
1070
     1
1000
643522
1002
}
1002
{
1070
     5
1000
358345
1002
}
1002
{
1070
     2
1000
-2000260
1002
}
  0
LINE
  5
AE1
330
AE9
100
AcDbEntity
  8
A-ANNO-DIMS-100
370
    35
100
AcDbLine
 10
4843.716006985618
 20
-21674.40950268659
 30
0.0
 11
4693.716006985618
 21
-21824.40950268659
 31
0.0
1001
REVIT
1002
{
1070
     1
1000
643522
1002
}
1002
{
1070
     5
1000
358345
1002
}
1002
{
1070
     2
1000
-2000260
1002
}
  0
LINE
  5
AE2
330
AE9
100
AcDbEntity
  8
A-ANNO-DIMS-100
370
    35
100
AcDbLine
 10
4843.716006985618
 20
-21674.40950268659
 30
0.0
 11
4993.716006985619
 21
-21524.40950268659
 31
0.0
1001
REVIT
1002
{
1070
     1
1000
643522
1002
}
1002
{
1070
     5
1000
358345
1002
}
1002
{
1070
     2
1000
-2000260
1002
}
  0
LINE
  5
AE3
330
AE9
100
AcDbEntity
  8
A-ANNO-DIMS-100
100
AcDbLine
 10
4843.716006985617
 20
-21674.40950268659
 30
0.0
 11
4843.716006985617
 21
-21914.40950268659
 31
0.0
1001
REVIT
1002
{
1070
     1
1000
643522
1002
}
1002
{
1070
     5
1000
358345
1002
}
1002
{
1070
     2
1000
-2000260
1002
}
  0
LINE
  5
AE4
330
AE9
100
AcDbEntity
  8
A-ANNO-DIMS-100
100
AcDbLine
 10
4843.716006985617
 20
-21674.40950268659
 30
0.0
 11
4843.716006985617
 21
-21434.40950268659
 31
0.0
1001
REVIT
1002
{
1070
     1
1000
643522
1002
}
1002
{
1070
     5
1000
358345
1002
}
1002
{
1070
     2
1000
-2000260
1002
}
  0
MTEXT
  5
AE5
330
AE9
100
AcDbEntity
  8
A-ANNO-DIMS-100
 62
     0
100
AcDbMText
 10
16018.31072925156
 20
-20201.17983192994
 30
0.0
 40
1000.0
 41
3691.769397998144
 46
0.0
 71
     1
 72
     1
  1
2543
  7
Arial_3
 73
     2
 44
0.9417779076525876
 90
        3
 63
     9
421
 13158600
 45
1.25
441
        0
1001
REVIT
1002
{
1070
     1
1000
643522
1002
}
1002
{
1070
     5
1000
358345
1002
}
1002
{
1070
     2
1000
-2000260
1002
}
  0
ENDBLK
  5
AE7
330
AE9
100
AcDbEntity
  8
0
100
AcDbBlockEnd
  0
BLOCK
  5
B00
330
B03
100
AcDbEntity
  8
0
100
AcDbBlockBegin
  2
DIMBLOCK70-Level 1
 70
     0
 10
0.0
 20
0.0
 30
0.0
  3
DIMBLOCK70-Level 1
  1

  0
LINE
  5
AF6
330
B03
100
AcDbEntity
  8
A-ANNO-DIMS-100
100
AcDbLine
 10
-13966.10143699096
 20
7522.005111169382
 30
0.0
 11
-7490.344983381636
 21
7522.005111169382
 31
0.0
1001
REVIT
1002
{
1070
     1
1000
647174
1002
}
1002
{
1070
     5
1000
358345
1002
}
1002
{
1070
     2
1000
-2000260
1002
}
  0
LINE
  5
AF7
330
B03
100
AcDbEntity
  8
A-ANNO-DIMS-100
370
    35
100
AcDbLine
 10
-7730.344983381634
 20
7522.005111169382
 30
0.0
 11
-7880.344983381636
 21
7372.005111169382
 31
0.0
1001
REVIT
1002
{
1070
     1
1000
647174
1002
}
1002
{
1070
     5
1000
358345
1002
}
1002
{
1070
     2
1000
-2000260
1002
}
  0
LINE
  5
AF8
330
B03
100
AcDbEntity
  8
A-ANNO-DIMS-100
370
    35
100
AcDbLine
 10
-7730.344983381634
 20
7522.005111169382
 30
0.0
 11
-7580.344983381634
 21
7672.00511116938
 31
0.0
1001
REVIT
1002
{
1070
     1
1000
647174
1002
}
1002
{
1070
     5
1000
358345
1002
}
1002
{
1070
     2
1000
-2000260
1002
}
  0
LINE
  5
AF9
330
B03
100
AcDbEntity
  8
A-ANNO-DIMS-100
100
AcDbLine
 10
-7730.344983381634
 20
7522.005111169381
 30
0.0
 11
-7730.344983381634
 21
7282.005111169381
 31
0.0
1001
REVIT
1002
{
1070
     1
1000
647174
1002
}
1002
{
1070
     5
1000
358345
1002
}
1002
{
1070
     2
1000
-2000260
1002
}
  0
LINE
  5
AFA
330
B03
100
AcDbEntity
  8
A-ANNO-DIMS-100
100
AcDbLine
 10
-7730.344983381634
 20
7522.005111169381
 30
0.0
 11
-7730.344983381634
 21
7762.005111169379
 31
0.0
1001
REVIT
1002
{
1070
     1
1000
647174
1002
}
1002
{
1070
     5
1000
358345
1002
}
1002
{
1070
     2
1000
-2000260
1002
}
  0
LINE
  5
AFB
330
B03
100
AcDbEntity
  8
A-ANNO-DIMS-100
370
    35
100
AcDbLine
 10
-13726.10143699096
 20
7522.005111169382
 30
0.0
 11
-13876.10143699096
 21
7372.005111169382
 31
0.0
1001
REVIT
1002
{
1070
     1
1000
647174
1002
}
1002
{
1070
     5
1000
358345
1002
}
1002
{
1070
     2
1000
-2000260
1002
}
  0
LINE
  5
AFC
330
B03
100
AcDbEntity
  8
A-ANNO-DIMS-100
370
    35
100
AcDbLine
 10
-13726.10143699096
 20
7522.005111169382
 30
0.0
 11
-13576.10143699096
 21
7672.00511116938
 31
0.0
1001
REVIT
1002
{
1070
     1
1000
647174
1002
}
1002
{
1070
     5
1000
358345
1002
}
1002
{
1070
     2
1000
-2000260
1002
}
  0
LINE
  5
AFD
330
B03
100
AcDbEntity
  8
A-ANNO-DIMS-100
100
AcDbLine
 10
-13726.10143699096
 20
7522.005111169381
 30
0.0
 11
-13726.10143699096
 21
7282.005111169381
 31
0.0
1001
REVIT
1002
{
1070
     1
1000
647174
1002
}
1002
{
1070
     5
1000
358345
1002
}
1002
{
1070
     2
1000
-2000260
1002
}
  0
LINE
  5
AFE
330
B03
100
AcDbEntity
  8
A-ANNO-DIMS-100
100
AcDbLine
 10
-13726.10143699096
 20
7522.005111169381
 30
0.0
 11
-13726.10143699096
 21
7762.005111169379
 31
0.0
1001
REVIT
1002
{
1070
     1
1000
647174
1002
}
1002
{
1070
     5
1000
358345
1002
}
1002
{
1070
     2
1000
-2000260
1002
}
  0
MTEXT
  5
AFF
330
B03
100
AcDbEntity
  8
A-ANNO-DIMS-100
 62
     0
100
AcDbMText
 10
-11881.90114706072
 20
8995.234781926034
 30
0.0
 40
1000.0
 41
2768.827048498608
 46
0.0
 71
     1
 72
     1
  1
600
  7
Arial_3
 73
     2
 44
0.9417779076525876
 90
        3
 63
     9
421
 13158600
 45
1.25
441
        0
1001
REVIT
1002
{
1070
     1
1000
647174
1002
}
1002
{
1070
     5
1000
358345
1002
}
1002
{
1070
     2
1000
-2000260
1002
}
  0
ENDBLK
  5
B01
330
B03
100
AcDbEntity
  8
0
100
AcDbBlockEnd
  0
ENDSEC
  0
SECTION
  2
ENTITIES
  0
LINE
  5
91
330
70
100
AcDbEntity
  8
A-DETL-CNTR
100
AcDbLine
 10
35269.17808698429
 20
7779.647164421276
 30
0.0
 11
4687.607342184687
 21
8189.13259910054
 31
0.0
1001
REVIT
1002
{
1070
     1
1000
356727
1002
}
1002
{
1070
     2
1000
-2000051
1002
}
1002
{
1070
     3
1000
-2000288
1002
}
  0
LINE
  5
92
330
70
100
AcDbEntity
  8
A-DETL
100
AcDbLine
 10
4551.421564890191
 20
8086.408479495011
 30
0.0
 11
3663.05719036609
 21
15272.48465910088
 31
0.0
1001
REVIT
1002
{
1070
     1
1000
356728
1002
}
1002
{
1070
     2
1000
-2000051
1002
}
1002
{
1070
     3
1000
356725
1002
}
  0
LINE
  5
93
330
70
100
AcDbEntity
  8
A-DETL-CNTR
100
AcDbLine
 10
3663.05719036609
 20
15272.48465910088
 30
0.0
 11
-4896.942810155286
 21
15252.48465954792
 31
0.0
1001
REVIT
1002
{
1070
     1
1000
356729
1002
}
1002
{
1070
     2
1000
-2000051
1002
}
1002
{
1070
     3
1000
-2000288
1002
}
  0
LINE
  5
94
330
70
100
AcDbEntity
  8
A-DETL
100
AcDbLine
 10
-4896.942810155376
 20
15252.48465954791
 30
0.0
 11
-8286.942809820134
 21
15462.48465951066
 31
0.0
1001
REVIT
1002
{
1070
     1
1000
356730
1002
}
1002
{
1070
     2
1000
-2000051
1002
}
1002
{
1070
     3
1000
356725
1002
}
  0
LINE
  5
95
330
70
100
AcDbEntity
  8
A-DETL-CNTR
100
AcDbLine
 10
-8286.942809820136
 20
15462.48465951067
 30
0.0
 11
-31716.94280950891
 21
13532.48465887845
 31
0.0
1001
REVIT
1002
{
1070
     1
1000
356731
1002
}
1002
{
1070
     2
1000
-2000051
1002
}
1002
{
1070
     3
1000
-2000288
1002
}
  0
LINE
  5
96
330
70
100
AcDbEntity
  8
A-DETL
100
AcDbLine
 10
-35560.6914171949
 20
36526.6092348611
 30
0.0
 11
-23348.9542035386
 21
-36526.6092348611
 31
0.0
1001
REVIT
1002
{
1070
     1
1000
356732
1002
}
1002
{
1070
     2
1000
-2000051
1002
}
1002
{
1070
     3
1000
356725
1002
}
  0
LINE
  5
97
330
70
100
AcDbEntity
  8
A-DETL
100
AcDbLine
 10
-26656.94280957608
 20
-16737.51534067199
 30
0.0
 11
33483.05719058553
 21
-16127.51534034112
 31
0.0
1001
REVIT
1002
{
1070
     1
1000
356733
1002
}
1002
{
1070
     2
1000
-2000051
1002
}
1002
{
1070
     3
1000
356725
1002
}
  0
LINE
  5
98
330
70
100
AcDbEntity
  8
A-DETL
100
AcDbLine
 10
26598.75956177712
 20
-36526.6092348611
 30
0.0
 11
35653.05719058961
 21
-9697.515340638354
 31
0.0
1001
REVIT
1002
{
1070
     1
1000
356734
1002
}
1002
{
1070
     2
1000
-2000051
1002
}
1002
{
1070
     3
1000
356725
1002
}
  0
LINE
  5
9A
330
70
100
AcDbEntity
  8
A-DETL-THIN
100
AcDbLine
 10
35653.05719058961
 20
-9697.515340638361
 30
0.0
 11
34637.76220194996
 21
36526.60923497752
 31
0.0
1001
REVIT
1002
{
1070
     1
1000
356735
1002
}
1002
{
1070
     2
1000
-2000051
1002
}
1002
{
1070
     3
1000
-2000042
1002
}
  0
LINE
  5
9B
330
70
100
AcDbEntity
  8
A-DETL
100
AcDbLine
 10
36097.46175725014
 20
-36526.6092348611
 30
0.0
 11
44685.56947074831
 21
-11078.89836002141
 31
0.0
1001
REVIT
1002
{
1070
     1
1000
356736
1002
}
1002
{
1070
     2
1000
-2000051
1002
}
1002
{
1070
     3
1000
356725
1002
}
  0
LINE
  5
9C
330
70
100
AcDbEntity
  8
A-DETL
100
AcDbLine
 10
44685.56947074831
 20
-11078.89836002142
 30
0.0
 11
43639.93293978274
 21
36526.60923497752
 31
0.0
1001
REVIT
1002
{
1070
     1
1000
356737
1002
}
1002
{
1070
     2
1000
-2000051
1002
}
1002
{
1070
     3
1000
356725
1002
}
  0
LINE
  5
9D
330
70
100
AcDbEntity
  8
A-DETL
100
AcDbLine
 10
-44685.56946981698
 20
36526.60923497752
 30
0.0
 11
-32473.83225616068
 21
-36526.6092348611
 31
0.0
1001
REVIT
1002
{
1070
     1
1000
356738
1002
}
1002
{
1070
     2
1000
-2000051
1002
}
1002
{
1070
     3
1000
356725
1002
}
  0
LINE
  5
9E
330
70
100
AcDbEntity
  8
A-DETL-CNTR
100
AcDbLine
 10
5123.716006985605
 20
-13415.00981193238
 30
0.0
 11
29203.84615566583
 21
-13170.76505965087
 31
0.0
1001
REVIT
1002
{
1070
     1
1000
356740
1002
}
1002
{
1070
     2
1000
-2000051
1002
}
1002
{
1070
     3
1000
-2000288
1002
}
  0
LINE
  5
9F
330
70
100
AcDbEntity
  8
A-DETL-CNTR
100
AcDbLine
 10
29203.84615566582
 20
-13170.76505965087
 30
0.0
 11
30634.99481324106
 21
-8930.080328020265
 31
0.0
1001
REVIT
1002
{
1070
     1
1000
356741
1002
}
1002
{
1070
     2
1000
-2000051
1002
}
1002
{
1070
     3
1000
-2000288
1002
}
  0
LINE
  5
A0
330
70
100
AcDbEntity
  8
A-DETL-CNTR
100
AcDbLine
 10
30634.99481324106
 20
-8930.080328020254
 30
0.0
 11
30268.34251991627
 21
7762.783770741648
 31
0.0
1001
REVIT
1002
{
1070
     1
1000
356742
1002
}
1002
{
1070
     2
1000
-2000051
1002
}
1002
{
1070
     3
1000
-2000288
1002
}
  0
LINE
  5
A1
330
70
100
AcDbEntity
  8
A-DETL-CNTR
100
AcDbLine
 10
30267.09730523425
 20
7819.475627956548
 30
0.0
 11
30266.50081024764
 21
7846.632719097958
 31
0.0
1001
REVIT
1002
{
1070
     1
1000
356742
1002
}
1002
{
1070
     2
1000
-2000051
1002
}
1002
{
1070
     3
1000
-2000288
1002
}
  0
LINE
  5
A2
330
70
100
AcDbEntity
  8
A-DETL-CNTR
100
AcDbLine
 10
5023.740120026372
 20
-13417.20574355518
 30
0.0
 11
5015.382256353343
 21
-13036.69078347319
 31
0.0
1001
REVIT
1002
{
1070
     1
1000
356743
1002
}
1002
{
1070
     2
1000
-2000051
1002
}
1002
{
1070
     3
1000
-2000288
1002
}
  0
LINE
  5
A3
330
70
100
AcDbEntity
  8
A-DETL-CNTR
100
AcDbLine
 10
4843.716006985628
 20
-5221.107928684333
 30
0.0
 11
4551.421564890145
 21
8086.408479495259
 31
0.0
1001
REVIT
1002
{
1070
     1
1000
356743
1002
}
1002
{
1070
     2
1000
-2000051
1002
}
1002
{
1070
     3
1000
-2000288
1002
}
  0
LINE
  5
A4
330
70
100
AcDbEntity
  8
A-DETL-CNTR
100
AcDbLine
 10
-662.355922464224
 20
-13415.00981193236
 30
0.0
 11
-1292.211323983193
 21
15260.90692918666
 31
0.0
1001
REVIT
1002
{
1070
     1
1000
356744
1002
}
1002
{
1070
     2
1000
-2000051
1002
}
1002
{
1070
     3
1000
-2000288
1002
}
  0
LINE
  5
A6
330
70
100
AcDbEntity
  8
A-DETL-DEMO
100
AcDbLine
 10
1490.080918458723
 20
15267.4076118504
 30
0.0
 11
1811.777967920882
 21
-16448.75711513747
 31
0.0
1001
REVIT
1002
{
1070
     1
1000
356745
1002
}
1002
{
1070
     2
1000
-2000051
1002
}
1002
{
1070
     3
1000
-2000285
1002
}
  0
LINE
  5
A7
330
70
100
AcDbEntity
  8
A-DETL-CNTR
100
AcDbLine
 10
-22142.96346979375
 20
-13415.00981193229
 30
0.0
 11
-877.7311515524475
 21
-13415.00981193236
 31
0.0
1001
REVIT
1002
{
1070
     1
1000
356823
1002
}
1002
{
1070
     2
1000
-2000051
1002
}
1002
{
1070
     3
1000
-2000288
1002
}
  0
LINE
  5
A8
330
70
100
AcDbEntity
  8
A-WALL
370
    25
100
AcDbLine
 10
25449.8363370141
 20
7619.475627956546
 30
0.0
 11
30068.34251991626
 21
7619.475627956546
 31
0.0
1001
REVIT
1002
{
1070
     1
1000
408416
1002
}
1002
{
1070
     5
1000
398
1002
}
1002
{
1070
     2
1000
-2000011
1002
}
  0
LINE
  5
AA
330
70
100
AcDbEntity
  8
A-WALL
370
    25
100
AcDbLine
 10
30068.34251991626
 20
7619.475627956546
 30
0.0
 11
30068.34251991625
 21
1319.475627956529
 31
0.0
1001
REVIT
1002
{
1070
     1
1000
408419
1002
}
1002
{
1070
     5
1000
398
1002
}
1002
{
1070
     2
1000
-2000011
1002
}
  0
LINE
  5
AB
330
70
100
AcDbEntity
  8
A-WALL
370
    25
100
AcDbLine
 10
30068.34251991625
 20
1319.475627956529
 30
0.0
 11
30068.86123488275
 21
1319.475627956529
 31
0.0
1001
REVIT
1002
{
1070
     1
1000
408419
1002
}
1002
{
1070
     5
1000
398
1002
}
1002
{
1070
     2
1000
-2000011
1002
}
  0
LINE
  5
AC
330
70
100
AcDbEntity
  8
A-WALL
370
    25
100
AcDbLine
 10
30268.34251991625
 20
1319.475627956529
 30
0.0
 11
30268.34251991626
 21
7819.475627956546
 31
0.0
1001
REVIT
1002
{
1070
     1
1000
408419
1002
}
1002
{
1070
     5
1000
398
1002
}
1002
{
1070
     2
1000
-2000011
1002
}
  0
LINE
  5
AE
330
70
100
AcDbEntity
  8
A-WALL
370
    25
100
AcDbLine
 10
30068.86123488275
 20
1319.475627956529
 30
0.0
 11
30068.86123488275
 21
619.4756279565617
 31
0.0
1001
REVIT
1002
{
1070
     1
1000
408500
1002
}
1002
{
1070
     5
1000
398
1002
}
1002
{
1070
     2
1000
-2000011
1002
}
  0
LINE
  5
AF
330
70
100
AcDbEntity
  8
A-WALL
370
    25
100
AcDbLine
 10
30068.86123488275
 20
419.4756279565618
 30
0.0
 11
30068.86123488274
 21
-5760.009811932442
 31
0.0
1001
REVIT
1002
{
1070
     1
1000
408500
1002
}
1002
{
1070
     5
1000
398
1002
}
1002
{
1070
     2
1000
-2000011
1002
}
  0
LINE
  5
B0
330
70
100
AcDbEntity
  8
A-WALL
370
    25
100
AcDbLine
 10
30068.86123488275
 20
-5960.009811932442
 30
0.0
 11
30068.86123488274
 21
-6240.00981193244
 31
0.0
1001
REVIT
1002
{
1070
     1
1000
408500
1002
}
1002
{
1070
     5
1000
398
1002
}
1002
{
1070
     2
1000
-2000011
1002
}
  0
LINE
  5
B1
330
70
100
AcDbEntity
  8
A-WALL
370
    25
100
AcDbLine
 10
30068.86123488274
 20
-6240.00981193244
 30
0.0
 11
30069.37994984929
 21
-6240.00981193244
 31
0.0
1001
REVIT
1002
{
1070
     1
1000
408500
1002
}
1002
{
1070
     5
1000
398
1002
}
1002
{
1070
     2
1000
-2000011
1002
}
  0
LINE
  5
B2
330
70
100
AcDbEntity
  8
A-WALL
370
    25
100
AcDbLine
 10
30268.86123488274
 20
-6240.00981193244
 30
0.0
 11
30268.86123488274
 21
1319.475627956529
 31
0.0
1001
REVIT
1002
{
1070
     1
1000
408500
1002
}
1002
{
1070
     5
1000
398
1002
}
1002
{
1070
     2
1000
-2000011
1002
}
  0
LINE
  5
B3
330
70
100
AcDbEntity
  8
A-WALL
370
    25
100
AcDbLine
 10
30268.86123488274
 20
1319.475627956529
 30
0.0
 11
30268.34251991625
 21
1319.475627956529
 31
0.0
1001
REVIT
1002
{
1070
     1
1000
408500
1002
}
1002
{
1070
     5
1000
398
1002
}
1002
{
1070
     2
1000
-2000011
1002
}
  0
LINE
  5
B4
330
70
100
AcDbEntity
  8
A-WALL
370
    25
100
AcDbLine
 10
30069.37994984929
 20
-6240.00981193244
 30
0.0
 11
30069.37994984929
 21
-9831.873119239801
 31
0.0
1001
REVIT
1002
{
1070
     1
1000
408581
1002
}
1002
{
1070
     5
1000
398
1002
}
1002
{
1070
     2
1000
-2000011
1002
}
  0
LINE
  5
B5
330
70
100
AcDbEntity
  8
A-WALL
370
    25
100
AcDbLine
 10
30269.3799498493
 20
-9864.711369263833
 30
0.0
 11
30269.3799498493
 21
-6240.00981193244
 31
0.0
1001
REVIT
1002
{
1070
     1
1000
408581
1002
}
1002
{
1070
     5
1000
398
1002
}
1002
{
1070
     2
1000
-2000011
1002
}
  0
LINE
  5
B6
330
70
100
AcDbEntity
  8
A-WALL
370
    25
100
AcDbLine
 10
30269.3799498493
 20
-6240.00981193244
 30
0.0
 11
30268.86123488274
 21
-6240.00981193244
 31
0.0
1001
REVIT
1002
{
1070
     1
1000
408581
1002
}
1002
{
1070
     5
1000
398
1002
}
1002
{
1070
     2
1000
-2000011
1002
}
  0
LINE
  5
B7
330
70
100
AcDbEntity
  8
A-WALL
370
    25
100
AcDbLine
 10
21249.83633701409
 20
-3276.280825652768
 30
0.0
 11
17770.60410138152
 21
-3276.280825652766
 31
0.0
1001
REVIT
1002
{
1070
     1
1000
408661
1002
}
1002
{
1070
     5
1000
398
1002
}
1002
{
1070
     2
1000
-2000011
1002
}
  0
LINE
  5
B8
330
70
100
AcDbEntity
  8
A-WALL
370
    25
100
AcDbLine
 10
17570.60410138151
 20
-3181.287622789422
 30
0.0
 11
17570.60410138151
 21
-3476.280825652767
 31
0.0
1001
REVIT
1002
{
1070
     1
1000
408661
1002
}
1002
{
1070
     5
1000
398
1002
}
1002
{
1070
     2
1000
-2000011
1002
}
  0
LINE
  5
B9
330
70
100
AcDbEntity
  8
A-WALL
370
    25
100
AcDbLine
 10
17570.60410138151
 20
-3476.280825652767
 30
0.0
 11
21449.83633701409
 21
-3476.280825652768
 31
0.0
1001
REVIT
1002
{
1070
     1
1000
408661
1002
}
1002
{
1070
     5
1000
398
1002
}
1002
{
1070
     2
1000
-2000011
1002
}
  0
LINE
  5
BB
330
70
100
AcDbEntity
  8
A-WALL
370
    25
100
AcDbLine
 10
18459.8363370141
 20
-12836.6907834732
 30
0.0
 11
18459.8363370141
 21
-6340.009811932403
 31
0.0
1001
REVIT
1002
{
1070
     1
1000
408741
1002
}
1002
{
1070
     5
1000
398
1002
}
1002
{
1070
     2
1000
-2000011
1002
}
  0
LINE
  5
BC
330
70
100
AcDbEntity
  8
A-WALL
370
    25
100
AcDbLine
 10
18259.8363370141
 20
-6340.009811932402
 30
0.0
 11
18259.8363370141
 21
-12836.6907834732
 31
0.0
1001
REVIT
1002
{
1070
     1
1000
408741
1002
}
1002
{
1070
     5
1000
398
1002
}
1002
{
1070
     2
1000
-2000011
1002
}
  0
LINE
  5
BD
330
70
100
AcDbEntity
  8
A-WALL
370
    25
100
AcDbLine
 10
29055.31240215098
 20
-12836.69078347321
 30
0.0
 11
24888.86123488273
 21
-12836.69078347321
 31
0.0
1001
REVIT
1002
{
1070
     1
1000
408742
1002
}
1002
{
1070
     5
1000
398
1002
}
1002
{
1070
     2
1000
-2000011
1002
}
  0
LINE
  5
BE
330
70
100
AcDbEntity
  8
A-WALL
370
    25
100
AcDbLine
 10
24688.86123488273
 20
-12836.69078347321
 30
0.0
 11
18459.8363370141
 21
-12836.6907834732
 31
0.0
1001
REVIT
1002
{
1070
     1
1000
408742
1002
}
1002
{
1070
     5
1000
398
1002
}
1002
{
1070
     2
1000
-2000011
1002
}
  0
LINE
  5
BF
330
70
100
AcDbEntity
  8
A-WALL
370
    25
100
AcDbLine
 10
18259.8363370141
 20
-12836.6907834732
 30
0.0
 11
12359.8363370141
 21
-12836.69078347319
 31
0.0
1001
REVIT
1002
{
1070
     1
1000
408742
1002
}
1002
{
1070
     5
1000
398
1002
}
1002
{
1070
     2
1000
-2000011
1002
}
  0
LINE
  5
C0
330
70
100
AcDbEntity
  8
A-WALL
370
    25
100
AcDbLine
 10
12159.8363370141
 20
-12836.69078347319
 30
0.0
 11
5043.716006985619
 21
-12836.69078347319
 31
0.0
1001
REVIT
1002
{
1070
     1
1000
408742
1002
}
1002
{
1070
     5
1000
398
1002
}
1002
{
1070
     2
1000
-2000011
1002
}
  0
LINE
  5
C1
330
70
100
AcDbEntity
  8
A-WALL
370
    25
100
AcDbLine
 10
4843.716006985618
 20
-13036.69078347319
 30
0.0
 11
29198.89856117658
 21
-13036.69078347321
 31
0.0
1001
REVIT
1002
{
1070
     1
1000
408742
1002
}
1002
{
1070
     5
1000
398
1002
}
1002
{
1070
     2
1000
-2000011
1002
}
  0
LINE
  5
C2
330
70
100
AcDbEntity
  8
A-DETL-CNTR
100
AcDbLine
 10
-22142.96346979375
 20
-13415.00981193229
 30
0.0
 11
-25658.02525320721
 21
7612.840028504428
 31
0.0
1001
REVIT
1002
{
1070
     1
1000
414266
1002
}
1002
{
1070
     2
1000
-2000051
1002
}
1002
{
1070
     3
1000
-2000288
1002
}
  0
LINE
  5
C3
330
70
100
AcDbEntity
  8
A-DETL-CNTR
100
AcDbLine
 10
-25701.43694956355
 20
7872.538061866805
 30
0.0
 11
-26716.42157435687
 21
13944.39272491059
 31
0.0
1001
REVIT
1002
{
1070
     1
1000
414266
1002
}
1002
{
1070
     2
1000
-2000051
1002
}
1002
{
1070
     3
1000
-2000288
1002
}
  0
LINE
  5
C4
330
70
100
AcDbEntity
  8
A-WALL
370
    25
100
AcDbLine
 10
30069.3799498493
 20
-9831.873119239798
 30
0.0
 11
29055.31240215097
 21
-12836.69078347321
 31
0.0
1001
REVIT
1002
{
1070
     1
1000
418875
1002
}
1002
{
1070
     5
1000
398
1002
}
1002
{
1070
     2
1000
-2000011
1002
}
  0
LINE
  5
C6
330
70
100
AcDbEntity
  8
A-WALL
370
    25
100
AcDbLine
 10
29198.89856117658
 20
-13036.69078347321
 30
0.0
 11
30269.3799498493
 21
-9864.711369263829
 31
0.0
1001
REVIT
1002
{
1070
     1
1000
418875
1002
}
1002
{
1070
     5
1000
398
1002
}
1002
{
1070
     2
1000
-2000011
1002
}
  0
LINE
  5
C7
330
70
100
AcDbEntity
  8
A-WALL
370
    25
100
AcDbLine
 10
24163.3998353899
 20
-6140.009811932422
 30
0.0
 11
24148.86123488274
 21
-6140.009811932422
 31
0.0
1001
REVIT
1002
{
1070
     1
1000
432395
1002
}
1002
{
1070
     5
1000
398
1002
}
1002
{
1070
     2
1000
-2000011
1002
}
  0
LINE
  5
C8
330
70
100
AcDbEntity
  8
A-WALL
370
    25
100
AcDbLine
 10
23948.86123488275
 20
-6140.009811932422
 30
0.0
 11
23766.36123488276
 21
-6140.00981193242
 31
0.0
1001
REVIT
1002
{
1070
     1
1000
432395
1002
}
1002
{
1070
     5
1000
398
1002
}
1002
{
1070
     2
1000
-2000011
1002
}
  0
LINE
  5
C9
330
70
100
AcDbEntity
  8
A-WALL
370
    25
100
AcDbLine
 10
23766.36123488276
 20
-6140.00981193242
 30
0.0
 11
23766.36123488276
 21
-6340.009811932421
 31
0.0
1001
REVIT
1002
{
1070
     1
1000
432395
1002
}
1002
{
1070
     5
1000
398
1002
}
1002
{
1070
     2
1000
-2000011
1002
}
  0
LINE
  5
CA
330
70
100
AcDbEntity
  8
A-WALL
370
    25
100
AcDbLine
 10
23766.36123488276
 20
-6340.009811932421
 30
0.0
 11
24163.3998353899
 21
-6340.009811932421
 31
0.0
1001
REVIT
1002
{
1070
     1
1000
432395
1002
}
1002
{
1070
     5
1000
398
1002
}
1002
{
1070
     2
1000
-2000011
1002
}
  0
LINE
  5
CB
330
70
100
AcDbEntity
  8
A-WALL
370
    25
100
AcDbLine
 10
24163.3998353899
 20
-6340.009811932421
 30
0.0
 11
24163.3998353899
 21
-6140.009811932422
 31
0.0
1001
REVIT
1002
{
1070
     1
1000
432395
1002
}
1002
{
1070
     5
1000
398
1002
}
1002
{
1070
     2
1000
-2000011
1002
}
  0
LINE
  5
CC
330
70
100
AcDbEntity
  8
A-WALL
370
    25
100
AcDbLine
 10
22851.36123488276
 20
-6140.009811932418
 30
0.0
 11
22068.86123488277
 21
-6140.009811932415
 31
0.0
1001
REVIT
1002
{
1070
     1
1000
432395
1002
}
1002
{
1070
     5
1000
398
1002
}
1002
{
1070
     2
1000
-2000011
1002
}
  0
LINE
  5
CD
330
70
100
AcDbEntity
  8
A-WALL
370
    25
100
AcDbLine
 10
22068.86123488277
 20
-6140.009811932415
 30
0.0
 11
22068.86123488277
 21
-6340.009811932414
 31
0.0
1001
REVIT
1002
{
1070
     1
1000
432395
1002
}
1002
{
1070
     5
1000
398
1002
}
1002
{
1070
     2
1000
-2000011
1002
}
  0
LINE
  5
CE
330
70
100
AcDbEntity
  8
A-WALL
370
    25
100
AcDbLine
 10
22068.86123488277
 20
-6340.009811932414
 30
0.0
 11
22348.86123488277
 21
-6340.009811932417
 31
0.0
1001
REVIT
1002
{
1070
     1
1000
432395
1002
}
1002
{
1070
     5
1000
398
1002
}
1002
{
1070
     2
1000
-2000011
1002
}
  0
LINE
  5
CF
330
70
100
AcDbEntity
  8
A-WALL
370
    25
100
AcDbLine
 10
22548.86123488277
 20
-6340.009811932417
 30
0.0
 11
22851.36123488276
 21
-6340.009811932418
 31
0.0
1001
REVIT
1002
{
1070
     1
1000
432395
1002
}
1002
{
1070
     5
1000
398
1002
}
1002
{
1070
     2
1000
-2000011
1002
}
  0
LINE
  5
D0
330
70
100
AcDbEntity
  8
A-WALL
370
    25
100
AcDbLine
 10
22851.36123488276
 20
-6340.009811932418
 30
0.0
 11
22851.36123488276
 21
-6140.009811932418
 31
0.0
1001
REVIT
1002
{
1070
     1
1000
432395
1002
}
1002
{
1070
     5
1000
398
1002
}
1002
{
1070
     2
1000
-2000011
1002
}
  0
LINE
  5
D1
330
70
100
AcDbEntity
  8
A-WALL
370
    25
100
AcDbLine
 10
21153.86123488277
 20
-6140.009811932412
 30
0.0
 11
15059.83633701412
 21
-6140.009811932392
 31
0.0
1001
REVIT
1002
{
1070
     1
1000
432395
1002
}
1002
{
1070
     5
1000
398
1002
}
1002
{
1070
     2
1000
-2000011
1002
}
  0
LINE
  5
D2
330
70
100
AcDbEntity
  8
A-WALL
370
    25
100
AcDbLine
 10
15059.83633701412
 20
-6140.009811932392
 30
0.0
 11
15059.83633701412
 21
-6340.009811932392
 31
0.0
1001
REVIT
1002
{
1070
     1
1000
432395
1002
}
1002
{
1070
     5
1000
398
1002
}
1002
{
1070
     2
1000
-2000011
1002
}
  0
LINE
  5
D3
330
70
100
AcDbEntity
  8
A-WALL
370
    25
100
AcDbLine
 10
15059.83633701412
 20
-6340.009811932392
 30
0.0
 11
18259.8363370141
 21
-6340.009811932402
 31
0.0
1001
REVIT
1002
{
1070
     1
1000
432395
1002
}
1002
{
1070
     5
1000
398
1002
}
1002
{
1070
     2
1000
-2000011
1002
}
  0
LINE
  5
D4
330
70
100
AcDbEntity
  8
A-WALL
370
    25
100
AcDbLine
 10
18459.8363370141
 20
-6340.009811932403
 30
0.0
 11
21153.86123488277
 21
-6340.009811932412
 31
0.0
1001
REVIT
1002
{
1070
     1
1000
432395
1002
}
1002
{
1070
     5
1000
398
1002
}
1002
{
1070
     2
1000
-2000011
1002
}
  0
LINE
  5
D5
330
70
100
AcDbEntity
  8
A-WALL
370
    25
100
AcDbLine
 10
21153.86123488277
 20
-6340.009811932412
 30
0.0
 11
21153.86123488277
 21
-6140.009811932412
 31
0.0
1001
REVIT
1002
{
1070
     1
1000
432395
1002
}
1002
{
1070
     5
1000
398
1002
}
1002
{
1070
     2
1000
-2000011
1002
}
  0
LINE
  5
D6
330
70
100
AcDbEntity
  8
A-WALL
370
    25
100
AcDbLine
 10
14144.83633701412
 20
-6140.009811932389
 30
0.0
 11
12359.83633701411
 21
-6140.009811932384
 31
0.0
1001
REVIT
1002
{
1070
     1
1000
432395
1002
}
1002
{
1070
     5
1000
398
1002
}
1002
{
1070
     2
1000
-2000011
1002
}
  0
LINE
  5
D7
330
70
100
AcDbEntity
  8
A-WALL
370
    25
100
AcDbLine
 10
12359.83633701411
 20
-6340.009811932384
 30
0.0
 11
14144.83633701412
 21
-6340.009811932389
 31
0.0
1001
REVIT
1002
{
1070
     1
1000
432395
1002
}
1002
{
1070
     5
1000
398
1002
}
1002
{
1070
     2
1000
-2000011
1002
}
  0
LINE
  5
D8
330
70
100
AcDbEntity
  8
A-WALL
370
    25
100
AcDbLine
 10
14144.83633701412
 20
-6340.009811932389
 30
0.0
 11
14144.83633701412
 21
-6140.009811932389
 31
0.0
1001
REVIT
1002
{
1070
     1
1000
432395
1002
}
1002
{
1070
     5
1000
398
1002
}
1002
{
1070
     2
1000
-2000011
1002
}
  0
LINE
  5
D9
330
70
100
AcDbEntity
  8
A-WALL
370
    25
100
AcDbLine
 10
4843.71600698565
 20
6519.475627956587
 30
0.0
 11
4843.716006985618
 21
-13036.69078347319
 31
0.0
1001
REVIT
1002
{
1070
     1
1000
432793
1002
}
1002
{
1070
     5
1000
398
1002
}
1002
{
1070
     2
1000
-2000011
1002
}
  0
LINE
  5
DB
330
70
100
AcDbEntity
  8
A-WALL
370
    25
100
AcDbLine
 10
5043.716006985619
 20
-12836.69078347319
 30
0.0
 11
5043.716006985626
 21
-8120.009811932384
 31
0.0
1001
REVIT
1002
{
1070
     1
1000
432793
1002
}
1002
{
1070
     5
1000
398
1002
}
1002
{
1070
     2
1000
-2000011
1002
}
  0
LINE
  5
DC
330
70
100
AcDbEntity
  8
A-WALL
370
    25
100
AcDbLine
 10
5043.716006985626
 20
-7920.009811932384
 30
0.0
 11
5043.71600698564
 21
79.99018806761639
 31
0.0
1001
REVIT
1002
{
1070
     1
1000
432793
1002
}
1002
{
1070
     5
1000
398
1002
}
1002
{
1070
     2
1000
-2000011
1002
}
  0
LINE
  5
DE
330
70
100
AcDbEntity
  8
S-STRS-MBND
100
AcDbLine
 10
22599.83633701411
 20
-800.5243720434538
 30
0.0
 11
22549.83633701411
 21
-800.5243720434538
 31
0.0
1001
REVIT
1002
{
1070
     1
1000
436158
1002
}
1002
{
1070
     5
1000
141734
1002
}
1002
{
1070
     2
1000
-2000120
1002
}
1002
{
1070
     3
1000
-2000124
1002
}
  0
LINE
  5
DF
330
70
100
AcDbEntity
  8
S-STRS-MBND
100
AcDbLine
 10
22599.83633701411
 20
-3272.176670723181
 30
0.0
 11
22599.83633701411
 21
-800.5243720434537
 31
0.0
1001
REVIT
1002
{
1070
     1
1000
436158
1002
}
1002
{
1070
     5
1000
141734
1002
}
1002
{
1070
     2
1000
-2000120
1002
}
1002
{
1070
     3
1000
-2000124
1002
}
  0
LINE
  5
E0
330
70
100
AcDbEntity
  8
S-STRS-MBND
100
AcDbLine
 10
22549.83633701411
 20
-3272.176670723181
 30
0.0
 11
22549.83633701411
 21
-800.5243720434537
 31
0.0
1001
REVIT
1002
{
1070
     1
1000
436158
1002
}
1002
{
1070
     5
1000
141734
1002
}
1002
{
1070
     2
1000
-2000120
1002
}
1002
{
1070
     3
1000
-2000124
1002
}
  0
LINE
  5
E1
330
70
100
AcDbEntity
  8
S-STRS-MBND
100
AcDbLine
 10
21549.83633701411
 20
-800.5243720434517
 30
0.0
 11
21499.83633701411
 21
-800.5243720434517
 31
0.0
1001
REVIT
1002
{
1070
     1
1000
436158
1002
}
1002
{
1070
     5
1000
141734
1002
}
1002
{
1070
     2
1000
-2000120
1002
}
1002
{
1070
     3
1000
-2000124
1002
}
  0
LINE
  5
E2
330
70
100
AcDbEntity
  8
S-STRS-MBND
100
AcDbLine
 10
21549.83633701411
 20
-3272.176670723182
 30
0.0
 11
21549.83633701411
 21
-800.5243720434515
 31
0.0
1001
REVIT
1002
{
1070
     1
1000
436158
1002
}
1002
{
1070
     5
1000
141734
1002
}
1002
{
1070
     2
1000
-2000120
1002
}
1002
{
1070
     3
1000
-2000124
1002
}
  0
LINE
  5
E3
330
70
100
AcDbEntity
  8
S-STRS-MBND
100
AcDbLine
 10
21499.83633701411
 20
-3272.176670723182
 30
0.0
 11
21499.83633701411
 21
-800.5243720434515
 31
0.0
1001
REVIT
1002
{
1070
     1
1000
436158
1002
}
1002
{
1070
     5
1000
141734
1002
}
1002
{
1070
     2
1000
-2000120
1002
}
1002
{
1070
     3
1000
-2000124
1002
}
  0
LINE
  5
E4
330
70
100
AcDbEntity
  8
S-STRS-MBND
100
AcDbLine
 10
22599.83633701411
 20
-4626.280825652792
 30
0.0
 11
22599.83633701411
 21
-3272.176670723181
 31
0.0
1001
REVIT
1002
{
1070
     1
1000
436158
1002
}
1002
{
1070
     5
1000
141734
1002
}
1002
{
1070
     2
1000
-2000120
1002
}
1002
{
1070
     3
1000
-2000124
1002
}
  0
LINE
  5
E5
330
70
100
AcDbEntity
  8
S-STRS-MBND
100
AcDbLine
 10
22549.83633701411
 20
-4576.280825652792
 30
0.0
 11
22549.83633701411
 21
-3272.176670723181
 31
0.0
1001
REVIT
1002
{
1070
     1
1000
436158
1002
}
1002
{
1070
     5
1000
141734
1002
}
1002
{
1070
     2
1000
-2000120
1002
}
1002
{
1070
     3
1000
-2000124
1002
}
  0
LINE
  5
E6
330
70
100
AcDbEntity
  8
S-STRS-MBND
100
AcDbLine
 10
21478.18403833437
 20
-4626.280825652789
 30
0.0
 11
22599.83633701411
 21
-4626.280825652792
 31
0.0
1001
REVIT
1002
{
1070
     1
1000
436158
1002
}
1002
{
1070
     5
1000
141734
1002
}
1002
{
1070
     2
1000
-2000120
1002
}
1002
{
1070
     3
1000
-2000124
1002
}
  0
LINE
  5
E7
330
70
100
AcDbEntity
  8
S-STRS-MBND
100
AcDbLine
 10
21478.18403833437
 20
-4576.280825652789
 30
0.0
 11
22549.83633701411
 21
-4576.280825652792
 31
0.0
1001
REVIT
1002
{
1070
     1
1000
436158
1002
}
1002
{
1070
     5
1000
141734
1002
}
1002
{
1070
     2
1000
-2000120
1002
}
1002
{
1070
     3
1000
-2000124
1002
}
  0
LINE
  5
E8
330
70
100
AcDbEntity
  8
S-STRS-MBND
100
AcDbLine
 10
21499.8363370141
 20
-3576.280825652788
 30
0.0
 11
21549.8363370141
 21
-3576.280825652788
 31
0.0
1001
REVIT
1002
{
1070
     1
1000
436158
1002
}
1002
{
1070
     5
1000
141734
1002
}
1002
{
1070
     2
1000
-2000120
1002
}
1002
{
1070
     3
1000
-2000124
1002
}
  0
LINE
  5
E9
330
70
100
AcDbEntity
  8
S-STRS-MBND
100
AcDbLine
 10
21499.8363370141
 20
-3272.176670723182
 30
0.0
 11
21499.8363370141
 21
-3526.280825652789
 31
0.0
1001
REVIT
1002
{
1070
     1
1000
436158
1002
}
1002
{
1070
     5
1000
141734
1002
}
1002
{
1070
     2
1000
-2000120
1002
}
1002
{
1070
     3
1000
-2000124
1002
}
  0
LINE
  5
EA
330
70
100
AcDbEntity
  8
S-STRS-MBND
100
AcDbLine
 10
21549.8363370141
 20
-3272.176670723182
 30
0.0
 11
21549.8363370141
 21
-3576.280825652788
 31
0.0
1001
REVIT
1002
{
1070
     1
1000
436158
1002
}
1002
{
1070
     5
1000
141734
1002
}
1002
{
1070
     2
1000
-2000120
1002
}
1002
{
1070
     3
1000
-2000124
1002
}
  0
LINE
  5
EB
330
70
100
AcDbEntity
  8
S-STRS
100
AcDbLine
 10
17649.83633701409
 20
-4576.280825652776
 30
0.0
 11
17649.83633701409
 21
-4626.280825652775
 31
0.0
1001
REVIT
1002
{
1070
     1
1000
436158
1002
}
1002
{
1070
     5
1000
141734
1002
}
1002
{
1070
     2
1000
-2000120
1002
}
1002
{
1070
     3
1000
-2000952
1002
}
  0
LINE
  5
EC
330
70
100
AcDbEntity
  8
S-STRS-MBND
100
AcDbLine
 10
20006.30554899934
 20
-4626.280825652783
 30
0.0
 11
21478.18403833437
 21
-4626.280825652789
 31
0.0
1001
REVIT
1002
{
1070
     1
1000
436158
1002
}
1002
{
1070
     5
1000
141734
1002
}
1002
{
1070
     2
1000
-2000120
1002
}
1002
{
1070
     3
1000
-2000124
1002
}
  0
LINE
  5
ED
330
70
100
AcDbEntity
  8
S-STRS
100
AcDbLine
 10
17649.83633701409
 20
-4626.280825652775
 30
0.0
 11
20006.30554899934
 21
-4626.280825652783
 31
0.0
1001
REVIT
1002
{
1070
     1
1000
436158
1002
}
1002
{
1070
     5
1000
141734
1002
}
1002
{
1070
     2
1000
-2000120
1002
}
1002
{
1070
     3
1000
-2000952
1002
}
  0
LINE
  5
EE
330
70
100
AcDbEntity
  8
S-STRS-MBND
100
AcDbLine
 10
19982.99016609159
 20
-4576.280825652783
 30
0.0
 11
21478.18403833437
 21
-4576.280825652789
 31
0.0
1001
REVIT
1002
{
1070
     1
1000
436158
1002
}
1002
{
1070
     5
1000
141734
1002
}
1002
{
1070
     2
1000
-2000120
1002
}
1002
{
1070
     3
1000
-2000124
1002
}
  0
LINE
  5
EF
330
70
100
AcDbEntity
  8
S-STRS
100
AcDbLine
 10
19749.8363370141
 20
-4576.280825652783
 30
0.0
 11
19982.99016609159
 21
-4576.280825652783
 31
0.0
1001
REVIT
1002
{
1070
     1
1000
436158
1002
}
1002
{
1070
     5
1000
141734
1002
}
1002
{
1070
     2
1000
-2000120
1002
}
1002
{
1070
     3
1000
-2000952
1002
}
  0
LINE
  5
F0
330
70
100
AcDbEntity
  8
S-STRS
100
AcDbLine
 10
19449.83633701409
 20
-4576.280825652781
 30
0.0
 11
19749.8363370141
 21
-4576.280825652783
 31
0.0
1001
REVIT
1002
{
1070
     1
1000
436158
1002
}
1002
{
1070
     5
1000
141734
1002
}
1002
{
1070
     2
1000
-2000120
1002
}
1002
{
1070
     3
1000
-2000952
1002
}
  0
LINE
  5
F1
330
70
100
AcDbEntity
  8
S-STRS
100
AcDbLine
 10
19149.83633701409
 20
-4576.28082565278
 30
0.0
 11
19449.83633701409
 21
-4576.280825652781
 31
0.0
1001
REVIT
1002
{
1070
     1
1000
436158
1002
}
1002
{
1070
     5
1000
141734
1002
}
1002
{
1070
     2
1000
-2000120
1002
}
1002
{
1070
     3
1000
-2000952
1002
}
  0
LINE
  5
F2
330
70
100
AcDbEntity
  8
S-STRS
100
AcDbLine
 10
18849.83633701409
 20
-4576.280825652779
 30
0.0
 11
19149.83633701409
 21
-4576.28082565278
 31
0.0
1001
REVIT
1002
{
1070
     1
1000
436158
1002
}
1002
{
1070
     5
1000
141734
1002
}
1002
{
1070
     2
1000
-2000120
1002
}
1002
{
1070
     3
1000
-2000952
1002
}
  0
LINE
  5
F3
330
70
100
AcDbEntity
  8
S-STRS
100
AcDbLine
 10
18549.83633701409
 20
-4576.280825652779
 30
0.0
 11
18849.83633701409
 21
-4576.280825652779
 31
0.0
1001
REVIT
1002
{
1070
     1
1000
436158
1002
}
1002
{
1070
     5
1000
141734
1002
}
1002
{
1070
     2
1000
-2000120
1002
}
1002
{
1070
     3
1000
-2000952
1002
}
  0
LINE
  5
F4
330
70
100
AcDbEntity
  8
S-STRS
100
AcDbLine
 10
18249.83633701409
 20
-4576.280825652777
 30
0.0
 11
18549.83633701409
 21
-4576.280825652779
 31
0.0
1001
REVIT
1002
{
1070
     1
1000
436158
1002
}
1002
{
1070
     5
1000
141734
1002
}
1002
{
1070
     2
1000
-2000120
1002
}
1002
{
1070
     3
1000
-2000952
1002
}
  0
LINE
  5
F5
330
70
100
AcDbEntity
  8
S-STRS
100
AcDbLine
 10
17949.83633701409
 20
-4576.280825652776
 30
0.0
 11
18249.83633701409
 21
-4576.280825652777
 31
0.0
1001
REVIT
1002
{
1070
     1
1000
436158
1002
}
1002
{
1070
     5
1000
141734
1002
}
1002
{
1070
     2
1000
-2000120
1002
}
1002
{
1070
     3
1000
-2000952
1002
}
  0
LINE
  5
F6
330
70
100
AcDbEntity
  8
S-STRS
100
AcDbLine
 10
17649.83633701409
 20
-4576.280825652776
 30
0.0
 11
17949.83633701409
 21
-4576.280825652776
 31
0.0
1001
REVIT
1002
{
1070
     1
1000
436158
1002
}
1002
{
1070
     5
1000
141734
1002
}
1002
{
1070
     2
1000
-2000120
1002
}
1002
{
1070
     3
1000
-2000952
1002
}
  0
LINE
  5
F7
330
70
100
AcDbEntity
  8
S-STRS
100
AcDbLine
 10
17649.83633701409
 20
-3526.280825652776
 30
0.0
 11
17649.83633701409
 21
-3576.280825652776
 31
0.0
1001
REVIT
1002
{
1070
     1
1000
436158
1002
}
1002
{
1070
     5
1000
141734
1002
}
1002
{
1070
     2
1000
-2000120
1002
}
1002
{
1070
     3
1000
-2000952
1002
}
  0
LINE
  5
F8
330
70
100
AcDbEntity
  8
S-STRS-MBND
100
AcDbLine
 10
19516.68250793659
 20
-3576.280825652782
 30
0.0
 11
21499.8363370141
 21
-3576.280825652789
 31
0.0
1001
REVIT
1002
{
1070
     1
1000
436158
1002
}
1002
{
1070
     5
1000
141734
1002
}
1002
{
1070
     2
1000
-2000120
1002
}
1002
{
1070
     3
1000
-2000124
1002
}
  0
LINE
  5
F9
330
70
100
AcDbEntity
  8
S-STRS
100
AcDbLine
 10
19449.8363370141
 20
-3576.280825652782
 30
0.0
 11
19516.68250793659
 21
-3576.280825652782
 31
0.0
1001
REVIT
1002
{
1070
     1
1000
436158
1002
}
1002
{
1070
     5
1000
141734
1002
}
1002
{
1070
     2
1000
-2000120
1002
}
1002
{
1070
     3
1000
-2000952
1002
}
  0
LINE
  5
FA
330
70
100
AcDbEntity
  8
S-STRS
100
AcDbLine
 10
19149.8363370141
 20
-3576.28082565278
 30
0.0
 11
19449.8363370141
 21
-3576.280825652782
 31
0.0
1001
REVIT
1002
{
1070
     1
1000
436158
1002
}
1002
{
1070
     5
1000
141734
1002
}
1002
{
1070
     2
1000
-2000120
1002
}
1002
{
1070
     3
1000
-2000952
1002
}
  0
LINE
  5
FB
330
70
100
AcDbEntity
  8
S-STRS
100
AcDbLine
 10
18849.8363370141
 20
-3576.28082565278
 30
0.0
 11
19149.8363370141
 21
-3576.28082565278
 31
0.0
1001
REVIT
1002
{
1070
     1
1000
436158
1002
}
1002
{
1070
     5
1000
141734
1002
}
1002
{
1070
     2
1000
-2000120
1002
}
1002
{
1070
     3
1000
-2000952
1002
}
  0
LINE
  5
FC
330
70
100
AcDbEntity
  8
S-STRS
100
AcDbLine
 10
18549.8363370141
 20
-3576.280825652779
 30
0.0
 11
18849.8363370141
 21
-3576.28082565278
 31
0.0
1001
REVIT
1002
{
1070
     1
1000
436158
1002
}
1002
{
1070
     5
1000
141734
1002
}
1002
{
1070
     2
1000
-2000120
1002
}
1002
{
1070
     3
1000
-2000952
1002
}
  0
LINE
  5
FD
330
70
100
AcDbEntity
  8
S-STRS
100
AcDbLine
 10
18249.8363370141
 20
-3576.280825652778
 30
0.0
 11
18549.8363370141
 21
-3576.280825652779
 31
0.0
1001
REVIT
1002
{
1070
     1
1000
436158
1002
}
1002
{
1070
     5
1000
141734
1002
}
1002
{
1070
     2
1000
-2000120
1002
}
1002
{
1070
     3
1000
-2000952
1002
}
  0
LINE
  5
FE
330
70
100
AcDbEntity
  8
S-STRS
100
AcDbLine
 10
17949.83633701409
 20
-3576.280825652776
 30
0.0
 11
18249.8363370141
 21
-3576.280825652778
 31
0.0
1001
REVIT
1002
{
1070
     1
1000
436158
1002
}
1002
{
1070
     5
1000
141734
1002
}
1002
{
1070
     2
1000
-2000120
1002
}
1002
{
1070
     3
1000
-2000952
1002
}
  0
LINE
  5
FF
330
70
100
AcDbEntity
  8
S-STRS
100
AcDbLine
 10
17649.8363370141
 20
-3576.280825652776
 30
0.0
 11
17949.83633701409
 21
-3576.280825652776
 31
0.0
1001
REVIT
1002
{
1070
     1
1000
436158
1002
}
1002
{
1070
     5
1000
141734
1002
}
1002
{
1070
     2
1000
-2000120
1002
}
1002
{
1070
     3
1000
-2000952
1002
}
  0
LINE
  5
100
330
70
100
AcDbEntity
  8
S-STRS-MBND
100
AcDbLine
 10
19493.36712502884
 20
-3526.280825652782
 30
0.0
 11
21499.8363370141
 21
-3526.280825652789
 31
0.0
1001
REVIT
1002
{
1070
     1
1000
436158
1002
}
1002
{
1070
     5
1000
141734
1002
}
1002
{
1070
     2
1000
-2000120
1002
}
1002
{
1070
     3
1000
-2000124
1002
}
  0
LINE
  5
101
330
70
100
AcDbEntity
  8
S-STRS
100
AcDbLine
 10
17649.83633701409
 20
-3526.280825652776
 30
0.0
 11
19493.36712502884
 21
-3526.280825652782
 31
0.0
1001
REVIT
1002
{
1070
     1
1000
436158
1002
}
1002
{
1070
     5
1000
141734
1002
}
1002
{
1070
     2
1000
-2000120
1002
}
1002
{
1070
     3
1000
-2000952
1002
}
  0
LINE
  5
102
330
70
100
AcDbEntity
  8
S-STRS-MBND
100
AcDbLine
 10
21549.83633701411
 20
-800.5243720434529
 30
0.0
 11
22549.83633701411
 21
-800.5243720434529
 31
0.0
1001
REVIT
1002
{
1070
     1
1000
436158
1002
}
1002
{
1070
     5
1000
141734
1002
}
1002
{
1070
     2
1000
-2000120
1002
}
1002
{
1070
     3
1000
-2000935
1002
}
  0
LINE
  5
103
330
70
100
AcDbEntity
  8
S-STRS-MBND
100
AcDbLine
 10
21549.83633701411
 20
-2900.524372043453
 30
0.0
 11
22549.83633701411
 21
-2900.524372043453
 31
0.0
1001
REVIT
1002
{
1070
     1
1000
436158
1002
}
1002
{
1070
     5
1000
141734
1002
}
1002
{
1070
     2
1000
-2000120
1002
}
1002
{
1070
     3
1000
-2000935
1002
}
  0
LINE
  5
104
330
70
100
AcDbEntity
  8
S-STRS-MBND
100
AcDbLine
 10
21549.8363370141
 20
-3576.280825652789
 30
0.0
 11
21549.8363370141
 21
-4576.280825652789
 31
0.0
1001
REVIT
1002
{
1070
     1
1000
436158
1002
}
1002
{
1070
     5
1000
141734
1002
}
1002
{
1070
     2
1000
-2000120
1002
}
1002
{
1070
     3
1000
-2000935
1002
}
  0
LINE
  5
105
330
70
100
AcDbEntity
  8
S-STRS
100
AcDbLine
 10
17649.8363370141
 20
-3576.280825652776
 30
0.0
 11
17649.83633701409
 21
-4576.280825652776
 31
0.0
1001
REVIT
1002
{
1070
     1
1000
436158
1002
}
1002
{
1070
     5
1000
141734
1002
}
1002
{
1070
     2
1000
-2000120
1002
}
1002
{
1070
     3
1000
-2000934
1002
}
  0
LINE
  5
106
330
70
100
AcDbEntity
  8
S-STRS-MBND
100
AcDbLine
 10
21478.18403833437
 20
-4576.280825652789
 30
0.0
 11
21549.8363370141
 21
-4576.280825652789
 31
0.0
1001
REVIT
1002
{
1070
     1
1000
436158
1002
}
1002
{
1070
     5
1000
141734
1002
}
1002
{
1070
     2
1000
-2000120
1002
}
1002
{
1070
     3
1000
-2000935
1002
}
  0
LINE
  5
107
330
70
100
AcDbEntity
  8
S-STRS-MBND
100
AcDbLine
 10
21499.8363370141
 20
-3576.280825652789
 30
0.0
 11
21549.8363370141
 21
-3576.280825652789
 31
0.0
1001
REVIT
1002
{
1070
     1
1000
436158
1002
}
1002
{
1070
     5
1000
141734
1002
}
1002
{
1070
     2
1000
-2000120
1002
}
1002
{
1070
     3
1000
-2000935
1002
}
  0
LINE
  5
108
330
70
100
AcDbEntity
  8
S-STRS-MBND
  6
Continuous
100
AcDbLine
 10
19697.0090542965
 20
-3962.992352273202
 30
0.0
 11
19493.36712502884
 21
-3526.280825652782
 31
0.0
1001
REVIT
1002
{
1070
     1
1000
436158
1002
}
1002
{
1070
     5
1000
141734
1002
}
1002
{
1070
     2
1000
-2000120
1002
}
1002
{
1070
     3
1000
-2000930
1002
}
  0
LINE
  5
109
330
70
100
AcDbEntity
  8
S-STRS-MBND
  6
Continuous
100
AcDbLine
 10
19891.44692873857
 20
-4010.246722255799
 30
0.0
 11
19697.0090542965
 21
-3962.992352273202
 31
0.0
1001
REVIT
1002
{
1070
     1
1000
436158
1002
}
1002
{
1070
     5
1000
141734
1002
}
1002
{
1070
     2
1000
-2000120
1002
}
1002
{
1070
     3
1000
-2000930
1002
}
  0
LINE
  5
10A
330
70
100
AcDbEntity
  8
S-STRS-MBND
  6
Continuous
100
AcDbLine
 10
19608.22574528961
 20
-4142.314929049766
 30
0.0
 11
19891.44692873856
 21
-4010.246722255798
 31
0.0
1001
REVIT
1002
{
1070
     1
1000
436158
1002
}
1002
{
1070
     5
1000
141734
1002
}
1002
{
1070
     2
1000
-2000120
1002
}
1002
{
1070
     3
1000
-2000930
1002
}
  0
LINE
  5
10B
330
70
100
AcDbEntity
  8
S-STRS-MBND
  6
Continuous
100
AcDbLine
 10
19802.66361973168
 20
-4189.569299032364
 30
0.0
 11
19608.22574528962
 21
-4142.314929049767
 31
0.0
1001
REVIT
1002
{
1070
     1
1000
436158
1002
}
1002
{
1070
     5
1000
141734
1002
}
1002
{
1070
     2
1000
-2000120
1002
}
1002
{
1070
     3
1000
-2000930
1002
}
  0
LINE
  5
10C
330
70
100
AcDbEntity
  8
S-STRS-MBND
  6
Continuous
100
AcDbLine
 10
20006.30554899934
 20
-4626.280825652783
 30
0.0
 11
19802.66361973168
 21
-4189.569299032364
 31
0.0
1001
REVIT
1002
{
1070
     1
1000
436158
1002
}
1002
{
1070
     5
1000
141734
1002
}
1002
{
1070
     2
1000
-2000120
1002
}
1002
{
1070
     3
1000
-2000930
1002
}
  0
LINE
  5
10D
330
70
100
AcDbEntity
  8
S-STRS-MBND
100
AcDbLine
 10
21549.83633701411
 20
-1100.524372043452
 30
0.0
 11
22549.83633701411
 21
-1100.524372043452
 31
0.0
1001
REVIT
1002
{
1070
     1
1000
436158
1002
}
1002
{
1070
     5
1000
141734
1002
}
1002
{
1070
     2
1000
-2000120
1002
}
1002
{
1070
     3
1000
-2000937
1002
}
  0
LINE
  5
10E
330
70
100
AcDbEntity
  8
S-STRS-MBND
100
AcDbLine
 10
21549.83633701411
 20
-1400.524372043452
 30
0.0
 11
22549.83633701411
 21
-1400.524372043452
 31
0.0
1001
REVIT
1002
{
1070
     1
1000
436158
1002
}
1002
{
1070
     5
1000
141734
1002
}
1002
{
1070
     2
1000
-2000120
1002
}
1002
{
1070
     3
1000
-2000937
1002
}
  0
LINE
  5
10F
330
70
100
AcDbEntity
  8
S-STRS-MBND
100
AcDbLine
 10
21549.83633701411
 20
-1700.524372043445
 30
0.0
 11
22549.83633701411
 21
-1700.52437204346
 31
0.0
1001
REVIT
1002
{
1070
     1
1000
436158
1002
}
1002
{
1070
     5
1000
141734
1002
}
1002
{
1070
     2
1000
-2000120
1002
}
1002
{
1070
     3
1000
-2000937
1002
}
  0
LINE
  5
110
330
70
100
AcDbEntity
  8
S-STRS-MBND
100
AcDbLine
 10
21549.83633701411
 20
-2000.524372043453
 30
0.0
 11
22549.83633701411
 21
-2000.524372043453
 31
0.0
1001
REVIT
1002
{
1070
     1
1000
436158
1002
}
1002
{
1070
     5
1000
141734
1002
}
1002
{
1070
     2
1000
-2000120
1002
}
1002
{
1070
     3
1000
-2000937
1002
}
  0
LINE
  5
111
330
70
100
AcDbEntity
  8
S-STRS-MBND
100
AcDbLine
 10
21549.83633701411
 20
-2300.524372043453
 30
0.0
 11
22549.83633701411
 21
-2300.524372043453
 31
0.0
1001
REVIT
1002
{
1070
     1
1000
436158
1002
}
1002
{
1070
     5
1000
141734
1002
}
1002
{
1070
     2
1000
-2000120
1002
}
1002
{
1070
     3
1000
-2000937
1002
}
  0
LINE
  5
112
330
70
100
AcDbEntity
  8
S-STRS-MBND
100
AcDbLine
 10
21549.83633701411
 20
-2600.524372043453
 30
0.0
 11
22549.83633701411
 21
-2600.524372043453
 31
0.0
1001
REVIT
1002
{
1070
     1
1000
436158
1002
}
1002
{
1070
     5
1000
141734
1002
}
1002
{
1070
     2
1000
-2000120
1002
}
1002
{
1070
     3
1000
-2000937
1002
}
  0
LINE
  5
113
330
70
100
AcDbEntity
  8
S-STRS-MBND
100
AcDbLine
 10
21549.83633701411
 20
-2900.524372043453
 30
0.0
 11
22549.83633701411
 21
-2900.524372043453
 31
0.0
1001
REVIT
1002
{
1070
     1
1000
436158
1002
}
1002
{
1070
     5
1000
141734
1002
}
1002
{
1070
     2
1000
-2000120
1002
}
1002
{
1070
     3
1000
-2000937
1002
}
  0
LINE
  5
114
330
70
100
AcDbEntity
  8
S-STRS-MBND
100
AcDbLine
 10
21549.8363370141
 20
-3576.280825652789
 30
0.0
 11
21549.8363370141
 21
-4576.280825652789
 31
0.0
1001
REVIT
1002
{
1070
     1
1000
436158
1002
}
1002
{
1070
     5
1000
141734
1002
}
1002
{
1070
     2
1000
-2000120
1002
}
1002
{
1070
     3
1000
-2000937
1002
}
  0
LINE
  5
115
330
70
100
AcDbEntity
  8
S-STRS-MBND
100
AcDbLine
 10
21249.8363370141
 20
-3576.280825652788
 30
0.0
 11
21249.8363370141
 21
-4576.280825652787
 31
0.0
1001
REVIT
1002
{
1070
     1
1000
436158
1002
}
1002
{
1070
     5
1000
141734
1002
}
1002
{
1070
     2
1000
-2000120
1002
}
1002
{
1070
     3
1000
-2000937
1002
}
  0
LINE
  5
116
330
70
100
AcDbEntity
  8
S-STRS-MBND
100
AcDbLine
 10
20949.8363370141
 20
-3576.280825652787
 30
0.0
 11
20949.8363370141
 21
-4576.280825652786
 31
0.0
1001
REVIT
1002
{
1070
     1
1000
436158
1002
}
1002
{
1070
     5
1000
141734
1002
}
1002
{
1070
     2
1000
-2000120
1002
}
1002
{
1070
     3
1000
-2000937
1002
}
  0
LINE
  5
117
330
70
100
AcDbEntity
  8
S-STRS-MBND
100
AcDbLine
 10
20649.83633701409
 20
-3576.280825652786
 30
0.0
 11
20649.83633701409
 21
-4576.280825652786
 31
0.0
1001
REVIT
1002
{
1070
     1
1000
436158
1002
}
1002
{
1070
     5
1000
141734
1002
}
1002
{
1070
     2
1000
-2000120
1002
}
1002
{
1070
     3
1000
-2000937
1002
}
  0
LINE
  5
118
330
70
100
AcDbEntity
  8
S-STRS-MBND
100
AcDbLine
 10
20349.83633701409
 20
-3576.280825652785
 30
0.0
 11
20349.83633701409
 21
-4576.280825652784
 31
0.0
1001
REVIT
1002
{
1070
     1
1000
436158
1002
}
1002
{
1070
     5
1000
141734
1002
}
1002
{
1070
     2
1000
-2000120
1002
}
1002
{
1070
     3
1000
-2000937
1002
}
  0
LINE
  5
119
330
70
100
AcDbEntity
  8
S-STRS-MBND
100
AcDbLine
 10
20049.8363370141
 20
-3576.280825652784
 30
0.0
 11
20049.8363370141
 21
-4576.280825652783
 31
0.0
1001
REVIT
1002
{
1070
     1
1000
436158
1002
}
1002
{
1070
     5
1000
141734
1002
}
1002
{
1070
     2
1000
-2000120
1002
}
1002
{
1070
     3
1000
-2000937
1002
}
  0
LINE
  5
11A
330
70
100
AcDbEntity
  8
S-STRS-MBND
100
AcDbLine
 10
19749.8363370141
 20
-4076.280825652779
 30
0.0
 11
19749.8363370141
 21
-4176.730648281448
 31
0.0
1001
REVIT
1002
{
1070
     1
1000
436158
1002
}
1002
{
1070
     5
1000
141734
1002
}
1002
{
1070
     2
1000
-2000120
1002
}
1002
{
1070
     3
1000
-2000937
1002
}
  0
LINE
  5
11B
330
70
100
AcDbEntity
  8
S-STRS-MBND
100
AcDbLine
 10
19749.8363370141
 20
-3576.280825652783
 30
0.0
 11
19749.8363370141
 21
-3975.831003024119
 31
0.0
1001
REVIT
1002
{
1070
     1
1000
436158
1002
}
1002
{
1070
     5
1000
141734
1002
}
1002
{
1070
     2
1000
-2000120
1002
}
1002
{
1070
     3
1000
-2000937
1002
}
  0
LINE
  5
11C
330
70
100
AcDbEntity
  8
S-STRS
  6
Overhead
100
AcDbLine
 10
19749.8363370141
 20
-4176.730648281448
 30
0.0
 11
19749.8363370141
 21
-4576.280825652783
 31
0.0
1001
REVIT
1002
{
1070
     1
1000
436158
1002
}
1002
{
1070
     5
1000
141734
1002
}
1002
{
1070
     2
1000
-2000120
1002
}
1002
{
1070
     3
1000
-2000936
1002
}
  0
LINE
  5
11D
330
70
100
AcDbEntity
  8
S-STRS
  6
Overhead
100
AcDbLine
 10
19749.8363370141
 20
-3975.831003024119
 30
0.0
 11
19749.8363370141
 21
-4076.280825652779
 31
0.0
1001
REVIT
1002
{
1070
     1
1000
436158
1002
}
1002
{
1070
     5
1000
141734
1002
}
1002
{
1070
     2
1000
-2000120
1002
}
1002
{
1070
     3
1000
-2000936
1002
}
  0
LINE
  5
11E
330
70
100
AcDbEntity
  8
S-STRS
  6
Overhead
100
AcDbLine
 10
19449.8363370141
 20
-3576.280825652782
 30
0.0
 11
19449.83633701409
 21
-4576.280825652781
 31
0.0
1001
REVIT
1002
{
1070
     1
1000
436158
1002
}
1002
{
1070
     5
1000
141734
1002
}
1002
{
1070
     2
1000
-2000120
1002
}
1002
{
1070
     3
1000
-2000936
1002
}
  0
LINE
  5
11F
330
70
100
AcDbEntity
  8
S-STRS
  6
Overhead
100
AcDbLine
 10
19149.8363370141
 20
-3576.28082565278
 30
0.0
 11
19149.83633701409
 21
-4576.28082565278
 31
0.0
1001
REVIT
1002
{
1070
     1
1000
436158
1002
}
1002
{
1070
     5
1000
141734
1002
}
1002
{
1070
     2
1000
-2000120
1002
}
1002
{
1070
     3
1000
-2000936
1002
}
  0
LINE
  5
120
330
70
100
AcDbEntity
  8
S-STRS
  6
Overhead
100
AcDbLine
 10
18849.8363370141
 20
-3576.28082565278
 30
0.0
 11
18849.83633701409
 21
-4576.280825652779
 31
0.0
1001
REVIT
1002
{
1070
     1
1000
436158
1002
}
1002
{
1070
     5
1000
141734
1002
}
1002
{
1070
     2
1000
-2000120
1002
}
1002
{
1070
     3
1000
-2000936
1002
}
  0
LINE
  5
121
330
70
100
AcDbEntity
  8
S-STRS
  6
Overhead
100
AcDbLine
 10
18549.8363370141
 20
-3576.280825652779
 30
0.0
 11
18549.83633701409
 21
-4576.280825652779
 31
0.0
1001
REVIT
1002
{
1070
     1
1000
436158
1002
}
1002
{
1070
     5
1000
141734
1002
}
1002
{
1070
     2
1000
-2000120
1002
}
1002
{
1070
     3
1000
-2000936
1002
}
  0
LINE
  5
122
330
70
100
AcDbEntity
  8
S-STRS
  6
Overhead
100
AcDbLine
 10
18249.8363370141
 20
-3576.280825652778
 30
0.0
 11
18249.83633701409
 21
-4576.280825652777
 31
0.0
1001
REVIT
1002
{
1070
     1
1000
436158
1002
}
1002
{
1070
     5
1000
141734
1002
}
1002
{
1070
     2
1000
-2000120
1002
}
1002
{
1070
     3
1000
-2000936
1002
}
  0
LINE
  5
123
330
70
100
AcDbEntity
  8
S-STRS
  6
Overhead
100
AcDbLine
 10
17949.83633701409
 20
-3576.280825652776
 30
0.0
 11
17949.83633701409
 21
-4576.280825652776
 31
0.0
1001
REVIT
1002
{
1070
     1
1000
436158
1002
}
1002
{
1070
     5
1000
141734
1002
}
1002
{
1070
     2
1000
-2000120
1002
}
1002
{
1070
     3
1000
-2000936
1002
}
  0
LINE
  5
124
330
70
100
AcDbEntity
  8
S-STRS
  6
Overhead
100
AcDbLine
 10
17649.8363370141
 20
-3576.280825652776
 30
0.0
 11
17649.83633701409
 21
-4576.280825652776
 31
0.0
1001
REVIT
1002
{
1070
     1
1000
436158
1002
}
1002
{
1070
     5
1000
141734
1002
}
1002
{
1070
     2
1000
-2000120
1002
}
1002
{
1070
     3
1000
-2000936
1002
}
  0
LINE
  5
125
330
70
100
AcDbEntity
  8
S-STRS-MBND
100
AcDbLine
 10
21549.83633701411
 20
-1100.524372043452
 30
0.0
 11
22549.83633701411
 21
-1100.524372043452
 31
0.0
1001
REVIT
1002
{
1070
     1
1000
436158
1002
}
1002
{
1070
     5
1000
141734
1002
}
1002
{
1070
     2
1000
-2000120
1002
}
1002
{
1070
     3
1000
-2000933
1002
}
  0
LINE
  5
126
330
70
100
AcDbEntity
  8
S-STRS-MBND
100
AcDbLine
 10
21549.83633701411
 20
-1400.524372043452
 30
0.0
 11
22549.83633701411
 21
-1400.524372043452
 31
0.0
1001
REVIT
1002
{
1070
     1
1000
436158
1002
}
1002
{
1070
     5
1000
141734
1002
}
1002
{
1070
     2
1000
-2000120
1002
}
1002
{
1070
     3
1000
-2000933
1002
}
  0
LINE
  5
127
330
70
100
AcDbEntity
  8
S-STRS-MBND
100
AcDbLine
 10
21549.83633701411
 20
-1700.524372043445
 30
0.0
 11
22549.83633701411
 21
-1700.52437204346
 31
0.0
1001
REVIT
1002
{
1070
     1
1000
436158
1002
}
1002
{
1070
     5
1000
141734
1002
}
1002
{
1070
     2
1000
-2000120
1002
}
1002
{
1070
     3
1000
-2000933
1002
}
  0
LINE
  5
128
330
70
100
AcDbEntity
  8
S-STRS-MBND
100
AcDbLine
 10
21549.83633701411
 20
-2000.524372043453
 30
0.0
 11
22549.83633701411
 21
-2000.524372043453
 31
0.0
1001
REVIT
1002
{
1070
     1
1000
436158
1002
}
1002
{
1070
     5
1000
141734
1002
}
1002
{
1070
     2
1000
-2000120
1002
}
1002
{
1070
     3
1000
-2000933
1002
}
  0
LINE
  5
129
330
70
100
AcDbEntity
  8
S-STRS-MBND
100
AcDbLine
 10
21549.83633701411
 20
-2300.524372043453
 30
0.0
 11
22549.83633701411
 21
-2300.524372043453
 31
0.0
1001
REVIT
1002
{
1070
     1
1000
436158
1002
}
1002
{
1070
     5
1000
141734
1002
}
1002
{
1070
     2
1000
-2000120
1002
}
1002
{
1070
     3
1000
-2000933
1002
}
  0
LINE
  5
12A
330
70
100
AcDbEntity
  8
S-STRS-MBND
100
AcDbLine
 10
21549.83633701411
 20
-2600.524372043453
 30
0.0
 11
22549.83633701411
 21
-2600.524372043453
 31
0.0
1001
REVIT
1002
{
1070
     1
1000
436158
1002
}
1002
{
1070
     5
1000
141734
1002
}
1002
{
1070
     2
1000
-2000120
1002
}
1002
{
1070
     3
1000
-2000933
1002
}
  0
LINE
  5
12B
330
70
100
AcDbEntity
  8
S-STRS-MBND
100
AcDbLine
 10
21249.8363370141
 20
-3576.280825652788
 30
0.0
 11
21249.8363370141
 21
-4576.280825652787
 31
0.0
1001
REVIT
1002
{
1070
     1
1000
436158
1002
}
1002
{
1070
     5
1000
141734
1002
}
1002
{
1070
     2
1000
-2000120
1002
}
1002
{
1070
     3
1000
-2000933
1002
}
  0
LINE
  5
12C
330
70
100
AcDbEntity
  8
S-STRS-MBND
100
AcDbLine
 10
20949.8363370141
 20
-3576.280825652787
 30
0.0
 11
20949.8363370141
 21
-4576.280825652786
 31
0.0
1001
REVIT
1002
{
1070
     1
1000
436158
1002
}
1002
{
1070
     5
1000
141734
1002
}
1002
{
1070
     2
1000
-2000120
1002
}
1002
{
1070
     3
1000
-2000933
1002
}
  0
LINE
  5
12D
330
70
100
AcDbEntity
  8
S-STRS-MBND
100
AcDbLine
 10
20649.83633701409
 20
-3576.280825652786
 30
0.0
 11
20649.83633701409
 21
-4576.280825652786
 31
0.0
1001
REVIT
1002
{
1070
     1
1000
436158
1002
}
1002
{
1070
     5
1000
141734
1002
}
1002
{
1070
     2
1000
-2000120
1002
}
1002
{
1070
     3
1000
-2000933
1002
}
  0
LINE
  5
12E
330
70
100
AcDbEntity
  8
S-STRS-MBND
100
AcDbLine
 10
20349.83633701409
 20
-3576.280825652785
 30
0.0
 11
20349.83633701409
 21
-4576.280825652784
 31
0.0
1001
REVIT
1002
{
1070
     1
1000
436158
1002
}
1002
{
1070
     5
1000
141734
1002
}
1002
{
1070
     2
1000
-2000120
1002
}
1002
{
1070
     3
1000
-2000933
1002
}
  0
LINE
  5
12F
330
70
100
AcDbEntity
  8
S-STRS-MBND
100
AcDbLine
 10
20049.8363370141
 20
-3576.280825652784
 30
0.0
 11
20049.8363370141
 21
-4576.280825652783
 31
0.0
1001
REVIT
1002
{
1070
     1
1000
436158
1002
}
1002
{
1070
     5
1000
141734
1002
}
1002
{
1070
     2
1000
-2000120
1002
}
1002
{
1070
     3
1000
-2000933
1002
}
  0
LINE
  5
130
330
70
100
AcDbEntity
  8
S-STRS-MBND
100
AcDbLine
 10
19749.8363370141
 20
-4076.280825652779
 30
0.0
 11
19749.8363370141
 21
-4176.730648281448
 31
0.0
1001
REVIT
1002
{
1070
     1
1000
436158
1002
}
1002
{
1070
     5
1000
141734
1002
}
1002
{
1070
     2
1000
-2000120
1002
}
1002
{
1070
     3
1000
-2000933
1002
}
  0
LINE
  5
131
330
70
100
AcDbEntity
  8
S-STRS-MBND
100
AcDbLine
 10
19749.8363370141
 20
-3576.280825652783
 30
0.0
 11
19749.8363370141
 21
-3975.831003024119
 31
0.0
1001
REVIT
1002
{
1070
     1
1000
436158
1002
}
1002
{
1070
     5
1000
141734
1002
}
1002
{
1070
     2
1000
-2000120
1002
}
1002
{
1070
     3
1000
-2000933
1002
}
  0
LINE
  5
132
330
70
100
AcDbEntity
  8
S-STRS
100
AcDbLine
 10
19749.8363370141
 20
-4176.730648281448
 30
0.0
 11
19749.8363370141
 21
-4576.280825652783
 31
0.0
1001
REVIT
1002
{
1070
     1
1000
436158
1002
}
1002
{
1070
     5
1000
141734
1002
}
1002
{
1070
     2
1000
-2000120
1002
}
1002
{
1070
     3
1000
-2000932
1002
}
  0
LINE
  5
133
330
70
100
AcDbEntity
  8
S-STRS
100
AcDbLine
 10
19749.8363370141
 20
-3975.831003024119
 30
0.0
 11
19749.8363370141
 21
-4076.280825652779
 31
0.0
1001
REVIT
1002
{
1070
     1
1000
436158
1002
}
1002
{
1070
     5
1000
141734
1002
}
1002
{
1070
     2
1000
-2000120
1002
}
1002
{
1070
     3
1000
-2000932
1002
}
  0
LINE
  5
134
330
70
100
AcDbEntity
  8
S-STRS
100
AcDbLine
 10
19449.8363370141
 20
-3576.280825652782
 30
0.0
 11
19449.83633701409
 21
-4576.280825652781
 31
0.0
1001
REVIT
1002
{
1070
     1
1000
436158
1002
}
1002
{
1070
     5
1000
141734
1002
}
1002
{
1070
     2
1000
-2000120
1002
}
1002
{
1070
     3
1000
-2000932
1002
}
  0
LINE
  5
135
330
70
100
AcDbEntity
  8
S-STRS
100
AcDbLine
 10
19149.8363370141
 20
-3576.28082565278
 30
0.0
 11
19149.83633701409
 21
-4576.28082565278
 31
0.0
1001
REVIT
1002
{
1070
     1
1000
436158
1002
}
1002
{
1070
     5
1000
141734
1002
}
1002
{
1070
     2
1000
-2000120
1002
}
1002
{
1070
     3
1000
-2000932
1002
}
  0
LINE
  5
136
330
70
100
AcDbEntity
  8
S-STRS
100
AcDbLine
 10
18849.8363370141
 20
-3576.28082565278
 30
0.0
 11
18849.83633701409
 21
-4576.280825652779
 31
0.0
1001
REVIT
1002
{
1070
     1
1000
436158
1002
}
1002
{
1070
     5
1000
141734
1002
}
1002
{
1070
     2
1000
-2000120
1002
}
1002
{
1070
     3
1000
-2000932
1002
}
  0
LINE
  5
137
330
70
100
AcDbEntity
  8
S-STRS
100
AcDbLine
 10
18549.8363370141
 20
-3576.280825652779
 30
0.0
 11
18549.83633701409
 21
-4576.280825652779
 31
0.0
1001
REVIT
1002
{
1070
     1
1000
436158
1002
}
1002
{
1070
     5
1000
141734
1002
}
1002
{
1070
     2
1000
-2000120
1002
}
1002
{
1070
     3
1000
-2000932
1002
}
  0
LINE
  5
138
330
70
100
AcDbEntity
  8
S-STRS
100
AcDbLine
 10
18249.8363370141
 20
-3576.280825652778
 30
0.0
 11
18249.83633701409
 21
-4576.280825652777
 31
0.0
1001
REVIT
1002
{
1070
     1
1000
436158
1002
}
1002
{
1070
     5
1000
141734
1002
}
1002
{
1070
     2
1000
-2000120
1002
}
1002
{
1070
     3
1000
-2000932
1002
}
  0
LINE
  5
139
330
70
100
AcDbEntity
  8
S-STRS
100
AcDbLine
 10
17949.83633701409
 20
-3576.280825652776
 30
0.0
 11
17949.83633701409
 21
-4576.280825652776
 31
0.0
1001
REVIT
1002
{
1070
     1
1000
436158
1002
}
1002
{
1070
     5
1000
141734
1002
}
1002
{
1070
     2
1000
-2000120
1002
}
1002
{
1070
     3
1000
-2000932
1002
}
  0
LINE
  5
13B
330
70
100
AcDbEntity
  8
S-STRS-ANNO
100
AcDbLine
 10
22049.83633701411
 20
-4076.280825652789
 30
0.0
 11
22049.83633701411
 21
-2900.524372043453
 31
0.0
1001
REVIT
1002
{
1070
     1
1000
436785
1002
}
1002
{
1070
     5
1000
141729
1002
}
1002
{
1070
     2
1000
-2000938
1002
}
1002
{
1070
     3
1000
-2000939
1002
}
  0
LINE
  5
13C
330
70
100
AcDbEntity
  8
S-STRS-ANNO
100
AcDbLine
 10
21549.8363370141
 20
-4076.280825652789
 30
0.0
 11
22049.83633701411
 21
-4076.280825652789
 31
0.0
1001
REVIT
1002
{
1070
     1
1000
436785
1002
}
1002
{
1070
     5
1000
141729
1002
}
1002
{
1070
     2
1000
-2000938
1002
}
1002
{
1070
     3
1000
-2000939
1002
}
  0
LINE
  5
13D
330
70
100
AcDbEntity
  8
S-STRS-ANNO
100
AcDbLine
 10
22049.83633701411
 20
-2900.524372043453
 30
0.0
 11
22049.83633701411
 21
-800.5243720434526
 31
0.0
1001
REVIT
1002
{
1070
     1
1000
436785
1002
}
1002
{
1070
     5
1000
141729
1002
}
1002
{
1070
     2
1000
-2000938
1002
}
1002
{
1070
     3
1000
-2000939
1002
}
  0
LINE
  5
13E
330
70
100
AcDbEntity
  8
S-STRS-ANNO
100
AcDbLine
 10
22049.83633701411
 20
-800.5243720434529
 30
0.0
 11
22174.83633701411
 21
-925.5243720434529
 31
0.0
1001
REVIT
1002
{
1070
     1
1000
436785
1002
}
1002
{
1070
     5
1000
141729
1002
}
1002
{
1070
     2
1000
-2000938
1002
}
1002
{
1070
     3
1000
-2000939
1002
}
  0
LINE
  5
13F
330
70
100
AcDbEntity
  8
S-STRS-ANNO
100
AcDbLine
 10
22049.83633701411
 20
-800.5243720434529
 30
0.0
 11
21924.83633701411
 21
-925.5243720434529
 31
0.0
1001
REVIT
1002
{
1070
     1
1000
436785
1002
}
1002
{
1070
     5
1000
141729
1002
}
1002
{
1070
     2
1000
-2000938
1002
}
1002
{
1070
     3
1000
-2000939
1002
}
  0
LINE
  5
140
330
70
100
AcDbEntity
  8
S-STRS-ANNO
100
AcDbLine
 10
20049.83633701409
 20
-4076.280825652783
 30
0.0
 11
21549.8363370141
 21
-4076.280825652789
 31
0.0
1001
REVIT
1002
{
1070
     1
1000
436785
1002
}
1002
{
1070
     5
1000
141729
1002
}
1002
{
1070
     2
1000
-2000938
1002
}
1002
{
1070
     3
1000
-2000939
1002
}
  0
LINE
  5
141
330
70
100
AcDbEntity
  8
S-STRS-ANNO
  6
Continuous
100
AcDbLine
 10
19149.8363370141
 20
-4076.28082565278
 30
0.0
 11
19449.83633701409
 21
-4076.280825652782
 31
0.0
1001
REVIT
1002
{
1070
     1
1000
436785
1002
}
1002
{
1070
     5
1000
141729
1002
}
1002
{
1070
     2
1000
-2000938
1002
}
1002
{
1070
     3
1000
-2000130
1002
}
  0
LINE
  5
142
330
70
100
AcDbEntity
  8
S-STRS-ANNO
  6
Continuous
100
AcDbLine
 10
18849.83633701409
 20
-4076.280825652779
 30
0.0
 11
19149.8363370141
 21
-4076.28082565278
 31
0.0
1001
REVIT
1002
{
1070
     1
1000
436785
1002
}
1002
{
1070
     5
1000
141729
1002
}
1002
{
1070
     2
1000
-2000938
1002
}
1002
{
1070
     3
1000
-2000130
1002
}
  0
LINE
  5
143
330
70
100
AcDbEntity
  8
S-STRS-ANNO
  6
Continuous
100
AcDbLine
 10
18549.8363370141
 20
-4076.280825652779
 30
0.0
 11
18849.83633701409
 21
-4076.280825652779
 31
0.0
1001
REVIT
1002
{
1070
     1
1000
436785
1002
}
1002
{
1070
     5
1000
141729
1002
}
1002
{
1070
     2
1000
-2000938
1002
}
1002
{
1070
     3
1000
-2000130
1002
}
  0
LINE
  5
144
330
70
100
AcDbEntity
  8
S-STRS-ANNO
  6
Continuous
100
AcDbLine
 10
18249.83633701409
 20
-4076.280825652777
 30
0.0
 11
18549.8363370141
 21
-4076.280825652779
 31
0.0
1001
REVIT
1002
{
1070
     1
1000
436785
1002
}
1002
{
1070
     5
1000
141729
1002
}
1002
{
1070
     2
1000
-2000938
1002
}
1002
{
1070
     3
1000
-2000130
1002
}
  0
LINE
  5
145
330
70
100
AcDbEntity
  8
S-STRS-ANNO
  6
Continuous
100
AcDbLine
 10
17949.83633701409
 20
-4076.280825652776
 30
0.0
 11
18249.83633701409
 21
-4076.280825652777
 31
0.0
1001
REVIT
1002
{
1070
     1
1000
436785
1002
}
1002
{
1070
     5
1000
141729
1002
}
1002
{
1070
     2
1000
-2000938
1002
}
1002
{
1070
     3
1000
-2000130
1002
}
  0
LINE
  5
146
330
70
100
AcDbEntity
  8
S-STRS-ANNO
  6
Continuous
100
AcDbLine
 10
17649.83633701409
 20
-4076.280825652776
 30
0.0
 11
17949.83633701409
 21
-4076.280825652776
 31
0.0
1001
REVIT
1002
{
1070
     1
1000
436785
1002
}
1002
{
1070
     5
1000
141729
1002
}
1002
{
1070
     2
1000
-2000938
1002
}
1002
{
1070
     3
1000
-2000130
1002
}
  0
LINE
  5
147
330
70
100
AcDbEntity
  8
S-STRS-ANNO
  6
Continuous
100
AcDbLine
 10
19449.83633701409
 20
-4076.280825652782
 30
0.0
 11
19324.83633701409
 21
-4201.280825652781
 31
0.0
1001
REVIT
1002
{
1070
     1
1000
436785
1002
}
1002
{
1070
     5
1000
141729
1002
}
1002
{
1070
     2
1000
-2000938
1002
}
1002
{
1070
     3
1000
-2000130
1002
}
  0
LINE
  5
148
330
70
100
AcDbEntity
  8
S-STRS-ANNO
  6
Continuous
100
AcDbLine
 10
19449.83633701409
 20
-4076.280825652782
 30
0.0
 11
19324.83633701409
 21
-3951.280825652781
 31
0.0
1001
REVIT
1002
{
1070
     1
1000
436785
1002
}
1002
{
1070
     5
1000
141729
1002
}
1002
{
1070
     2
1000
-2000938
1002
}
1002
{
1070
     3
1000
-2000130
1002
}
  0
LINE
  5
149
330
70
100
AcDbEntity
  8
A-WALL
370
    25
100
AcDbLine
 10
24148.86123488275
 20
-6140.009811932422
 30
0.0
 11
24148.86123488275
 21
-5960.009811932423
 31
0.0
1001
REVIT
1002
{
1070
     1
1000
437008
1002
}
1002
{
1070
     5
1000
398
1002
}
1002
{
1070
     2
1000
-2000011
1002
}
  0
LINE
  5
14A
330
70
100
AcDbEntity
  8
A-WALL
370
    25
100
AcDbLine
 10
24148.86123488275
 20
-5760.009811932423
 30
0.0
 11
24148.86123488275
 21
-5440.009811932423
 31
0.0
1001
REVIT
1002
{
1070
     1
1000
437008
1002
}
1002
{
1070
     5
1000
398
1002
}
1002
{
1070
     2
1000
-2000011
1002
}
  0
LINE
  5
14B
330
70
100
AcDbEntity
  8
A-WALL
370
    25
100
AcDbLine
 10
24148.86123488275
 20
-5440.009811932423
 30
0.0
 11
23948.86123488275
 21
-5440.009811932423
 31
0.0
1001
REVIT
1002
{
1070
     1
1000
437008
1002
}
1002
{
1070
     5
1000
398
1002
}
1002
{
1070
     2
1000
-2000011
1002
}
  0
LINE
  5
14C
330
70
100
AcDbEntity
  8
A-WALL
370
    25
100
AcDbLine
 10
23948.86123488275
 20
-5440.009811932423
 30
0.0
 11
23948.86123488275
 21
-6140.00981193242
 31
0.0
1001
REVIT
1002
{
1070
     1
1000
437008
1002
}
1002
{
1070
     5
1000
398
1002
}
1002
{
1070
     2
1000
-2000011
1002
}
  0
LINE
  5
14D
330
70
100
AcDbEntity
  8
A-WALL
370
    25
100
AcDbLine
 10
24148.86123488276
 20
-4525.009811932422
 30
0.0
 11
24148.86123488277
 21
419.475627956561
 31
0.0
1001
REVIT
1002
{
1070
     1
1000
437008
1002
}
1002
{
1070
     5
1000
398
1002
}
1002
{
1070
     2
1000
-2000011
1002
}
  0
LINE
  5
14E
330
70
100
AcDbEntity
  8
A-WALL
370
    25
100
AcDbLine
 10
23948.86123488276
 20
419.4756279565616
 30
0.0
 11
23948.86123488275
 21
-4525.009811932422
 31
0.0
1001
REVIT
1002
{
1070
     1
1000
437008
1002
}
1002
{
1070
     5
1000
398
1002
}
1002
{
1070
     2
1000
-2000011
1002
}
  0
LINE
  5
14F
330
70
100
AcDbEntity
  8
A-WALL
370
    25
100
AcDbLine
 10
23948.86123488275
 20
-4525.009811932422
 30
0.0
 11
24148.86123488276
 21
-4525.009811932422
 31
0.0
1001
REVIT
1002
{
1070
     1
1000
437008
1002
}
1002
{
1070
     5
1000
398
1002
}
1002
{
1070
     2
1000
-2000011
1002
}
  0
LINE
  5
150
330
70
100
AcDbEntity
  8
A-WALL
370
    25
100
AcDbLine
 10
21249.83633701409
 20
419.47562795655
 30
0.0
 11
21249.83633701408
 21
-3276.280825652768
 31
0.0
1001
REVIT
1002
{
1070
     1
1000
441839
1002
}
1002
{
1070
     5
1000
398
1002
}
1002
{
1070
     2
1000
-2000011
1002
}
  0
LINE
  5
151
330
70
100
AcDbEntity
  8
A-WALL
370
    25
100
AcDbLine
 10
21449.83633701409
 20
-3476.280825652768
 30
0.0
 11
21449.83633701409
 21
419.4756279565493
 31
0.0
1001
REVIT
1002
{
1070
     1
1000
441839
1002
}
1002
{
1070
     5
1000
398
1002
}
1002
{
1070
     2
1000
-2000011
1002
}
  0
LINE
  5
152
330
70
100
AcDbEntity
  8
A-WALL
370
    25
100
AcDbLine
 10
17570.60410138152
 20
579.4756279565453
 30
0.0
 11
17570.60410138152
 21
-1720.524372043453
 31
0.0
1001
REVIT
1002
{
1070
     1
1000
442054
1002
}
1002
{
1070
     5
1000
398
1002
}
1002
{
1070
     2
1000
-2000011
1002
}
  0
LINE
  5
153
330
70
100
AcDbEntity
  8
A-WALL
370
    25
100
AcDbLine
 10
17570.60410138152
 20
-1920.524372043453
 30
0.0
 11
17570.60410138152
 21
-1926.280825703361
 31
0.0
1001
REVIT
1002
{
1070
     1
1000
442054
1002
}
1002
{
1070
     5
1000
398
1002
}
1002
{
1070
     2
1000
-2000011
1002
}
  0
LINE
  5
154
330
70
100
AcDbEntity
  8
A-WALL
370
    25
100
AcDbLine
 10
17570.60410138152
 20
-1926.280825703361
 30
0.0
 11
17770.60410138152
 21
-1926.280825703361
 31
0.0
1001
REVIT
1002
{
1070
     1
1000
442054
1002
}
1002
{
1070
     5
1000
398
1002
}
1002
{
1070
     2
1000
-2000011
1002
}
  0
LINE
  5
155
330
70
100
AcDbEntity
  8
A-WALL
370
    25
100
AcDbLine
 10
17770.60410138152
 20
-1926.280825703361
 30
0.0
 11
17770.60410138152
 21
379.475627956545
 31
0.0
1001
REVIT
1002
{
1070
     1
1000
442054
1002
}
1002
{
1070
     5
1000
398
1002
}
1002
{
1070
     2
1000
-2000011
1002
}
  0
LINE
  5
157
330
70
100
AcDbEntity
  8
A-WALL
370
    25
100
AcDbLine
 10
17770.60410138151
 20
-3276.280825652766
 30
0.0
 11
17770.60410138151
 21
-3181.287622789423
 31
0.0
1001
REVIT
1002
{
1070
     1
1000
442054
1002
}
1002
{
1070
     5
1000
398
1002
}
1002
{
1070
     2
1000
-2000011
1002
}
  0
LINE
  5
158
330
70
100
AcDbEntity
  8
A-WALL
370
    25
100
AcDbLine
 10
17770.60410138151
 20
-3181.287622789423
 30
0.0
 11
17570.60410138151
 21
-3181.287622789422
 31
0.0
1001
REVIT
1002
{
1070
     1
1000
442054
1002
}
1002
{
1070
     5
1000
398
1002
}
1002
{
1070
     2
1000
-2000011
1002
}
  0
LINE
  5
15B
330
70
100
AcDbEntity
  8
A-WALL
370
    25
100
AcDbLine
 10
19028.86123488273
 20
7619.475627956564
 30
0.0
 11
25249.8363370141
 21
7619.475627956543
 31
0.0
1001
REVIT
1002
{
1070
     1
1000
443138
1002
}
1002
{
1070
     5
1000
398
1002
}
1002
{
1070
     2
1000
-2000011
1002
}
  0
LINE
  5
15C
330
70
100
AcDbEntity
  8
A-WALL
370
    25
100
AcDbLine
 10
30268.34251991626
 20
7819.475627956546
 30
0.0
 11
18828.86123488273
 21
7819.475627956563
 31
0.0
1001
REVIT
1002
{
1070
     1
1000
443138
1002
}
1002
{
1070
     5
1000
398
1002
}
1002
{
1070
     2
1000
-2000011
1002
}
  0
LINE
  5
15D
330
70
100
AcDbEntity
  8
A-WALL
370
    25
100
AcDbLine
 10
22789.83633701409
 20
619.4756279565618
 30
0.0
 11
22789.8363370141
 21
2754.475627956559
 31
0.0
1001
REVIT
1002
{
1070
     1
1000
444001
1002
}
1002
{
1070
     5
1000
398
1002
}
1002
{
1070
     2
1000
-2000011
1002
}
  0
LINE
  5
15F
330
70
100
AcDbEntity
  8
A-WALL
370
    25
100
AcDbLine
 10
22589.8363370141
 20
2954.475627956559
 30
0.0
 11
22589.83633701409
 21
619.4756279565459
 31
0.0
1001
REVIT
1002
{
1070
     1
1000
444001
1002
}
1002
{
1070
     5
1000
398
1002
}
1002
{
1070
     2
1000
-2000011
1002
}
  0
LINE
  5
160
330
70
100
AcDbEntity
  8
A-WALL
370
    25
100
AcDbLine
 10
22389.83633701409
 20
419.4756279565462
 30
0.0
 11
22989.83633701409
 21
419.4756279565618
 31
0.0
1001
REVIT
1002
{
1070
     1
1000
444001
1002
}
1002
{
1070
     5
1000
398
1002
}
1002
{
1070
     2
1000
-2000011
1002
}
  0
LINE
  5
161
330
70
100
AcDbEntity
  8
A-WALL
370
    25
100
AcDbLine
 10
11128.86123488272
 20
-4940.009811932399
 30
0.0
 11
16270.60410138151
 21
-4940.009811932399
 31
0.0
1001
REVIT
1002
{
1070
     1
1000
444370
1002
}
1002
{
1070
     5
1000
398
1002
}
1002
{
1070
     2
1000
-2000011
1002
}
  0
LINE
  5
163
330
70
100
AcDbEntity
  8
A-WALL
370
    25
100
AcDbLine
 10
16070.60410138152
 20
-4740.009811932399
 30
0.0
 11
11328.86123488272
 21
-4740.009811932399
 31
0.0
1001
REVIT
1002
{
1070
     1
1000
444370
1002
}
1002
{
1070
     5
1000
398
1002
}
1002
{
1070
     2
1000
-2000011
1002
}
  0
LINE
  5
165
330
70
100
AcDbEntity
  8
A-WALL
370
    25
100
AcDbLine
 10
16270.60410138151
 20
-4940.009811932399
 30
0.0
 11
16270.60410138152
 21
-4480.524372043426
 31
0.0
1001
REVIT
1002
{
1070
     1
1000
446563
1002
}
1002
{
1070
     5
1000
398
1002
}
1002
{
1070
     2
1000
-2000011
1002
}
  0
LINE
  5
166
330
70
100
AcDbEntity
  8
A-WALL
370
    25
100
AcDbLine
 10
16270.60410138152
 20
-4480.524372043426
 30
0.0
 11
16070.60410138152
 21
-4480.524372043426
 31
0.0
1001
REVIT
1002
{
1070
     1
1000
446563
1002
}
1002
{
1070
     5
1000
398
1002
}
1002
{
1070
     2
1000
-2000011
1002
}
  0
LINE
  5
167
330
70
100
AcDbEntity
  8
A-WALL
370
    25
100
AcDbLine
 10
16070.60410138152
 20
-4480.524372043426
 30
0.0
 11
16070.60410138152
 21
-4740.009811932399
 31
0.0
1001
REVIT
1002
{
1070
     1
1000
446563
1002
}
1002
{
1070
     5
1000
398
1002
}
1002
{
1070
     2
1000
-2000011
1002
}
  0
LINE
  5
168
330
70
100
AcDbEntity
  8
A-WALL
370
    25
100
AcDbLine
 10
16270.60410138152
 20
-3565.524372043427
 30
0.0
 11
16270.60410138152
 21
-1920.524372043449
 31
0.0
1001
REVIT
1002
{
1070
     1
1000
446563
1002
}
1002
{
1070
     5
1000
398
1002
}
1002
{
1070
     2
1000
-2000011
1002
}
  0
LINE
  5
16A
330
70
100
AcDbEntity
  8
A-WALL
370
    25
100
AcDbLine
 10
16070.60410138152
 20
-1720.524372043449
 30
0.0
 11
16070.60410138152
 21
-3565.524372043427
 31
0.0
1001
REVIT
1002
{
1070
     1
1000
446563
1002
}
1002
{
1070
     5
1000
398
1002
}
1002
{
1070
     2
1000
-2000011
1002
}
  0
LINE
  5
16B
330
70
100
AcDbEntity
  8
A-WALL
370
    25
100
AcDbLine
 10
16070.60410138152
 20
-3565.524372043427
 30
0.0
 11
16270.60410138152
 21
-3565.524372043427
 31
0.0
1001
REVIT
1002
{
1070
     1
1000
446563
1002
}
1002
{
1070
     5
1000
398
1002
}
1002
{
1070
     2
1000
-2000011
1002
}
  0
LINE
  5
16C
330
70
100
AcDbEntity
  8
A-WALL
370
    25
100
AcDbLine
 10
16270.60410138152
 20
-1920.524372043449
 30
0.0
 11
17570.60410138152
 21
-1920.524372043453
 31
0.0
1001
REVIT
1002
{
1070
     1
1000
446604
1002
}
1002
{
1070
     5
1000
398
1002
}
1002
{
1070
     2
1000
-2000011
1002
}
  0
LINE
  5
16D
330
70
100
AcDbEntity
  8
A-WALL
370
    25
100
AcDbLine
 10
17570.60410138152
 20
-1720.524372043453
 30
0.0
 11
16070.60410138152
 21
-1720.524372043449
 31
0.0
1001
REVIT
1002
{
1070
     1
1000
446604
1002
}
1002
{
1070
     5
1000
398
1002
}
1002
{
1070
     2
1000
-2000011
1002
}
  0
LINE
  5
16E
330
70
100
AcDbEntity
  8
A-WALL
370
    25
100
AcDbLine
 10
18828.86123488273
 20
7819.475627956563
 30
0.0
 11
18828.86123488272
 21
1619.475627956563
 31
0.0
1001
REVIT
1002
{
1070
     1
1000
449967
1002
}
1002
{
1070
     5
1000
398
1002
}
1002
{
1070
     2
1000
-2000011
1002
}
  0
LINE
  5
16F
330
70
100
AcDbEntity
  8
A-WALL
370
    25
100
AcDbLine
 10
18828.86123488272
 20
1419.475627956562
 30
0.0
 11
18828.86123488271
 21
579.4756279565413
 31
0.0
1001
REVIT
1002
{
1070
     1
1000
449967
1002
}
1002
{
1070
     5
1000
398
1002
}
1002
{
1070
     2
1000
-2000011
1002
}
  0
LINE
  5
170
330
70
100
AcDbEntity
  8
A-WALL
370
    25
100
AcDbLine
 10
19028.86123488271
 20
619.4756279565573
 30
0.0
 11
19028.86123488273
 21
7619.475627956565
 31
0.0
1001
REVIT
1002
{
1070
     1
1000
449967
1002
}
1002
{
1070
     5
1000
398
1002
}
1002
{
1070
     2
1000
-2000011
1002
}
  0
LINE
  5
173
330
70
100
AcDbEntity
  8
A-WALL
370
    25
100
AcDbLine
 10
22989.83633701409
 20
419.4756279565618
 30
0.0
 11
22989.83633701409
 21
619.4756279565618
 31
0.0
1001
REVIT
1002
{
1070
     1
1000
451853
1002
}
1002
{
1070
     5
1000
398
1002
}
1002
{
1070
     2
1000
-2000011
1002
}
  0
LINE
  5
174
330
70
100
AcDbEntity
  8
A-WALL
370
    25
100
AcDbLine
 10
22989.83633701409
 20
619.4756279565618
 30
0.0
 11
22789.83633701409
 21
619.4756279565618
 31
0.0
1001
REVIT
1002
{
1070
     1
1000
451853
1002
}
1002
{
1070
     5
1000
398
1002
}
1002
{
1070
     2
1000
-2000011
1002
}
  0
LINE
  5
175
330
70
100
AcDbEntity
  8
A-WALL
370
    25
100
AcDbLine
 10
23904.83633701409
 20
419.4756279565618
 30
0.0
 11
23948.86123488276
 21
419.4756279565618
 31
0.0
1001
REVIT
1002
{
1070
     1
1000
451853
1002
}
1002
{
1070
     5
1000
398
1002
}
1002
{
1070
     2
1000
-2000011
1002
}
  0
LINE
  5
176
330
70
100
AcDbEntity
  8
A-WALL
370
    25
100
AcDbLine
 10
24148.86123488277
 20
419.4756279565618
 30
0.0
 11
30068.86123488275
 21
419.4756279565618
 31
0.0
1001
REVIT
1002
{
1070
     1
1000
451853
1002
}
1002
{
1070
     5
1000
398
1002
}
1002
{
1070
     2
1000
-2000011
1002
}
  0
LINE
  5
177
330
70
100
AcDbEntity
  8
A-WALL
370
    25
100
AcDbLine
 10
30068.86123488275
 20
619.4756279565618
 30
0.0
 11
23904.83633701409
 21
619.4756279565618
 31
0.0
1001
REVIT
1002
{
1070
     1
1000
451853
1002
}
1002
{
1070
     5
1000
398
1002
}
1002
{
1070
     2
1000
-2000011
1002
}
  0
LINE
  5
178
330
70
100
AcDbEntity
  8
A-WALL
370
    25
100
AcDbLine
 10
23904.83633701409
 20
619.4756279565618
 30
0.0
 11
23904.83633701409
 21
419.4756279565618
 31
0.0
1001
REVIT
1002
{
1070
     1
1000
451853
1002
}
1002
{
1070
     5
1000
398
1002
}
1002
{
1070
     2
1000
-2000011
1002
}
  0
LINE
  5
179
330
70
100
AcDbEntity
  8
A-WALL
370
    25
100
AcDbLine
 10
18828.86123488271
 20
579.4756279565413
 30
0.0
 11
17570.60410138152
 21
579.4756279565453
 31
0.0
1001
REVIT
1002
{
1070
     1
1000
452316
1002
}
1002
{
1070
     5
1000
398
1002
}
1002
{
1070
     2
1000
-2000011
1002
}
  0
LINE
  5
17B
330
70
100
AcDbEntity
  8
A-WALL
370
    25
100
AcDbLine
 10
17770.60410138152
 20
379.4756279565447
 30
0.0
 11
18828.86123488271
 21
379.4756279565413
 31
0.0
1001
REVIT
1002
{
1070
     1
1000
452316
1002
}
1002
{
1070
     5
1000
398
1002
}
1002
{
1070
     2
1000
-2000011
1002
}
  0
LINE
  5
17C
330
70
100
AcDbEntity
  8
A-WALL
370
    25
100
AcDbLine
 10
18828.86123488271
 20
379.4756279565413
 30
0.0
 11
18828.86123488271
 21
419.4756279565578
 31
0.0
1001
REVIT
1002
{
1070
     1
1000
452316
1002
}
1002
{
1070
     5
1000
398
1002
}
1002
{
1070
     2
1000
-2000011
1002
}
  0
LINE
  5
17D
330
70
100
AcDbEntity
  8
A-WALL
370
    25
100
AcDbLine
 10
22589.83633701409
 20
619.4756279565456
 30
0.0
 11
22389.83633701409
 21
619.4756279565462
 31
0.0
1001
REVIT
1002
{
1070
     1
1000
453076
1002
}
1002
{
1070
     5
1000
398
1002
}
1002
{
1070
     2
1000
-2000011
1002
}
  0
LINE
  5
17E
330
70
100
AcDbEntity
  8
A-WALL
370
    25
100
AcDbLine
 10
22389.83633701409
 20
619.4756279565462
 30
0.0
 11
22389.83633701409
 21
419.4756279565462
 31
0.0
1001
REVIT
1002
{
1070
     1
1000
453076
1002
}
1002
{
1070
     5
1000
398
1002
}
1002
{
1070
     2
1000
-2000011
1002
}
  0
LINE
  5
180
330
70
100
AcDbEntity
  8
A-WALL
370
    25
100
AcDbLine
 10
21474.83633701409
 20
619.4756279565491
 30
0.0
 11
19028.86123488271
 21
619.4756279565572
 31
0.0
1001
REVIT
1002
{
1070
     1
1000
453076
1002
}
1002
{
1070
     5
1000
398
1002
}
1002
{
1070
     2
1000
-2000011
1002
}
  0
LINE
  5
182
330
70
100
AcDbEntity
  8
A-WALL
370
    25
100
AcDbLine
 10
18828.86123488271
 20
419.4756279565578
 30
0.0
 11
21249.83633701409
 21
419.47562795655
 31
0.0
1001
REVIT
1002
{
1070
     1
1000
453076
1002
}
1002
{
1070
     5
1000
398
1002
}
1002
{
1070
     2
1000
-2000011
1002
}
  0
LINE
  5
183
330
70
100
AcDbEntity
  8
A-WALL
370
    25
100
AcDbLine
 10
21449.83633701409
 20
419.4756279565494
 30
0.0
 11
21474.83633701409
 21
419.4756279565492
 31
0.0
1001
REVIT
1002
{
1070
     1
1000
453076
1002
}
1002
{
1070
     5
1000
398
1002
}
1002
{
1070
     2
1000
-2000011
1002
}
  0
LINE
  5
184
330
70
100
AcDbEntity
  8
A-WALL
370
    25
100
AcDbLine
 10
21474.83633701409
 20
419.4756279565492
 30
0.0
 11
21474.83633701409
 21
619.4756279565491
 31
0.0
1001
REVIT
1002
{
1070
     1
1000
453076
1002
}
1002
{
1070
     5
1000
398
1002
}
1002
{
1070
     2
1000
-2000011
1002
}
  0
INSERT
  5
18D
330
70
100
AcDbEntity
  8
A-DOOR
100
AcDbBlockReference
  2
M_Single-Flush - 0915 x 2134mm-469506-Level 1
 10
16170.60410138151
 20
-4023.024372043428
 30
0.0
 50
269.9999999999999
1001
REVIT
1002
{
1070
     1
1000
469325
1002
}
1002
{
1070
     5
1000
49480
1002
}
1002
{
1070
     2
1000
-2000023
1002
}
  0
INSERT
  5
196
330
70
100
AcDbEntity
  8
A-DOOR
100
AcDbBlockReference
  2
M_Single-Flush - 0915 x 2134mm-469677-Level 1
 10
14602.33633701412
 20
-6240.009811932395
 30
0.0
 50
180.0
1001
REVIT
1002
{
1070
     1
1000
470479
1002
}
1002
{
1070
     5
1000
49480
1002
}
1002
{
1070
     2
1000
-2000023
1002
}
  0
INSERT
  5
197
330
70
100
AcDbEntity
  8
A-DOOR
100
AcDbBlockReference
  2
M_Single-Flush - 0915 x 2134mm-469677-Level 1
 10
24048.86123488275
 20
-4982.509811932423
 30
0.0
 50
269.9999999999999
1001
REVIT
1002
{
1070
     1
1000
474048
1002
}
1002
{
1070
     5
1000
49480
1002
}
1002
{
1070
     2
1000
-2000023
1002
}
  0
INSERT
  5
198
330
70
100
AcDbEntity
  8
A-DOOR
100
AcDbBlockReference
  2
M_Single-Flush - 0915 x 2134mm-469506-Level 1
 10
23447.33633701408
 20
519.4756279565646
 30
0.0
 50
180.0
1001
REVIT
1002
{
1070
     1
1000
474550
1002
}
1002
{
1070
     5
1000
49480
1002
}
1002
{
1070
     2
1000
-2000023
1002
}
  0
INSERT
  5
199
330
70
100
AcDbEntity
  8
A-DOOR
100
AcDbBlockReference
  2
M_Single-Flush - 0915 x 2134mm-469677-Level 1
 10
21932.33633701409
 20
519.4756279565504
 30
0.0
1001
REVIT
1002
{
1070
     1
1000
474660
1002
}
1002
{
1070
     5
1000
49480
1002
}
1002
{
1070
     2
1000
-2000023
1002
}
  0
INSERT
  5
1A8
330
70
100
AcDbEntity
  8
Q-SPCQ
100
AcDbBlockReference
  2
M_Electric Lift-4 person wall based - Type 1-505162-Level 1
 10
17670.60410138151
 20
-2676.280825703389
 30
0.0
 50
89.99999999999991
1001
REVIT
1002
{
1070
     1
1000
505109
1002
}
1002
{
1070
     5
1000
504849
1002
}
1002
{
1070
     2
1000
-2001350
1002
}
  0
LINE
  5
1A9
330
70
100
AcDbEntity
  8
A-WALL
370
    25
100
AcDbLine
 10
22789.8363370141
 20
2754.475627956559
 30
0.0
 11
25449.83633701409
 21
2754.47562795655
 31
0.0
1001
REVIT
1002
{
1070
     1
1000
528377
1002
}
1002
{
1070
     5
1000
398
1002
}
1002
{
1070
     2
1000
-2000011
1002
}
  0
LINE
  5
1AB
330
70
100
AcDbEntity
  8
A-WALL
370
    25
100
AcDbLine
 10
25249.83633701409
 20
2954.475627956551
 30
0.0
 11
22589.8363370141
 21
2954.475627956559
 31
0.0
1001
REVIT
1002
{
1070
     1
1000
528377
1002
}
1002
{
1070
     5
1000
398
1002
}
1002
{
1070
     2
1000
-2000011
1002
}
  0
LINE
  5
1AC
330
70
100
AcDbEntity
  8
A-WALL
370
    25
100
AcDbLine
 10
25449.83633701409
 20
2754.47562795655
 30
0.0
 11
25449.8363370141
 21
7619.475627956546
 31
0.0
1001
REVIT
1002
{
1070
     1
1000
528440
1002
}
1002
{
1070
     5
1000
398
1002
}
1002
{
1070
     2
1000
-2000011
1002
}
  0
LINE
  5
1AD
330
70
100
AcDbEntity
  8
A-WALL
370
    25
100
AcDbLine
 10
25249.8363370141
 20
7619.475627956546
 30
0.0
 11
25249.83633701409
 21
2954.475627956551
 31
0.0
1001
REVIT
1002
{
1070
     1
1000
528440
1002
}
1002
{
1070
     5
1000
398
1002
}
1002
{
1070
     2
1000
-2000011
1002
}
  0
LINE
  5
1AE
330
70
100
AcDbEntity
  8
A-WALL
370
    25
100
AcDbLine
 10
22348.86123488277
 20
-7641.280825652748
 30
0.0
 11
24688.86123488273
 21
-7641.280825652756
 31
0.0
1001
REVIT
1002
{
1070
     1
1000
528952
1002
}
1002
{
1070
     5
1000
398
1002
}
1002
{
1070
     2
1000
-2000011
1002
}
  0
LINE
  5
1B0
330
70
100
AcDbEntity
  8
A-WALL
370
    25
100
AcDbLine
 10
24888.86123488273
 20
-7441.280825652755
 30
0.0
 11
22548.86123488277
 21
-7441.280825652748
 31
0.0
1001
REVIT
1002
{
1070
     1
1000
528952
1002
}
1002
{
1070
     5
1000
398
1002
}
1002
{
1070
     2
1000
-2000011
1002
}
  0
LINE
  5
1B2
330
70
100
AcDbEntity
  8
A-WALL
370
    25
100
AcDbLine
 10
24688.86123488273
 20
-7641.280825652756
 30
0.0
 11
24688.86123488273
 21
-12836.69078347321
 31
0.0
1001
REVIT
1002
{
1070
     1
1000
529010
1002
}
1002
{
1070
     5
1000
398
1002
}
1002
{
1070
     2
1000
-2000011
1002
}
  0
LINE
  5
1B3
330
70
100
AcDbEntity
  8
A-WALL
370
    25
100
AcDbLine
 10
24888.86123488273
 20
-12836.69078347321
 30
0.0
 11
24888.86123488273
 21
-7441.280825652755
 31
0.0
1001
REVIT
1002
{
1070
     1
1000
529010
1002
}
1002
{
1070
     5
1000
398
1002
}
1002
{
1070
     2
1000
-2000011
1002
}
  0
LINE
  5
1B4
330
70
100
AcDbEntity
  8
A-WALL
370
    25
100
AcDbLine
 10
22548.86123488277
 20
-7441.280825652748
 30
0.0
 11
22548.86123488277
 21
-6340.009811932417
 31
0.0
1001
REVIT
1002
{
1070
     1
1000
529478
1002
}
1002
{
1070
     5
1000
398
1002
}
1002
{
1070
     2
1000
-2000011
1002
}
  0
LINE
  5
1B5
330
70
100
AcDbEntity
  8
A-WALL
370
    25
100
AcDbLine
 10
22348.86123488277
 20
-6340.009811932414
 30
0.0
 11
22348.86123488277
 21
-7641.280825652748
 31
0.0
1001
REVIT
1002
{
1070
     1
1000
529478
1002
}
1002
{
1070
     5
1000
398
1002
}
1002
{
1070
     2
1000
-2000011
1002
}
  0
INSERT
  5
1B6
330
70
100
AcDbEntity
  8
A-DOOR
100
AcDbBlockReference
  2
M_Single-Flush - 0915 x 2134mm-469677-Level 1
 10
23308.86123488276
 20
-6240.009811932422
 30
0.0
 50
180.0
1001
REVIT
1002
{
1070
     1
1000
532254
1002
}
1002
{
1070
     5
1000
49480
1002
}
1002
{
1070
     2
1000
-2000023
1002
}
  0
LINE
  5
1B7
330
70
100
AcDbEntity
  8
A-WALL
370
    25
100
AcDbLine
 10
24148.86123488275
 20
-5960.009811932423
 30
0.0
 11
30068.86123488274
 21
-5960.009811932442
 31
0.0
1001
REVIT
1002
{
1070
     1
1000
535155
1002
}
1002
{
1070
     5
1000
398
1002
}
1002
{
1070
     2
1000
-2000011
1002
}
  0
LINE
  5
1B8
330
70
100
AcDbEntity
  8
A-WALL
370
    25
100
AcDbLine
 10
30068.86123488274
 20
-5760.009811932442
 30
0.0
 11
24148.86123488275
 21
-5760.009811932423
 31
0.0
1001
REVIT
1002
{
1070
     1
1000
535155
1002
}
1002
{
1070
     5
1000
398
1002
}
1002
{
1070
     2
1000
-2000011
1002
}
  0
LINE
  5
1B9
330
70
100
AcDbEntity
  8
A-WALL
370
    25
100
AcDbLine
 10
9628.86123488273
 20
79.99018806760183
 30
0.0
 11
9628.861234882721
 21
-5021.690783473207
 31
0.0
1001
REVIT
1002
{
1070
     1
1000
538876
1002
}
1002
{
1070
     5
1000
398
1002
}
1002
{
1070
     2
1000
-2000011
1002
}
  0
LINE
  5
1BA
330
70
100
AcDbEntity
  8
A-WALL
370
    25
100
AcDbLine
 10
9628.861234882721
 20
-5021.690783473207
 30
0.0
 11
9828.861234882721
 21
-5021.690783473207
 31
0.0
1001
REVIT
1002
{
1070
     1
1000
538876
1002
}
1002
{
1070
     5
1000
398
1002
}
1002
{
1070
     2
1000
-2000011
1002
}
  0
LINE
  5
1BB
330
70
100
AcDbEntity
  8
A-WALL
370
    25
100
AcDbLine
 10
9828.861234882721
 20
-5021.690783473207
 30
0.0
 11
9828.86123488273
 21
-1120.524372043437
 31
0.0
1001
REVIT
1002
{
1070
     1
1000
538876
1002
}
1002
{
1070
     5
1000
398
1002
}
1002
{
1070
     2
1000
-2000011
1002
}
  0
LINE
  5
1BC
330
70
100
AcDbEntity
  8
A-WALL
370
    25
100
AcDbLine
 10
9828.86123488273
 20
-920.5243720434371
 30
0.0
 11
9828.86123488273
 21
279.9901880676013
 31
0.0
1001
REVIT
1002
{
1070
     1
1000
538876
1002
}
1002
{
1070
     5
1000
398
1002
}
1002
{
1070
     2
1000
-2000011
1002
}
  0
LINE
  5
1BE
330
70
100
AcDbEntity
  8
A-WALL
370
    25
100
AcDbLine
 10
9628.86123488272
 20
-5936.690783473205
 30
0.0
 11
9628.861234882714
 21
-7920.009811932398
 31
0.0
1001
REVIT
1002
{
1070
     1
1000
538876
1002
}
1002
{
1070
     5
1000
398
1002
}
1002
{
1070
     2
1000
-2000011
1002
}
  0
LINE
  5
1C0
330
70
100
AcDbEntity
  8
A-WALL
370
    25
100
AcDbLine
 10
9828.861234882715
 20
-8120.009811932401
 30
0.0
 11
9828.861234882717
 21
-6336.690783473209
 31
0.0
1001
REVIT
1002
{
1070
     1
1000
538876
1002
}
1002
{
1070
     5
1000
398
1002
}
1002
{
1070
     2
1000
-2000011
1002
}
  0
LINE
  5
1C1
330
70
100
AcDbEntity
  8
A-WALL
370
    25
100
AcDbLine
 10
9828.861234882721
 20
-6136.690783473209
 30
0.0
 11
9828.861234882721
 21
-5936.690783473205
 31
0.0
1001
REVIT
1002
{
1070
     1
1000
538876
1002
}
1002
{
1070
     5
1000
398
1002
}
1002
{
1070
     2
1000
-2000011
1002
}
  0
LINE
  5
1C2
330
70
100
AcDbEntity
  8
A-WALL
370
    25
100
AcDbLine
 10
9828.861234882721
 20
-5936.690783473205
 30
0.0
 11
9628.86123488272
 21
-5936.690783473205
 31
0.0
1001
REVIT
1002
{
1070
     1
1000
538876
1002
}
1002
{
1070
     5
1000
398
1002
}
1002
{
1070
     2
1000
-2000011
1002
}
  0
LINE
  5
1C3
330
70
100
AcDbEntity
  8
A-AREA
100
AcDbLine
 10
16270.60410138151
 20
-4940.009811932392
 30
0.0
 11
16270.60410138151
 21
-6140.009811932396
 31
0.0
1001
REVIT
1002
{
1070
     1
1000
543095
1002
}
1002
{
1070
     2
1000
-2000051
1002
}
1002
{
1070
     3
1000
-2000066
1002
}
  0
LINE
  5
1C4
330
70
100
AcDbEntity
  8
A-WALL
370
    25
100
AcDbLine
 10
9628.861234882716
 20
-7920.009811932399
 30
0.0
 11
5043.716006985626
 21
-7920.009811932385
 31
0.0
1001
REVIT
1002
{
1070
     1
1000
549027
1002
}
1002
{
1070
     5
1000
398
1002
}
1002
{
1070
     2
1000
-2000011
1002
}
  0
LINE
  5
1C5
330
70
100
AcDbEntity
  8
A-WALL
370
    25
100
AcDbLine
 10
5043.716006985626
 20
-8120.009811932385
 30
0.0
 11
9828.861234882715
 21
-8120.009811932401
 31
0.0
1001
REVIT
1002
{
1070
     1
1000
549027
1002
}
1002
{
1070
     5
1000
398
1002
}
1002
{
1070
     2
1000
-2000011
1002
}
  0
LINE
  5
1C6
330
70
100
AcDbEntity
  8
A-WALL
370
    25
100
AcDbLine
 10
-4309.830423270677
 20
-5358.643997971551
 30
0.0
 11
-4309.830423270673
 21
-11188.64399797157
 31
0.0
1001
REVIT
1002
{
1070
     1
1000
558082
1002
}
1002
{
1070
     5
1000
398
1002
}
1002
{
1070
     2
1000
-2000011
1002
}
  0
LINE
  5
1C7
330
70
100
AcDbEntity
  8
A-WALL
370
    25
100
AcDbLine
 10
-4109.830423270672
 20
-11388.64399797157
 30
0.0
 11
-4109.830423270676
 21
-5358.643997971545
 31
0.0
1001
REVIT
1002
{
1070
     1
1000
558082
1002
}
1002
{
1070
     5
1000
398
1002
}
1002
{
1070
     2
1000
-2000011
1002
}
  0
LINE
  5
1C9
330
70
100
AcDbEntity
  8
A-WALL
370
    25
100
AcDbLine
 10
-4309.830423270673
 20
-11188.64399797157
 30
0.0
 11
-6530.344983381667
 21
-11188.64399797157
 31
0.0
1001
REVIT
1002
{
1070
     1
1000
558083
1002
}
1002
{
1070
     5
1000
398
1002
}
1002
{
1070
     2
1000
-2000011
1002
}
  0
LINE
  5
1CA
330
70
100
AcDbEntity
  8
A-WALL
370
    25
100
AcDbLine
 10
-6530.344983381667
 20
-11188.64399797157
 30
0.0
 11
-6530.344983381667
 21
-11189.16271293806
 31
0.0
1001
REVIT
1002
{
1070
     1
1000
558083
1002
}
1002
{
1070
     5
1000
398
1002
}
1002
{
1070
     2
1000
-2000011
1002
}
  0
LINE
  5
1CB
330
70
100
AcDbEntity
  8
A-WALL
370
    25
100
AcDbLine
 10
-6530.344983381667
 20
-11388.64399797157
 30
0.0
 11
-4109.830423270672
 21
-11388.64399797157
 31
0.0
1001
REVIT
1002
{
1070
     1
1000
558083
1002
}
1002
{
1070
     5
1000
398
1002
}
1002
{
1070
     2
1000
-2000011
1002
}
  0
LINE
  5
1CD
330
70
100
AcDbEntity
  8
A-WALL
370
    25
100
AcDbLine
 10
-6530.344983381667
 20
-11189.16271293806
 30
0.0
 11
-9814.830423270656
 21
-11189.16271293806
 31
0.0
1001
REVIT
1002
{
1070
     1
1000
558084
1002
}
1002
{
1070
     5
1000
398
1002
}
1002
{
1070
     2
1000
-2000011
1002
}
  0
LINE
  5
1CE
330
70
100
AcDbEntity
  8
A-WALL
370
    25
100
AcDbLine
 10
-10014.83042327065
 20
-11189.16271293806
 30
0.0
 11
-16014.83042327066
 21
-11189.16271293806
 31
0.0
1001
REVIT
1002
{
1070
     1
1000
558084
1002
}
1002
{
1070
     5
1000
398
1002
}
1002
{
1070
     2
1000
-2000011
1002
}
  0
LINE
  5
1CF
330
70
100
AcDbEntity
  8
A-WALL
370
    25
100
AcDbLine
 10
-16114.83042327067
 20
-11389.16271293807
 30
0.0
 11
-6530.344983381667
 21
-11389.16271293806
 31
0.0
1001
REVIT
1002
{
1070
     1
1000
558084
1002
}
1002
{
1070
     5
1000
398
1002
}
1002
{
1070
     2
1000
-2000011
1002
}
  0
LINE
  5
1D0
330
70
100
AcDbEntity
  8
A-WALL
370
    25
100
AcDbLine
 10
-6530.344983381667
 20
-11389.16271293806
 30
0.0
 11
-6530.344983381667
 21
-11388.64399797157
 31
0.0
1001
REVIT
1002
{
1070
     1
1000
558084
1002
}
1002
{
1070
     5
1000
398
1002
}
1002
{
1070
     2
1000
-2000011
1002
}
  0
LINE
  5
1D1
330
70
100
AcDbEntity
  8
A-WALL
370
    25
100
AcDbLine
 10
-16214.83042327066
 20
-11189.68142790462
 30
0.0
 11
-21985.64472592439
 21
-11189.68142790462
 31
0.0
1001
REVIT
1002
{
1070
     1
1000
558085
1002
}
1002
{
1070
     5
1000
398
1002
}
1002
{
1070
     2
1000
-2000011
1002
}
  0
LINE
  5
1D3
330
70
100
AcDbEntity
  8
A-WALL
370
    25
100
AcDbLine
 10
-22185.6447259244
 20
-11389.68142790462
 30
0.0
 11
-16114.83042327067
 21
-11389.68142790462
 31
0.0
1001
REVIT
1002
{
1070
     1
1000
558085
1002
}
1002
{
1070
     5
1000
398
1002
}
1002
{
1070
     2
1000
-2000011
1002
}
  0
LINE
  5
1D4
330
70
100
AcDbEntity
  8
A-WALL
370
    25
100
AcDbLine
 10
-16114.83042327067
 20
-11389.68142790462
 30
0.0
 11
-16114.83042327067
 21
-11389.16271293807
 31
0.0
1001
REVIT
1002
{
1070
     1
1000
558085
1002
}
1002
{
1070
     5
1000
398
1002
}
1002
{
1070
     2
1000
-2000011
1002
}
  0
LINE
  5
1D5
330
70
100
AcDbEntity
  8
A-WALL
370
    25
100
AcDbLine
 10
-13026.10143699097
 20
-1940.137815069363
 30
0.0
 11
-13026.10143699097
 21
520.8372870619816
 31
0.0
1001
REVIT
1002
{
1070
     1
1000
558086
1002
}
1002
{
1070
     5
1000
398
1002
}
1002
{
1070
     2
1000
-2000011
1002
}
  0
LINE
  5
1D7
330
70
100
AcDbEntity
  8
A-WALL
370
    25
100
AcDbLine
 10
-13226.10143699097
 20
720.8372870619817
 30
0.0
 11
-13226.10143699097
 21
-2140.137815069363
 31
0.0
1001
REVIT
1002
{
1070
     1
1000
558086
1002
}
1002
{
1070
     5
1000
398
1002
}
1002
{
1070
     2
1000
-2000011
1002
}
  0
LINE
  5
1D9
330
70
100
AcDbEntity
  8
A-WALL
370
    25
100
AcDbLine
 10
-23346.5113948114
 20
-4787.159971495605
 30
0.0
 11
-22185.64472592438
 21
-4787.159971495604
 31
0.0
1001
REVIT
1002
{
1070
     1
1000
558087
1002
}
1002
{
1070
     5
1000
398
1002
}
1002
{
1070
     2
1000
-2000011
1002
}
  0
LINE
  5
1DA
330
70
100
AcDbEntity
  8
A-WALL
370
    25
100
AcDbLine
 10
-21985.64472592438
 20
-4787.159971495604
 30
0.0
 11
-17123.97417218749
 21
-4787.159971495601
 31
0.0
1001
REVIT
1002
{
1070
     1
1000
558087
1002
}
1002
{
1070
     5
1000
398
1002
}
1002
{
1070
     2
1000
-2000011
1002
}
  0
LINE
  5
1DC
330
70
100
AcDbEntity
  8
A-WALL
370
    25
100
AcDbLine
 10
-17323.97417218749
 20
-4587.159971495601
 30
0.0
 11
-23146.5113948114
 21
-4587.159971495605
 31
0.0
1001
REVIT
1002
{
1070
     1
1000
558087
1002
}
1002
{
1070
     5
1000
398
1002
}
1002
{
1070
     2
1000
-2000011
1002
}
  0
LINE
  5
1DE
330
70
100
AcDbEntity
  8
A-WALL
370
    25
100
AcDbLine
 10
-23146.5113948114
 20
-4587.159971495604
 30
0.0
 11
-23146.5113948114
 21
1412.840028504415
 31
0.0
1001
REVIT
1002
{
1070
     1
1000
558088
1002
}
1002
{
1070
     5
1000
398
1002
}
1002
{
1070
     2
1000
-2000011
1002
}
  0
LINE
  5
1DF
330
70
100
AcDbEntity
  8
A-WALL
370
    25
100
AcDbLine
 10
-23346.5113948114
 20
1412.840028504416
 30
0.0
 11
-23346.5113948114
 21
-4787.159971495605
 31
0.0
1001
REVIT
1002
{
1070
     1
1000
558088
1002
}
1002
{
1070
     5
1000
398
1002
}
1002
{
1070
     2
1000
-2000011
1002
}
  0
LINE
  5
1E0
330
70
100
AcDbEntity
  8
A-WALL
370
    25
100
AcDbLine
 10
-16013.97417218749
 20
-4859.162712938019
 30
0.0
 11
-16013.97417218749
 21
-4630.661342216813
 31
0.0
1001
REVIT
1002
{
1070
     1
1000
558091
1002
}
1002
{
1070
     5
1000
398
1002
}
1002
{
1070
     2
1000
-2000011
1002
}
  0
LINE
  5
1E1
330
70
100
AcDbEntity
  8
A-WALL
370
    25
100
AcDbLine
 10
-16013.97417218749
 20
-4630.661342216813
 30
0.0
 11
-16213.97417218749
 21
-4630.661342216813
 31
0.0
1001
REVIT
1002
{
1070
     1
1000
558091
1002
}
1002
{
1070
     5
1000
398
1002
}
1002
{
1070
     2
1000
-2000011
1002
}
  0
LINE
  5
1E2
330
70
100
AcDbEntity
  8
A-WALL
370
    25
100
AcDbLine
 10
-16213.97417218749
 20
-4630.661342216813
 30
0.0
 11
-16213.97417218749
 21
-5059.162712938018
 31
0.0
1001
REVIT
1002
{
1070
     1
1000
558091
1002
}
1002
{
1070
     5
1000
398
1002
}
1002
{
1070
     2
1000
-2000011
1002
}
  0
LINE
  5
1E3
330
70
100
AcDbEntity
  8
A-WALL
370
    25
100
AcDbLine
 10
-16013.97417218749
 20
-3715.661342216813
 30
0.0
 11
-16013.97417218748
 21
-1302.159971495608
 31
0.0
1001
REVIT
1002
{
1070
     1
1000
558091
1002
}
1002
{
1070
     5
1000
398
1002
}
1002
{
1070
     2
1000
-2000011
1002
}
  0
LINE
  5
1E4
330
70
100
AcDbEntity
  8
A-WALL
370
    25
100
AcDbLine
 10
-16013.97417218748
 20
-1302.159971495608
 30
0.0
 11
-16213.97417218748
 21
-1302.159971495608
 31
0.0
1001
REVIT
1002
{
1070
     1
1000
558091
1002
}
1002
{
1070
     5
1000
398
1002
}
1002
{
1070
     2
1000
-2000011
1002
}
  0
LINE
  5
1E5
330
70
100
AcDbEntity
  8
A-WALL
370
    25
100
AcDbLine
 10
-16213.97417218748
 20
-1302.159971495608
 30
0.0
 11
-16213.97417218748
 21
-3287.159971495604
 31
0.0
1001
REVIT
1002
{
1070
     1
1000
558091
1002
}
1002
{
1070
     5
1000
398
1002
}
1002
{
1070
     2
1000
-2000011
1002
}
  0
LINE
  5
1E6
330
70
100
AcDbEntity
  8
A-WALL
370
    25
100
AcDbLine
 10
-16213.97417218749
 20
-3487.159971495604
 30
0.0
 11
-16213.97417218749
 21
-3715.661342216813
 31
0.0
1001
REVIT
1002
{
1070
     1
1000
558091
1002
}
1002
{
1070
     5
1000
398
1002
}
1002
{
1070
     2
1000
-2000011
1002
}
  0
LINE
  5
1E7
330
70
100
AcDbEntity
  8
A-WALL
370
    25
100
AcDbLine
 10
-16213.97417218749
 20
-3715.661342216813
 30
0.0
 11
-16013.97417218749
 21
-3715.661342216813
 31
0.0
1001
REVIT
1002
{
1070
     1
1000
558091
1002
}
1002
{
1070
     5
1000
398
1002
}
1002
{
1070
     2
1000
-2000011
1002
}
  0
LINE
  5
1E8
330
70
100
AcDbEntity
  8
A-WALL
370
    25
100
AcDbLine
 10
-16013.97417218748
 20
-387.1599714956081
 30
0.0
 11
-16013.97417218748
 21
112.8400285043923
 31
0.0
1001
REVIT
1002
{
1070
     1
1000
558091
1002
}
1002
{
1070
     5
1000
398
1002
}
1002
{
1070
     2
1000
-2000011
1002
}
  0
LINE
  5
1EA
330
70
100
AcDbEntity
  8
A-WALL
370
    25
100
AcDbLine
 10
-16213.97417218748
 20
-87.15997149560678
 30
0.0
 11
-16213.97417218748
 21
-387.159971495608
 31
0.0
1001
REVIT
1002
{
1070
     1
1000
558091
1002
}
1002
{
1070
     5
1000
398
1002
}
1002
{
1070
     2
1000
-2000011
1002
}
  0
LINE
  5
1EB
330
70
100
AcDbEntity
  8
A-WALL
370
    25
100
AcDbLine
 10
-16213.97417218748
 20
-387.159971495608
 30
0.0
 11
-16013.97417218748
 21
-387.1599714956081
 31
0.0
1001
REVIT
1002
{
1070
     1
1000
558091
1002
}
1002
{
1070
     5
1000
398
1002
}
1002
{
1070
     2
1000
-2000011
1002
}
  0
LINE
  5
1EC
330
70
100
AcDbEntity
  8
A-WALL
370
    25
100
AcDbLine
 10
-16014.83042327066
 20
-5059.162712938018
 30
0.0
 11
-13289.83042327062
 21
-5059.162712938022
 31
0.0
1001
REVIT
1002
{
1070
     1
1000
558101
1002
}
1002
{
1070
     5
1000
398
1002
}
1002
{
1070
     2
1000
-2000011
1002
}
  0
LINE
  5
1ED
330
70
100
AcDbEntity
  8
A-WALL
370
    25
100
AcDbLine
 10
-13289.83042327062
 20
-5059.162712938022
 30
0.0
 11
-13289.83042327062
 21
-4859.162712938022
 31
0.0
1001
REVIT
1002
{
1070
     1
1000
558101
1002
}
1002
{
1070
     5
1000
398
1002
}
1002
{
1070
     2
1000
-2000011
1002
}
  0
LINE
  5
1EE
330
70
100
AcDbEntity
  8
A-WALL
370
    25
100
AcDbLine
 10
-13289.83042327062
 20
-4859.162712938022
 30
0.0
 11
-16013.97417218749
 21
-4859.162712938019
 31
0.0
1001
REVIT
1002
{
1070
     1
1000
558101
1002
}
1002
{
1070
     5
1000
398
1002
}
1002
{
1070
     2
1000
-2000011
1002
}
  0
LINE
  5
1F0
330
70
100
AcDbEntity
  8
A-WALL
370
    25
100
AcDbLine
 10
-12374.83042327062
 20
-5059.162712938023
 30
0.0
 11
-10014.83042327065
 21
-5059.162712938027
 31
0.0
1001
REVIT
1002
{
1070
     1
1000
558101
1002
}
1002
{
1070
     5
1000
398
1002
}
1002
{
1070
     2
1000
-2000011
1002
}
  0
LINE
  5
1F1
330
70
100
AcDbEntity
  8
A-WALL
370
    25
100
AcDbLine
 10
-9230.362910827167
 20
-4859.162712938029
 30
0.0
 11
-12374.83042327062
 21
-4859.162712938023
 31
0.0
1001
REVIT
1002
{
1070
     1
1000
558101
1002
}
1002
{
1070
     5
1000
398
1002
}
1002
{
1070
     2
1000
-2000011
1002
}
  0
LINE
  5
1F2
330
70
100
AcDbEntity
  8
A-WALL
370
    25
100
AcDbLine
 10
-12374.83042327062
 20
-4859.162712938023
 30
0.0
 11
-12374.83042327062
 21
-5059.162712938023
 31
0.0
1001
REVIT
1002
{
1070
     1
1000
558101
1002
}
1002
{
1070
     5
1000
398
1002
}
1002
{
1070
     2
1000
-2000011
1002
}
  0
LINE
  5
1F3
330
70
100
AcDbEntity
  8
A-WALL
370
    25
100
AcDbLine
 10
-10669.83042327066
 20
-1940.137815069364
 30
0.0
 11
-13026.10143699097
 21
-1940.137815069363
 31
0.0
1001
REVIT
1002
{
1070
     1
1000
558102
1002
}
1002
{
1070
     5
1000
398
1002
}
1002
{
1070
     2
1000
-2000011
1002
}
  0
LINE
  5
1F4
330
70
100
AcDbEntity
  8
A-WALL
370
    25
100
AcDbLine
 10
-13226.10143699097
 20
-2140.137815069363
 30
0.0
 11
-10669.83042327066
 21
-2140.137815069364
 31
0.0
1001
REVIT
1002
{
1070
     1
1000
558102
1002
}
1002
{
1070
     5
1000
398
1002
}
1002
{
1070
     2
1000
-2000011
1002
}
  0
LINE
  5
1F5
330
70
100
AcDbEntity
  8
A-WALL
370
    25
100
AcDbLine
 10
-9030.362910827165
 20
-3680.137815069379
 30
0.0
 11
-6095.344983381661
 21
-3680.137815069381
 31
0.0
1001
REVIT
1002
{
1070
     1
1000
558113
1002
}
1002
{
1070
     5
1000
398
1002
}
1002
{
1070
     2
1000
-2000011
1002
}
  0
LINE
  5
1F7
330
70
100
AcDbEntity
  8
A-WALL
370
    25
100
AcDbLine
 10
-5895.344983381662
 20
-3480.137815069381
 30
0.0
 11
-9030.362910827165
 21
-3480.13781506938
 31
0.0
1001
REVIT
1002
{
1070
     1
1000
558113
1002
}
1002
{
1070
     5
1000
398
1002
}
1002
{
1070
     2
1000
-2000011
1002
}
  0
LINE
  5
1F8
330
70
100
AcDbEntity
  8
A-WALL
370
    25
100
AcDbLine
 10
-10469.83042327065
 20
720.8372870619793
 30
0.0
 11
-13226.10143699097
 21
720.8372870619817
 31
0.0
1001
REVIT
1002
{
1070
     1
1000
558117
1002
}
1002
{
1070
     5
1000
398
1002
}
1002
{
1070
     2
1000
-2000011
1002
}
  0
LINE
  5
1F9
330
70
100
AcDbEntity
  8
A-WALL
370
    25
100
AcDbLine
 10
-13026.10143699097
 20
520.837287061982
 30
0.0
 11
-10669.83042327065
 21
520.8372870619795
 31
0.0
1001
REVIT
1002
{
1070
     1
1000
558117
1002
}
1002
{
1070
     5
1000
398
1002
}
1002
{
1070
     2
1000
-2000011
1002
}
  0
LINE
  5
1FA
330
70
100
AcDbEntity
  8
A-WALL
370
    25
100
AcDbLine
 10
-10469.83042327065
 20
700.837287061992
 30
0.0
 11
-10469.83042327065
 21
720.8372870619793
 31
0.0
1001
REVIT
1002
{
1070
     1
1000
558117
1002
}
1002
{
1070
     5
1000
398
1002
}
1002
{
1070
     2
1000
-2000011
1002
}
  0
LINE
  5
1FB
330
70
100
AcDbEntity
  8
A-WALL
370
    25
100
AcDbLine
 10
-10014.83042327065
 20
-5059.162712938027
 30
0.0
 11
-10014.83042327065
 21
-11189.16271293806
 31
0.0
1001
REVIT
1002
{
1070
     1
1000
558118
1002
}
1002
{
1070
     5
1000
398
1002
}
1002
{
1070
     2
1000
-2000011
1002
}
  0
LINE
  5
1FC
330
70
100
AcDbEntity
  8
A-WALL
370
    25
100
AcDbLine
 10
-9814.830423270656
 20
-11189.16271293806
 30
0.0
 11
-9814.830423270658
 21
-5059.162712938028
 31
0.0
1001
REVIT
1002
{
1070
     1
1000
558118
1002
}
1002
{
1070
     5
1000
398
1002
}
1002
{
1070
     2
1000
-2000011
1002
}
  0
LINE
  5
1FF
330
70
100
AcDbEntity
  8
A-WALL
370
    25
100
AcDbLine
 10
-10669.83042327065
 20
520.8372870619793
 30
0.0
 11
-10669.83042327066
 21
-1940.137815069364
 31
0.0
1001
REVIT
1002
{
1070
     1
1000
558120
1002
}
1002
{
1070
     5
1000
398
1002
}
1002
{
1070
     2
1000
-2000011
1002
}
  0
LINE
  5
200
330
70
100
AcDbEntity
  8
A-WALL
370
    25
100
AcDbLine
 10
-10669.83042327066
 20
-2140.137815069364
 30
0.0
 11
-10669.83042327066
 21
-2179.16271293802
 31
0.0
1001
REVIT
1002
{
1070
     1
1000
558120
1002
}
1002
{
1070
     5
1000
398
1002
}
1002
{
1070
     2
1000
-2000011
1002
}
  0
LINE
  5
201
330
70
100
AcDbEntity
  8
A-WALL
370
    25
100
AcDbLine
 10
-10669.83042327066
 20
-2179.16271293802
 30
0.0
 11
-10469.83042327066
 21
-2179.162712938021
 31
0.0
1001
REVIT
1002
{
1070
     1
1000
558120
1002
}
1002
{
1070
     5
1000
398
1002
}
1002
{
1070
     2
1000
-2000011
1002
}
  0
INSERT
  5
202
330
70
100
AcDbEntity
  8
A-DOOR
100
AcDbBlockReference
  2
M_Single-Flush - 0915 x 2134mm-469677-Level 1
 10
-12832.33042327062
 20
-4959.162712938025
 30
0.0
 50
180.0
1001
REVIT
1002
{
1070
     1
1000
558145
1002
}
1002
{
1070
     5
1000
49480
1002
}
1002
{
1070
     2
1000
-2000023
1002
}
  0
LINE
  5
203
330
70
100
AcDbEntity
  8
A-WALL
370
    25
100
AcDbLine
 10
-6095.344983381661
 20
-3680.137815069381
 30
0.0
 11
-6095.344983381665
 21
-5358.643997971548
 31
0.0
1001
REVIT
1002
{
1070
     1
1000
558159
1002
}
1002
{
1070
     5
1000
398
1002
}
1002
{
1070
     2
1000
-2000011
1002
}
  0
LINE
  5
205
330
70
100
AcDbEntity
  8
A-WALL
370
    25
100
AcDbLine
 10
-5895.344983381664
 20
-5158.643997971548
 30
0.0
 11
-5895.344983381662
 21
-3480.137815069381
 31
0.0
1001
REVIT
1002
{
1070
     1
1000
558159
1002
}
1002
{
1070
     5
1000
398
1002
}
1002
{
1070
     2
1000
-2000011
1002
}
  0
LINE
  5
206
330
70
100
AcDbEntity
  8
A-WALL
370
    25
100
AcDbLine
 10
-6095.344983381665
 20
-5358.643997971548
 30
0.0
 11
-4309.830423270677
 21
-5358.643997971551
 31
0.0
1001
REVIT
1002
{
1070
     1
1000
558160
1002
}
1002
{
1070
     5
1000
398
1002
}
1002
{
1070
     2
1000
-2000011
1002
}
  0
LINE
  5
208
330
70
100
AcDbEntity
  8
A-WALL
370
    25
100
AcDbLine
 10
-19089.83042327065
 20
7812.840028504405
 30
0.0
 11
-19089.83042327065
 21
8005.340028504409
 31
0.0
1001
REVIT
1002
{
1070
     1
1000
558180
1002
}
1002
{
1070
     5
1000
398
1002
}
1002
{
1070
     2
1000
-2000011
1002
}
  0
LINE
  5
209
330
70
100
AcDbEntity
  8
A-WALL
370
    25
100
AcDbLine
 10
-19089.83042327065
 20
8005.340028504409
 30
0.0
 11
-19289.83042327065
 21
8005.340028504409
 31
0.0
1001
REVIT
1002
{
1070
     1
1000
558180
1002
}
1002
{
1070
     5
1000
398
1002
}
1002
{
1070
     2
1000
-2000011
1002
}
  0
LINE
  5
20A
330
70
100
AcDbEntity
  8
A-WALL
370
    25
100
AcDbLine
 10
-19289.83042327065
 20
8005.340028504409
 30
0.0
 11
-19289.83042327065
 21
7812.840028504405
 31
0.0
1001
REVIT
1002
{
1070
     1
1000
558180
1002
}
1002
{
1070
     5
1000
398
1002
}
1002
{
1070
     2
1000
-2000011
1002
}
  0
LINE
  5
20B
330
70
100
AcDbEntity
  8
A-WALL
370
    25
100
AcDbLine
 10
-19089.83042327065
 20
8920.340028504408
 30
0.0
 11
-19089.83042327065
 21
9112.840028504406
 31
0.0
1001
REVIT
1002
{
1070
     1
1000
558180
1002
}
1002
{
1070
     5
1000
398
1002
}
1002
{
1070
     2
1000
-2000011
1002
}
  0
LINE
  5
20C
330
70
100
AcDbEntity
  8
A-WALL
370
    25
100
AcDbLine
 10
-19089.83042327065
 20
9312.840028504405
 30
0.0
 11
-19089.83042327063
 21
14340.837287062
 31
0.0
1001
REVIT
1002
{
1070
     1
1000
558180
1002
}
1002
{
1070
     5
1000
398
1002
}
1002
{
1070
     2
1000
-2000011
1002
}
  0
LINE
  5
20E
330
70
100
AcDbEntity
  8
A-WALL
370
    25
100
AcDbLine
 10
-19289.83042327064
 20
14540.837287062
 30
0.0
 11
-19289.83042327064
 21
14012.8400285044
 31
0.0
1001
REVIT
1002
{
1070
     1
1000
558180
1002
}
1002
{
1070
     5
1000
398
1002
}
1002
{
1070
     2
1000
-2000011
1002
}
  0
LINE
  5
20F
330
70
100
AcDbEntity
  8
A-WALL
370
    25
100
AcDbLine
 10
-19289.83042327064
 20
13812.8400285044
 30
0.0
 11
-19289.83042327065
 21
8920.340028504408
 31
0.0
1001
REVIT
1002
{
1070
     1
1000
558180
1002
}
1002
{
1070
     5
1000
398
1002
}
1002
{
1070
     2
1000
-2000011
1002
}
  0
LINE
  5
210
330
70
100
AcDbEntity
  8
A-WALL
370
    25
100
AcDbLine
 10
-19289.83042327065
 20
8920.340028504408
 30
0.0
 11
-19089.83042327065
 21
8920.340028504408
 31
0.0
1001
REVIT
1002
{
1070
     1
1000
558180
1002
}
1002
{
1070
     5
1000
398
1002
}
1002
{
1070
     2
1000
-2000011
1002
}
  0
LINE
  5
211
330
70
100
AcDbEntity
  8
A-WALL
370
    25
100
AcDbLine
 10
12159.83633701411
 20
-6336.690783473216
 30
0.0
 11
12159.8363370141
 21
-12836.69078347319
 31
0.0
1001
REVIT
1002
{
1070
     1
1000
559238
1002
}
1002
{
1070
     5
1000
398
1002
}
1002
{
1070
     2
1000
-2000011
1002
}
  0
LINE
  5
212
330
70
100
AcDbEntity
  8
A-WALL
370
    25
100
AcDbLine
 10
12359.8363370141
 20
-12836.69078347319
 30
0.0
 11
12359.83633701411
 21
-6340.009811932385
 31
0.0
1001
REVIT
1002
{
1070
     1
1000
559238
1002
}
1002
{
1070
     5
1000
398
1002
}
1002
{
1070
     2
1000
-2000011
1002
}
  0
LINE
  5
213
330
70
100
AcDbEntity
  8
A-WALL
370
    25
100
AcDbLine
 10
12359.83633701411
 20
-6140.009811932385
 30
0.0
 11
12359.83633701411
 21
-6136.690783473217
 31
0.0
1001
REVIT
1002
{
1070
     1
1000
559238
1002
}
1002
{
1070
     5
1000
398
1002
}
1002
{
1070
     2
1000
-2000011
1002
}
  0
LINE
  5
215
330
70
100
AcDbEntity
  8
A-WALL
370
    25
100
AcDbLine
 10
9828.86123488273
 20
279.9901880676012
 30
0.0
 11
5043.71600698564
 21
279.9901880676165
 31
0.0
1001
REVIT
1002
{
1070
     1
1000
562182
1002
}
1002
{
1070
     5
1000
398
1002
}
1002
{
1070
     2
1000
-2000011
1002
}
  0
LINE
  5
217
330
70
100
AcDbEntity
  8
A-WALL
370
    25
100
AcDbLine
 10
5043.71600698564
 20
79.99018806761649
 30
0.0
 11
9628.86123488273
 21
79.99018806760179
 31
0.0
1001
REVIT
1002
{
1070
     1
1000
562182
1002
}
1002
{
1070
     5
1000
398
1002
}
1002
{
1070
     2
1000
-2000011
1002
}
  0
LINE
  5
218
330
70
100
AcDbEntity
  8
A-WALL
370
    25
100
AcDbLine
 10
-13726.10143699096
 20
14540.83728706198
 30
0.0
 11
-19289.83042327064
 21
14540.837287062
 31
0.0
1001
REVIT
1002
{
1070
     1
1000
575650
1002
}
1002
{
1070
     5
1000
398
1002
}
1002
{
1070
     2
1000
-2000011
1002
}
  0
LINE
  5
219
330
70
100
AcDbEntity
  8
A-WALL
370
    25
100
AcDbLine
 10
-19089.83042327063
 20
14340.837287062
 30
0.0
 11
-13926.10143699096
 21
14340.83728706199
 31
0.0
1001
REVIT
1002
{
1070
     1
1000
575650
1002
}
1002
{
1070
     5
1000
398
1002
}
1002
{
1070
     2
1000
-2000011
1002
}
  0
LINE
  5
21B
330
70
100
AcDbEntity
  8
A-WALL
370
    25
100
AcDbLine
 10
9828.861234882717
 20
-6336.690783473209
 30
0.0
 11
11044.83633701411
 21
-6336.690783473213
 31
0.0
1001
REVIT
1002
{
1070
     1
1000
586922
1002
}
1002
{
1070
     5
1000
398
1002
}
1002
{
1070
     2
1000
-2000011
1002
}
  0
LINE
  5
21C
330
70
100
AcDbEntity
  8
A-WALL
370
    25
100
AcDbLine
 10
11044.83633701411
 20
-6336.690783473213
 30
0.0
 11
11044.83633701411
 21
-6136.690783473213
 31
0.0
1001
REVIT
1002
{
1070
     1
1000
586922
1002
}
1002
{
1070
     5
1000
398
1002
}
1002
{
1070
     2
1000
-2000011
1002
}
  0
LINE
  5
21D
330
70
100
AcDbEntity
  8
A-WALL
370
    25
100
AcDbLine
 10
11044.83633701411
 20
-6136.690783473213
 30
0.0
 11
9828.861234882717
 21
-6136.690783473209
 31
0.0
1001
REVIT
1002
{
1070
     1
1000
586922
1002
}
1002
{
1070
     5
1000
398
1002
}
1002
{
1070
     2
1000
-2000011
1002
}
  0
LINE
  5
21E
330
70
100
AcDbEntity
  8
A-WALL
370
    25
100
AcDbLine
 10
11959.83633701411
 20
-6336.690783473216
 30
0.0
 11
12159.83633701411
 21
-6336.690783473216
 31
0.0
1001
REVIT
1002
{
1070
     1
1000
586922
1002
}
1002
{
1070
     5
1000
398
1002
}
1002
{
1070
     2
1000
-2000011
1002
}
  0
LINE
  5
21F
330
70
100
AcDbEntity
  8
A-WALL
370
    25
100
AcDbLine
 10
12359.83633701411
 20
-6136.690783473217
 30
0.0
 11
11959.83633701411
 21
-6136.690783473216
 31
0.0
1001
REVIT
1002
{
1070
     1
1000
586922
1002
}
1002
{
1070
     5
1000
398
1002
}
1002
{
1070
     2
1000
-2000011
1002
}
  0
LINE
  5
220
330
70
100
AcDbEntity
  8
A-WALL
370
    25
100
AcDbLine
 10
11959.83633701411
 20
-6136.690783473216
 30
0.0
 11
11959.83633701411
 21
-6336.690783473216
 31
0.0
1001
REVIT
1002
{
1070
     1
1000
586922
1002
}
1002
{
1070
     5
1000
398
1002
}
1002
{
1070
     2
1000
-2000011
1002
}
  0
LINE
  5
221
330
70
100
AcDbEntity
  8
A-WALL
370
    25
100
AcDbLine
 10
-4109.830423270678
 20
-5358.643997971547
 30
0.0
 11
-2160.344983381677
 21
-5358.643997971551
 31
0.0
1001
REVIT
1002
{
1070
     1
1000
590947
1002
}
1002
{
1070
     5
1000
398
1002
}
1002
{
1070
     2
1000
-2000011
1002
}
  0
LINE
  5
222
330
70
100
AcDbEntity
  8
A-WALL
370
    25
100
AcDbLine
 10
-2360.344983381676
 20
-5158.643997971552
 30
0.0
 11
-5895.344983381667
 21
-5158.643997971548
 31
0.0
1001
REVIT
1002
{
1070
     1
1000
590947
1002
}
1002
{
1070
     5
1000
398
1002
}
1002
{
1070
     2
1000
-2000011
1002
}
  0
LINE
  5
223
330
70
100
AcDbEntity
  8
A-WALL
370
    25
100
AcDbLine
 10
-25701.43694956354
 20
14012.84002850442
 30
0.0
 11
-25701.43694956355
 21
7612.840028504425
 31
0.0
1001
REVIT
1002
{
1070
     1
1000
593886
1002
}
1002
{
1070
     5
1000
398
1002
}
1002
{
1070
     2
1000
-2000011
1002
}
  0
LINE
  5
225
330
70
100
AcDbEntity
  8
A-WALL
370
    25
100
AcDbLine
 10
-25501.43694956355
 20
7812.840028504425
 30
0.0
 11
-25501.43694956354
 21
13812.84002850442
 31
0.0
1001
REVIT
1002
{
1070
     1
1000
593886
1002
}
1002
{
1070
     5
1000
398
1002
}
1002
{
1070
     2
1000
-2000011
1002
}
  0
LINE
  5
226
330
70
100
AcDbEntity
  8
A-WALL
370
    25
100
AcDbLine
 10
-25701.43694956355
 20
7612.840028504425
 30
0.0
 11
-24523.97417218748
 21
7612.840028504422
 31
0.0
1001
REVIT
1002
{
1070
     1
1000
594241
1002
}
1002
{
1070
     5
1000
398
1002
}
1002
{
1070
     2
1000
-2000011
1002
}
  0
LINE
  5
227
330
70
100
AcDbEntity
  8
A-WALL
370
    25
100
AcDbLine
 10
-24323.97417218748
 20
7612.840028504421
 30
0.0
 11
-18123.97417218747
 21
7612.840028504402
 31
0.0
1001
REVIT
1002
{
1070
     1
1000
594241
1002
}
1002
{
1070
     5
1000
398
1002
}
1002
{
1070
     2
1000
-2000011
1002
}
  0
LINE
  5
228
330
70
100
AcDbEntity
  8
A-WALL
370
    25
100
AcDbLine
 10
-17923.97417218747
 20
7812.840028504401
 30
0.0
 11
-19089.83042327065
 21
7812.840028504405
 31
0.0
1001
REVIT
1002
{
1070
     1
1000
594241
1002
}
1002
{
1070
     5
1000
398
1002
}
1002
{
1070
     2
1000
-2000011
1002
}
  0
LINE
  5
229
330
70
100
AcDbEntity
  8
A-WALL
370
    25
100
AcDbLine
 10
-19289.83042327065
 20
7812.840028504405
 30
0.0
 11
-25501.43694956355
 21
7812.840028504425
 31
0.0
1001
REVIT
1002
{
1070
     1
1000
594241
1002
}
1002
{
1070
     5
1000
398
1002
}
1002
{
1070
     2
1000
-2000011
1002
}
  0
LINE
  5
22A
330
70
100
AcDbEntity
  8
A-WALL
370
    25
100
AcDbLine
 10
-19289.83042327064
 20
14012.8400285044
 30
0.0
 11
-25701.43694956354
 21
14012.84002850442
 31
0.0
1001
REVIT
1002
{
1070
     1
1000
594449
1002
}
1002
{
1070
     5
1000
398
1002
}
1002
{
1070
     2
1000
-2000011
1002
}
  0
LINE
  5
22C
330
70
100
AcDbEntity
  8
A-WALL
370
    25
100
AcDbLine
 10
-25501.43694956354
 20
13812.84002850442
 30
0.0
 11
-19289.83042327064
 21
13812.8400285044
 31
0.0
1001
REVIT
1002
{
1070
     1
1000
594449
1002
}
1002
{
1070
     5
1000
398
1002
}
1002
{
1070
     2
1000
-2000011
1002
}
  0
LINE
  5
22D
330
70
100
AcDbEntity
  8
A-WALL
370
    25
100
AcDbLine
 10
-24523.97417218748
 20
7612.840028504422
 30
0.0
 11
-24523.97417218749
 21
1412.840028504418
 31
0.0
1001
REVIT
1002
{
1070
     1
1000
595252
1002
}
1002
{
1070
     5
1000
398
1002
}
1002
{
1070
     2
1000
-2000011
1002
}
  0
LINE
  5
22F
330
70
100
AcDbEntity
  8
A-WALL
370
    25
100
AcDbLine
 10
-24323.97417218749
 20
1612.840028504419
 30
0.0
 11
-24323.97417218748
 21
7612.840028504422
 31
0.0
1001
REVIT
1002
{
1070
     1
1000
595252
1002
}
1002
{
1070
     5
1000
398
1002
}
1002
{
1070
     2
1000
-2000011
1002
}
  0
LINE
  5
230
330
70
100
AcDbEntity
  8
A-WALL
370
    25
100
AcDbLine
 10
-24523.97417218749
 20
1412.840028504418
 30
0.0
 11
-23346.5113948114
 21
1412.840028504416
 31
0.0
1001
REVIT
1002
{
1070
     1
1000
595395
1002
}
1002
{
1070
     5
1000
398
1002
}
1002
{
1070
     2
1000
-2000011
1002
}
  0
LINE
  5
231
330
70
100
AcDbEntity
  8
A-WALL
370
    25
100
AcDbLine
 10
-23146.5113948114
 20
1412.840028504415
 30
0.0
 11
-18123.97417218748
 21
1412.8400285044
 31
0.0
1001
REVIT
1002
{
1070
     1
1000
595395
1002
}
1002
{
1070
     5
1000
398
1002
}
1002
{
1070
     2
1000
-2000011
1002
}
  0
LINE
  5
232
330
70
100
AcDbEntity
  8
A-WALL
370
    25
100
AcDbLine
 10
-18123.97417218748
 20
1612.8400285044
 30
0.0
 11
-24323.97417218749
 21
1612.840028504419
 31
0.0
1001
REVIT
1002
{
1070
     1
1000
595395
1002
}
1002
{
1070
     5
1000
398
1002
}
1002
{
1070
     2
1000
-2000011
1002
}
  0
LINE
  5
233
330
70
100
AcDbEntity
  8
A-WALL
370
    25
100
AcDbLine
 10
-19089.83042327065
 20
9112.840028504406
 30
0.0
 11
-16623.97417218747
 21
9112.840028504399
 31
0.0
1001
REVIT
1002
{
1070
     1
1000
597204
1002
}
1002
{
1070
     5
1000
398
1002
}
1002
{
1070
     2
1000
-2000011
1002
}
  0
LINE
  5
234
330
70
100
AcDbEntity
  8
A-WALL
370
    25
100
AcDbLine
 10
-16423.97417218747
 20
9312.840028504398
 30
0.0
 11
-19089.83042327065
 21
9312.840028504405
 31
0.0
1001
REVIT
1002
{
1070
     1
1000
597204
1002
}
1002
{
1070
     5
1000
398
1002
}
1002
{
1070
     2
1000
-2000011
1002
}
  0
LINE
  5
235
330
70
100
AcDbEntity
  8
A-WALL
370
    25
100
AcDbLine
 10
-18123.97417218747
 20
7612.840028504402
 30
0.0
 11
-18123.97417218748
 21
2627.840028504405
 31
0.0
1001
REVIT
1002
{
1070
     1
1000
598308
1002
}
1002
{
1070
     5
1000
398
1002
}
1002
{
1070
     2
1000
-2000011
1002
}
  0
LINE
  5
236
330
70
100
AcDbEntity
  8
A-WALL
370
    25
100
AcDbLine
 10
-18123.97417218748
 20
2627.840028504405
 30
0.0
 11
-17923.97417218748
 21
2627.840028504405
 31
0.0
1001
REVIT
1002
{
1070
     1
1000
598308
1002
}
1002
{
1070
     5
1000
398
1002
}
1002
{
1070
     2
1000
-2000011
1002
}
  0
LINE
  5
237
330
70
100
AcDbEntity
  8
A-WALL
370
    25
100
AcDbLine
 10
-17923.97417218748
 20
2627.840028504405
 30
0.0
 11
-17923.97417218747
 21
7812.840028504401
 31
0.0
1001
REVIT
1002
{
1070
     1
1000
598308
1002
}
1002
{
1070
     5
1000
398
1002
}
1002
{
1070
     2
1000
-2000011
1002
}
  0
LINE
  5
239
330
70
100
AcDbEntity
  8
A-WALL
370
    25
100
AcDbLine
 10
-18123.97417218748
 20
1712.840028504405
 30
0.0
 11
-18123.97417218748
 21
1612.8400285044
 31
0.0
1001
REVIT
1002
{
1070
     1
1000
598308
1002
}
1002
{
1070
     5
1000
398
1002
}
1002
{
1070
     2
1000
-2000011
1002
}
  0
LINE
  5
23A
330
70
100
AcDbEntity
  8
A-WALL
370
    25
100
AcDbLine
 10
-18123.97417218748
 20
1412.8400285044
 30
0.0
 11
-18123.97417218749
 21
-87.15997149560116
 31
0.0
1001
REVIT
1002
{
1070
     1
1000
598308
1002
}
1002
{
1070
     5
1000
398
1002
}
1002
{
1070
     2
1000
-2000011
1002
}
  0
LINE
  5
23C
330
70
100
AcDbEntity
  8
A-WALL
370
    25
100
AcDbLine
 10
-17923.97417218748
 20
112.8400285043988
 30
0.0
 11
-17923.97417218748
 21
1712.840028504405
 31
0.0
1001
REVIT
1002
{
1070
     1
1000
598308
1002
}
1002
{
1070
     5
1000
398
1002
}
1002
{
1070
     2
1000
-2000011
1002
}
  0
LINE
  5
23D
330
70
100
AcDbEntity
  8
A-WALL
370
    25
100
AcDbLine
 10
-17923.97417218748
 20
1712.840028504405
 30
0.0
 11
-18123.97417218748
 21
1712.840028504405
 31
0.0
1001
REVIT
1002
{
1070
     1
1000
598308
1002
}
1002
{
1070
     5
1000
398
1002
}
1002
{
1070
     2
1000
-2000011
1002
}
  0
LINE
  5
23E
330
70
100
AcDbEntity
  8
A-WALL
370
    25
100
AcDbLine
 10
-7730.344983381636
 20
7340.83728706197
 30
0.0
 11
-7730.344983381645
 21
2200.837287061982
 31
0.0
1001
REVIT
1002
{
1070
     1
1000
601150
1002
}
1002
{
1070
     5
1000
398
1002
}
1002
{
1070
     2
1000
-2000011
1002
}
  0
LINE
  5
23F
330
70
100
AcDbEntity
  8
A-WALL
370
    25
100
AcDbLine
 10
-7530.344983381644
 20
2200.837287061981
 30
0.0
 11
-7530.344983381633
 21
9340.837287061969
 31
0.0
1001
REVIT
1002
{
1070
     1
1000
601150
1002
}
1002
{
1070
     5
1000
398
1002
}
1002
{
1070
     2
1000
-2000011
1002
}
  0
LINE
  5
240
330
70
100
AcDbEntity
  8
A-WALL
370
    25
100
AcDbLine
 10
-18123.97417218749
 20
-87.15997149560116
 30
0.0
 11
-16213.97417218748
 21
-87.15997149560676
 31
0.0
1001
REVIT
1002
{
1070
     1
1000
601953
1002
}
1002
{
1070
     5
1000
398
1002
}
1002
{
1070
     2
1000
-2000011
1002
}
  0
LINE
  5
241
330
70
100
AcDbEntity
  8
A-WALL
370
    25
100
AcDbLine
 10
-16013.97417218748
 20
112.8400285043923
 30
0.0
 11
-17923.97417218749
 21
112.8400285043988
 31
0.0
1001
REVIT
1002
{
1070
     1
1000
601953
1002
}
1002
{
1070
     5
1000
398
1002
}
1002
{
1070
     2
1000
-2000011
1002
}
  0
LINE
  5
242
330
70
100
AcDbEntity
  8
A-WALL
370
    25
100
AcDbLine
 10
-16423.97417218749
 20
2200.837287062006
 30
0.0
 11
-16423.97417218748
 21
4500.837287061997
 31
0.0
1001
REVIT
1002
{
1070
     1
1000
602155
1002
}
1002
{
1070
     5
1000
398
1002
}
1002
{
1070
     2
1000
-2000011
1002
}
  0
LINE
  5
243
330
70
100
AcDbEntity
  8
A-WALL
370
    25
100
AcDbLine
 10
-16423.97417218748
 20
4700.837287061997
 30
0.0
 11
-16423.97417218747
 21
7997.8400285044
 31
0.0
1001
REVIT
1002
{
1070
     1
1000
602155
1002
}
1002
{
1070
     5
1000
398
1002
}
1002
{
1070
     2
1000
-2000011
1002
}
  0
LINE
  5
244
330
70
100
AcDbEntity
  8
A-WALL
370
    25
100
AcDbLine
 10
-16423.97417218747
 20
7997.8400285044
 30
0.0
 11
-16623.97417218747
 21
7997.8400285044
 31
0.0
1001
REVIT
1002
{
1070
     1
1000
602155
1002
}
1002
{
1070
     5
1000
398
1002
}
1002
{
1070
     2
1000
-2000011
1002
}
  0
LINE
  5
245
330
70
100
AcDbEntity
  8
A-WALL
370
    25
100
AcDbLine
 10
-16623.97417218747
 20
7997.8400285044
 30
0.0
 11
-16623.97417218749
 21
2000.837287062007
 31
0.0
1001
REVIT
1002
{
1070
     1
1000
602155
1002
}
1002
{
1070
     5
1000
398
1002
}
1002
{
1070
     2
1000
-2000011
1002
}
  0
LINE
  5
246
330
70
100
AcDbEntity
  8
A-WALL
370
    25
100
AcDbLine
 10
-16423.97417218747
 20
8912.840028504398
 30
0.0
 11
-16423.97417218747
 21
9312.840028504398
 31
0.0
1001
REVIT
1002
{
1070
     1
1000
602155
1002
}
1002
{
1070
     5
1000
398
1002
}
1002
{
1070
     2
1000
-2000011
1002
}
  0
LINE
  5
248
330
70
100
AcDbEntity
  8
A-WALL
370
    25
100
AcDbLine
 10
-16623.97417218747
 20
9112.840028504399
 30
0.0
 11
-16623.97417218747
 21
8912.840028504399
 31
0.0
1001
REVIT
1002
{
1070
     1
1000
602155
1002
}
1002
{
1070
     5
1000
398
1002
}
1002
{
1070
     2
1000
-2000011
1002
}
  0
LINE
  5
249
330
70
100
AcDbEntity
  8
A-WALL
370
    25
100
AcDbLine
 10
-16623.97417218747
 20
8912.840028504399
 30
0.0
 11
-16423.97417218747
 21
8912.840028504398
 31
0.0
1001
REVIT
1002
{
1070
     1
1000
602155
1002
}
1002
{
1070
     5
1000
398
1002
}
1002
{
1070
     2
1000
-2000011
1002
}
  0
LINE
  5
24A
330
70
100
AcDbEntity
  8
A-WALL
370
    25
100
AcDbLine
 10
-16214.83042327066
 20
-5059.162712938018
 30
0.0
 11
-16214.83042327066
 21
-11189.68142790462
 31
0.0
1001
REVIT
1002
{
1070
     1
1000
604087
1002
}
1002
{
1070
     5
1000
398
1002
}
1002
{
1070
     2
1000
-2000011
1002
}
  0
LINE
  5
24B
330
70
100
AcDbEntity
  8
A-WALL
370
    25
100
AcDbLine
 10
-16014.83042327066
 20
-11189.16271293806
 30
0.0
 11
-16014.83042327066
 21
-5059.162712938018
 31
0.0
1001
REVIT
1002
{
1070
     1
1000
604087
1002
}
1002
{
1070
     5
1000
398
1002
}
1002
{
1070
     2
1000
-2000011
1002
}
  0
LINE
  5
24C
330
70
100
AcDbEntity
  8
A-WALL
370
    25
100
AcDbLine
 10
-16213.97417218749
 20
-5059.162712938018
 30
0.0
 11
-16214.83042327066
 21
-5059.162712938018
 31
0.0
1001
REVIT
1002
{
1070
     1
1000
604087
1002
}
1002
{
1070
     5
1000
398
1002
}
1002
{
1070
     2
1000
-2000011
1002
}
  0
LINE
  5
24D
330
70
100
AcDbEntity
  8
A-WALL
370
    25
100
AcDbLine
 10
-21985.64472592439
 20
-11189.68142790462
 30
0.0
 11
-21985.64472592438
 21
-4787.159971495603
 31
0.0
1001
REVIT
1002
{
1070
     1
1000
605969
1002
}
1002
{
1070
     5
1000
398
1002
}
1002
{
1070
     2
1000
-2000011
1002
}
  0
LINE
  5
24E
330
70
100
AcDbEntity
  8
A-WALL
370
    25
100
AcDbLine
 10
-22185.64472592438
 20
-4787.159971495604
 30
0.0
 11
-22185.6447259244
 21
-11389.68142790462
 31
0.0
1001
REVIT
1002
{
1070
     1
1000
605969
1002
}
1002
{
1070
     5
1000
398
1002
}
1002
{
1070
     2
1000
-2000011
1002
}
  0
LINE
  5
24F
330
70
100
AcDbEntity
  8
A-WALL
370
    25
100
AcDbLine
 10
-7730.344983381636
 20
7540.83728706197
 30
0.0
 11
-13726.10143699096
 21
7540.837287061989
 31
0.0
1001
REVIT
1002
{
1070
     1
1000
607002
1002
}
1002
{
1070
     5
1000
398
1002
}
1002
{
1070
     2
1000
-2000011
1002
}
  0
LINE
  5
250
330
70
100
AcDbEntity
  8
A-WALL
370
    25
100
AcDbLine
 10
-13726.10143699096
 20
7340.83728706199
 30
0.0
 11
-7730.344983381636
 21
7340.83728706197
 31
0.0
1001
REVIT
1002
{
1070
     1
1000
607002
1002
}
1002
{
1070
     5
1000
398
1002
}
1002
{
1070
     2
1000
-2000011
1002
}
  0
LINE
  5
251
330
70
100
AcDbEntity
  8
S-STRS-MBND
100
AcDbLine
 10
-13226.10143699096
 20
699.8621849306358
 30
0.0
 11
-13276.10143699096
 21
699.8621849306358
 31
0.0
1001
REVIT
1002
{
1070
     1
1000
609537
1002
}
1002
{
1070
     5
1000
609549
1002
}
1002
{
1070
     2
1000
-2000120
1002
}
1002
{
1070
     3
1000
-2000124
1002
}
  0
LINE
  5
252
330
70
100
AcDbEntity
  8
S-STRS-MBND
100
AcDbLine
 10
-13226.10143699097
 20
-2171.159356379133
 30
0.0
 11
-13226.10143699096
 21
699.8621849306364
 31
0.0
1001
REVIT
1002
{
1070
     1
1000
609537
1002
}
1002
{
1070
     5
1000
609549
1002
}
1002
{
1070
     2
1000
-2000120
1002
}
1002
{
1070
     3
1000
-2000124
1002
}
  0
LINE
  5
253
330
70
100
AcDbEntity
  8
S-STRS-MBND
100
AcDbLine
 10
-13276.10143699097
 20
-2171.159356379133
 30
0.0
 11
-13276.10143699096
 21
699.8621849306364
 31
0.0
1001
REVIT
1002
{
1070
     1
1000
609537
1002
}
1002
{
1070
     5
1000
609549
1002
}
1002
{
1070
     2
1000
-2000120
1002
}
1002
{
1070
     3
1000
-2000124
1002
}
  0
LINE
  5
254
330
70
100
AcDbEntity
  8
S-STRS-MBND
100
AcDbLine
 10
-14576.10143699096
 20
699.862184930638
 30
0.0
 11
-14626.10143699096
 21
699.862184930638
 31
0.0
1001
REVIT
1002
{
1070
     1
1000
609537
1002
}
1002
{
1070
     5
1000
609549
1002
}
1002
{
1070
     2
1000
-2000120
1002
}
1002
{
1070
     3
1000
-2000124
1002
}
  0
LINE
  5
255
330
70
100
AcDbEntity
  8
S-STRS-MBND
100
AcDbLine
 10
-14576.10143699097
 20
-2346.65480944431
 30
0.0
 11
-14576.10143699096
 21
699.8621849306386
 31
0.0
1001
REVIT
1002
{
1070
     1
1000
609537
1002
}
1002
{
1070
     5
1000
609549
1002
}
1002
{
1070
     2
1000
-2000120
1002
}
1002
{
1070
     3
1000
-2000124
1002
}
  0
LINE
  5
256
330
70
100
AcDbEntity
  8
S-STRS-MBND
100
AcDbLine
 10
-14626.10143699096
 20
-2346.65480944431
 30
0.0
 11
-14626.10143699096
 21
699.8621849306386
 31
0.0
1001
REVIT
1002
{
1070
     1
1000
609537
1002
}
1002
{
1070
     5
1000
609549
1002
}
1002
{
1070
     2
1000
-2000120
1002
}
1002
{
1070
     3
1000
-2000124
1002
}
  0
LINE
  5
257
330
70
100
AcDbEntity
  8
S-STRS-MBND
100
AcDbLine
 10
-13276.10143699097
 20
-2171.159356379133
 30
0.0
 11
-13276.10143699097
 21
-2221.159356379132
 31
0.0
1001
REVIT
1002
{
1070
     1
1000
609537
1002
}
1002
{
1070
     5
1000
609549
1002
}
1002
{
1070
     2
1000
-2000120
1002
}
1002
{
1070
     3
1000
-2000124
1002
}
  0
LINE
  5
258
330
70
100
AcDbEntity
  8
S-STRS-MBND
100
AcDbLine
 10
-13149.06896907853
 20
-2171.159356379133
 30
0.0
 11
-13226.10143699097
 21
-2171.159356379133
 31
0.0
1001
REVIT
1002
{
1070
     1
1000
609537
1002
}
1002
{
1070
     5
1000
609549
1002
}
1002
{
1070
     2
1000
-2000120
1002
}
1002
{
1070
     3
1000
-2000124
1002
}
  0
LINE
  5
259
330
70
100
AcDbEntity
  8
S-STRS-MBND
100
AcDbLine
 10
-13149.06896907853
 20
-2221.159356379133
 30
0.0
 11
-13276.10143699097
 21
-2221.159356379132
 31
0.0
1001
REVIT
1002
{
1070
     1
1000
609537
1002
}
1002
{
1070
     5
1000
609549
1002
}
1002
{
1070
     2
1000
-2000120
1002
}
1002
{
1070
     3
1000
-2000124
1002
}
  0
LINE
  5
25A
330
70
100
AcDbEntity
  8
S-STRS-MBND
100
AcDbLine
 10
-14626.10143699096
 20
-3571.159356379129
 30
0.0
 11
-13149.06896907853
 21
-3571.159356379133
 31
0.0
1001
REVIT
1002
{
1070
     1
1000
609537
1002
}
1002
{
1070
     5
1000
609549
1002
}
1002
{
1070
     2
1000
-2000120
1002
}
1002
{
1070
     3
1000
-2000124
1002
}
  0
LINE
  5
25B
330
70
100
AcDbEntity
  8
S-STRS-MBND
100
AcDbLine
 10
-14576.10143699097
 20
-3521.159356379128
 30
0.0
 11
-13149.06896907853
 21
-3521.159356379133
 31
0.0
1001
REVIT
1002
{
1070
     1
1000
609537
1002
}
1002
{
1070
     5
1000
609549
1002
}
1002
{
1070
     2
1000
-2000120
1002
}
1002
{
1070
     3
1000
-2000124
1002
}
  0
LINE
  5
25C
330
70
100
AcDbEntity
  8
S-STRS-MBND
100
AcDbLine
 10
-14626.10143699096
 20
-2346.654809444311
 30
0.0
 11
-14626.10143699096
 21
-3571.159356379129
 31
0.0
1001
REVIT
1002
{
1070
     1
1000
609537
1002
}
1002
{
1070
     5
1000
609549
1002
}
1002
{
1070
     2
1000
-2000120
1002
}
1002
{
1070
     3
1000
-2000124
1002
}
  0
LINE
  5
25D
330
70
100
AcDbEntity
  8
S-STRS-MBND
100
AcDbLine
 10
-14576.10143699097
 20
-2346.654809444311
 30
0.0
 11
-14576.10143699097
 21
-3521.159356379128
 31
0.0
1001
REVIT
1002
{
1070
     1
1000
609537
1002
}
1002
{
1070
     5
1000
609549
1002
}
1002
{
1070
     2
1000
-2000120
1002
}
1002
{
1070
     3
1000
-2000124
1002
}
  0
LINE
  5
25E
330
70
100
AcDbEntity
  8
S-STRS
100
AcDbLine
 10
-10495.58596345348
 20
-2221.159356379141
 30
0.0
 11
-10495.58596345348
 21
-2179.162712938019
 31
0.0
1001
REVIT
1002
{
1070
     1
1000
609537
1002
}
1002
{
1070
     5
1000
609549
1002
}
1002
{
1070
     2
1000
-2000120
1002
}
1002
{
1070
     3
1000
-2000952
1002
}
  0
LINE
  5
25F
330
70
100
AcDbEntity
  8
S-STRS-MBND
100
AcDbLine
 10
-12622.00132416197
 20
-2171.159356379134
 30
0.0
 11
-13149.06896907853
 21
-2171.159356379133
 31
0.0
1001
REVIT
1002
{
1070
     1
1000
609537
1002
}
1002
{
1070
     5
1000
609549
1002
}
1002
{
1070
     2
1000
-2000120
1002
}
1002
{
1070
     3
1000
-2000124
1002
}
  0
LINE
  5
260
330
70
100
AcDbEntity
  8
S-STRS
100
AcDbLine
 10
-10669.83042327066
 20
-2171.159356379141
 30
0.0
 11
-12622.00132416197
 21
-2171.159356379134
 31
0.0
1001
REVIT
1002
{
1070
     1
1000
609537
1002
}
1002
{
1070
     5
1000
609549
1002
}
1002
{
1070
     2
1000
-2000120
1002
}
1002
{
1070
     3
1000
-2000952
1002
}
  0
LINE
  5
261
330
70
100
AcDbEntity
  8
S-STRS-MBND
100
AcDbLine
 10
-12598.68594125422
 20
-2221.159356379134
 30
0.0
 11
-13149.06896907853
 21
-2221.159356379133
 31
0.0
1001
REVIT
1002
{
1070
     1
1000
609537
1002
}
1002
{
1070
     5
1000
609549
1002
}
1002
{
1070
     2
1000
-2000120
1002
}
1002
{
1070
     3
1000
-2000124
1002
}
  0
LINE
  5
262
330
70
100
AcDbEntity
  8
S-STRS
100
AcDbLine
 10
-12595.58596345347
 20
-2221.159356379134
 30
0.0
 11
-12598.68594125422
 21
-2221.159356379134
 31
0.0
1001
REVIT
1002
{
1070
     1
1000
609537
1002
}
1002
{
1070
     5
1000
609549
1002
}
1002
{
1070
     2
1000
-2000120
1002
}
1002
{
1070
     3
1000
-2000952
1002
}
  0
LINE
  5
263
330
70
100
AcDbEntity
  8
S-STRS
100
AcDbLine
 10
-12295.58596345348
 20
-2221.159356379136
 30
0.0
 11
-12595.58596345347
 21
-2221.159356379134
 31
0.0
1001
REVIT
1002
{
1070
     1
1000
609537
1002
}
1002
{
1070
     5
1000
609549
1002
}
1002
{
1070
     2
1000
-2000120
1002
}
1002
{
1070
     3
1000
-2000952
1002
}
  0
LINE
  5
264
330
70
100
AcDbEntity
  8
S-STRS
100
AcDbLine
 10
-11995.58596345348
 20
-2221.159356379137
 30
0.0
 11
-12295.58596345348
 21
-2221.159356379136
 31
0.0
1001
REVIT
1002
{
1070
     1
1000
609537
1002
}
1002
{
1070
     5
1000
609549
1002
}
1002
{
1070
     2
1000
-2000120
1002
}
1002
{
1070
     3
1000
-2000952
1002
}
  0
LINE
  5
265
330
70
100
AcDbEntity
  8
S-STRS
100
AcDbLine
 10
-11695.58596345348
 20
-2221.159356379137
 30
0.0
 11
-11995.58596345348
 21
-2221.159356379137
 31
0.0
1001
REVIT
1002
{
1070
     1
1000
609537
1002
}
1002
{
1070
     5
1000
609549
1002
}
1002
{
1070
     2
1000
-2000120
1002
}
1002
{
1070
     3
1000
-2000952
1002
}
  0
LINE
  5
266
330
70
100
AcDbEntity
  8
S-STRS
100
AcDbLine
 10
-11395.58596345348
 20
-2221.159356379139
 30
0.0
 11
-11695.58596345348
 21
-2221.159356379137
 31
0.0
1001
REVIT
1002
{
1070
     1
1000
609537
1002
}
1002
{
1070
     5
1000
609549
1002
}
1002
{
1070
     2
1000
-2000120
1002
}
1002
{
1070
     3
1000
-2000952
1002
}
  0
LINE
  5
267
330
70
100
AcDbEntity
  8
S-STRS
100
AcDbLine
 10
-11095.58596345348
 20
-2221.159356379139
 30
0.0
 11
-11395.58596345348
 21
-2221.159356379139
 31
0.0
1001
REVIT
1002
{
1070
     1
1000
609537
1002
}
1002
{
1070
     5
1000
609549
1002
}
1002
{
1070
     2
1000
-2000120
1002
}
1002
{
1070
     3
1000
-2000952
1002
}
  0
LINE
  5
268
330
70
100
AcDbEntity
  8
S-STRS
100
AcDbLine
 10
-10795.58596345348
 20
-2221.15935637914
 30
0.0
 11
-11095.58596345348
 21
-2221.159356379139
 31
0.0
1001
REVIT
1002
{
1070
     1
1000
609537
1002
}
1002
{
1070
     5
1000
609549
1002
}
1002
{
1070
     2
1000
-2000120
1002
}
1002
{
1070
     3
1000
-2000952
1002
}
  0
LINE
  5
269
330
70
100
AcDbEntity
  8
S-STRS
100
AcDbLine
 10
-10495.58596345348
 20
-2221.159356379141
 30
0.0
 11
-10795.58596345348
 21
-2221.15935637914
 31
0.0
1001
REVIT
1002
{
1070
     1
1000
609537
1002
}
1002
{
1070
     5
1000
609549
1002
}
1002
{
1070
     2
1000
-2000120
1002
}
1002
{
1070
     3
1000
-2000952
1002
}
  0
LINE
  5
26A
330
70
100
AcDbEntity
  8
S-STRS
100
AcDbLine
 10
-10495.58596345348
 20
-3571.159356379141
 30
0.0
 11
-10495.58596345348
 21
-3521.159356379141
 31
0.0
1001
REVIT
1002
{
1070
     1
1000
609537
1002
}
1002
{
1070
     5
1000
609549
1002
}
1002
{
1070
     2
1000
-2000120
1002
}
1002
{
1070
     3
1000
-2000952
1002
}
  0
LINE
  5
26B
330
70
100
AcDbEntity
  8
S-STRS-MBND
100
AcDbLine
 10
-11992.48598565273
 20
-3521.159356379137
 30
0.0
 11
-13149.06896907853
 21
-3521.159356379133
 31
0.0
1001
REVIT
1002
{
1070
     1
1000
609537
1002
}
1002
{
1070
     5
1000
609549
1002
}
1002
{
1070
     2
1000
-2000120
1002
}
1002
{
1070
     3
1000
-2000124
1002
}
  0
LINE
  5
26C
330
70
100
AcDbEntity
  8
S-STRS
100
AcDbLine
 10
-11695.58596345348
 20
-3521.159356379138
 30
0.0
 11
-11992.48598565273
 21
-3521.159356379137
 31
0.0
1001
REVIT
1002
{
1070
     1
1000
609537
1002
}
1002
{
1070
     5
1000
609549
1002
}
1002
{
1070
     2
1000
-2000120
1002
}
1002
{
1070
     3
1000
-2000952
1002
}
  0
LINE
  5
26D
330
70
100
AcDbEntity
  8
S-STRS
100
AcDbLine
 10
-11395.58596345348
 20
-3521.159356379139
 30
0.0
 11
-11695.58596345348
 21
-3521.159356379138
 31
0.0
1001
REVIT
1002
{
1070
     1
1000
609537
1002
}
1002
{
1070
     5
1000
609549
1002
}
1002
{
1070
     2
1000
-2000120
1002
}
1002
{
1070
     3
1000
-2000952
1002
}
  0
LINE
  5
26E
330
70
100
AcDbEntity
  8
S-STRS
100
AcDbLine
 10
-11095.58596345348
 20
-3521.15935637914
 30
0.0
 11
-11395.58596345348
 21
-3521.159356379139
 31
0.0
1001
REVIT
1002
{
1070
     1
1000
609537
1002
}
1002
{
1070
     5
1000
609549
1002
}
1002
{
1070
     2
1000
-2000120
1002
}
1002
{
1070
     3
1000
-2000952
1002
}
  0
LINE
  5
26F
330
70
100
AcDbEntity
  8
S-STRS
100
AcDbLine
 10
-10795.58596345348
 20
-3521.15935637914
 30
0.0
 11
-11095.58596345348
 21
-3521.15935637914
 31
0.0
1001
REVIT
1002
{
1070
     1
1000
609537
1002
}
1002
{
1070
     5
1000
609549
1002
}
1002
{
1070
     2
1000
-2000120
1002
}
1002
{
1070
     3
1000
-2000952
1002
}
  0
LINE
  5
270
330
70
100
AcDbEntity
  8
S-STRS
100
AcDbLine
 10
-10495.58596345348
 20
-3521.159356379141
 30
0.0
 11
-10795.58596345348
 21
-3521.15935637914
 31
0.0
1001
REVIT
1002
{
1070
     1
1000
609537
1002
}
1002
{
1070
     5
1000
609549
1002
}
1002
{
1070
     2
1000
-2000120
1002
}
1002
{
1070
     3
1000
-2000952
1002
}
  0
LINE
  5
271
330
70
100
AcDbEntity
  8
S-STRS-MBND
100
AcDbLine
 10
-11969.17060274498
 20
-3571.159356379137
 30
0.0
 11
-13149.06896907853
 21
-3571.159356379133
 31
0.0
1001
REVIT
1002
{
1070
     1
1000
609537
1002
}
1002
{
1070
     5
1000
609549
1002
}
1002
{
1070
     2
1000
-2000120
1002
}
1002
{
1070
     3
1000
-2000124
1002
}
  0
LINE
  5
272
330
70
100
AcDbEntity
  8
S-STRS
100
AcDbLine
 10
-10495.58596345348
 20
-3571.159356379141
 30
0.0
 11
-11969.17060274498
 21
-3571.159356379137
 31
0.0
1001
REVIT
1002
{
1070
     1
1000
609537
1002
}
1002
{
1070
     5
1000
609549
1002
}
1002
{
1070
     2
1000
-2000120
1002
}
1002
{
1070
     3
1000
-2000952
1002
}
  0
LINE
  5
273
330
70
100
AcDbEntity
  8
S-STRS-MBND
100
AcDbLine
 10
-14576.10143699096
 20
699.8621849306369
 30
0.0
 11
-13276.10143699096
 21
699.8621849306369
 31
0.0
1001
REVIT
1002
{
1070
     1
1000
609537
1002
}
1002
{
1070
     5
1000
609549
1002
}
1002
{
1070
     2
1000
-2000120
1002
}
1002
{
1070
     3
1000
-2000935
1002
}
  0
LINE
  5
274
330
70
100
AcDbEntity
  8
S-STRS-MBND
100
AcDbLine
 10
-14576.10143699097
 20
-2000.137815069363
 30
0.0
 11
-13276.10143699097
 21
-2000.137815069363
 31
0.0
1001
REVIT
1002
{
1070
     1
1000
609537
1002
}
1002
{
1070
     5
1000
609549
1002
}
1002
{
1070
     2
1000
-2000120
1002
}
1002
{
1070
     3
1000
-2000935
1002
}
  0
LINE
  5
275
330
70
100
AcDbEntity
  8
S-STRS-MBND
100
AcDbLine
 10
-13195.58596345348
 20
-3521.159356379133
 30
0.0
 11
-13195.58596345348
 21
-2221.159356379132
 31
0.0
1001
REVIT
1002
{
1070
     1
1000
609537
1002
}
1002
{
1070
     5
1000
609549
1002
}
1002
{
1070
     2
1000
-2000120
1002
}
1002
{
1070
     3
1000
-2000935
1002
}
  0
LINE
  5
276
330
70
100
AcDbEntity
  8
S-STRS
100
AcDbLine
 10
-10495.58596345348
 20
-3470.759356379143
 30
0.0
 11
-10495.58596345348
 21
-2271.559356379141
 31
0.0
1001
REVIT
1002
{
1070
     1
1000
609537
1002
}
1002
{
1070
     5
1000
609549
1002
}
1002
{
1070
     2
1000
-2000120
1002
}
1002
{
1070
     3
1000
-2000934
1002
}
  0
LINE
  5
277
330
70
100
AcDbEntity
  8
S-STRS-MBND
100
AcDbLine
 10
-13149.06896907853
 20
-2221.159356379133
 30
0.0
 11
-13195.58596345348
 21
-2221.159356379132
 31
0.0
1001
REVIT
1002
{
1070
     1
1000
609537
1002
}
1002
{
1070
     5
1000
609549
1002
}
1002
{
1070
     2
1000
-2000120
1002
}
1002
{
1070
     3
1000
-2000935
1002
}
  0
LINE
  5
278
330
70
100
AcDbEntity
  8
S-STRS-MBND
100
AcDbLine
 10
-13149.06896907853
 20
-3521.159356379133
 30
0.0
 11
-13195.58596345348
 21
-3521.159356379133
 31
0.0
1001
REVIT
1002
{
1070
     1
1000
609537
1002
}
1002
{
1070
     5
1000
609549
1002
}
1002
{
1070
     2
1000
-2000120
1002
}
1002
{
1070
     3
1000
-2000935
1002
}
  0
LINE
  5
279
330
70
100
AcDbEntity
  8
S-STRS-MBND
  6
Continuous
100
AcDbLine
 10
-12242.75868073589
 20
-2984.447829758717
 30
0.0
 11
-12015.98789162374
 21
-3470.759356379137
 31
0.0
1001
REVIT
1002
{
1070
     1
1000
609537
1002
}
1002
{
1070
     5
1000
609549
1002
}
1002
{
1070
     2
1000
-2000120
1002
}
1002
{
1070
     3
1000
-2000930
1002
}
  0
LINE
  5
27A
330
70
100
AcDbEntity
  8
S-STRS-MBND
  6
Continuous
100
AcDbLine
 10
-11992.67250871599
 20
-3520.759356379137
 30
0.0
 11
-11969.17060274498
 21
-3571.159356379137
 31
0.0
1001
REVIT
1002
{
1070
     1
1000
609537
1002
}
1002
{
1070
     5
1000
609549
1002
}
1002
{
1070
     2
1000
-2000120
1002
}
1002
{
1070
     3
1000
-2000930
1002
}
  0
LINE
  5
27B
330
70
100
AcDbEntity
  8
S-STRS-MBND
  6
Continuous
100
AcDbLine
 10
-12437.19655517795
 20
-2937.19345977612
 30
0.0
 11
-12242.75868073589
 21
-2984.447829758717
 31
0.0
1001
REVIT
1002
{
1070
     1
1000
609537
1002
}
1002
{
1070
     5
1000
609549
1002
}
1002
{
1070
     2
1000
-2000120
1002
}
1002
{
1070
     3
1000
-2000930
1002
}
  0
LINE
  5
27C
330
70
100
AcDbEntity
  8
S-STRS-MBND
  6
Continuous
100
AcDbLine
 10
-12153.975371729
 20
-2805.125252982151
 30
0.0
 11
-12437.19655517795
 21
-2937.19345977612
 31
0.0
1001
REVIT
1002
{
1070
     1
1000
609537
1002
}
1002
{
1070
     5
1000
609549
1002
}
1002
{
1070
     2
1000
-2000120
1002
}
1002
{
1070
     3
1000
-2000930
1002
}
  0
LINE
  5
27D
330
70
100
AcDbEntity
  8
S-STRS-MBND
  6
Continuous
100
AcDbLine
 10
-12348.41324617106
 20
-2757.870882999554
 30
0.0
 11
-12153.975371729
 21
-2805.125252982151
 31
0.0
1001
REVIT
1002
{
1070
     1
1000
609537
1002
}
1002
{
1070
     5
1000
609549
1002
}
1002
{
1070
     2
1000
-2000120
1002
}
1002
{
1070
     3
1000
-2000930
1002
}
  0
LINE
  5
27E
330
70
100
AcDbEntity
  8
S-STRS-MBND
  6
Continuous
100
AcDbLine
 10
-12622.00132416197
 20
-2171.159356379134
 30
0.0
 11
-12598.49941819096
 21
-2221.559356379133
 31
0.0
1001
REVIT
1002
{
1070
     1
1000
609537
1002
}
1002
{
1070
     5
1000
609549
1002
}
1002
{
1070
     2
1000
-2000120
1002
}
1002
{
1070
     3
1000
-2000930
1002
}
  0
LINE
  5
27F
330
70
100
AcDbEntity
  8
S-STRS-MBND
  6
Continuous
100
AcDbLine
 10
-12575.18403528321
 20
-2271.559356379134
 30
0.0
 11
-12348.41324617106
 21
-2757.870882999554
 31
0.0
1001
REVIT
1002
{
1070
     1
1000
609537
1002
}
1002
{
1070
     5
1000
609549
1002
}
1002
{
1070
     2
1000
-2000120
1002
}
1002
{
1070
     3
1000
-2000930
1002
}
  0
LINE
  5
280
330
70
100
AcDbEntity
  8
S-STRS-MBND
100
AcDbLine
 10
-14576.10143699096
 20
399.8621849306369
 30
0.0
 11
-13276.10143699096
 21
399.8621849306369
 31
0.0
1001
REVIT
1002
{
1070
     1
1000
609537
1002
}
1002
{
1070
     5
1000
609549
1002
}
1002
{
1070
     2
1000
-2000120
1002
}
1002
{
1070
     3
1000
-2000937
1002
}
  0
LINE
  5
281
330
70
100
AcDbEntity
  8
S-STRS-MBND
100
AcDbLine
 10
-14576.10143699096
 20
99.86218493064157
 30
0.0
 11
-13276.10143699096
 21
99.86218493063219
 31
0.0
1001
REVIT
1002
{
1070
     1
1000
609537
1002
}
1002
{
1070
     5
1000
609549
1002
}
1002
{
1070
     2
1000
-2000120
1002
}
1002
{
1070
     3
1000
-2000937
1002
}
  0
LINE
  5
282
330
70
100
AcDbEntity
  8
S-STRS-MBND
100
AcDbLine
 10
-14576.10143699096
 20
-200.1378150693632
 30
0.0
 11
-13276.10143699096
 21
-200.1378150693632
 31
0.0
1001
REVIT
1002
{
1070
     1
1000
609537
1002
}
1002
{
1070
     5
1000
609549
1002
}
1002
{
1070
     2
1000
-2000120
1002
}
1002
{
1070
     3
1000
-2000937
1002
}
  0
LINE
  5
283
330
70
100
AcDbEntity
  8
S-STRS-MBND
100
AcDbLine
 10
-14576.10143699096
 20
-500.1378150693631
 30
0.0
 11
-13276.10143699096
 21
-500.1378150693631
 31
0.0
1001
REVIT
1002
{
1070
     1
1000
609537
1002
}
1002
{
1070
     5
1000
609549
1002
}
1002
{
1070
     2
1000
-2000120
1002
}
1002
{
1070
     3
1000
-2000937
1002
}
  0
LINE
  5
284
330
70
100
AcDbEntity
  8
S-STRS-MBND
100
AcDbLine
 10
-14576.10143699096
 20
-800.1378150693632
 30
0.0
 11
-13276.10143699096
 21
-800.1378150693632
 31
0.0
1001
REVIT
1002
{
1070
     1
1000
609537
1002
}
1002
{
1070
     5
1000
609549
1002
}
1002
{
1070
     2
1000
-2000120
1002
}
1002
{
1070
     3
1000
-2000937
1002
}
  0
LINE
  5
285
330
70
100
AcDbEntity
  8
S-STRS-MBND
100
AcDbLine
 10
-14576.10143699096
 20
-1100.137815069363
 30
0.0
 11
-13276.10143699096
 21
-1100.137815069363
 31
0.0
1001
REVIT
1002
{
1070
     1
1000
609537
1002
}
1002
{
1070
     5
1000
609549
1002
}
1002
{
1070
     2
1000
-2000120
1002
}
1002
{
1070
     3
1000
-2000937
1002
}
  0
LINE
  5
286
330
70
100
AcDbEntity
  8
S-STRS-MBND
100
AcDbLine
 10
-14576.10143699097
 20
-1400.137815069358
 30
0.0
 11
-13276.10143699097
 21
-1400.137815069368
 31
0.0
1001
REVIT
1002
{
1070
     1
1000
609537
1002
}
1002
{
1070
     5
1000
609549
1002
}
1002
{
1070
     2
1000
-2000120
1002
}
1002
{
1070
     3
1000
-2000937
1002
}
  0
LINE
  5
287
330
70
100
AcDbEntity
  8
S-STRS-MBND
100
AcDbLine
 10
-14576.10143699097
 20
-1700.137815069363
 30
0.0
 11
-13276.10143699097
 21
-1700.137815069363
 31
0.0
1001
REVIT
1002
{
1070
     1
1000
609537
1002
}
1002
{
1070
     5
1000
609549
1002
}
1002
{
1070
     2
1000
-2000120
1002
}
1002
{
1070
     3
1000
-2000937
1002
}
  0
LINE
  5
288
330
70
100
AcDbEntity
  8
S-STRS-MBND
100
AcDbLine
 10
-14576.10143699097
 20
-2000.137815069363
 30
0.0
 11
-13276.10143699097
 21
-2000.137815069363
 31
0.0
1001
REVIT
1002
{
1070
     1
1000
609537
1002
}
1002
{
1070
     5
1000
609549
1002
}
1002
{
1070
     2
1000
-2000120
1002
}
1002
{
1070
     3
1000
-2000937
1002
}
  0
LINE
  5
289
330
70
100
AcDbEntity
  8
S-STRS-MBND
100
AcDbLine
 10
-13195.58596345348
 20
-3521.159356379133
 30
0.0
 11
-13195.58596345348
 21
-2221.159356379132
 31
0.0
1001
REVIT
1002
{
1070
     1
1000
609537
1002
}
1002
{
1070
     5
1000
609549
1002
}
1002
{
1070
     2
1000
-2000120
1002
}
1002
{
1070
     3
1000
-2000937
1002
}
  0
LINE
  5
28A
330
70
100
AcDbEntity
  8
S-STRS-MBND
100
AcDbLine
 10
-12895.58596345348
 20
-3521.159356379134
 30
0.0
 11
-12895.58596345348
 21
-2221.159356379134
 31
0.0
1001
REVIT
1002
{
1070
     1
1000
609537
1002
}
1002
{
1070
     5
1000
609549
1002
}
1002
{
1070
     2
1000
-2000120
1002
}
1002
{
1070
     3
1000
-2000937
1002
}
  0
LINE
  5
28B
330
70
100
AcDbEntity
  8
S-STRS-MBND
100
AcDbLine
 10
-12595.58596345348
 20
-3521.159356379135
 30
0.0
 11
-12595.58596345347
 21
-2227.807280226265
 31
0.0
1001
REVIT
1002
{
1070
     1
1000
609537
1002
}
1002
{
1070
     5
1000
609549
1002
}
1002
{
1070
     2
1000
-2000120
1002
}
1002
{
1070
     3
1000
-2000937
1002
}
  0
LINE
  5
28C
330
70
100
AcDbEntity
  8
S-STRS-MBND
100
AcDbLine
 10
-12295.58596345348
 20
-2871.159356379137
 30
0.0
 11
-12295.58596345348
 21
-2770.70953375047
 31
0.0
1001
REVIT
1002
{
1070
     1
1000
609537
1002
}
1002
{
1070
     5
1000
609549
1002
}
1002
{
1070
     2
1000
-2000120
1002
}
1002
{
1070
     3
1000
-2000937
1002
}
  0
LINE
  5
28D
330
70
100
AcDbEntity
  8
S-STRS-MBND
100
AcDbLine
 10
-12295.58596345348
 20
-3521.159356379135
 30
0.0
 11
-12295.58596345348
 21
-2971.6091790078
 31
0.0
1001
REVIT
1002
{
1070
     1
1000
609537
1002
}
1002
{
1070
     5
1000
609549
1002
}
1002
{
1070
     2
1000
-2000120
1002
}
1002
{
1070
     3
1000
-2000937
1002
}
  0
LINE
  5
28E
330
70
100
AcDbEntity
  8
S-STRS
  6
Overhead
100
AcDbLine
 10
-12295.58596345348
 20
-2770.70953375047
 30
0.0
 11
-12295.58596345348
 21
-2271.559356379134
 31
0.0
1001
REVIT
1002
{
1070
     1
1000
609537
1002
}
1002
{
1070
     5
1000
609549
1002
}
1002
{
1070
     2
1000
-2000120
1002
}
1002
{
1070
     3
1000
-2000936
1002
}
  0
LINE
  5
28F
330
70
100
AcDbEntity
  8
S-STRS
  6
Overhead
100
AcDbLine
 10
-12295.58596345348
 20
-2971.6091790078
 30
0.0
 11
-12295.58596345348
 21
-2871.159356379137
 31
0.0
1001
REVIT
1002
{
1070
     1
1000
609537
1002
}
1002
{
1070
     5
1000
609549
1002
}
1002
{
1070
     2
1000
-2000120
1002
}
1002
{
1070
     3
1000
-2000936
1002
}
  0
LINE
  5
290
330
70
100
AcDbEntity
  8
S-STRS-MBND
100
AcDbLine
 10
-11995.58596345348
 20
-3521.159356379137
 30
0.0
 11
-11995.58596345348
 21
-3514.511432531997
 31
0.0
1001
REVIT
1002
{
1070
     1
1000
609537
1002
}
1002
{
1070
     5
1000
609549
1002
}
1002
{
1070
     2
1000
-2000120
1002
}
1002
{
1070
     3
1000
-2000937
1002
}
  0
LINE
  5
291
330
70
100
AcDbEntity
  8
S-STRS
  6
Overhead
100
AcDbLine
 10
-11995.58596345348
 20
-3470.759356379139
 30
0.0
 11
-11995.58596345348
 21
-2271.559356379135
 31
0.0
1001
REVIT
1002
{
1070
     1
1000
609537
1002
}
1002
{
1070
     5
1000
609549
1002
}
1002
{
1070
     2
1000
-2000120
1002
}
1002
{
1070
     3
1000
-2000936
1002
}
  0
LINE
  5
292
330
70
100
AcDbEntity
  8
S-STRS
  6
Overhead
100
AcDbLine
 10
-11695.58596345348
 20
-3470.759356379139
 30
0.0
 11
-11695.58596345348
 21
-2271.559356379137
 31
0.0
1001
REVIT
1002
{
1070
     1
1000
609537
1002
}
1002
{
1070
     5
1000
609549
1002
}
1002
{
1070
     2
1000
-2000120
1002
}
1002
{
1070
     3
1000
-2000936
1002
}
  0
LINE
  5
293
330
70
100
AcDbEntity
  8
S-STRS
  6
Overhead
100
AcDbLine
 10
-11395.58596345348
 20
-3470.759356379132
 30
0.0
 11
-11395.58596345348
 21
-2271.559356379146
 31
0.0
1001
REVIT
1002
{
1070
     1
1000
609537
1002
}
1002
{
1070
     5
1000
609549
1002
}
1002
{
1070
     2
1000
-2000120
1002
}
1002
{
1070
     3
1000
-2000936
1002
}
  0
LINE
  5
294
330
70
100
AcDbEntity
  8
S-STRS
  6
Overhead
100
AcDbLine
 10
-11095.58596345348
 20
-3470.759356379141
 30
0.0
 11
-11095.58596345348
 21
-2271.559356379146
 31
0.0
1001
REVIT
1002
{
1070
     1
1000
609537
1002
}
1002
{
1070
     5
1000
609549
1002
}
1002
{
1070
     2
1000
-2000120
1002
}
1002
{
1070
     3
1000
-2000936
1002
}
  0
LINE
  5
295
330
70
100
AcDbEntity
  8
S-STRS
  6
Overhead
100
AcDbLine
 10
-10795.58596345348
 20
-3470.759356379141
 30
0.0
 11
-10795.58596345348
 21
-2271.559356379139
 31
0.0
1001
REVIT
1002
{
1070
     1
1000
609537
1002
}
1002
{
1070
     5
1000
609549
1002
}
1002
{
1070
     2
1000
-2000120
1002
}
1002
{
1070
     3
1000
-2000936
1002
}
  0
LINE
  5
296
330
70
100
AcDbEntity
  8
S-STRS
  6
Overhead
100
AcDbLine
 10
-10495.58596345348
 20
-3470.759356379143
 30
0.0
 11
-10495.58596345348
 21
-2271.559356379141
 31
0.0
1001
REVIT
1002
{
1070
     1
1000
609537
1002
}
1002
{
1070
     5
1000
609549
1002
}
1002
{
1070
     2
1000
-2000120
1002
}
1002
{
1070
     3
1000
-2000936
1002
}
  0
LINE
  5
297
330
70
100
AcDbEntity
  8
S-STRS-MBND
100
AcDbLine
 10
-14576.10143699096
 20
399.8621849306369
 30
0.0
 11
-13276.10143699096
 21
399.8621849306369
 31
0.0
1001
REVIT
1002
{
1070
     1
1000
609537
1002
}
1002
{
1070
     5
1000
609549
1002
}
1002
{
1070
     2
1000
-2000120
1002
}
1002
{
1070
     3
1000
-2000933
1002
}
  0
LINE
  5
298
330
70
100
AcDbEntity
  8
S-STRS-MBND
100
AcDbLine
 10
-14576.10143699096
 20
99.86218493064157
 30
0.0
 11
-13276.10143699096
 21
99.86218493063219
 31
0.0
1001
REVIT
1002
{
1070
     1
1000
609537
1002
}
1002
{
1070
     5
1000
609549
1002
}
1002
{
1070
     2
1000
-2000120
1002
}
1002
{
1070
     3
1000
-2000933
1002
}
  0
LINE
  5
299
330
70
100
AcDbEntity
  8
S-STRS-MBND
100
AcDbLine
 10
-14576.10143699096
 20
-200.1378150693632
 30
0.0
 11
-13276.10143699096
 21
-200.1378150693632
 31
0.0
1001
REVIT
1002
{
1070
     1
1000
609537
1002
}
1002
{
1070
     5
1000
609549
1002
}
1002
{
1070
     2
1000
-2000120
1002
}
1002
{
1070
     3
1000
-2000933
1002
}
  0
LINE
  5
29A
330
70
100
AcDbEntity
  8
S-STRS-MBND
100
AcDbLine
 10
-14576.10143699096
 20
-500.1378150693631
 30
0.0
 11
-13276.10143699096
 21
-500.1378150693631
 31
0.0
1001
REVIT
1002
{
1070
     1
1000
609537
1002
}
1002
{
1070
     5
1000
609549
1002
}
1002
{
1070
     2
1000
-2000120
1002
}
1002
{
1070
     3
1000
-2000933
1002
}
  0
LINE
  5
29B
330
70
100
AcDbEntity
  8
S-STRS-MBND
100
AcDbLine
 10
-14576.10143699096
 20
-800.1378150693632
 30
0.0
 11
-13276.10143699096
 21
-800.1378150693632
 31
0.0
1001
REVIT
1002
{
1070
     1
1000
609537
1002
}
1002
{
1070
     5
1000
609549
1002
}
1002
{
1070
     2
1000
-2000120
1002
}
1002
{
1070
     3
1000
-2000933
1002
}
  0
LINE
  5
29C
330
70
100
AcDbEntity
  8
S-STRS-MBND
100
AcDbLine
 10
-14576.10143699096
 20
-1100.137815069363
 30
0.0
 11
-13276.10143699096
 21
-1100.137815069363
 31
0.0
1001
REVIT
1002
{
1070
     1
1000
609537
1002
}
1002
{
1070
     5
1000
609549
1002
}
1002
{
1070
     2
1000
-2000120
1002
}
1002
{
1070
     3
1000
-2000933
1002
}
  0
LINE
  5
29D
330
70
100
AcDbEntity
  8
S-STRS-MBND
100
AcDbLine
 10
-14576.10143699097
 20
-1400.137815069358
 30
0.0
 11
-13276.10143699097
 21
-1400.137815069368
 31
0.0
1001
REVIT
1002
{
1070
     1
1000
609537
1002
}
1002
{
1070
     5
1000
609549
1002
}
1002
{
1070
     2
1000
-2000120
1002
}
1002
{
1070
     3
1000
-2000933
1002
}
  0
LINE
  5
29E
330
70
100
AcDbEntity
  8
S-STRS-MBND
100
AcDbLine
 10
-14576.10143699097
 20
-1700.137815069363
 30
0.0
 11
-13276.10143699097
 21
-1700.137815069363
 31
0.0
1001
REVIT
1002
{
1070
     1
1000
609537
1002
}
1002
{
1070
     5
1000
609549
1002
}
1002
{
1070
     2
1000
-2000120
1002
}
1002
{
1070
     3
1000
-2000933
1002
}
  0
LINE
  5
29F
330
70
100
AcDbEntity
  8
S-STRS-MBND
100
AcDbLine
 10
-12895.58596345348
 20
-3521.159356379134
 30
0.0
 11
-12895.58596345348
 21
-2221.159356379134
 31
0.0
1001
REVIT
1002
{
1070
     1
1000
609537
1002
}
1002
{
1070
     5
1000
609549
1002
}
1002
{
1070
     2
1000
-2000120
1002
}
1002
{
1070
     3
1000
-2000933
1002
}
  0
LINE
  5
2A0
330
70
100
AcDbEntity
  8
S-STRS-MBND
100
AcDbLine
 10
-12595.58596345348
 20
-3521.159356379135
 30
0.0
 11
-12595.58596345347
 21
-2227.807280226265
 31
0.0
1001
REVIT
1002
{
1070
     1
1000
609537
1002
}
1002
{
1070
     5
1000
609549
1002
}
1002
{
1070
     2
1000
-2000120
1002
}
1002
{
1070
     3
1000
-2000933
1002
}
  0
LINE
  5
2A1
330
70
100
AcDbEntity
  8
S-STRS-MBND
100
AcDbLine
 10
-12295.58596345348
 20
-2871.159356379137
 30
0.0
 11
-12295.58596345348
 21
-2770.70953375047
 31
0.0
1001
REVIT
1002
{
1070
     1
1000
609537
1002
}
1002
{
1070
     5
1000
609549
1002
}
1002
{
1070
     2
1000
-2000120
1002
}
1002
{
1070
     3
1000
-2000933
1002
}
  0
LINE
  5
2A2
330
70
100
AcDbEntity
  8
S-STRS-MBND
100
AcDbLine
 10
-12295.58596345348
 20
-3521.159356379135
 30
0.0
 11
-12295.58596345348
 21
-2971.6091790078
 31
0.0
1001
REVIT
1002
{
1070
     1
1000
609537
1002
}
1002
{
1070
     5
1000
609549
1002
}
1002
{
1070
     2
1000
-2000120
1002
}
1002
{
1070
     3
1000
-2000933
1002
}
  0
LINE
  5
2A3
330
70
100
AcDbEntity
  8
S-STRS
100
AcDbLine
 10
-12295.58596345348
 20
-2770.70953375047
 30
0.0
 11
-12295.58596345348
 21
-2271.559356379134
 31
0.0
1001
REVIT
1002
{
1070
     1
1000
609537
1002
}
1002
{
1070
     5
1000
609549
1002
}
1002
{
1070
     2
1000
-2000120
1002
}
1002
{
1070
     3
1000
-2000932
1002
}
  0
LINE
  5
2A4
330
70
100
AcDbEntity
  8
S-STRS
100
AcDbLine
 10
-12295.58596345348
 20
-2971.6091790078
 30
0.0
 11
-12295.58596345348
 21
-2871.159356379137
 31
0.0
1001
REVIT
1002
{
1070
     1
1000
609537
1002
}
1002
{
1070
     5
1000
609549
1002
}
1002
{
1070
     2
1000
-2000120
1002
}
1002
{
1070
     3
1000
-2000932
1002
}
  0
LINE
  5
2A5
330
70
100
AcDbEntity
  8
S-STRS-MBND
100
AcDbLine
 10
-11995.58596345348
 20
-3521.159356379137
 30
0.0
 11
-11995.58596345348
 21
-3514.511432531997
 31
0.0
1001
REVIT
1002
{
1070
     1
1000
609537
1002
}
1002
{
1070
     5
1000
609549
1002
}
1002
{
1070
     2
1000
-2000120
1002
}
1002
{
1070
     3
1000
-2000933
1002
}
  0
LINE
  5
2A6
330
70
100
AcDbEntity
  8
S-STRS
100
AcDbLine
 10
-11995.58596345348
 20
-3470.759356379139
 30
0.0
 11
-11995.58596345348
 21
-2271.559356379135
 31
0.0
1001
REVIT
1002
{
1070
     1
1000
609537
1002
}
1002
{
1070
     5
1000
609549
1002
}
1002
{
1070
     2
1000
-2000120
1002
}
1002
{
1070
     3
1000
-2000932
1002
}
  0
LINE
  5
2A7
330
70
100
AcDbEntity
  8
S-STRS
100
AcDbLine
 10
-11695.58596345348
 20
-3470.759356379139
 30
0.0
 11
-11695.58596345348
 21
-2271.559356379137
 31
0.0
1001
REVIT
1002
{
1070
     1
1000
609537
1002
}
1002
{
1070
     5
1000
609549
1002
}
1002
{
1070
     2
1000
-2000120
1002
}
1002
{
1070
     3
1000
-2000932
1002
}
  0
LINE
  5
2A8
330
70
100
AcDbEntity
  8
S-STRS
100
AcDbLine
 10
-11395.58596345348
 20
-3470.759356379132
 30
0.0
 11
-11395.58596345348
 21
-2271.559356379146
 31
0.0
1001
REVIT
1002
{
1070
     1
1000
609537
1002
}
1002
{
1070
     5
1000
609549
1002
}
1002
{
1070
     2
1000
-2000120
1002
}
1002
{
1070
     3
1000
-2000932
1002
}
  0
LINE
  5
2A9
330
70
100
AcDbEntity
  8
S-STRS
100
AcDbLine
 10
-11095.58596345348
 20
-3470.759356379141
 30
0.0
 11
-11095.58596345348
 21
-2271.559356379146
 31
0.0
1001
REVIT
1002
{
1070
     1
1000
609537
1002
}
1002
{
1070
     5
1000
609549
1002
}
1002
{
1070
     2
1000
-2000120
1002
}
1002
{
1070
     3
1000
-2000932
1002
}
  0
LINE
  5
2AA
330
70
100
AcDbEntity
  8
S-STRS
100
AcDbLine
 10
-10795.58596345348
 20
-3470.759356379141
 30
0.0
 11
-10795.58596345348
 21
-2271.559356379139
 31
0.0
1001
REVIT
1002
{
1070
     1
1000
609537
1002
}
1002
{
1070
     5
1000
609549
1002
}
1002
{
1070
     2
1000
-2000120
1002
}
1002
{
1070
     3
1000
-2000932
1002
}
  0
LINE
  5
2AB
330
70
100
AcDbEntity
  8
S-STRS-ANNO
100
AcDbLine
 10
-13926.10143699097
 20
-2871.15935637913
 30
0.0
 11
-13926.10143699097
 21
-2000.137815069363
 31
0.0
1001
REVIT
1002
{
1070
     1
1000
610480
1002
}
1002
{
1070
     5
1000
141729
1002
}
1002
{
1070
     2
1000
-2000938
1002
}
1002
{
1070
     3
1000
-2000939
1002
}
  0
LINE
  5
2AC
330
70
100
AcDbEntity
  8
S-STRS-ANNO
100
AcDbLine
 10
-13195.58596345348
 20
-2871.159356379133
 30
0.0
 11
-13926.10143699097
 21
-2871.15935637913
 31
0.0
1001
REVIT
1002
{
1070
     1
1000
610480
1002
}
1002
{
1070
     5
1000
141729
1002
}
1002
{
1070
     2
1000
-2000938
1002
}
1002
{
1070
     3
1000
-2000939
1002
}
  0
LINE
  5
2AD
330
70
100
AcDbEntity
  8
S-STRS-ANNO
100
AcDbLine
 10
-13926.10143699097
 20
-2000.137815069363
 30
0.0
 11
-13926.10143699096
 21
699.8621849306374
 31
0.0
1001
REVIT
1002
{
1070
     1
1000
610480
1002
}
1002
{
1070
     5
1000
141729
1002
}
1002
{
1070
     2
1000
-2000938
1002
}
1002
{
1070
     3
1000
-2000939
1002
}
  0
LINE
  5
2AE
330
70
100
AcDbEntity
  8
S-STRS-ANNO
100
AcDbLine
 10
-13926.10143699096
 20
699.8621849306369
 30
0.0
 11
-13801.10143699096
 21
574.8621849306369
 31
0.0
1001
REVIT
1002
{
1070
     1
1000
610480
1002
}
1002
{
1070
     5
1000
141729
1002
}
1002
{
1070
     2
1000
-2000938
1002
}
1002
{
1070
     3
1000
-2000939
1002
}
  0
LINE
  5
2AF
330
70
100
AcDbEntity
  8
S-STRS-ANNO
100
AcDbLine
 10
-13926.10143699096
 20
699.8621849306369
 30
0.0
 11
-14051.10143699096
 21
574.8621849306369
 31
0.0
1001
REVIT
1002
{
1070
     1
1000
610480
1002
}
1002
{
1070
     5
1000
141729
1002
}
1002
{
1070
     2
1000
-2000938
1002
}
1002
{
1070
     3
1000
-2000939
1002
}
  0
LINE
  5
2B0
330
70
100
AcDbEntity
  8
S-STRS-ANNO
100
AcDbLine
 10
-12595.58596345347
 20
-2871.159356379135
 30
0.0
 11
-13195.58596345348
 21
-2871.159356379133
 31
0.0
1001
REVIT
1002
{
1070
     1
1000
610480
1002
}
1002
{
1070
     5
1000
141729
1002
}
1002
{
1070
     2
1000
-2000938
1002
}
1002
{
1070
     3
1000
-2000939
1002
}
  0
LINE
  5
2B1
330
70
100
AcDbEntity
  8
S-STRS-ANNO
  6
Continuous
100
AcDbLine
 10
-11695.58596345348
 20
-2871.159356379138
 30
0.0
 11
-11995.58596345348
 21
-2871.159356379137
 31
0.0
1001
REVIT
1002
{
1070
     1
1000
610480
1002
}
1002
{
1070
     5
1000
141729
1002
}
1002
{
1070
     2
1000
-2000938
1002
}
1002
{
1070
     3
1000
-2000130
1002
}
  0
LINE
  5
2B2
330
70
100
AcDbEntity
  8
S-STRS-ANNO
  6
Continuous
100
AcDbLine
 10
-11395.58596345348
 20
-2871.159356379139
 30
0.0
 11
-11695.58596345348
 21
-2871.159356379138
 31
0.0
1001
REVIT
1002
{
1070
     1
1000
610480
1002
}
1002
{
1070
     5
1000
141729
1002
}
1002
{
1070
     2
1000
-2000938
1002
}
1002
{
1070
     3
1000
-2000130
1002
}
  0
LINE
  5
2B3
330
70
100
AcDbEntity
  8
S-STRS-ANNO
  6
Continuous
100
AcDbLine
 10
-11095.58596345348
 20
-2871.159356379139
 30
0.0
 11
-11395.58596345348
 21
-2871.159356379139
 31
0.0
1001
REVIT
1002
{
1070
     1
1000
610480
1002
}
1002
{
1070
     5
1000
141729
1002
}
1002
{
1070
     2
1000
-2000938
1002
}
1002
{
1070
     3
1000
-2000130
1002
}
  0
LINE
  5
2B4
330
70
100
AcDbEntity
  8
S-STRS-ANNO
  6
Continuous
100
AcDbLine
 10
-10795.58596345348
 20
-2871.15935637914
 30
0.0
 11
-11095.58596345348
 21
-2871.159356379139
 31
0.0
1001
REVIT
1002
{
1070
     1
1000
610480
1002
}
1002
{
1070
     5
1000
141729
1002
}
1002
{
1070
     2
1000
-2000938
1002
}
1002
{
1070
     3
1000
-2000130
1002
}
  0
LINE
  5
2B5
330
70
100
AcDbEntity
  8
S-STRS-ANNO
  6
Continuous
100
AcDbLine
 10
-10495.58596345348
 20
-2871.159356379141
 30
0.0
 11
-10795.58596345348
 21
-2871.15935637914
 31
0.0
1001
REVIT
1002
{
1070
     1
1000
610480
1002
}
1002
{
1070
     5
1000
141729
1002
}
1002
{
1070
     2
1000
-2000938
1002
}
1002
{
1070
     3
1000
-2000130
1002
}
  0
LINE
  5
2B6
330
70
100
AcDbEntity
  8
S-STRS-ANNO
  6
Continuous
100
AcDbLine
 10
-11995.58596345348
 20
-2871.159356379137
 30
0.0
 11
-11870.58596345348
 21
-2746.159356379137
 31
0.0
1001
REVIT
1002
{
1070
     1
1000
610480
1002
}
1002
{
1070
     5
1000
141729
1002
}
1002
{
1070
     2
1000
-2000938
1002
}
1002
{
1070
     3
1000
-2000130
1002
}
  0
LINE
  5
2B7
330
70
100
AcDbEntity
  8
S-STRS-ANNO
  6
Continuous
100
AcDbLine
 10
-11995.58596345348
 20
-2871.159356379137
 30
0.0
 11
-11870.58596345348
 21
-2996.159356379137
 31
0.0
1001
REVIT
1002
{
1070
     1
1000
610480
1002
}
1002
{
1070
     5
1000
141729
1002
}
1002
{
1070
     2
1000
-2000938
1002
}
1002
{
1070
     3
1000
-2000130
1002
}
  0
INSERT
  5
2C8
330
70
100
AcDbEntity
  8
A-FLOR-HRAL
100
AcDbBlockReference
  2
Top Rail Type - Top Rail_Internal_-610499-Level 1
 10
0.0
 20
0.0
 30
0.0
1001
REVIT
1002
{
1070
     1
1000
610498
1002
}
1002
{
1070
     5
1000
141548
1002
}
1002
{
1070
     2
1000
-2000126
1002
}
1002
{
1070
     3
1000
-2000946
1002
}
  0
INSERT
  5
2D9
330
70
100
AcDbEntity
  8
A-FLOR-HRAL
100
AcDbBlockReference
  2
Top Rail Type - Top Rail_Internal_-610513-Level 1
 10
0.0
 20
0.0
 30
0.0
1001
REVIT
1002
{
1070
     1
1000
610512
1002
}
1002
{
1070
     5
1000
141548
1002
}
1002
{
1070
     2
1000
-2000126
1002
}
1002
{
1070
     3
1000
-2000946
1002
}
  0
LINE
  5
2DA
330
70
100
AcDbEntity
  8
A-WALL
370
    25
100
AcDbLine
 10
-16623.97417218749
 20
2000.837287062007
 30
0.0
 11
-13323.97417218748
 21
2000.837287061998
 31
0.0
1001
REVIT
1002
{
1070
     1
1000
613251
1002
}
1002
{
1070
     5
1000
398
1002
}
1002
{
1070
     2
1000
-2000011
1002
}
  0
LINE
  5
2DB
330
70
100
AcDbEntity
  8
A-WALL
370
    25
100
AcDbLine
 10
-13323.97417218748
 20
2000.837287061998
 30
0.0
 11
-13323.97417218748
 21
2200.837287061998
 31
0.0
1001
REVIT
1002
{
1070
     1
1000
613251
1002
}
1002
{
1070
     5
1000
398
1002
}
1002
{
1070
     2
1000
-2000011
1002
}
  0
LINE
  5
2DC
330
70
100
AcDbEntity
  8
A-WALL
370
    25
100
AcDbLine
 10
-13323.97417218748
 20
2200.837287061998
 30
0.0
 11
-16423.97417218749
 21
2200.837287062006
 31
0.0
1001
REVIT
1002
{
1070
     1
1000
613251
1002
}
1002
{
1070
     5
1000
398
1002
}
1002
{
1070
     2
1000
-2000011
1002
}
  0
LINE
  5
2DE
330
70
100
AcDbEntity
  8
A-WALL
370
    25
100
AcDbLine
 10
-12408.97417218748
 20
2000.837287061995
 30
0.0
 11
-7230.344983381645
 21
2000.837287061981
 31
0.0
1001
REVIT
1002
{
1070
     1
1000
613251
1002
}
1002
{
1070
     5
1000
398
1002
}
1002
{
1070
     2
1000
-2000011
1002
}
  0
LINE
  5
2DF
330
70
100
AcDbEntity
  8
A-WALL
370
    25
100
AcDbLine
 10
-7230.344983381645
 20
2000.837287061981
 30
0.0
 11
-7230.344983381645
 21
2200.837287061981
 31
0.0
1001
REVIT
1002
{
1070
     1
1000
613251
1002
}
1002
{
1070
     5
1000
398
1002
}
1002
{
1070
     2
1000
-2000011
1002
}
  0
LINE
  5
2E0
330
70
100
AcDbEntity
  8
A-WALL
370
    25
100
AcDbLine
 10
-7230.344983381645
 20
2200.837287061981
 30
0.0
 11
-7530.344983381644
 21
2200.837287061982
 31
0.0
1001
REVIT
1002
{
1070
     1
1000
613251
1002
}
1002
{
1070
     5
1000
398
1002
}
1002
{
1070
     2
1000
-2000011
1002
}
  0
LINE
  5
2E1
330
70
100
AcDbEntity
  8
A-WALL
370
    25
100
AcDbLine
 10
-7730.344983381645
 20
2200.837287061982
 30
0.0
 11
-12408.97417218748
 21
2200.837287061995
 31
0.0
1001
REVIT
1002
{
1070
     1
1000
613251
1002
}
1002
{
1070
     5
1000
398
1002
}
1002
{
1070
     2
1000
-2000011
1002
}
  0
LINE
  5
2E2
330
70
100
AcDbEntity
  8
A-WALL
370
    25
100
AcDbLine
 10
-12408.97417218748
 20
2200.837287061995
 30
0.0
 11
-12408.97417218748
 21
2000.837287061995
 31
0.0
1001
REVIT
1002
{
1070
     1
1000
613251
1002
}
1002
{
1070
     5
1000
398
1002
}
1002
{
1070
     2
1000
-2000011
1002
}
  0
LINE
  5
2E3
330
70
100
AcDbEntity
  8
A-WALL
370
    25
100
AcDbLine
 10
-6315.344983381645
 20
2000.837287061978
 30
0.0
 11
-5990.344983381646
 21
2000.837287061977
 31
0.0
1001
REVIT
1002
{
1070
     1
1000
613251
1002
}
1002
{
1070
     5
1000
398
1002
}
1002
{
1070
     2
1000
-2000011
1002
}
  0
LINE
  5
2E4
330
70
100
AcDbEntity
  8
A-WALL
370
    25
100
AcDbLine
 10
-5790.344983381646
 20
2000.837287061977
 30
0.0
 11
-2360.344983381664
 21
2000.837287061967
 31
0.0
1001
REVIT
1002
{
1070
     1
1000
613251
1002
}
1002
{
1070
     5
1000
398
1002
}
1002
{
1070
     2
1000
-2000011
1002
}
  0
LINE
  5
2E5
330
70
100
AcDbEntity
  8
A-WALL
370
    25
100
AcDbLine
 10
-2350.344983381646
 20
2200.837287061967
 30
0.0
 11
-6315.344983381645
 21
2200.837287061979
 31
0.0
1001
REVIT
1002
{
1070
     1
1000
613251
1002
}
1002
{
1070
     5
1000
398
1002
}
1002
{
1070
     2
1000
-2000011
1002
}
  0
LINE
  5
2E6
330
70
100
AcDbEntity
  8
A-WALL
370
    25
100
AcDbLine
 10
-6315.344983381645
 20
2200.837287061979
 30
0.0
 11
-6315.344983381645
 21
2000.837287061978
 31
0.0
1001
REVIT
1002
{
1070
     1
1000
613251
1002
}
1002
{
1070
     5
1000
398
1002
}
1002
{
1070
     2
1000
-2000011
1002
}
  0
LINE
  5
2E7
330
70
100
AcDbEntity
  8
A-WALL
370
    25
100
AcDbLine
 10
-5990.344983381649
 20
700.8372870619776
 30
0.0
 11
-10469.83042327065
 21
700.837287061992
 31
0.0
1001
REVIT
1002
{
1070
     1
1000
613570
1002
}
1002
{
1070
     5
1000
398
1002
}
1002
{
1070
     2
1000
-2000011
1002
}
  0
LINE
  5
2E8
330
70
100
AcDbEntity
  8
A-WALL
370
    25
100
AcDbLine
 10
-10469.83042327065
 20
520.8372870619792
 30
0.0
 11
-10469.83042327066
 21
-2179.162712938021
 31
0.0
1001
REVIT
1002
{
1070
     1
1000
613570
1002
}
1002
{
1070
     5
1000
398
1002
}
1002
{
1070
     2
1000
-2000011
1002
}
  0
LINE
  5
2E9
330
70
100
AcDbEntity
  8
A-WALL
370
    25
100
AcDbLine
 10
-10469.83042327065
 20
500.837287061992
 30
0.0
 11
-9230.362910827158
 21
500.837287061988
 31
0.0
1001
REVIT
1002
{
1070
     1
1000
613570
1002
}
1002
{
1070
     5
1000
398
1002
}
1002
{
1070
     2
1000
-2000011
1002
}
  0
LINE
  5
2EA
330
70
100
AcDbEntity
  8
A-WALL
370
    25
100
AcDbLine
 10
-9030.362910827157
 20
500.8372870619874
 30
0.0
 11
-5790.34498338165
 21
500.8372870619769
 31
0.0
1001
REVIT
1002
{
1070
     1
1000
613570
1002
}
1002
{
1070
     5
1000
398
1002
}
1002
{
1070
     2
1000
-2000011
1002
}
  0
LINE
  5
2EC
330
70
100
AcDbEntity
  8
A-WALL
370
    25
100
AcDbLine
 10
-2360.344983381665
 20
2000.837287061967
 30
0.0
 11
-2360.344983381676
 21
-5158.643997971551
 31
0.0
1001
REVIT
1002
{
1070
     1
1000
614171
1002
}
1002
{
1070
     5
1000
398
1002
}
1002
{
1070
     2
1000
-2000011
1002
}
  0
LINE
  5
2EE
330
70
100
AcDbEntity
  8
A-WALL
370
    25
100
AcDbLine
 10
-2160.344983381677
 20
-5358.643997971551
 30
0.0
 11
-2160.344983381665
 21
2000.837287061966
 31
0.0
1001
REVIT
1002
{
1070
     1
1000
614171
1002
}
1002
{
1070
     5
1000
398
1002
}
1002
{
1070
     2
1000
-2000011
1002
}
  0
LINE
  5
2EF
330
70
100
AcDbEntity
  8
A-WALL
370
    25
100
AcDbLine
 10
-9230.362910827158
 20
500.8372870619881
 30
0.0
 11
-9230.362910827164
 21
-2365.137815069374
 31
0.0
1001
REVIT
1002
{
1070
     1
1000
619011
1002
}
1002
{
1070
     5
1000
398
1002
}
1002
{
1070
     2
1000
-2000011
1002
}
  0
LINE
  5
2F0
330
70
100
AcDbEntity
  8
A-WALL
370
    25
100
AcDbLine
 10
-9230.362910827164
 20
-2365.137815069374
 30
0.0
 11
-9030.362910827163
 21
-2365.137815069374
 31
0.0
1001
REVIT
1002
{
1070
     1
1000
619011
1002
}
1002
{
1070
     5
1000
398
1002
}
1002
{
1070
     2
1000
-2000011
1002
}
  0
LINE
  5
2F1
330
70
100
AcDbEntity
  8
A-WALL
370
    25
100
AcDbLine
 10
-9030.362910827163
 20
-2365.137815069374
 30
0.0
 11
-9030.362910827157
 21
500.8372870619885
 31
0.0
1001
REVIT
1002
{
1070
     1
1000
619011
1002
}
1002
{
1070
     5
1000
398
1002
}
1002
{
1070
     2
1000
-2000011
1002
}
  0
LINE
  5
2F2
330
70
100
AcDbEntity
  8
A-WALL
370
    25
100
AcDbLine
 10
-9230.362910827164
 20
-3280.137815069374
 30
0.0
 11
-9230.362910827166
 21
-3812.150264003705
 31
0.0
1001
REVIT
1002
{
1070
     1
1000
619011
1002
}
1002
{
1070
     5
1000
398
1002
}
1002
{
1070
     2
1000
-2000011
1002
}
  0
LINE
  5
2F3
330
70
100
AcDbEntity
  8
A-WALL
370
    25
100
AcDbLine
 10
-9230.362910827166
 20
-3812.150264003705
 30
0.0
 11
-9030.362910827165
 21
-3812.150264003705
 31
0.0
1001
REVIT
1002
{
1070
     1
1000
619011
1002
}
1002
{
1070
     5
1000
398
1002
}
1002
{
1070
     2
1000
-2000011
1002
}
  0
LINE
  5
2F4
330
70
100
AcDbEntity
  8
A-WALL
370
    25
100
AcDbLine
 10
-9030.362910827165
 20
-3812.150264003705
 30
0.0
 11
-9030.362910827163
 21
-3680.137815069379
 31
0.0
1001
REVIT
1002
{
1070
     1
1000
619011
1002
}
1002
{
1070
     5
1000
398
1002
}
1002
{
1070
     2
1000
-2000011
1002
}
  0
LINE
  5
2F5
330
70
100
AcDbEntity
  8
A-WALL
370
    25
100
AcDbLine
 10
-9030.362910827163
 20
-3480.13781506938
 30
0.0
 11
-9030.362910827163
 21
-3280.137815069374
 31
0.0
1001
REVIT
1002
{
1070
     1
1000
619011
1002
}
1002
{
1070
     5
1000
398
1002
}
1002
{
1070
     2
1000
-2000011
1002
}
  0
LINE
  5
2F6
330
70
100
AcDbEntity
  8
A-WALL
370
    25
100
AcDbLine
 10
-9030.362910827163
 20
-3280.137815069374
 30
0.0
 11
-9230.362910827164
 21
-3280.137815069374
 31
0.0
1001
REVIT
1002
{
1070
     1
1000
619011
1002
}
1002
{
1070
     5
1000
398
1002
}
1002
{
1070
     2
1000
-2000011
1002
}
  0
LINE
  5
2F7
330
70
100
AcDbEntity
  8
A-WALL
370
    25
100
AcDbLine
 10
-9230.362910827167
 20
-4727.150264003704
 30
0.0
 11
-9230.362910827166
 21
-4859.162712938029
 31
0.0
1001
REVIT
1002
{
1070
     1
1000
619011
1002
}
1002
{
1070
     5
1000
398
1002
}
1002
{
1070
     2
1000
-2000011
1002
}
  0
LINE
  5
2F9
330
70
100
AcDbEntity
  8
A-WALL
370
    25
100
AcDbLine
 10
-9030.362910827168
 20
-5059.16271293803
 30
0.0
 11
-9030.362910827168
 21
-4727.150264003704
 31
0.0
1001
REVIT
1002
{
1070
     1
1000
619011
1002
}
1002
{
1070
     5
1000
398
1002
}
1002
{
1070
     2
1000
-2000011
1002
}
  0
LINE
  5
2FA
330
70
100
AcDbEntity
  8
A-WALL
370
    25
100
AcDbLine
 10
-9030.362910827168
 20
-4727.150264003704
 30
0.0
 11
-9230.362910827167
 21
-4727.150264003704
 31
0.0
1001
REVIT
1002
{
1070
     1
1000
619011
1002
}
1002
{
1070
     5
1000
398
1002
}
1002
{
1070
     2
1000
-2000011
1002
}
  0
LINE
  5
2FB
330
70
100
AcDbEntity
  8
A-WALL
370
    25
100
AcDbLine
 10
-9814.830423270658
 20
-5059.162712938028
 30
0.0
 11
-9030.362910827168
 21
-5059.16271293803
 31
0.0
1001
REVIT
1002
{
1070
     1
1000
619430
1002
}
1002
{
1070
     5
1000
398
1002
}
1002
{
1070
     2
1000
-2000011
1002
}
  0
LINE
  5
2FD
330
70
100
AcDbEntity
  8
A-WALL
370
    25
100
AcDbLine
 10
-2350.344983381635
 20
9340.837287061953
 30
0.0
 11
-2350.344983381646
 21
2200.837287061967
 31
0.0
1001
REVIT
1002
{
1070
     1
1000
621811
1002
}
1002
{
1070
     5
1000
398
1002
}
1002
{
1070
     2
1000
-2000011
1002
}
  0
LINE
  5
2FE
330
70
100
AcDbEntity
  8
A-WALL
370
    25
100
AcDbLine
 10
-2160.344983381665
 20
2000.837287061966
 30
0.0
 11
-2150.344983381646
 21
2000.837287061966
 31
0.0
1001
REVIT
1002
{
1070
     1
1000
621811
1002
}
1002
{
1070
     5
1000
398
1002
}
1002
{
1070
     2
1000
-2000011
1002
}
  0
LINE
  5
2FF
330
70
100
AcDbEntity
  8
A-WALL
370
    25
100
AcDbLine
 10
-2150.344983381646
 20
2000.837287061966
 30
0.0
 11
-2150.344983381634
 21
9540.837287061952
 31
0.0
1001
REVIT
1002
{
1070
     1
1000
621811
1002
}
1002
{
1070
     5
1000
398
1002
}
1002
{
1070
     2
1000
-2000011
1002
}
  0
LINE
  5
301
330
70
100
AcDbEntity
  8
A-WALL
370
    25
100
AcDbLine
 10
11328.86123488272
 20
-4740.009811932398
 30
0.0
 11
11328.86123488273
 21
1419.475627956587
 31
0.0
1001
REVIT
1002
{
1070
     1
1000
627017
1002
}
1002
{
1070
     5
1000
398
1002
}
1002
{
1070
     2
1000
-2000011
1002
}
  0
LINE
  5
303
330
70
100
AcDbEntity
  8
A-WALL
370
    25
100
AcDbLine
 10
11128.86123488273
 20
-1120.524372043441
 30
0.0
 11
11128.86123488272
 21
-4940.009811932399
 31
0.0
1001
REVIT
1002
{
1070
     1
1000
627017
1002
}
1002
{
1070
     5
1000
398
1002
}
1002
{
1070
     2
1000
-2000011
1002
}
  0
LINE
  5
304
330
70
100
AcDbEntity
  8
A-WALL
370
    25
100
AcDbLine
 10
11328.86123488273
 20
1419.475627956587
 30
0.0
 11
18828.86123488271
 21
1419.475627956563
 31
0.0
1001
REVIT
1002
{
1070
     1
1000
627073
1002
}
1002
{
1070
     5
1000
398
1002
}
1002
{
1070
     2
1000
-2000011
1002
}
  0
LINE
  5
305
330
70
100
AcDbEntity
  8
A-WALL
370
    25
100
AcDbLine
 10
18828.86123488272
 20
1619.475627956563
 30
0.0
 11
11328.86123488273
 21
1619.475627956587
 31
0.0
1001
REVIT
1002
{
1070
     1
1000
627073
1002
}
1002
{
1070
     5
1000
398
1002
}
1002
{
1070
     2
1000
-2000011
1002
}
  0
LINE
  5
307
330
70
100
AcDbEntity
  8
A-WALL
370
    25
100
AcDbLine
 10
5043.71600698564
 20
279.9901880676164
 30
0.0
 11
5043.716006985651
 21
6319.475627956589
 31
0.0
1001
REVIT
1002
{
1070
     1
1000
628605
1002
}
1002
{
1070
     5
1000
398
1002
}
1002
{
1070
     2
1000
-2000011
1002
}
  0
LINE
  5
30A
330
70
100
AcDbEntity
  8
A-WALL
370
    25
100
AcDbLine
 10
11328.86123488273
 20
1619.475627956587
 30
0.0
 11
11328.86123488274
 21
6519.475627956587
 31
0.0
1001
REVIT
1002
{
1070
     1
1000
634127
1002
}
1002
{
1070
     5
1000
398
1002
}
1002
{
1070
     2
1000
-2000011
1002
}
  0
LINE
  5
30C
330
70
100
AcDbEntity
  8
A-WALL
370
    25
100
AcDbLine
 10
11128.86123488274
 20
6319.475627956588
 30
0.0
 11
11128.86123488273
 21
-920.5243720434413
 31
0.0
1001
REVIT
1002
{
1070
     1
1000
634127
1002
}
1002
{
1070
     5
1000
398
1002
}
1002
{
1070
     2
1000
-2000011
1002
}
  0
LINE
  5
30D
330
70
100
AcDbEntity
  8
A-WALL
370
    25
100
AcDbLine
 10
11328.86123488274
 20
6519.475627956587
 30
0.0
 11
4843.71600698565
 21
6519.475627956587
 31
0.0
1001
REVIT
1002
{
1070
     1
1000
634288
1002
}
1002
{
1070
     5
1000
398
1002
}
1002
{
1070
     2
1000
-2000011
1002
}
  0
LINE
  5
30E
330
70
100
AcDbEntity
  8
A-WALL
370
    25
100
AcDbLine
 10
5043.716006985651
 20
6319.475627956588
 30
0.0
 11
11128.86123488274
 21
6319.475627956588
 31
0.0
1001
REVIT
1002
{
1070
     1
1000
634288
1002
}
1002
{
1070
     5
1000
398
1002
}
1002
{
1070
     2
1000
-2000011
1002
}
  0
LINE
  5
30F
330
70
100
AcDbEntity
  8
A-WALL
370
    25
100
AcDbLine
 10
9828.86123488273
 20
-1120.524372043437
 30
0.0
 11
10021.36123488272
 21
-1120.524372043438
 31
0.0
1001
REVIT
1002
{
1070
     1
1000
634697
1002
}
1002
{
1070
     5
1000
398
1002
}
1002
{
1070
     2
1000
-2000011
1002
}
  0
LINE
  5
310
330
70
100
AcDbEntity
  8
A-WALL
370
    25
100
AcDbLine
 10
10021.36123488272
 20
-1120.524372043438
 30
0.0
 11
10021.36123488272
 21
-920.5243720434378
 31
0.0
1001
REVIT
1002
{
1070
     1
1000
634697
1002
}
1002
{
1070
     5
1000
398
1002
}
1002
{
1070
     2
1000
-2000011
1002
}
  0
LINE
  5
311
330
70
100
AcDbEntity
  8
A-WALL
370
    25
100
AcDbLine
 10
10021.36123488272
 20
-920.5243720434378
 30
0.0
 11
9828.86123488273
 21
-920.5243720434372
 31
0.0
1001
REVIT
1002
{
1070
     1
1000
634697
1002
}
1002
{
1070
     5
1000
398
1002
}
1002
{
1070
     2
1000
-2000011
1002
}
  0
LINE
  5
312
330
70
100
AcDbEntity
  8
A-WALL
370
    25
100
AcDbLine
 10
10936.36123488272
 20
-1120.524372043441
 30
0.0
 11
11128.86123488273
 21
-1120.524372043441
 31
0.0
1001
REVIT
1002
{
1070
     1
1000
634697
1002
}
1002
{
1070
     5
1000
398
1002
}
1002
{
1070
     2
1000
-2000011
1002
}
  0
LINE
  5
313
330
70
100
AcDbEntity
  8
A-WALL
370
    25
100
AcDbLine
 10
11128.86123488273
 20
-920.5243720434413
 30
0.0
 11
10936.36123488272
 21
-920.5243720434408
 31
0.0
1001
REVIT
1002
{
1070
     1
1000
634697
1002
}
1002
{
1070
     5
1000
398
1002
}
1002
{
1070
     2
1000
-2000011
1002
}
  0
LINE
  5
314
330
70
100
AcDbEntity
  8
A-WALL
370
    25
100
AcDbLine
 10
10936.36123488272
 20
-920.5243720434408
 30
0.0
 11
10936.36123488272
 21
-1120.524372043441
 31
0.0
1001
REVIT
1002
{
1070
     1
1000
634697
1002
}
1002
{
1070
     5
1000
398
1002
}
1002
{
1070
     2
1000
-2000011
1002
}
  0
LINE
  5
315
330
70
100
AcDbEntity
  8
A-WALL
370
    25
100
AcDbLine
 10
-13926.10143699096
 20
14340.83728706198
 30
0.0
 11
-13926.10143699096
 21
4700.837287061989
 31
0.0
1001
REVIT
1002
{
1070
     1
1000
635357
1002
}
1002
{
1070
     5
1000
398
1002
}
1002
{
1070
     2
1000
-2000011
1002
}
  0
LINE
  5
317
330
70
100
AcDbEntity
  8
A-WALL
370
    25
100
AcDbLine
 10
-13726.10143699096
 20
4500.837287061987
 30
0.0
 11
-13726.10143699096
 21
7340.83728706199
 31
0.0
1001
REVIT
1002
{
1070
     1
1000
635357
1002
}
1002
{
1070
     5
1000
398
1002
}
1002
{
1070
     2
1000
-2000011
1002
}
  0
LINE
  5
318
330
70
100
AcDbEntity
  8
A-WALL
370
    25
100
AcDbLine
 10
-13726.10143699096
 20
7540.837287061991
 30
0.0
 11
-13726.10143699096
 21
14540.83728706198
 31
0.0
1001
REVIT
1002
{
1070
     1
1000
635357
1002
}
1002
{
1070
     5
1000
398
1002
}
1002
{
1070
     2
1000
-2000011
1002
}
  0
LINE
  5
319
330
70
100
AcDbEntity
  8
A-WALL
370
    25
100
AcDbLine
 10
-13926.10143699096
 20
4700.837287061988
 30
0.0
 11
-16423.97417218748
 21
4700.837287061996
 31
0.0
1001
REVIT
1002
{
1070
     1
1000
635409
1002
}
1002
{
1070
     5
1000
398
1002
}
1002
{
1070
     2
1000
-2000011
1002
}
  0
LINE
  5
31A
330
70
100
AcDbEntity
  8
A-WALL
370
    25
100
AcDbLine
 10
-16423.97417218748
 20
4500.837287061996
 30
0.0
 11
-13726.10143699096
 21
4500.837287061987
 31
0.0
1001
REVIT
1002
{
1070
     1
1000
635409
1002
}
1002
{
1070
     5
1000
398
1002
}
1002
{
1070
     2
1000
-2000011
1002
}
  0
LINE
  5
31B
330
70
100
AcDbEntity
  8
A-WALL
370
    25
100
AcDbLine
 10
-5790.34498338165
 20
500.8372870619769
 30
0.0
 11
-5790.344983381646
 21
2000.837287061977
 31
0.0
1001
REVIT
1002
{
1070
     1
1000
639199
1002
}
1002
{
1070
     5
1000
398
1002
}
1002
{
1070
     2
1000
-2000011
1002
}
  0
LINE
  5
31C
330
70
100
AcDbEntity
  8
A-WALL
370
    25
100
AcDbLine
 10
-5990.344983381646
 20
2000.837287061977
 30
0.0
 11
-5990.344983381649
 21
700.8372870619776
 31
0.0
1001
REVIT
1002
{
1070
     1
1000
639199
1002
}
1002
{
1070
     5
1000
398
1002
}
1002
{
1070
     2
1000
-2000011
1002
}
  0
LINE
  5
31F
330
70
100
AcDbEntity
  8
A-WALL
370
    25
100
AcDbLine
 10
-7730.344983381633
 20
9540.83728706197
 30
0.0
 11
-7730.344983381634
 21
7540.83728706197
 31
0.0
1001
REVIT
1002
{
1070
     1
1000
639625
1002
}
1002
{
1070
     5
1000
398
1002
}
1002
{
1070
     2
1000
-2000011
1002
}
  0
LINE
  5
320
330
70
100
AcDbEntity
  8
A-WALL
370
    25
100
AcDbLine
 10
-7530.344983381633
 20
9340.837287061971
 30
0.0
 11
-2350.344983381635
 21
9340.837287061953
 31
0.0
1001
REVIT
1002
{
1070
     1
1000
639716
1002
}
1002
{
1070
     5
1000
398
1002
}
1002
{
1070
     2
1000
-2000011
1002
}
  0
LINE
  5
321
330
70
100
AcDbEntity
  8
A-WALL
370
    25
100
AcDbLine
 10
-2150.344983381634
 20
9540.837287061952
 30
0.0
 11
-7730.344983381633
 21
9540.83728706197
 31
0.0
1001
REVIT
1002
{
1070
     1
1000
639716
1002
}
1002
{
1070
     5
1000
398
1002
}
1002
{
1070
     2
1000
-2000011
1002
}
  0
LINE
  5
322
330
70
100
AcDbEntity
  8
A-WALL
370
    25
100
AcDbLine
 10
-17123.97417218749
 20
-4787.159971495601
 30
0.0
 11
-17123.97417218748
 21
-3487.159971495601
 31
0.0
1001
REVIT
1002
{
1070
     1
1000
648369
1002
}
1002
{
1070
     5
1000
398
1002
}
1002
{
1070
     2
1000
-2000011
1002
}
  0
LINE
  5
324
330
70
100
AcDbEntity
  8
A-WALL
370
    25
100
AcDbLine
 10
-17323.97417218748
 20
-3287.1599714956
 30
0.0
 11
-17323.97417218749
 21
-4587.159971495601
 31
0.0
1001
REVIT
1002
{
1070
     1
1000
648369
1002
}
1002
{
1070
     5
1000
398
1002
}
1002
{
1070
     2
1000
-2000011
1002
}
  0
LINE
  5
325
330
70
100
AcDbEntity
  8
A-WALL
370
    25
100
AcDbLine
 10
-17123.97417218748
 20
-3487.159971495601
 30
0.0
 11
-16213.97417218749
 21
-3487.159971495604
 31
0.0
1001
REVIT
1002
{
1070
     1
1000
648430
1002
}
1002
{
1070
     5
1000
398
1002
}
1002
{
1070
     2
1000
-2000011
1002
}
  0
LINE
  5
326
330
70
100
AcDbEntity
  8
A-WALL
370
    25
100
AcDbLine
 10
-16213.97417218749
 20
-3287.159971495604
 30
0.0
 11
-17323.97417218748
 21
-3287.1599714956
 31
0.0
1001
REVIT
1002
{
1070
     1
1000
648430
1002
}
1002
{
1070
     5
1000
398
1002
}
1002
{
1070
     2
1000
-2000011
1002
}
  0
INSERT
  5
327
330
70
100
AcDbEntity
  8
A-DOOR
100
AcDbBlockReference
  2
M_Single-Flush - 0915 x 2134mm-469677-Level 1
 10
-16113.97417218748
 20
-844.6599714956073
 30
0.0
 50
89.99999999999985
1001
REVIT
1002
{
1070
     1
1000
649493
1002
}
1002
{
1070
     5
1000
49480
1002
}
1002
{
1070
     2
1000
-2000023
1002
}
  0
INSERT
  5
328
330
70
100
AcDbEntity
  8
A-DOOR
100
AcDbBlockReference
  2
M_Single-Flush - 0915 x 2134mm-469677-Level 1
 10
-16113.97417218749
 20
-4173.161342216812
 30
0.0
 50
89.99999999999985
1001
REVIT
1002
{
1070
     1
1000
649681
1002
}
1002
{
1070
     5
1000
49480
1002
}
1002
{
1070
     2
1000
-2000023
1002
}
  0
INSERT
  5
329
330
70
100
AcDbEntity
  8
A-DOOR
100
AcDbBlockReference
  2
M_Single-Flush - 0915 x 2134mm-469506-Level 1
 10
-9130.362910827164
 20
-4269.650264003704
 30
0.0
 50
89.99999999999991
1001
REVIT
1002
{
1070
     1
1000
649735
1002
}
1002
{
1070
     5
1000
49480
1002
}
1002
{
1070
     2
1000
-2000023
1002
}
  0
INSERT
  5
32A
330
70
100
AcDbEntity
  8
A-DOOR
100
AcDbBlockReference
  2
M_Single-Flush - 0915 x 2134mm-469677-Level 1
 10
-9130.362910827159
 20
-2822.637815069374
 30
0.0
 50
269.9999999999999
1001
REVIT
1002
{
1070
     1
1000
649905
1002
}
1002
{
1070
     5
1000
49480
1002
}
1002
{
1070
     2
1000
-2000023
1002
}
  0
INSERT
  5
32B
330
70
100
AcDbEntity
  8
A-DOOR
100
AcDbBlockReference
  2
M_Single-Flush - 0915 x 2134mm-469506-Level 1
 10
-6772.844983381645
 20
2100.837287061982
 30
0.0
 50
180.0
1001
REVIT
1002
{
1070
     1
1000
649963
1002
}
1002
{
1070
     5
1000
49480
1002
}
1002
{
1070
     2
1000
-2000023
1002
}
  0
INSERT
  5
32C
330
70
100
AcDbEntity
  8
A-DOOR
100
AcDbBlockReference
  2
M_Single-Flush - 0915 x 2134mm-469506-Level 1
 10
-19189.83042327065
 20
8462.840028504407
 30
0.0
 50
269.9999999999998
1001
REVIT
1002
{
1070
     1
1000
650178
1002
}
1002
{
1070
     5
1000
49480
1002
}
1002
{
1070
     2
1000
-2000023
1002
}
  0
INSERT
  5
32D
330
70
100
AcDbEntity
  8
A-DOOR
100
AcDbBlockReference
  2
M_Single-Flush - 0915 x 2134mm-469677-Level 1
 10
-16523.97417218747
 20
8455.3400285044
 30
0.0
 50
269.9999999999998
1001
REVIT
1002
{
1070
     1
1000
650308
1002
}
1002
{
1070
     5
1000
49480
1002
}
1002
{
1070
     2
1000
-2000023
1002
}
  0
INSERT
  5
32E
330
70
100
AcDbEntity
  8
A-DOOR
100
AcDbBlockReference
  2
M_Single-Flush - 0915 x 2134mm-469506-Level 1
 10
-18023.97417218748
 20
2170.340028504405
 30
0.0
 50
269.9999999999999
1001
REVIT
1002
{
1070
     1
1000
650748
1002
}
1002
{
1070
     5
1000
49480
1002
}
1002
{
1070
     2
1000
-2000023
1002
}
  0
INSERT
  5
32F
330
70
100
AcDbEntity
  8
A-DOOR
100
AcDbBlockReference
  2
M_Single-Flush - 0915 x 2134mm-469506-Level 1
 10
-12866.47417218748
 20
2100.837287061999
 30
0.0
 50
180.0
1001
REVIT
1002
{
1070
     1
1000
650928
1002
}
1002
{
1070
     5
1000
49480
1002
}
1002
{
1070
     2
1000
-2000023
1002
}
  0
INSERT
  5
330
330
70
100
AcDbEntity
  8
A-DOOR
100
AcDbBlockReference
  2
M_Single-Flush - 0915 x 2134mm-469677-Level 1
 10
10478.86123488272
 20
-1020.524372043436
 30
0.0
1001
REVIT
1002
{
1070
     1
1000
651198
1002
}
1002
{
1070
     5
1000
49480
1002
}
1002
{
1070
     2
1000
-2000023
1002
}
  0
INSERT
  5
331
330
70
100
AcDbEntity
  8
A-DOOR
100
AcDbBlockReference
  2
M_Single-Flush - 0915 x 2134mm-469506-Level 1
 10
9728.861234882717
 20
-5479.190783473207
 30
0.0
 50
269.9999999999999
1001
REVIT
1002
{
1070
     1
1000
651650
1002
}
1002
{
1070
     5
1000
49480
1002
}
1002
{
1070
     2
1000
-2000023
1002
}
  0
INSERT
  5
332
330
70
100
AcDbEntity
  8
A-DOOR
100
AcDbBlockReference
  2
M_Single-Flush - 0915 x 2134mm-469506-Level 1
 10
21611.36123488277
 20
-6240.009811932416
 30
0.0
1001
REVIT
1002
{
1070
     1
1000
652034
1002
}
1002
{
1070
     5
1000
49480
1002
}
1002
{
1070
     2
1000
-2000023
1002
}
  0
INSERT
  5
333
330
70
100
AcDbEntity
  8
A-DOOR
100
AcDbBlockReference
  2
M_Single-Flush - 0915 x 2134mm-469506-Level 1
 10
11502.33633701411
 20
-6236.690783473218
 30
0.0
1001
REVIT
1002
{
1070
     1
1000
652335
1002
}
1002
{
1070
     5
1000
49480
1002
}
1002
{
1070
     2
1000
-2000023
1002
}
  0
MTEXT
  5
335
330
70
100
AcDbEntity
  8
S-STRS-IDEN
100
AcDbMText
 10
17167.17515934214
 20
-3947.927138724568
 30
0.0
 40
250.0
 41
579.1934132063415
 46
0.0
 71
     1
 72
     1
  1
UP
  7
Arial
 73
     2
 44
0.9417779076525876
 90
        3
 63
     9
421
 13158600
 45
1.25
441
        0
1001
REVIT
1002
{
1070
     1
1000
436785
1002
}
1002
{
1070
     5
1000
141729
1002
}
1002
{
1070
     2
1000
-2000938
1002
}
  0
MTEXT
  5
336
330
70
100
AcDbEntity
  8
S-STRS-IDEN
100
AcDbMText
 10
-10978.24714112543
 20
-2742.805669450934
 30
0.0
 40
250.0
 41
579.1934132063415
 46
0.0
 71
     1
 72
     1
  1
UP
  7
Arial
 73
     2
 44
0.9417779076525876
 90
        3
 63
     9
421
 13158600
 45
1.25
441
        0
1001
REVIT
1002
{
1070
     1
1000
610480
1002
}
1002
{
1070
     5
1000
141729
1002
}
1002
{
1070
     2
1000
-2000938
1002
}
  0
LINE
  5
337
330
70
100
AcDbEntity
  8
A-AREA-BNDY
100
AcDbLine
 10
-25501.43694956354
 20
13812.84002850442
 30
0.0
 11
-18289.83042327065
 21
13812.8400285044
 31
0.0
1001
REVIT
1002
{
1070
     1
1000
615051
1002
}
1002
{
1070
     2
1000
-2000051
1002
}
1002
{
1070
     3
1000
-2000079
1002
}
  0
LINE
  5
338
330
70
100
AcDbEntity
  8
A-AREA-BNDY
100
AcDbLine
 10
-18289.83042327065
 20
13812.8400285044
 30
0.0
 11
-18289.83042327065
 21
14340.837287062
 31
0.0
1001
REVIT
1002
{
1070
     1
1000
615093
1002
}
1002
{
1070
     2
1000
-2000051
1002
}
1002
{
1070
     3
1000
-2000079
1002
}
  0
LINE
  5
339
330
70
100
AcDbEntity
  8
A-AREA-BNDY
100
AcDbLine
 10
-18289.83042327065
 20
14340.837287062
 30
0.0
 11
-13504.83042327062
 21
14340.83728706198
 31
0.0
1001
REVIT
1002
{
1070
     1
1000
615275
1002
}
1002
{
1070
     2
1000
-2000051
1002
}
1002
{
1070
     3
1000
-2000079
1002
}
  0
LINE
  5
33A
330
70
100
AcDbEntity
  8
A-AREA-BNDY
100
AcDbLine
 10
-13504.83042327062
 20
14340.83728706198
 30
0.0
 11
-13504.83042327063
 21
6840.837287061984
 31
0.0
1001
REVIT
1002
{
1070
     1
1000
615482
1002
}
1002
{
1070
     2
1000
-2000051
1002
}
1002
{
1070
     3
1000
-2000079
1002
}
  0
LINE
  5
33B
330
70
100
AcDbEntity
  8
A-AREA-BNDY
100
AcDbLine
 10
-2050.344983381633
 20
9620.837287061942
 30
0.0
 11
-2168.8904379271
 21
2200.837287061954
 31
0.0
1001
REVIT
1002
{
1070
     1
1000
616356
1002
}
1002
{
1070
     2
1000
-2000051
1002
}
1002
{
1070
     3
1000
-2000079
1002
}
  0
LINE
  5
33C
330
70
100
AcDbEntity
  8
A-AREA-BNDY
100
AcDbLine
 10
-2168.890437927101
 20
2200.837287061952
 30
0.0
 11
-2360.344983381665
 21
2200.837287061953
 31
0.0
1001
REVIT
1002
{
1070
     1
1000
616464
1002
}
1002
{
1070
     2
1000
-2000051
1002
}
1002
{
1070
     3
1000
-2000079
1002
}
  0
LINE
  5
33D
330
70
100
AcDbEntity
  8
A-AREA-BNDY
100
AcDbLine
 10
-2360.344983381665
 20
2200.837287061953
 30
0.0
 11
-2360.344983381677
 21
-5158.64399797155
 31
0.0
1001
REVIT
1002
{
1070
     1
1000
616735
1002
}
1002
{
1070
     2
1000
-2000051
1002
}
1002
{
1070
     3
1000
-2000079
1002
}
  0
LINE
  5
33E
330
70
100
AcDbEntity
  8
A-AREA-BNDY
100
AcDbLine
 10
-2360.344983381677
 20
-5158.64399797155
 30
0.0
 11
-4309.830423270677
 21
-5158.643997971551
 31
0.0
1001
REVIT
1002
{
1070
     1
1000
616907
1002
}
1002
{
1070
     2
1000
-2000051
1002
}
1002
{
1070
     3
1000
-2000079
1002
}
  0
LINE
  5
33F
330
70
100
AcDbEntity
  8
A-AREA-BNDY
100
AcDbLine
 10
-4309.830423270677
 20
-5158.643997971551
 30
0.0
 11
-4309.830423270688
 21
-11188.64399797157
 31
0.0
1001
REVIT
1002
{
1070
     1
1000
617479
1002
}
1002
{
1070
     2
1000
-2000051
1002
}
1002
{
1070
     3
1000
-2000079
1002
}
  0
LINE
  5
340
330
70
100
AcDbEntity
  8
A-AREA-BNDY
100
AcDbLine
 10
-4309.830423270688
 20
-11188.64399797157
 30
0.0
 11
-21989.83042327068
 21
-11188.64399797152
 31
0.0
1001
REVIT
1002
{
1070
     1
1000
617815
1002
}
1002
{
1070
     2
1000
-2000051
1002
}
1002
{
1070
     3
1000
-2000079
1002
}
  0
LINE
  5
341
330
70
100
AcDbEntity
  8
A-AREA-BNDY
100
AcDbLine
 10
-21989.83042327068
 20
-11188.64399797152
 30
0.0
 11
-21989.83042327067
 21
-4587.159971495608
 31
0.0
1001
REVIT
1002
{
1070
     1
1000
618131
1002
}
1002
{
1070
     2
1000
-2000051
1002
}
1002
{
1070
     3
1000
-2000079
1002
}
  0
LINE
  5
342
330
70
100
AcDbEntity
  8
A-AREA-BNDY
100
AcDbLine
 10
-21989.83042327067
 20
-4587.159971495608
 30
0.0
 11
-23146.5113948114
 21
-4587.159971495604
 31
0.0
1001
REVIT
1002
{
1070
     1
1000
618188
1002
}
1002
{
1070
     2
1000
-2000051
1002
}
1002
{
1070
     3
1000
-2000079
1002
}
  0
LINE
  5
343
330
70
100
AcDbEntity
  8
A-AREA-BNDY
100
AcDbLine
 10
-23146.5113948114
 20
-4587.159971495604
 30
0.0
 11
-23146.51139481139
 21
1612.840028504414
 31
0.0
1001
REVIT
1002
{
1070
     1
1000
618280
1002
}
1002
{
1070
     2
1000
-2000051
1002
}
1002
{
1070
     3
1000
-2000079
1002
}
  0
LINE
  5
344
330
70
100
AcDbEntity
  8
A-AREA-BNDY
100
AcDbLine
 10
-23146.51139481139
 20
1612.840028504414
 30
0.0
 11
-24323.97417218749
 21
1612.840028504418
 31
0.0
1001
REVIT
1002
{
1070
     1
1000
618342
1002
}
1002
{
1070
     2
1000
-2000051
1002
}
1002
{
1070
     3
1000
-2000079
1002
}
  0
LINE
  5
345
330
70
100
AcDbEntity
  8
A-AREA-BNDY
100
AcDbLine
 10
-24323.97417218749
 20
1612.840028504418
 30
0.0
 11
-24323.97417218748
 21
7812.840028504421
 31
0.0
1001
REVIT
1002
{
1070
     1
1000
618601
1002
}
1002
{
1070
     2
1000
-2000051
1002
}
1002
{
1070
     3
1000
-2000079
1002
}
  0
LINE
  5
346
330
70
100
AcDbEntity
  8
A-AREA-BNDY
100
AcDbLine
 10
-24323.97417218748
 20
7812.840028504421
 30
0.0
 11
-25501.43694956355
 21
7812.840028504425
 31
0.0
1001
REVIT
1002
{
1070
     1
1000
618650
1002
}
1002
{
1070
     2
1000
-2000051
1002
}
1002
{
1070
     3
1000
-2000079
1002
}
  0
LINE
  5
347
330
70
100
AcDbEntity
  8
A-AREA-BNDY
100
AcDbLine
 10
-25501.43694956355
 20
7812.840028504425
 30
0.0
 11
-25501.43694956354
 21
13812.84002850442
 31
0.0
1001
REVIT
1002
{
1070
     1
1000
618724
1002
}
1002
{
1070
     2
1000
-2000051
1002
}
1002
{
1070
     3
1000
-2000079
1002
}
  0
LINE
  5
348
330
70
100
AcDbEntity
  8
A-AREA-BNDY
100
AcDbLine
 10
-7490.344983381634
 20
9620.837287061956
 30
0.0
 11
-2050.344983381633
 21
9620.837287061942
 31
0.0
1001
REVIT
1002
{
1070
     1
1000
622687
1002
}
1002
{
1070
     2
1000
-2000051
1002
}
1002
{
1070
     3
1000
-2000079
1002
}
  0
LINE
  5
349
330
70
100
AcDbEntity
  8
A-AREA-BNDY
100
AcDbLine
 10
-16203.97417218748
 20
2020.83728706199
 30
0.0
 11
-11523.97417218749
 21
2020.837287061975
 31
0.0
1001
REVIT
1002
{
1070
     1
1000
623180
1002
}
1002
{
1070
     2
1000
-2000051
1002
}
1002
{
1070
     3
1000
-2000079
1002
}
  0
LINE
  5
34A
330
70
100
AcDbEntity
  8
A-AREA-BNDY
100
AcDbLine
 10
-11523.97417218749
 20
2020.837287061975
 30
0.0
 11
-11523.97417218749
 21
520.8372870619808
 31
0.0
1001
REVIT
1002
{
1070
     1
1000
623277
1002
}
1002
{
1070
     2
1000
-2000051
1002
}
1002
{
1070
     3
1000
-2000079
1002
}
  0
LINE
  5
34B
330
70
100
AcDbEntity
  8
A-AREA-BNDY
100
AcDbLine
 10
-11523.97417218749
 20
720.8372870619792
 30
0.0
 11
-10469.83042327065
 21
720.8372870619759
 31
0.0
1001
REVIT
1002
{
1070
     1
1000
623449
1002
}
1002
{
1070
     2
1000
-2000051
1002
}
1002
{
1070
     3
1000
-2000079
1002
}
  0
LINE
  5
34C
330
70
100
AcDbEntity
  8
A-AREA-BNDY
100
AcDbLine
 10
-10469.83042327065
 20
720.8372870619759
 30
0.0
 11
-10469.83042327065
 21
-2179.162712938024
 31
0.0
1001
REVIT
1002
{
1070
     1
1000
623520
1002
}
1002
{
1070
     2
1000
-2000051
1002
}
1002
{
1070
     3
1000
-2000079
1002
}
  0
LINE
  5
34D
330
70
100
AcDbEntity
  8
A-AREA-BNDY
100
AcDbLine
 10
-10469.83042327065
 20
-2179.162712938024
 30
0.0
 11
-9030.362910827163
 21
-2179.162712938029
 31
0.0
1001
REVIT
1002
{
1070
     1
1000
623694
1002
}
1002
{
1070
     2
1000
-2000051
1002
}
1002
{
1070
     3
1000
-2000079
1002
}
  0
LINE
  5
34E
330
70
100
AcDbEntity
  8
A-AREA-BNDY
100
AcDbLine
 10
-9030.362910827163
 20
-2179.162712938029
 30
0.0
 11
-9030.36291082717
 21
-5059.16271293803
 31
0.0
1001
REVIT
1002
{
1070
     1
1000
623810
1002
}
1002
{
1070
     2
1000
-2000051
1002
}
1002
{
1070
     3
1000
-2000079
1002
}
  0
LINE
  5
34F
330
70
100
AcDbEntity
  8
A-AREA-BNDY
100
AcDbLine
 10
-9030.36291082717
 20
-5059.16271293803
 30
0.0
 11
-16203.97417218749
 21
-5059.162712938007
 31
0.0
1001
REVIT
1002
{
1070
     1
1000
624027
1002
}
1002
{
1070
     2
1000
-2000051
1002
}
1002
{
1070
     3
1000
-2000079
1002
}
  0
LINE
  5
350
330
70
100
AcDbEntity
  8
A-AREA-BNDY
100
AcDbLine
 10
-16203.97417218749
 20
-5059.162712938007
 30
0.0
 11
-16203.97417218748
 21
2020.837287061993
 31
0.0
1001
REVIT
1002
{
1070
     1
1000
624277
1002
}
1002
{
1070
     2
1000
-2000051
1002
}
1002
{
1070
     3
1000
-2000079
1002
}
  0
LINE
  5
351
330
70
100
AcDbEntity
  8
A-AREA-BNDY
100
AcDbLine
 10
5043.716006985651
 20
6319.990188067613
 30
0.0
 11
11128.86123488273
 21
6319.990188067598
 31
0.0
1001
REVIT
1002
{
1070
     1
1000
630027
1002
}
1002
{
1070
     2
1000
-2000051
1002
}
1002
{
1070
     3
1000
-2000079
1002
}
  0
LINE
  5
352
330
70
100
AcDbEntity
  8
A-AREA-BNDY
100
AcDbLine
 10
11128.86123488273
 20
6319.990188067598
 30
0.0
 11
11128.86123488272
 21
1419.990188067602
 31
0.0
1001
REVIT
1002
{
1070
     1
1000
630229
1002
}
1002
{
1070
     2
1000
-2000051
1002
}
1002
{
1070
     3
1000
-2000079
1002
}
  0
LINE
  5
353
330
70
100
AcDbEntity
  8
A-AREA-BNDY
100
AcDbLine
 10
9628.861234882732
 20
1419.990188067602
 30
0.0
 11
18828.86123488273
 21
1419.990188067572
 31
0.0
1001
REVIT
1002
{
1070
     1
1000
630516
1002
}
1002
{
1070
     2
1000
-2000051
1002
}
1002
{
1070
     3
1000
-2000079
1002
}
  0
LINE
  5
354
330
70
100
AcDbEntity
  8
A-AREA-BNDY
100
AcDbLine
 10
18828.86123488273
 20
1419.990188067572
 30
0.0
 11
19028.86123488272
 21
1419.990188067571
 31
0.0
1001
REVIT
1002
{
1070
     1
1000
630638
1002
}
1002
{
1070
     2
1000
-2000051
1002
}
1002
{
1070
     3
1000
-2000079
1002
}
  0
LINE
  5
355
330
70
100
AcDbEntity
  8
A-AREA-BNDY
100
AcDbLine
 10
19028.86123488272
 20
1419.990188067571
 30
0.0
 11
19028.86123488273
 21
7619.475627956564
 31
0.0
1001
REVIT
1002
{
1070
     1
1000
630788
1002
}
1002
{
1070
     2
1000
-2000051
1002
}
1002
{
1070
     3
1000
-2000079
1002
}
  0
LINE
  5
356
330
70
100
AcDbEntity
  8
A-AREA-BNDY
100
AcDbLine
 10
19028.86123488273
 20
7619.475627956564
 30
0.0
 11
30068.34251991626
 21
7619.475627956527
 31
0.0
1001
REVIT
1002
{
1070
     1
1000
630949
1002
}
1002
{
1070
     2
1000
-2000051
1002
}
1002
{
1070
     3
1000
-2000079
1002
}
  0
LINE
  5
357
330
70
100
AcDbEntity
  8
A-AREA-BNDY
100
AcDbLine
 10
30068.34251991626
 20
7619.475627956527
 30
0.0
 11
30068.34251991622
 21
-9840.524372043473
 31
0.0
1001
REVIT
1002
{
1070
     1
1000
631217
1002
}
1002
{
1070
     2
1000
-2000051
1002
}
1002
{
1070
     3
1000
-2000079
1002
}
  0
LINE
  5
358
330
70
100
AcDbEntity
  8
A-AREA-BNDY
100
AcDbLine
 10
30068.34251991622
 20
-9840.524372043473
 30
0.0
 11
29051.49901585033
 21
-12853.56756593216
 31
0.0
1001
REVIT
1002
{
1070
     1
1000
631292
1002
}
1002
{
1070
     2
1000
-2000051
1002
}
1002
{
1070
     3
1000
-2000079
1002
}
  0
LINE
  5
359
330
70
100
AcDbEntity
  8
A-AREA-BNDY
100
AcDbLine
 10
29051.49901585033
 20
-12853.56756593216
 30
0.0
 11
5043.716006985619
 21
-12853.56756593209
 31
0.0
1001
REVIT
1002
{
1070
     1
1000
631521
1002
}
1002
{
1070
     2
1000
-2000051
1002
}
1002
{
1070
     3
1000
-2000079
1002
}
  0
LINE
  5
35A
330
70
100
AcDbEntity
  8
A-AREA-BNDY
100
AcDbLine
 10
5043.716006985619
 20
-12853.56756593209
 30
0.0
 11
5043.716006985651
 21
6319.990188067613
 31
0.0
1001
REVIT
1002
{
1070
     1
1000
631833
1002
}
1002
{
1070
     2
1000
-2000051
1002
}
1002
{
1070
     3
1000
-2000079
1002
}
  0
LINE
  5
35B
330
70
100
AcDbEntity
  8
A-AREA-BNDY
100
AcDbLine
 10
17570.60410138152
 20
579.4756279565453
 30
0.0
 11
24170.60410138152
 21
579.4756279565241
 31
0.0
1001
REVIT
1002
{
1070
     1
1000
632142
1002
}
1002
{
1070
     2
1000
-2000051
1002
}
1002
{
1070
     3
1000
-2000079
1002
}
  0
LINE
  5
35C
330
70
100
AcDbEntity
  8
A-AREA-BNDY
100
AcDbLine
 10
24170.60410138152
 20
579.4756279565241
 30
0.0
 11
24170.60410138151
 21
-6340.009811932421
 31
0.0
1001
REVIT
1002
{
1070
     1
1000
632285
1002
}
1002
{
1070
     2
1000
-2000051
1002
}
1002
{
1070
     3
1000
-2000079
1002
}
  0
LINE
  5
35D
330
70
100
AcDbEntity
  8
A-AREA-BNDY
100
AcDbLine
 10
24170.60410138151
 20
-6340.009811932421
 30
0.0
 11
16070.60410138152
 21
-6340.009811932396
 31
0.0
1001
REVIT
1002
{
1070
     1
1000
632511
1002
}
1002
{
1070
     2
1000
-2000051
1002
}
1002
{
1070
     3
1000
-2000079
1002
}
  0
LINE
  5
35E
330
70
100
AcDbEntity
  8
A-AREA-BNDY
100
AcDbLine
 10
16070.60410138152
 20
-6340.009811932396
 30
0.0
 11
16070.60410138152
 21
-1720.524372043449
 31
0.0
1001
REVIT
1002
{
1070
     1
1000
632655
1002
}
1002
{
1070
     2
1000
-2000051
1002
}
1002
{
1070
     3
1000
-2000079
1002
}
  0
LINE
  5
35F
330
70
100
AcDbEntity
  8
A-AREA-BNDY
100
AcDbLine
 10
16070.60410138152
 20
-1720.524372043449
 30
0.0
 11
17570.60410138152
 21
-1720.524372043454
 31
0.0
1001
REVIT
1002
{
1070
     1
1000
633066
1002
}
1002
{
1070
     2
1000
-2000051
1002
}
1002
{
1070
     3
1000
-2000079
1002
}
  0
LINE
  5
360
330
70
100
AcDbEntity
  8
A-AREA-BNDY
100
AcDbLine
 10
17570.60410138152
 20
-1720.524372043454
 30
0.0
 11
17570.60410138152
 21
579.4756279565453
 31
0.0
1001
REVIT
1002
{
1070
     1
1000
633151
1002
}
1002
{
1070
     2
1000
-2000051
1002
}
1002
{
1070
     3
1000
-2000079
1002
}
  0
LINE
  5
361
330
70
100
AcDbEntity
  8
A-AREA-BNDY
100
AcDbLine
 10
-7490.344983381634
 20
9620.837287061956
 30
0.0
 11
-7490.344983381641
 21
6840.837287061963
 31
0.0
1001
REVIT
1002
{
1070
     1
1000
640832
1002
}
1002
{
1070
     2
1000
-2000051
1002
}
1002
{
1070
     3
1000
-2000079
1002
}
  0
LINE
  5
362
330
70
100
AcDbEntity
  8
A-AREA-BNDY
100
AcDbLine
 10
-13504.83042327063
 20
6840.837287061984
 30
0.0
 11
-7490.344983381641
 21
6840.837287061963
 31
0.0
1001
REVIT
1002
{
1070
     1
1000
641251
1002
}
1002
{
1070
     2
1000
-2000051
1002
}
1002
{
1070
     3
1000
-2000079
1002
}
  0
MTEXT
  5
365
330
70
100
AcDbEntity
  8
A-AREA-IDEN
100
AcDbMText
 10
18668.44981429441
 20
-2057.710019344228
 30
0.0
 40
599.9999999999992
 41
2629.534999999997
 46
0.0
 71
     1
 72
     1
  1
13 m²
  7
Arial_1
 73
     2
 44
1.0
1001
REVIT
1002
{
1070
     1
1000
463340
1002
}
1002
{
1070
     5
1000
477246
1002
}
1002
{
1070
     2
1000
-2000480
1002
}
  0
MTEXT
  5
366
330
70
100
AcDbEntity
  8
A-AREA-IDEN
100
AcDbMText
 10
18051.57182488161
 20
-378.79189384377
 30
0.0
 40
599.9999999999992
 41
5002.529999999994
 46
0.0
 71
     1
 72
     1
  1
ASANSÖR
  7
Arial_1
 73
     2
 44
1.0
1001
REVIT
1002
{
1070
     1
1000
463340
1002
}
1002
{
1070
     5
1000
477246
1002
}
1002
{
1070
     2
1000
-2000480
1002
}
  0
INSERT
  5
36E
330
70
100
AcDbEntity
  8
A-AREA-IDEN
100
AcDbBlockReference
  2
M_Room Tag xxx - Room Tag-387598-Level 1
 10
18714.21358418511
 20
-4908.780825652749
 30
0.0
 41
99.99999999999992
 42
99.99999999999992
 43
99.99999999999992
1001
REVIT
1002
{
1070
     1
1000
463341
1002
}
1002
{
1070
     5
1000
387598
1002
}
1002
{
1070
     2
1000
-2000480
1002
}
  0
MTEXT
  5
370
330
70
100
AcDbEntity
  8
A-AREA-IDEN
100
AcDbMText
 10
16940.41447061615
 20
-5325.301800439559
 30
0.0
 40
599.9999999999992
 41
2685.653124999997
 46
0.0
 71
     1
 72
     1
  1
32 m²
  7
Arial_B
 73
     2
 44
1.0
1001
REVIT
1002
{
1070
     1
1000
463341
1002
}
1002
{
1070
     5
1000
387598
1002
}
1002
{
1070
     2
1000
-2000480
1002
}
  0
MTEXT
  5
372
330
70
100
AcDbEntity
  8
A-AREA-IDEN
100
AcDbMText
 10
18128.2340896731
 20
-3972.804808075771
 30
0.0
 40
299.9999999999996
 41
1386.919374999999
 46
0.0
 71
     1
 72
     1
  1
Room
  7
Arial_2
 73
     2
 44
1.0
1001
REVIT
1002
{
1070
     1
1000
463341
1002
}
1002
{
1070
     5
1000
387598
1002
}
1002
{
1070
     2
1000
-2000480
1002
}
  0
MTEXT
  5
373
330
70
100
AcDbEntity
  8
A-AREA-IDEN
100
AcDbMText
 10
18464.14283080295
 20
-4754.341870676229
 30
0.0
 40
299.9999999999996
 41
577.2149999999994
 46
0.0
 71
     1
 72
     1
  1
49
  7
Arial_2
 73
     2
 44
1.0
1001
REVIT
1002
{
1070
     1
1000
463341
1002
}
1002
{
1070
     5
1000
387598
1002
}
1002
{
1070
     2
1000
-2000480
1002
}
  0
LINE
  5
374
330
70
100
AcDbEntity
  8
A-AREA-IDEN
100
AcDbLine
 10
12432.63208241482
 20
-302.1251492103758
 30
0.0
 11
12880.96628322669
 21
-709.180565165807
 31
0.0
1001
REVIT
1002
{
1070
     1
1000
526973
1002
}
1002
{
1070
     5
1000
477246
1002
}
1002
{
1070
     2
1000
-2000480
1002
}
  0
MTEXT
  5
375
330
70
100
AcDbEntity
  8
A-AREA-IDEN
100
AcDbMText
 10
11750.66553067709
 20
-2548.775773999598
 30
0.0
 40
599.9999999999992
 41
2629.534999999997
 46
0.0
 71
     1
 72
     1
  1
35 m²
  7
Arial_1
 73
     2
 44
1.0
1001
REVIT
1002
{
1070
     1
1000
526973
1002
}
1002
{
1070
     5
1000
477246
1002
}
1002
{
1070
     2
1000
-2000480
1002
}
  0
MTEXT
  5
376
330
70
100
AcDbEntity
  8
A-AREA-IDEN
100
AcDbMText
 10
12962.78754126428
 20
-869.8576484991408
 30
0.0
 40
599.9999999999992
 41
569.1981249999994
 46
0.0
 71
     1
 72
     1
  1
\fArial|b0|i0|c162|p34|;8
  7
Arial_1
 73
     2
 44
1.0
1001
REVIT
1002
{
1070
     1
1000
526973
1002
}
1002
{
1070
     5
1000
477246
1002
}
1002
{
1070
     2
1000
-2000480
1002
}
  0
LINE
  5
377
330
70
100
AcDbEntity
  8
A-AREA-IDEN
100
AcDbLine
 10
21715.40826127714
 20
7182.309972391134
 30
0.0
 11
21757.70901382675
 21
6105.025524247008
 31
0.0
1001
REVIT
1002
{
1070
     1
1000
526976
1002
}
1002
{
1070
     5
1000
477246
1002
}
1002
{
1070
     2
1000
-2000480
1002
}
  0
MTEXT
  5
378
330
70
100
AcDbEntity
  8
A-AREA-IDEN
100
AcDbMText
 10
20627.40826127714
 20
4265.430315413216
 30
0.0
 40
599.9999999999992
 41
2629.534999999997
 46
0.0
 71
     1
 72
     1
  1
37 m²
  7
Arial_1
 73
     2
 44
1.0
1001
REVIT
1002
{
1070
     1
1000
526976
1002
}
1002
{
1070
     5
1000
477246
1002
}
1002
{
1070
     2
1000
-2000480
1002
}
  0
MTEXT
  5
379
330
70
100
AcDbEntity
  8
A-AREA-IDEN
100
AcDbMText
 10
21839.53027186434
 20
5944.348440913675
 30
0.0
 40
599.9999999999992
 41
569.1981249999994
 46
0.0
 71
     1
 72
     1
  1
\fArial|b0|i0|c162|p34|;9
  7
Arial_1
 73
     2
 44
1.0
1001
REVIT
1002
{
1070
     1
1000
526976
1002
}
1002
{
1070
     5
1000
477246
1002
}
1002
{
1070
     2
1000
-2000480
1002
}
  0
LINE
  5
37A
330
70
100
AcDbEntity
  8
A-AREA-IDEN
100
AcDbLine
 10
29883.382926037
 20
1432.844665355269
 30
0.0
 11
27435.13204808155
 21
3480.107398746554
 31
0.0
1001
REVIT
1002
{
1070
     1
1000
526979
1002
}
1002
{
1070
     5
1000
477240
1002
}
1002
{
1070
     2
1000
-2000480
1002
}
  0
MTEXT
  5
37B
330
70
100
AcDbEntity
  8
A-AREA-IDEN
100
AcDbMText
 10
26304.83129553195
 20
4265.43031541322
 30
0.0
 40
599.9999999999992
 41
2629.534999999997
 46
0.0
 71
     1
 72
     1
  1
38 m²
  7
Arial_1
 73
     2
 44
1.0
1001
REVIT
1002
{
1070
     1
1000
526979
1002
}
1002
{
1070
     5
1000
477240
1002
}
1002
{
1070
     2
1000
-2000480
1002
}
  0
MTEXT
  5
37C
330
70
100
AcDbEntity
  8
A-AREA-IDEN
100
AcDbMText
 10
27516.95330611914
 20
5944.348440913678
 30
0.0
 40
599.9999999999992
 41
569.1981249999994
 46
0.0
 71
     1
 72
     1
  1
\fArial|b0|i0|c162|p34|;1
  7
Arial_1
 73
     2
 44
1.0
1001
REVIT
1002
{
1070
     1
1000
526979
1002
}
1002
{
1070
     5
1000
477240
1002
}
1002
{
1070
     2
1000
-2000480
1002
}
  0
LINE
  5
37D
330
70
100
AcDbEntity
  8
A-AREA-IDEN
100
AcDbLine
 10
29186.97862432011
 20
-4072.568631533176
 30
0.0
 11
28565.43280063116
 21
-2576.699911992208
 31
0.0
1001
REVIT
1002
{
1070
     1
1000
531161
1002
}
1002
{
1070
     5
1000
477246
1002
}
1002
{
1070
     2
1000
-2000480
1002
}
  0
MTEXT
  5
37E
330
70
100
AcDbEntity
  8
A-AREA-IDEN
100
AcDbMText
 10
26304.83129553195
 20
-3103.836058075772
 30
0.0
 40
599.9999999999992
 41
2629.534999999997
 46
0.0
 71
     1
 72
     1
  1
37 m²
  7
Arial_1
 73
     2
 44
1.0
1001
REVIT
1002
{
1070
     1
1000
531161
1002
}
1002
{
1070
     5
1000
477246
1002
}
1002
{
1070
     2
1000
-2000480
1002
}
  0
MTEXT
  5
37F
330
70
100
AcDbEntity
  8
A-AREA-IDEN
100
AcDbMText
 10
27516.95330611914
 20
-1424.917932575313
 30
0.0
 40
599.9999999999992
 41
569.1981249999994
 46
0.0
 71
     1
 72
     1
  1
\fArial|b0|i0|c162|p34|;2
  7
Arial_1
 73
     2
 44
1.0
1001
REVIT
1002
{
1070
     1
1000
531161
1002
}
1002
{
1070
     5
1000
477246
1002
}
1002
{
1070
     2
1000
-2000480
1002
}
  0
LINE
  5
380
330
70
100
AcDbEntity
  8
A-AREA-IDEN
100
AcDbLine
 10
21825.30512468721
 20
-10013.94461482756
 30
0.0
 11
22085.5718248816
 21
-9575.225101066221
 31
0.0
1001
REVIT
1002
{
1070
     1
1000
531164
1002
}
1002
{
1070
     5
1000
477246
1002
}
1002
{
1070
     2
1000
-2000480
1002
}
  0
MTEXT
  5
381
330
70
100
AcDbEntity
  8
A-AREA-IDEN
100
AcDbMText
 10
19824.97031978239
 20
-10102.36124714978
 30
0.0
 40
599.9999999999992
 41
2629.534999999997
 46
0.0
 71
     1
 72
     1
  1
37 m²
  7
Arial_1
 73
     2
 44
1.0
1001
REVIT
1002
{
1070
     1
1000
531164
1002
}
1002
{
1070
     5
1000
477246
1002
}
1002
{
1070
     2
1000
-2000480
1002
}
  0
MTEXT
  5
382
330
70
100
AcDbEntity
  8
A-AREA-IDEN
100
AcDbMText
 10
21037.09233036959
 20
-8423.443121649325
 30
0.0
 40
599.9999999999992
 41
569.1981249999994
 46
0.0
 71
     1
 72
     1
  1
\fArial|b0|i0|c162|p34|;4
  7
Arial_1
 73
     2
 44
1.0
1001
REVIT
1002
{
1070
     1
1000
531164
1002
}
1002
{
1070
     5
1000
477246
1002
}
1002
{
1070
     2
1000
-2000480
1002
}
  0
LINE
  5
383
330
70
100
AcDbEntity
  8
A-AREA-IDEN
100
AcDbLine
 10
29825.3384871594
 20
-8269.378550131795
 30
0.0
 11
28565.43280063115
 21
-8934.144400963283
 31
0.0
1001
REVIT
1002
{
1070
     1
1000
533149
1002
}
1002
{
1070
     5
1000
477246
1002
}
1002
{
1070
     2
1000
-2000480
1002
}
  0
MTEXT
  5
384
330
70
100
AcDbEntity
  8
A-AREA-IDEN
100
AcDbMText
 10
26304.83129553194
 20
-9461.280547046847
 30
0.0
 40
599.9999999999992
 41
2629.534999999997
 46
0.0
 71
     1
 72
     1
  1
37 m²
  7
Arial_1
 73
     2
 44
1.0
1001
REVIT
1002
{
1070
     1
1000
533149
1002
}
1002
{
1070
     5
1000
477246
1002
}
1002
{
1070
     2
1000
-2000480
1002
}
  0
MTEXT
  5
385
330
70
100
AcDbEntity
  8
A-AREA-IDEN
100
AcDbMText
 10
27516.95330611914
 20
-7782.362421546388
 30
0.0
 40
599.9999999999992
 41
569.1981249999994
 46
0.0
 71
     1
 72
     1
  1
\fArial|b0|i0|c162|p34|;3
  7
Arial_1
 73
     2
 44
1.0
1001
REVIT
1002
{
1070
     1
1000
533149
1002
}
1002
{
1070
     5
1000
477246
1002
}
1002
{
1070
     2
1000
-2000480
1002
}
  0
LINE
  5
386
330
70
100
AcDbEntity
  8
A-AREA-IDEN
100
AcDbLine
 10
-17355.35123516849
 20
-7755.639965214752
 30
0.0
 11
-18695.8204213949
 21
-8319.065479115407
 31
0.0
1001
REVIT
1002
{
1070
     1
1000
558170
1002
}
1002
{
1070
     5
1000
477246
1002
}
1002
{
1070
     2
1000
-2000480
1002
}
  0
MTEXT
  5
387
330
70
100
AcDbEntity
  8
A-AREA-IDEN
100
AcDbMText
 10
-19847.6024008118
 20
-10495.0654791154
 30
0.0
 40
599.9999999999992
 41
2629.534999999997
 46
0.0
 71
     1
 72
     1
  1
38 m²
  7
Arial_1
 11
0.0
 21
1.0
 31
0.0
 73
     2
 44
1.0
1001
REVIT
1002
{
1070
     1
1000
558170
1002
}
1002
{
1070
     5
1000
477246
1002
}
1002
{
1070
     2
1000
-2000480
1002
}
  0
MTEXT
  5
388
330
70
100
AcDbEntity
  8
A-AREA-IDEN
100
AcDbMText
 10
-18168.68427531136
 20
-10007.18748970261
 30
0.0
 40
599.9999999999992
 41
569.1981249999994
 46
0.0
 71
     1
 72
     1
  1
\fArial|b0|i0|c162|p34|;3
  7
Arial_1
 11
0.0
 21
1.0
 31
0.0
 73
     2
 44
1.0
1001
REVIT
1002
{
1070
     1
1000
558170
1002
}
1002
{
1070
     5
1000
477246
1002
}
1002
{
1070
     2
1000
-2000480
1002
}
  0
LINE
  5
389
330
70
100
AcDbEntity
  8
A-AREA-IDEN
100
AcDbLine
 10
15996.4824397398
 20
-9926.882907791521
 30
0.0
 11
15931.3576813868
 21
-9575.225101066221
 31
0.0
1001
REVIT
1002
{
1070
     1
1000
561439
1002
}
1002
{
1070
     5
1000
477246
1002
}
1002
{
1070
     2
1000
-2000480
1002
}
  0
MTEXT
  5
38A
330
70
100
AcDbEntity
  8
A-AREA-IDEN
100
AcDbMText
 10
13350.23567079961
 20
-10102.36124714978
 30
0.0
 40
599.9999999999992
 41
2629.534999999997
 46
0.0
 71
     1
 72
     1
  1
38 m²
  7
Arial_1
 73
     2
 44
1.0
1001
REVIT
1002
{
1070
     1
1000
561439
1002
}
1002
{
1070
     5
1000
477246
1002
}
1002
{
1070
     2
1000
-2000480
1002
}
  0
MTEXT
  5
38B
330
70
100
AcDbEntity
  8
A-AREA-IDEN
100
AcDbMText
 10
13669.35768138681
 20
-8423.443121649325
 30
0.0
 40
599.9999999999992
 41
2733.754374999997
 46
0.0
 71
     1
 72
     1
  1
Room
  7
Arial_1
 73
     2
 44
1.0
1001
REVIT
1002
{
1070
     1
1000
561439
1002
}
1002
{
1070
     5
1000
477246
1002
}
1002
{
1070
     2
1000
-2000480
1002
}
  0
LINE
  5
38C
330
70
100
AcDbEntity
  8
A-AREA-IDEN
100
AcDbLine
 10
10068.01727570718
 20
-10568.80406946564
 30
0.0
 11
10577.81553627783
 21
-11117.208405342
 31
0.0
1001
REVIT
1002
{
1070
     1
1000
561442
1002
}
1002
{
1070
     5
1000
477246
1002
}
1002
{
1070
     2
1000
-2000480
1002
}
  0
MTEXT
  5
38D
330
70
100
AcDbEntity
  8
A-AREA-IDEN
100
AcDbMText
 10
9287.25453098424
 20
-10331.88548867534
 30
0.0
 40
599.9999999999992
 41
2629.534999999997
 46
0.0
 71
     1
 72
     1
  1
38 m²
  7
Arial_1
 73
     2
 44
1.0
1001
REVIT
1002
{
1070
     1
1000
561442
1002
}
1002
{
1070
     5
1000
477246
1002
}
1002
{
1070
     2
1000
-2000480
1002
}
  0
MTEXT
  5
38E
330
70
100
AcDbEntity
  8
A-AREA-IDEN
100
AcDbMText
 10
9606.376541571433
 20
-8652.96736317488
 30
0.0
 40
599.9999999999992
 41
2733.754374999997
 46
0.0
 71
     1
 72
     1
  1
Room
  7
Arial_1
 73
     2
 44
1.0
1001
REVIT
1002
{
1070
     1
1000
561442
1002
}
1002
{
1070
     5
1000
477246
1002
}
1002
{
1070
     2
1000
-2000480
1002
}
  0
LINE
  5
38F
330
70
100
AcDbEntity
  8
A-AREA-IDEN
100
AcDbLine
 10
7233.818126347028
 20
-6185.691076620831
 30
0.0
 11
7338.889581856763
 21
-4643.032936010913
 31
0.0
1001
REVIT
1002
{
1070
     1
1000
561448
1002
}
1002
{
1070
     5
1000
477246
1002
}
1002
{
1070
     2
1000
-2000480
1002
}
  0
MTEXT
  5
390
330
70
100
AcDbEntity
  8
A-AREA-IDEN
100
AcDbMText
 10
6048.328576563168
 20
-3857.710019344246
 30
0.0
 40
599.9999999999992
 41
2629.534999999997
 46
0.0
 71
     1
 72
     1
  1
37 m²
  7
Arial_1
 73
     2
 44
1.0
1001
REVIT
1002
{
1070
     1
1000
561448
1002
}
1002
{
1070
     5
1000
477246
1002
}
1002
{
1070
     2
1000
-2000480
1002
}
  0
MTEXT
  5
391
330
70
100
AcDbEntity
  8
A-AREA-IDEN
100
AcDbMText
 10
6367.450587150362
 20
-2178.791893843788
 30
0.0
 40
599.9999999999992
 41
2733.754374999997
 46
0.0
 71
     1
 72
     1
  1
Room
  7
Arial_1
 73
     2
 44
1.0
1001
REVIT
1002
{
1070
     1
1000
561448
1002
}
1002
{
1070
     5
1000
477246
1002
}
1002
{
1070
     2
1000
-2000480
1002
}
  0
MTEXT
  5
392
330
70
100
AcDbEntity
  8
A-AREA-IDEN
100
AcDbMText
 10
-23885.55581468538
 20
10161.08348581699
 30
0.0
 40
599.9999999999992
 41
2629.534999999997
 46
0.0
 71
     1
 72
     1
  1
37 m²
  7
Arial_1
 73
     2
 44
1.0
1001
REVIT
1002
{
1070
     1
1000
573688
1002
}
1002
{
1070
     5
1000
477246
1002
}
1002
{
1070
     2
1000
-2000480
1002
}
  0
MTEXT
  5
393
330
70
100
AcDbEntity
  8
A-AREA-IDEN
100
AcDbMText
 10
-23566.43380409818
 20
11840.00161131744
 30
0.0
 40
599.9999999999992
 41
2733.754374999997
 46
0.0
 71
     1
 72
     1
  1
Room
  7
Arial_1
 73
     2
 44
1.0
1001
REVIT
1002
{
1070
     1
1000
573688
1002
}
1002
{
1070
     5
1000
477246
1002
}
1002
{
1070
     2
1000
-2000480
1002
}
  0
MTEXT
  5
394
330
70
100
AcDbEntity
  8
A-AREA-IDEN
100
AcDbMText
 10
-8170.185905316142
 20
-8054.843988816987
 30
0.0
 40
599.9999999999992
 41
2629.534999999997
 46
0.0
 71
     1
 72
     1
  1
37 m²
  7
Arial_1
 73
     2
 44
1.0
1001
REVIT
1002
{
1070
     1
1000
573709
1002
}
1002
{
1070
     5
1000
477246
1002
}
1002
{
1070
     2
1000
-2000480
1002
}
  0
MTEXT
  5
395
330
70
100
AcDbEntity
  8
A-AREA-IDEN
100
AcDbMText
 10
-7851.063894728946
 20
-6375.925863316528
 30
0.0
 40
599.9999999999992
 41
2733.754374999997
 46
0.0
 71
     1
 72
     1
  1
Room
  7
Arial_1
 73
     2
 44
1.0
1001
REVIT
1002
{
1070
     1
1000
573709
1002
}
1002
{
1070
     5
1000
477246
1002
}
1002
{
1070
     2
1000
-2000480
1002
}
  0
DIMENSION
  5
3AB
330
70
100
AcDbEntity
  8
A-ANNO-DIMS
100
AcDbDimension
280
     0
  2
DIMBLOCK1-Level 1
 10
30269.3799498493
 20
-24029.00653545685
 30
0.0
 11
3461.434277518946
 21
-23343.09248064119
 31
0.0
 70
    32
 71
     5
 42
5361.58913446607
 73
     0
 74
     0
 75
     0
  3
Diagonal_-_2_5mm_Arial_3
100
AcDbAlignedDimension
 13
-23346.5113948114
 23
-23789.00653545684
 33
0.0
 14
30269.3799498493
 24
-23789.00653545684
 34
0.0
100
AcDbRotatedDimension
1001
ACAD
1000
DSTYLE
1002
{
1070
    49
1040
53615.8913446607
1002
}
1001
REVIT
1002
{
1070
     1
1000
577295
1002
}
1002
{
1070
     5
1000
358345
1002
}
1002
{
1070
     2
1000
-2000260
1002
}
  0
MTEXT
  5
3BA
330
70
100
AcDbEntity
  8
A-AREA-IDEN
100
AcDbMText
 10
-16277.62567997193
 20
11238.16536031653
 30
0.0
 40
599.9999999999992
 41
2629.534999999997
 46
0.0
 71
     1
 72
     1
  1
37 m²
  7
Arial_1
 73
     2
 44
1.0
1001
REVIT
1002
{
1070
     1
1000
598669
1002
}
1002
{
1070
     5
1000
477246
1002
}
1002
{
1070
     2
1000
-2000480
1002
}
  0
MTEXT
  5
3BB
330
70
100
AcDbEntity
  8
A-AREA-IDEN
100
AcDbMText
 10
-15958.50366938473
 20
12917.08348581699
 30
0.0
 40
599.9999999999992
 41
2733.754374999997
 46
0.0
 71
     1
 72
     1
  1
Room
  7
Arial_1
 73
     2
 44
1.0
1001
REVIT
1002
{
1070
     1
1000
598669
1002
}
1002
{
1070
     5
1000
477246
1002
}
1002
{
1070
     2
1000
-2000480
1002
}
  0
MTEXT
  5
3BC
330
70
100
AcDbEntity
  8
A-AREA-IDEN
100
AcDbMText
 10
-22453.30300050123
 20
4754.41558131473
 30
0.0
 40
599.9999999999992
 41
2629.534999999997
 46
0.0
 71
     1
 72
     1
  1
37 m²
  7
Arial_1
 73
     2
 44
1.0
1001
REVIT
1002
{
1070
     1
1000
602210
1002
}
1002
{
1070
     5
1000
477246
1002
}
1002
{
1070
     2
1000
-2000480
1002
}
  0
MTEXT
  5
3BD
330
70
100
AcDbEntity
  8
A-AREA-IDEN
100
AcDbMText
 10
-22134.18098991404
 20
6433.333706815189
 30
0.0
 40
599.9999999999992
 41
2733.754374999997
 46
0.0
 71
     1
 72
     1
  1
Room
  7
Arial_1
 73
     2
 44
1.0
1001
REVIT
1002
{
1070
     1
1000
602210
1002
}
1002
{
1070
     5
1000
477246
1002
}
1002
{
1070
     2
1000
-2000480
1002
}
  0
MTEXT
  5
3BE
330
70
100
AcDbEntity
  8
A-AREA-IDEN
100
AcDbMText
 10
-19848.7789127291
 20
-3344.127731729202
 30
0.0
 40
599.9999999999992
 41
2629.534999999997
 46
0.0
 71
     1
 72
     1
  1
37 m²
  7
Arial_1
 73
     2
 44
1.0
1001
REVIT
1002
{
1070
     1
1000
602213
1002
}
1002
{
1070
     5
1000
477246
1002
}
1002
{
1070
     2
1000
-2000480
1002
}
  0
MTEXT
  5
3BF
330
70
100
AcDbEntity
  8
A-AREA-IDEN
100
AcDbMText
 10
-19529.65690214191
 20
-1665.209606228745
 30
0.0
 40
599.9999999999992
 41
2733.754374999997
 46
0.0
 71
     1
 72
     1
  1
Room
  7
Arial_1
 73
     2
 44
1.0
1001
REVIT
1002
{
1070
     1
1000
602213
1002
}
1002
{
1070
     5
1000
477246
1002
}
1002
{
1070
     2
1000
-2000480
1002
}
  0
MTEXT
  5
3C0
330
70
100
AcDbEntity
  8
A-AREA-IDEN
100
AcDbMText
 10
-14358.63601593325
 20
-7661.280547046849
 30
0.0
 40
599.9999999999992
 41
2629.534999999997
 46
0.0
 71
     1
 72
     1
  1
37 m²
  7
Arial_1
 73
     2
 44
1.0
1001
REVIT
1002
{
1070
     1
1000
612170
1002
}
1002
{
1070
     5
1000
477246
1002
}
1002
{
1070
     2
1000
-2000480
1002
}
  0
MTEXT
  5
3C1
330
70
100
AcDbEntity
  8
A-AREA-IDEN
100
AcDbMText
 10
-14039.51400534605
 20
-5982.36242154639
 30
0.0
 40
599.9999999999992
 41
2733.754374999997
 46
0.0
 71
     1
 72
     1
  1
Room
  7
Arial_1
 73
     2
 44
1.0
1001
REVIT
1002
{
1070
     1
1000
612170
1002
}
1002
{
1070
     5
1000
477246
1002
}
1002
{
1070
     2
1000
-2000480
1002
}
  0
MTEXT
  5
3C2
330
70
100
AcDbEntity
  8
A-AREA-IDEN
100
AcDbMText
 10
-12278.79048900614
 20
3992.99115373434
 30
0.0
 40
599.9999999999992
 41
2629.534999999997
 46
0.0
 71
     1
 72
     1
  1
37 m²
  7
Arial_1
 73
     2
 44
1.0
1001
REVIT
1002
{
1070
     1
1000
612180
1002
}
1002
{
1070
     5
1000
477246
1002
}
1002
{
1070
     2
1000
-2000480
1002
}
  0
MTEXT
  5
3C3
330
70
100
AcDbEntity
  8
A-AREA-IDEN
100
AcDbMText
 10
-11959.66847841895
 20
5671.909279234799
 30
0.0
 40
599.9999999999992
 41
2733.754374999997
 46
0.0
 71
     1
 72
     1
  1
Room
  7
Arial_1
 73
     2
 44
1.0
1001
REVIT
1002
{
1070
     1
1000
612180
1002
}
1002
{
1070
     5
1000
477246
1002
}
1002
{
1070
     2
1000
-2000480
1002
}
  0
MTEXT
  5
3C4
330
70
100
AcDbEntity
  8
A-AREA-IDEN
100
AcDbMText
 10
-5545.83655235541
 20
4320.329191346639
 30
0.0
 40
599.9999999999992
 41
2629.534999999997
 46
0.0
 71
     1
 72
     1
  1
37 m²
  7
Arial_1
 73
     2
 44
1.0
1001
REVIT
1002
{
1070
     1
1000
612183
1002
}
1002
{
1070
     5
1000
477246
1002
}
1002
{
1070
     2
1000
-2000480
1002
}
  0
MTEXT
  5
3C5
330
70
100
AcDbEntity
  8
A-AREA-IDEN
100
AcDbMText
 10
-5226.714541768215
 20
5999.247316847098
 30
0.0
 40
599.9999999999992
 41
2733.754374999997
 46
0.0
 71
     1
 72
     1
  1
Room
  7
Arial_1
 73
     2
 44
1.0
1001
REVIT
1002
{
1070
     1
1000
612183
1002
}
1002
{
1070
     5
1000
477246
1002
}
1002
{
1070
     2
1000
-2000480
1002
}
  0
MTEXT
  5
3C6
330
70
100
AcDbEntity
  8
A-AREA-IDEN
100
AcDbMText
 10
-5509.063894728948
 20
-51.84346710621382
 30
0.0
 40
599.9999999999992
 41
2629.534999999997
 46
0.0
 71
     1
 72
     1
  1
38 m²
  7
Arial_1
 73
     2
 44
1.0
1001
REVIT
1002
{
1070
     1
1000
613621
1002
}
1002
{
1070
     5
1000
477246
1002
}
1002
{
1070
     2
1000
-2000480
1002
}
  0
MTEXT
  5
3C7
330
70
100
AcDbEntity
  8
A-AREA-IDEN
100
AcDbMText
 10
-5189.941884141755
 20
1627.074658394244
 30
0.0
 40
599.9999999999992
 41
2733.754374999997
 46
0.0
 71
     1
 72
     1
  1
Room
  7
Arial_1
 73
     2
 44
1.0
1001
REVIT
1002
{
1070
     1
1000
613621
1002
}
1002
{
1070
     5
1000
477246
1002
}
1002
{
1070
     2
1000
-2000480
1002
}
  0
DIMENSION
  5
3D5
330
70
100
AcDbEntity
  8
A-ANNO-DIMS
100
AcDbDimension
280
     0
  2
DIMBLOCK2-Level 1
 10
-16214.83042327066
 20
-19631.96639430382
 30
0.0
 11
-19100.23757459753
 21
-18948.43979125282
 31
0.0
 70
    32
 71
     5
 42
577.0814302653724
 73
     0
 74
     0
 75
     0
  3
Diagonal_-_2_5mm_Arial_3
100
AcDbAlignedDimension
 13
-21985.64472592439
 23
-19391.96639430382
 33
0.0
 14
-16214.83042327066
 24
-19391.96639430382
 34
0.0
100
AcDbRotatedDimension
1001
ACAD
1000
DSTYLE
1002
{
1070
    49
1040
5770.814302653723
1002
}
1001
REVIT
1002
{
1070
     1
1000
624494
1002
}
1002
{
1070
     5
1000
358345
1002
}
1002
{
1070
     2
1000
-2000260
1002
}
  0
DIMENSION
  5
3EF
330
70
100
AcDbEntity
  8
A-ANNO-DIMS
100
AcDbDimension
280
     0
  2
DIMBLOCK3-Level 1
 10
-16014.83042327066
 20
-19631.96639430382
 30
0.0
 11
-16114.83042327066
 21
-18946.3934036102
 31
0.0
 70
    32
 71
     5
 42
20.0
 73
     0
 74
     0
 75
     0
  3
Diagonal_-_2_5mm_Arial_3
100
AcDbAlignedDimension
 13
-16214.83042327066
 23
-19391.96639430382
 33
0.0
 14
-16014.83042327066
 24
-19391.96639430382
 34
0.0
100
AcDbRotatedDimension
1001
ACAD
1000
DSTYLE
1002
{
1070
    49
1040
200.0
1002
}
1001
REVIT
1002
{
1070
     1
1000
624494
1002
}
1002
{
1070
     5
1000
358345
1002
}
1002
{
1070
     2
1000
-2000260
1002
}
  0
DIMENSION
  5
40B
330
70
100
AcDbEntity
  8
A-ANNO-DIMS
100
AcDbDimension
280
     0
  2
DIMBLOCK4-Level 1
 10
-10014.83042327065
 20
-19631.96639430382
 30
0.0
 11
-13014.83042327066
 21
-18946.3934036102
 31
0.0
 70
    32
 71
     5
 42
600.0000000000012
 73
     0
 74
     0
 75
     0
  3
Diagonal_-_2_5mm_Arial_3
100
AcDbAlignedDimension
 13
-16014.83042327066
 23
-19391.96639430382
 33
0.0
 14
-10014.83042327065
 24
-19391.96639430382
 34
0.0
100
AcDbRotatedDimension
1001
ACAD
1000
DSTYLE
1002
{
1070
    49
1040
6000.000000000013
1002
}
1001
REVIT
1002
{
1070
     1
1000
624494
1002
}
1002
{
1070
     5
1000
358345
1002
}
1002
{
1070
     2
1000
-2000260
1002
}
  0
DIMENSION
  5
425
330
70
100
AcDbEntity
  8
A-ANNO-DIMS
100
AcDbDimension
280
     0
  2
DIMBLOCK5-Level 1
 10
-9814.830423270656
 20
-19631.96639430382
 30
0.0
 11
-9914.830423270656
 21
-18946.3934036102
 31
0.0
 70
    32
 71
     5
 42
20.0
 73
     0
 74
     0
 75
     0
  3
Diagonal_-_2_5mm_Arial_3
100
AcDbAlignedDimension
 13
-10014.83042327065
 23
-19391.96639430382
 33
0.0
 14
-9814.830423270656
 24
-19391.96639430382
 34
0.0
100
AcDbRotatedDimension
1001
ACAD
1000
DSTYLE
1002
{
1070
    49
1040
200.0
1002
}
1001
REVIT
1002
{
1070
     1
1000
624494
1002
}
1002
{
1070
     5
1000
358345
1002
}
1002
{
1070
     2
1000
-2000260
1002
}
  0
DIMENSION
  5
441
330
70
100
AcDbEntity
  8
A-ANNO-DIMS
100
AcDbDimension
280
     0
  2
DIMBLOCK6-Level 1
 10
-4309.830423270672
 20
-19631.96639430382
 30
0.0
 11
-7062.330423270663
 21
-18946.3934036102
 31
0.0
 70
    32
 71
     5
 42
550.4999999999982
 73
     0
 74
     0
 75
     0
  3
Diagonal_-_2_5mm_Arial_3
100
AcDbAlignedDimension
 13
-9814.830423270656
 23
-19391.96639430382
 33
0.0
 14
-4309.830423270672
 24
-19391.96639430382
 34
0.0
100
AcDbRotatedDimension
1001
ACAD
1000
DSTYLE
1002
{
1070
    49
1040
5504.999999999982
1002
}
1001
REVIT
1002
{
1070
     1
1000
624494
1002
}
1002
{
1070
     5
1000
358345
1002
}
1002
{
1070
     2
1000
-2000260
1002
}
  0
DIMENSION
  5
45B
330
70
100
AcDbEntity
  8
A-ANNO-DIMS
100
AcDbDimension
280
     0
  2
DIMBLOCK7-Level 1
 10
-4109.830423270672
 20
-19631.96639430382
 30
0.0
 11
-4209.830423270672
 21
-18946.3934036102
 31
0.0
 70
    32
 71
     5
 42
20.0
 73
     0
 74
     0
 75
     0
  3
Diagonal_-_2_5mm_Arial_3
100
AcDbAlignedDimension
 13
-4309.830423270672
 23
-19391.96639430382
 33
0.0
 14
-4109.830423270672
 24
-19391.96639430382
 34
0.0
100
AcDbRotatedDimension
1001
ACAD
1000
DSTYLE
1002
{
1070
    49
1040
200.0
1002
}
1001
REVIT
1002
{
1070
     1
1000
624494
1002
}
1002
{
1070
     5
1000
358345
1002
}
1002
{
1070
     2
1000
-2000260
1002
}
  0
DIMENSION
  5
477
330
70
100
AcDbEntity
  8
A-ANNO-DIMS
100
AcDbDimension
280
     0
  2
DIMBLOCK8-Level 1
 10
-32850.02954124009
 20
13812.84002850443
 30
0.0
 11
-33535.60253193371
 21
13912.84002850444
 31
0.0
 70
    32
 71
     5
 42
20.0
 73
     0
 74
     0
 75
     0
  3
Diagonal_-_2_5mm_Arial_3
100
AcDbAlignedDimension
 13
-32610.02954124008
 23
14012.84002850442
 33
0.0
 14
-32610.02954124008
 24
13812.84002850442
 34
0.0
 50
89.99999999999991
100
AcDbRotatedDimension
1001
ACAD
1000
DSTYLE
1002
{
1070
    49
1040
200.0
1002
}
1001
REVIT
1002
{
1070
     1
1000
624522
1002
}
1002
{
1070
     5
1000
358345
1002
}
1002
{
1070
     2
1000
-2000260
1002
}
  0
DIMENSION
  5
493
330
70
100
AcDbEntity
  8
A-ANNO-DIMS
100
AcDbDimension
280
     0
  2
DIMBLOCK9-Level 1
 10
-32850.02954124009
 20
7812.840028504429
 30
0.0
 11
-33535.60253193371
 21
10812.84002850444
 31
0.0
 70
    32
 71
     5
 42
600.0
 73
     0
 74
     0
 75
     0
  3
Diagonal_-_2_5mm_Arial_3
100
AcDbAlignedDimension
 13
-32610.02954124008
 23
13812.84002850442
 33
0.0
 14
-32610.02954124008
 24
7812.840028504425
 34
0.0
 50
89.99999999999991
100
AcDbRotatedDimension
1001
ACAD
1000
DSTYLE
1002
{
1070
    49
1040
6000.0
1002
}
1001
REVIT
1002
{
1070
     1
1000
624522
1002
}
1002
{
1070
     5
1000
358345
1002
}
1002
{
1070
     2
1000
-2000260
1002
}
  0
DIMENSION
  5
4AD
330
70
100
AcDbEntity
  8
A-ANNO-DIMS
100
AcDbDimension
280
     0
  2
DIMBLOCK10-Level 1
 10
-32850.02954124009
 20
7612.840028504431
 30
0.0
 11
-33535.60253193371
 21
7712.840028504437
 31
0.0
 70
    32
 71
     5
 42
19.99999999999991
 73
     0
 74
     0
 75
     0
  3
Diagonal_-_2_5mm_Arial_3
100
AcDbAlignedDimension
 13
-32610.02954124008
 23
7812.840028504425
 33
0.0
 14
-32610.02954124008
 24
7612.840028504426
 34
0.0
 50
89.99999999999991
100
AcDbRotatedDimension
1001
ACAD
1000
DSTYLE
1002
{
1070
    49
1040
199.9999999999991
1002
}
1001
REVIT
1002
{
1070
     1
1000
624522
1002
}
1002
{
1070
     5
1000
358345
1002
}
1002
{
1070
     2
1000
-2000260
1002
}
  0
DIMENSION
  5
4C9
330
70
100
AcDbEntity
  8
A-ANNO-DIMS
100
AcDbDimension
280
     0
  2
DIMBLOCK11-Level 1
 10
-32850.02954124009
 20
1612.84002850442
 30
0.0
 11
-33535.60253193371
 21
4612.840028504433
 31
0.0
 70
    32
 71
     5
 42
600.0000000000007
 73
     0
 74
     0
 75
     0
  3
Diagonal_-_2_5mm_Arial_3
100
AcDbAlignedDimension
 13
-32610.02954124008
 23
7612.840028504426
 33
0.0
 14
-32610.02954124008
 24
1612.840028504419
 34
0.0
 50
89.99999999999991
100
AcDbRotatedDimension
1001
ACAD
1000
DSTYLE
1002
{
1070
    49
1040
6000.000000000007
1002
}
1001
REVIT
1002
{
1070
     1
1000
624522
1002
}
1002
{
1070
     5
1000
358345
1002
}
1002
{
1070
     2
1000
-2000260
1002
}
  0
DIMENSION
  5
4E3
330
70
100
AcDbEntity
  8
A-ANNO-DIMS
100
AcDbDimension
280
     0
  2
DIMBLOCK12-Level 1
 10
-32850.02954124009
 20
1412.84002850442
 30
0.0
 11
-33535.60253193371
 21
1512.840028504429
 31
0.0
 70
    32
 71
     5
 42
19.99999999999998
 73
     0
 74
     0
 75
     0
  3
Diagonal_-_2_5mm_Arial_3
100
AcDbAlignedDimension
 13
-32610.02954124008
 23
1612.840028504419
 33
0.0
 14
-32610.02954124008
 24
1412.84002850442
 34
0.0
 50
89.99999999999991
100
AcDbRotatedDimension
1001
ACAD
1000
DSTYLE
1002
{
1070
    49
1040
199.9999999999995
1002
}
1001
REVIT
1002
{
1070
     1
1000
624522
1002
}
1002
{
1070
     5
1000
358345
1002
}
1002
{
1070
     2
1000
-2000260
1002
}
  0
DIMENSION
  5
4FF
330
70
100
AcDbEntity
  8
A-ANNO-DIMS
100
AcDbDimension
280
     0
  2
DIMBLOCK13-Level 1
 10
-32850.02954124009
 20
-4587.159971495608
 30
0.0
 11
-33535.60253193371
 21
-1587.159971495584
 31
0.0
 70
    32
 71
     5
 42
600.0000000000027
 73
     0
 74
     0
 75
     0
  3
Diagonal_-_2_5mm_Arial_3
100
AcDbAlignedDimension
 13
-32610.02954124008
 23
1412.84002850442
 33
0.0
 14
-32610.02954124008
 24
-4587.159971495606
 34
0.0
 50
89.99999999999991
100
AcDbRotatedDimension
1001
ACAD
1000
DSTYLE
1002
{
1070
    49
1040
6000.000000000026
1002
}
1001
REVIT
1002
{
1070
     1
1000
624522
1002
}
1002
{
1070
     5
1000
358345
1002
}
1002
{
1070
     2
1000
-2000260
1002
}
  0
DIMENSION
  5
519
330
70
100
AcDbEntity
  8
A-ANNO-DIMS
100
AcDbDimension
280
     0
  2
DIMBLOCK14-Level 1
 10
-32850.02954124009
 20
-4787.159971495606
 30
0.0
 11
-33535.60253193371
 21
-4687.159971495598
 31
0.0
 70
    32
 71
     5
 42
19.99999999999982
 73
     0
 74
     0
 75
     0
  3
Diagonal_-_2_5mm_Arial_3
100
AcDbAlignedDimension
 13
-32610.02954124008
 23
-4587.159971495606
 33
0.0
 14
-32610.02954124008
 24
-4787.159971495604
 34
0.0
 50
89.99999999999991
100
AcDbRotatedDimension
1001
ACAD
1000
DSTYLE
1002
{
1070
    49
1040
199.9999999999982
1002
}
1001
REVIT
1002
{
1070
     1
1000
624522
1002
}
1002
{
1070
     5
1000
358345
1002
}
1002
{
1070
     2
1000
-2000260
1002
}
  0
DIMENSION
  5
535
330
70
100
AcDbEntity
  8
A-ANNO-DIMS
100
AcDbDimension
280
     0
  2
DIMBLOCK15-Level 1
 10
-32850.02954124009
 20
-11189.68142790462
 30
0.0
 11
-33535.60253193371
 21
-7988.420699700104
 31
0.0
 70
    32
 71
     5
 42
640.2521456409016
 73
     0
 74
     0
 75
     0
  3
Diagonal_-_2_5mm_Arial_3
100
AcDbAlignedDimension
 13
-32610.02954124008
 23
-4787.159971495604
 33
0.0
 14
-32610.02954124008
 24
-11189.68142790462
 34
0.0
 50
89.99999999999991
100
AcDbRotatedDimension
1001
ACAD
1000
DSTYLE
1002
{
1070
    49
1040
6402.521456409015
1002
}
1001
REVIT
1002
{
1070
     1
1000
624522
1002
}
1002
{
1070
     5
1000
358345
1002
}
1002
{
1070
     2
1000
-2000260
1002
}
  0
MTEXT
  5
542
330
70
100
AcDbEntity
  8
A-AREA-IDEN
100
AcDbMText
 10
6048.32857656317
 20
3165.721539384018
 30
0.0
 40
599.9999999999992
 41
2629.534999999997
 46
0.0
 71
     1
 72
     1
  1
38 m²
  7
Arial_1
 73
     2
 44
1.0
1001
REVIT
1002
{
1070
     1
1000
628907
1002
}
1002
{
1070
     5
1000
477246
1002
}
1002
{
1070
     2
1000
-2000480
1002
}
  0
MTEXT
  5
543
330
70
100
AcDbEntity
  8
A-AREA-IDEN
100
AcDbMText
 10
6367.450587150365
 20
4844.639664884476
 30
0.0
 40
599.9999999999992
 41
2733.754374999997
 46
0.0
 71
     1
 72
     1
  1
Room
  7
Arial_1
 73
     2
 44
1.0
1001
REVIT
1002
{
1070
     1
1000
628907
1002
}
1002
{
1070
     5
1000
477246
1002
}
1002
{
1070
     2
1000
-2000480
1002
}
  0
LINE
  5
544
330
70
100
AcDbEntity
  8
A-AREA-IDEN
100
AcDbLine
 10
20037.23990452231
 20
6073.104370244195
 30
0.0
 11
20036.73990452232
 21
10580.79892896332
 31
0.0
1001
REVIT
1002
{
1070
     1
1000
633252
1002
}
1002
{
1070
     5
1000
459841
1002
}
1002
{
1070
     2
1000
-2005020
1002
}
  0
MTEXT
  5
546
330
70
100
AcDbEntity
  8
A-AREA-IDEN
100
AcDbMText
 10
18872.73990452231
 20
13486.34059562998
 30
0.0
 40
999.9999999999989
 41
2813.923124999997
 46
0.0
 71
     1
 72
     1
  1
401
  7
Arial_B_1
 73
     2
 44
1.0
1001
REVIT
1002
{
1070
     1
1000
633252
1002
}
1002
{
1070
     5
1000
459841
1002
}
1002
{
1070
     2
1000
-2005020
1002
}
  0
MTEXT
  5
547
330
70
100
AcDbEntity
  8
A-AREA-IDEN
100
AcDbMText
 10
19183.62532118898
 20
11885.61142896332
 30
0.0
 40
999.9999999999989
 41
2068.353749999998
 46
0.0
 71
     1
 72
     1
  1
m²
  7
Arial_B_1
 73
     2
 44
1.0
1001
REVIT
1002
{
1070
     1
1000
633252
1002
}
1002
{
1070
     5
1000
459841
1002
}
1002
{
1070
     2
1000
-2005020
1002
}
  0
MTEXT
  5
548
330
70
100
AcDbEntity
  8
A-AREA-IDEN
100
AcDbMText
 10
19579.32110658879
 20
12806.6114687034
 30
0.0
 40
299.9999999999996
 41
1090.294999999999
 46
0.0
 71
     1
 72
     1
  1
\LArea
  7
Arial_2
 73
     2
 44
1.0
1001
REVIT
1002
{
1070
     1
1000
633252
1002
}
1002
{
1070
     5
1000
459841
1002
}
1002
{
1070
     2
1000
-2005020
1002
}
  0
DIMENSION
  5
556
330
70
100
AcDbEntity
  8
A-ANNO-DIMS
100
AcDbDimension
280
     0
  2
DIMBLOCK16-Level 1
 10
38234.7492156646
 20
7619.475627956552
 30
0.0
 11
37549.17622497097
 21
7719.475627956538
 31
0.0
 70
    32
 71
     5
 42
19.99999999999982
 73
     0
 74
     0
 75
     0
  3
Diagonal_-_2_5mm_Arial_3
100
AcDbAlignedDimension
 13
37994.74921566458
 23
7819.475627956546
 33
0.0
 14
37994.74921566458
 24
7619.475627956548
 34
0.0
 50
89.99999999999991
100
AcDbRotatedDimension
1001
ACAD
1000
DSTYLE
1002
{
1070
    49
1040
199.9999999999982
1002
}
1001
REVIT
1002
{
1070
     1
1000
633299
1002
}
1002
{
1070
     5
1000
358345
1002
}
1002
{
1070
     2
1000
-2000260
1002
}
  0
DIMENSION
  5
572
330
70
100
AcDbEntity
  8
A-ANNO-DIMS
100
AcDbDimension
280
     0
  2
DIMBLOCK17-Level 1
 10
38234.7492156646
 20
619.4756279565631
 30
0.0
 11
37549.17622497097
 21
4119.475627956545
 31
0.0
 70
    32
 71
     5
 42
699.9999999999987
 73
     0
 74
     0
 75
     0
  3
Diagonal_-_2_5mm_Arial_3
100
AcDbAlignedDimension
 13
37994.74921566458
 23
7619.475627956548
 33
0.0
 14
37994.74921566458
 24
619.4756279565628
 34
0.0
 50
89.99999999999991
100
AcDbRotatedDimension
1001
ACAD
1000
DSTYLE
1002
{
1070
    49
1040
6999.999999999985
1002
}
1001
REVIT
1002
{
1070
     1
1000
633299
1002
}
1002
{
1070
     5
1000
358345
1002
}
1002
{
1070
     2
1000
-2000260
1002
}
  0
DIMENSION
  5
58C
330
70
100
AcDbEntity
  8
A-ANNO-DIMS
100
AcDbDimension
280
     0
  2
DIMBLOCK18-Level 1
 10
38234.7492156646
 20
419.475627956563
 30
0.0
 11
37549.17622497097
 21
519.4756279565522
 31
0.0
 70
    32
 71
     5
 42
20.00000000000001
 73
     0
 74
     0
 75
     0
  3
Diagonal_-_2_5mm_Arial_3
100
AcDbAlignedDimension
 13
37994.74921566458
 23
619.4756279565628
 33
0.0
 14
37994.74921566458
 24
419.4756279565627
 34
0.0
 50
89.99999999999991
100
AcDbRotatedDimension
1001
ACAD
1000
DSTYLE
1002
{
1070
    49
1040
200.0
1002
}
1001
REVIT
1002
{
1070
     1
1000
633299
1002
}
1002
{
1070
     5
1000
358345
1002
}
1002
{
1070
     2
1000
-2000260
1002
}
  0
DIMENSION
  5
5A8
330
70
100
AcDbEntity
  8
A-ANNO-DIMS
100
AcDbDimension
280
     0
  2
DIMBLOCK19-Level 1
 10
38234.7492156646
 20
-5760.009811932444
 30
0.0
 11
37549.17622497097
 21
-2670.26709198795
 31
0.0
 70
    32
 71
     5
 42
617.9485439889006
 73
     0
 74
     0
 75
     0
  3
Diagonal_-_2_5mm_Arial_3
100
AcDbAlignedDimension
 13
37994.74921566458
 23
419.4756279565627
 33
0.0
 14
37994.74921566458
 24
-5760.009811932442
 34
0.0
 50
89.99999999999991
100
AcDbRotatedDimension
1001
ACAD
1000
DSTYLE
1002
{
1070
    49
1040
6179.485439889004
1002
}
1001
REVIT
1002
{
1070
     1
1000
633299
1002
}
1002
{
1070
     5
1000
358345
1002
}
1002
{
1070
     2
1000
-2000260
1002
}
  0
DIMENSION
  5
5C2
330
70
100
AcDbEntity
  8
A-ANNO-DIMS
100
AcDbDimension
280
     0
  2
DIMBLOCK20-Level 1
 10
38234.7492156646
 20
-5960.009811932444
 30
0.0
 11
37549.17622497097
 21
-5860.009811932454
 31
0.0
 70
    32
 71
     5
 42
20.0
 73
     0
 74
     0
 75
     0
  3
Diagonal_-_2_5mm_Arial_3
100
AcDbAlignedDimension
 13
37994.74921566458
 23
-5760.009811932442
 33
0.0
 14
37994.74921566458
 24
-5960.009811932442
 34
0.0
 50
89.99999999999991
100
AcDbRotatedDimension
1001
ACAD
1000
DSTYLE
1002
{
1070
    49
1040
200.0
1002
}
1001
REVIT
1002
{
1070
     1
1000
633299
1002
}
1002
{
1070
     5
1000
358345
1002
}
1002
{
1070
     2
1000
-2000260
1002
}
  0
DIMENSION
  5
5DE
330
70
100
AcDbEntity
  8
A-ANNO-DIMS
100
AcDbDimension
280
     0
  2
DIMBLOCK21-Level 1
 10
38234.7492156646
 20
-12836.69078347322
 30
0.0
 11
37549.17622497097
 21
-9398.35029770284
 31
0.0
 70
    32
 71
     5
 42
687.6680971540776
 73
     0
 74
     0
 75
     0
  3
Diagonal_-_2_5mm_Arial_3
100
AcDbAlignedDimension
 13
37994.74921566458
 23
-5960.009811932442
 33
0.0
 14
37994.74921566458
 24
-12836.69078347321
 34
0.0
 50
89.99999999999991
100
AcDbRotatedDimension
1001
ACAD
1000
DSTYLE
1002
{
1070
    49
1040
6876.680971540771
1002
}
1001
REVIT
1002
{
1070
     1
1000
633299
1002
}
1002
{
1070
     5
1000
358345
1002
}
1002
{
1070
     2
1000
-2000260
1002
}
  0
DIMENSION
  5
5F8
330
70
100
AcDbEntity
  8
A-ANNO-DIMS
100
AcDbDimension
280
     0
  2
DIMBLOCK22-Level 1
 10
38234.7492156646
 20
-13036.69078347322
 30
0.0
 11
37549.17622497097
 21
-12936.69078347323
 31
0.0
 70
    32
 71
     5
 42
20.0
 73
     0
 74
     0
 75
     0
  3
Diagonal_-_2_5mm_Arial_3
100
AcDbAlignedDimension
 13
37994.74921566458
 23
-12836.69078347321
 33
0.0
 14
37994.74921566458
 24
-13036.69078347321
 34
0.0
 50
89.99999999999991
100
AcDbRotatedDimension
1001
ACAD
1000
DSTYLE
1002
{
1070
    49
1040
200.0
1002
}
1001
REVIT
1002
{
1070
     1
1000
633299
1002
}
1002
{
1070
     5
1000
358345
1002
}
1002
{
1070
     2
1000
-2000260
1002
}
  0
DIMENSION
  5
614
330
70
100
AcDbEntity
  8
A-ANNO-DIMS
100
AcDbDimension
280
     0
  2
DIMBLOCK23-Level 1
 10
5043.716006985619
 20
-19631.96639430382
 30
0.0
 11
4943.716006985618
 21
-18946.3934036102
 31
0.0
 70
    32
 71
     5
 42
20.00000000000027
 73
     0
 74
     0
 75
     0
  3
Diagonal_-_2_5mm_Arial_3
100
AcDbAlignedDimension
 13
4843.716006985617
 23
-19391.96639430382
 33
0.0
 14
5043.716006985619
 24
-19391.96639430382
 34
0.0
100
AcDbRotatedDimension
1001
ACAD
1000
DSTYLE
1002
{
1070
    49
1040
200.0000000000027
1002
}
1001
REVIT
1002
{
1070
     1
1000
633331
1002
}
1002
{
1070
     5
1000
358345
1002
}
1002
{
1070
     2
1000
-2000260
1002
}
  0
DIMENSION
  5
630
330
70
100
AcDbEntity
  8
A-ANNO-DIMS
100
AcDbDimension
280
     0
  2
DIMBLOCK24-Level 1
 10
12159.8363370141
 20
-19631.96639430382
 30
0.0
 11
8601.776171999864
 21
-18954.9200066612
 31
0.0
 70
    32
 71
     5
 42
711.6120330028485
 73
     0
 74
     0
 75
     0
  3
Diagonal_-_2_5mm_Arial_3
100
AcDbAlignedDimension
 13
5043.716006985619
 23
-19391.96639430382
 33
0.0
 14
12159.8363370141
 24
-19391.96639430382
 34
0.0
100
AcDbRotatedDimension
1001
ACAD
1000
DSTYLE
1002
{
1070
    49
1040
7116.120330028485
1002
}
1001
REVIT
1002
{
1070
     1
1000
633331
1002
}
1002
{
1070
     5
1000
358345
1002
}
1002
{
1070
     2
1000
-2000260
1002
}
  0
DIMENSION
  5
64A
330
70
100
AcDbEntity
  8
A-ANNO-DIMS
100
AcDbDimension
280
     0
  2
DIMBLOCK25-Level 1
 10
12359.8363370141
 20
-19631.96639430382
 30
0.0
 11
12259.8363370141
 21
-18946.3934036102
 31
0.0
 70
    32
 71
     5
 42
20.0
 73
     0
 74
     0
 75
     0
  3
Diagonal_-_2_5mm_Arial_3
100
AcDbAlignedDimension
 13
12159.8363370141
 23
-19391.96639430382
 33
0.0
 14
12359.8363370141
 24
-19391.96639430382
 34
0.0
100
AcDbRotatedDimension
1001
ACAD
1000
DSTYLE
1002
{
1070
    49
1040
200.0
1002
}
1001
REVIT
1002
{
1070
     1
1000
633331
1002
}
1002
{
1070
     5
1000
358345
1002
}
1002
{
1070
     2
1000
-2000260
1002
}
  0
DIMENSION
  5
666
330
70
100
AcDbEntity
  8
A-ANNO-DIMS
100
AcDbDimension
280
     0
  2
DIMBLOCK26-Level 1
 10
18259.8363370141
 20
-19631.96639430382
 30
0.0
 11
15309.8363370141
 21
-18946.3934036102
 31
0.0
 70
    32
 71
     5
 42
590.0
 73
     0
 74
     0
 75
     0
  3
Diagonal_-_2_5mm_Arial_3
100
AcDbAlignedDimension
 13
12359.8363370141
 23
-19391.96639430382
 33
0.0
 14
18259.8363370141
 24
-19391.96639430382
 34
0.0
100
AcDbRotatedDimension
1001
ACAD
1000
DSTYLE
1002
{
1070
    49
1040
5900.0
1002
}
1001
REVIT
1002
{
1070
     1
1000
633331
1002
}
1002
{
1070
     5
1000
358345
1002
}
1002
{
1070
     2
1000
-2000260
1002
}
  0
DIMENSION
  5
680
330
70
100
AcDbEntity
  8
A-ANNO-DIMS
100
AcDbDimension
280
     0
  2
DIMBLOCK27-Level 1
 10
18459.8363370141
 20
-19631.96639430382
 30
0.0
 11
18359.8363370141
 21
-18946.3934036102
 31
0.0
 70
    32
 71
     5
 42
20.0
 73
     0
 74
     0
 75
     0
  3
Diagonal_-_2_5mm_Arial_3
100
AcDbAlignedDimension
 13
18259.8363370141
 23
-19391.96639430382
 33
0.0
 14
18459.8363370141
 24
-19391.96639430382
 34
0.0
100
AcDbRotatedDimension
1001
ACAD
1000
DSTYLE
1002
{
1070
    49
1040
200.0
1002
}
1001
REVIT
1002
{
1070
     1
1000
633331
1002
}
1002
{
1070
     5
1000
358345
1002
}
1002
{
1070
     2
1000
-2000260
1002
}
  0
DIMENSION
  5
69C
330
70
100
AcDbEntity
  8
A-ANNO-DIMS
100
AcDbDimension
280
     0
  2
DIMBLOCK28-Level 1
 10
24688.86123488273
 20
-19631.96639430382
 30
0.0
 11
21574.34878594842
 21
-18946.05233948816
 31
0.0
 70
    32
 71
     5
 42
622.9024897868626
 73
     0
 74
     0
 75
     0
  3
Diagonal_-_2_5mm_Arial_3
100
AcDbAlignedDimension
 13
18459.8363370141
 23
-19391.96639430382
 33
0.0
 14
24688.86123488273
 24
-19391.96639430382
 34
0.0
100
AcDbRotatedDimension
1001
ACAD
1000
DSTYLE
1002
{
1070
    49
1040
6229.024897868625
1002
}
1001
REVIT
1002
{
1070
     1
1000
633331
1002
}
1002
{
1070
     5
1000
358345
1002
}
1002
{
1070
     2
1000
-2000260
1002
}
  0
DIMENSION
  5
6B6
330
70
100
AcDbEntity
  8
A-ANNO-DIMS
100
AcDbDimension
280
     0
  2
DIMBLOCK29-Level 1
 10
24888.86123488273
 20
-19631.96639430382
 30
0.0
 11
24788.86123488273
 21
-18946.3934036102
 31
0.0
 70
    32
 71
     5
 42
20.0
 73
     0
 74
     0
 75
     0
  3
Diagonal_-_2_5mm_Arial_3
100
AcDbAlignedDimension
 13
24688.86123488273
 23
-19391.96639430382
 33
0.0
 14
24888.86123488273
 24
-19391.96639430382
 34
0.0
100
AcDbRotatedDimension
1001
ACAD
1000
DSTYLE
1002
{
1070
    49
1040
200.0
1002
}
1001
REVIT
1002
{
1070
     1
1000
633331
1002
}
1002
{
1070
     5
1000
358345
1002
}
1002
{
1070
     2
1000
-2000260
1002
}
  0
DIMENSION
  5
6D2
330
70
100
AcDbEntity
  8
A-ANNO-DIMS
100
AcDbDimension
280
     0
  2
DIMBLOCK30-Level 1
 10
30069.37994984929
 20
-19631.96639430382
 30
0.0
 11
27479.12059236601
 21
-18946.3934036102
 31
0.0
 70
    32
 71
     5
 42
518.0518714966561
 73
     0
 74
     0
 75
     0
  3
Diagonal_-_2_5mm_Arial_3
100
AcDbAlignedDimension
 13
24888.86123488273
 23
-19391.96639430382
 33
0.0
 14
30069.37994984929
 24
-19391.96639430382
 34
0.0
100
AcDbRotatedDimension
1001
ACAD
1000
DSTYLE
1002
{
1070
    49
1040
5180.518714966562
1002
}
1001
REVIT
1002
{
1070
     1
1000
633331
1002
}
1002
{
1070
     5
1000
358345
1002
}
1002
{
1070
     2
1000
-2000260
1002
}
  0
DIMENSION
  5
6EC
330
70
100
AcDbEntity
  8
A-ANNO-DIMS
100
AcDbDimension
280
     0
  2
DIMBLOCK31-Level 1
 10
4121.017644004047
 20
6319.475627956592
 30
0.0
 11
3435.444653310431
 21
6419.47562795659
 31
0.0
 70
    32
 71
     5
 42
20.00000000000019
 73
     0
 74
     0
 75
     0
  3
Diagonal_-_2_5mm_Arial_3
100
AcDbAlignedDimension
 13
4361.017644004045
 23
6519.475627956589
 33
0.0
 14
4361.017644004045
 24
6319.475627956588
 34
0.0
 50
89.99999999999991
100
AcDbRotatedDimension
1001
ACAD
1000
DSTYLE
1002
{
1070
    49
1040
200.0000000000018
1002
}
1001
REVIT
1002
{
1070
     1
1000
634545
1002
}
1002
{
1070
     5
1000
358345
1002
}
1002
{
1070
     2
1000
-2000260
1002
}
  0
DIMENSION
  5
708
330
70
100
AcDbEntity
  8
A-ANNO-DIMS
100
AcDbDimension
280
     0
  2
DIMBLOCK32-Level 1
 10
4121.017644004047
 20
279.9901880676169
 30
0.0
 11
3435.444653310429
 21
3299.732908012103
 31
0.0
 70
    32
 71
     5
 42
603.9485439888973
 73
     0
 74
     0
 75
     0
  3
Diagonal_-_2_5mm_Arial_3
100
AcDbAlignedDimension
 13
4361.017644004045
 23
6319.475627956588
 33
0.0
 14
4361.017644004045
 24
279.9901880676168
 34
0.0
 50
89.99999999999991
100
AcDbRotatedDimension
1001
ACAD
1000
DSTYLE
1002
{
1070
    49
1040
6039.485439888971
1002
}
1001
REVIT
1002
{
1070
     1
1000
634545
1002
}
1002
{
1070
     5
1000
358345
1002
}
1002
{
1070
     2
1000
-2000260
1002
}
  0
DIMENSION
  5
722
330
70
100
AcDbEntity
  8
A-ANNO-DIMS
100
AcDbDimension
280
     0
  2
DIMBLOCK33-Level 1
 10
4121.017644004047
 20
79.99018806761682
 30
0.0
 11
3435.444653310429
 21
179.9901880676157
 31
0.0
 70
    32
 71
     5
 42
20.0
 73
     0
 74
     0
 75
     0
  3
Diagonal_-_2_5mm_Arial_3
100
AcDbAlignedDimension
 13
4361.017644004045
 23
279.9901880676168
 33
0.0
 14
4361.017644004045
 24
79.99018806761684
 34
0.0
 50
89.99999999999991
100
AcDbRotatedDimension
1001
ACAD
1000
DSTYLE
1002
{
1070
    49
1040
200.0
1002
}
1001
REVIT
1002
{
1070
     1
1000
634545
1002
}
1002
{
1070
     5
1000
358345
1002
}
1002
{
1070
     2
1000
-2000260
1002
}
  0
DIMENSION
  5
73E
330
70
100
AcDbEntity
  8
A-ANNO-DIMS
100
AcDbDimension
280
     0
  2
DIMBLOCK34-Level 1
 10
4121.017644004047
 20
-7920.00981193239
 30
0.0
 11
3435.444653310426
 21
-3920.009811932386
 31
0.0
 70
    32
 71
     5
 42
800.0000000000005
 73
     0
 74
     0
 75
     0
  3
Diagonal_-_2_5mm_Arial_3
100
AcDbAlignedDimension
 13
4361.017644004045
 23
79.99018806761684
 33
0.0
 14
4361.017644004045
 24
-7920.009811932385
 34
0.0
 50
89.99999999999991
100
AcDbRotatedDimension
1001
ACAD
1000
DSTYLE
1002
{
1070
    49
1040
8000.000000000003
1002
}
1001
REVIT
1002
{
1070
     1
1000
634545
1002
}
1002
{
1070
     5
1000
358345
1002
}
1002
{
1070
     2
1000
-2000260
1002
}
  0
DIMENSION
  5
758
330
70
100
AcDbEntity
  8
A-ANNO-DIMS
100
AcDbDimension
280
     0
  2
DIMBLOCK35-Level 1
 10
4121.017644004047
 20
-8120.009811932389
 30
0.0
 11
3435.444653310426
 21
-8020.009811932387
 31
0.0
 70
    32
 71
     5
 42
20.0
 73
     0
 74
     0
 75
     0
  3
Diagonal_-_2_5mm_Arial_3
100
AcDbAlignedDimension
 13
4361.017644004045
 23
-7920.009811932385
 33
0.0
 14
4361.017644004045
 24
-8120.009811932385
 34
0.0
 50
89.99999999999991
100
AcDbRotatedDimension
1001
ACAD
1000
DSTYLE
1002
{
1070
    49
1040
200.0
1002
}
1001
REVIT
1002
{
1070
     1
1000
634545
1002
}
1002
{
1070
     5
1000
358345
1002
}
1002
{
1070
     2
1000
-2000260
1002
}
  0
DIMENSION
  5
774
330
70
100
AcDbEntity
  8
A-ANNO-DIMS
100
AcDbDimension
280
     0
  2
DIMBLOCK36-Level 1
 10
4121.017644004047
 20
-12836.69078347319
 30
0.0
 11
3443.971256361421
 21
-10478.35029770279
 31
0.0
 70
    32
 71
     5
 42
471.6680971540807
 73
     0
 74
     0
 75
     0
  3
Diagonal_-_2_5mm_Arial_3
100
AcDbAlignedDimension
 13
4361.017644004045
 23
-8120.009811932385
 33
0.0
 14
4361.017644004045
 24
-12836.69078347319
 34
0.0
 50
89.99999999999991
100
AcDbRotatedDimension
1001
ACAD
1000
DSTYLE
1002
{
1070
    49
1040
4716.680971540804
1002
}
1001
REVIT
1002
{
1070
     1
1000
634545
1002
}
1002
{
1070
     5
1000
358345
1002
}
1002
{
1070
     2
1000
-2000260
1002
}
  0
DIMENSION
  5
78E
330
70
100
AcDbEntity
  8
A-ANNO-DIMS
100
AcDbDimension
280
     0
  2
DIMBLOCK37-Level 1
 10
4121.017644004047
 20
-13036.69078347319
 30
0.0
 11
3435.444653310425
 21
-12936.69078347319
 31
0.0
 70
    32
 71
     5
 42
20.0
 73
     0
 74
     0
 75
     0
  3
Diagonal_-_2_5mm_Arial_3
100
AcDbAlignedDimension
 13
4361.017644004045
 23
-12836.69078347319
 33
0.0
 14
4361.017644004045
 24
-13036.69078347319
 34
0.0
 50
89.99999999999991
100
AcDbRotatedDimension
1001
ACAD
1000
DSTYLE
1002
{
1070
    49
1040
200.0
1002
}
1001
REVIT
1002
{
1070
     1
1000
634545
1002
}
1002
{
1070
     5
1000
358345
1002
}
1002
{
1070
     2
1000
-2000260
1002
}
  0
DIMENSION
  5
7AA
330
70
100
AcDbEntity
  8
A-ANNO-DIMS
100
AcDbDimension
280
     0
  2
DIMBLOCK38-Level 1
 10
18245.50212848579
 20
7619.475627956568
 30
0.0
 11
17559.92913779217
 21
4619.47562795656
 31
0.0
 70
    32
 71
     5
 42
600.0
 73
     0
 74
     0
 75
     0
  3
Diagonal_-_2_5mm_Arial_3
100
AcDbAlignedDimension
 13
18005.50212848576
 23
1619.475627956565
 33
0.0
 14
18485.50212848578
 24
7619.475627956565
 34
0.0
 50
89.99999999999991
100
AcDbRotatedDimension
1001
ACAD
1000
DSTYLE
1002
{
1070
    49
1040
6019.169377912538
1002
}
1001
REVIT
1002
{
1070
     1
1000
635040
1002
}
1002
{
1070
     5
1000
358345
1002
}
1002
{
1070
     2
1000
-2000260
1002
}
  0
DIMENSION
  5
7C4
330
70
100
AcDbEntity
  8
A-ANNO-DIMS
100
AcDbDimension
280
     0
  2
DIMBLOCK39-Level 1
 10
18828.86123488272
 20
2143.904142486152
 30
0.0
 11
15078.86123488273
 21
2829.47713317977
 31
0.0
 70
    32
 71
     5
 42
749.9999999999984
 73
     0
 74
     0
 75
     0
  3
Diagonal_-_2_5mm_Arial_3
100
AcDbAlignedDimension
 13
11328.86123488273
 23
2383.904142486152
 33
0.0
 14
18828.86123488272
 24
2383.904142486152
 34
0.0
100
AcDbRotatedDimension
1001
ACAD
1000
DSTYLE
1002
{
1070
    49
1040
7499.999999999984
1002
}
1001
REVIT
1002
{
1070
     1
1000
635047
1002
}
1002
{
1070
     5
1000
358345
1002
}
1002
{
1070
     2
1000
-2000260
1002
}
  0
DIMENSION
  5
7DE
330
70
100
AcDbEntity
  8
A-ANNO-DIMS
100
AcDbDimension
280
     0
  2
DIMBLOCK40-Level 1
 10
-19289.83042327064
 20
17864.77437702309
 30
0.0
 11
-22495.63368641709
 21
18550.3473677167
 31
0.0
 70
    32
 71
     5
 42
641.1606526292907
 73
     0
 74
     0
 75
     0
  3
Diagonal_-_2_5mm_Arial_3
100
AcDbAlignedDimension
 13
-25701.43694956354
 23
17624.77437702309
 33
0.0
 14
-19289.83042327064
 24
17624.77437702309
 34
0.0
100
AcDbRotatedDimension
1001
ACAD
1000
DSTYLE
1002
{
1070
    49
1040
6411.606526292908
1002
}
1001
REVIT
1002
{
1070
     1
1000
642077
1002
}
1002
{
1070
     5
1000
358345
1002
}
1002
{
1070
     2
1000
-2000260
1002
}
  0
DIMENSION
  5
7F8
330
70
100
AcDbEntity
  8
A-ANNO-DIMS
100
AcDbDimension
280
     0
  2
DIMBLOCK41-Level 1
 10
-13726.10143699096
 20
17864.77437702309
 30
0.0
 11
-16507.9659301308
 21
18550.3473677167
 31
0.0
 70
    32
 71
     5
 42
556.3728986279669
 73
     0
 74
     0
 75
     0
  3
Diagonal_-_2_5mm_Arial_3
100
AcDbAlignedDimension
 13
-19289.83042327064
 23
17624.77437702309
 33
0.0
 14
-13726.10143699096
 24
17624.77437702309
 34
0.0
100
AcDbRotatedDimension
1001
ACAD
1000
DSTYLE
1002
{
1070
    49
1040
5563.72898627967
1002
}
1001
REVIT
1002
{
1070
     1
1000
642077
1002
}
1002
{
1070
     5
1000
358345
1002
}
1002
{
1070
     2
1000
-2000260
1002
}
  0
DIMENSION
  5
812
330
70
100
AcDbEntity
  8
A-ANNO-DIMS
100
AcDbDimension
280
     0
  2
DIMBLOCK42-Level 1
 10
-7730.344983381633
 20
17864.77437702309
 30
0.0
 11
-10728.2232101863
 21
18550.3473677167
 31
0.0
 70
    32
 71
     5
 42
599.5756453609333
 73
     0
 74
     0
 75
     0
  3
Diagonal_-_2_5mm_Arial_3
100
AcDbAlignedDimension
 13
-13726.10143699096
 23
17624.77437702309
 33
0.0
 14
-7730.344983381633
 24
17624.77437702309
 34
0.0
100
AcDbRotatedDimension
1001
ACAD
1000
DSTYLE
1002
{
1070
    49
1040
5995.756453609334
1002
}
1001
REVIT
1002
{
1070
     1
1000
642077
1002
}
1002
{
1070
     5
1000
358345
1002
}
1002
{
1070
     2
1000
-2000260
1002
}
  0
DIMENSION
  5
82C
330
70
100
AcDbEntity
  8
A-ANNO-DIMS
100
AcDbDimension
280
     0
  2
DIMBLOCK43-Level 1
 10
-7530.344983381633
 20
17864.77437702309
 30
0.0
 11
-7630.344983381633
 21
18550.3473677167
 31
0.0
 70
    32
 71
     5
 42
20.0
 73
     0
 74
     0
 75
     0
  3
Diagonal_-_2_5mm_Arial_3
100
AcDbAlignedDimension
 13
-7730.344983381633
 23
17624.77437702309
 33
0.0
 14
-7530.344983381633
 24
17624.77437702309
 34
0.0
100
AcDbRotatedDimension
1001
ACAD
1000
DSTYLE
1002
{
1070
    49
1040
200.0
1002
}
1001
REVIT
1002
{
1070
     1
1000
642077
1002
}
1002
{
1070
     5
1000
358345
1002
}
1002
{
1070
     2
1000
-2000260
1002
}
  0
DIMENSION
  5
848
330
70
100
AcDbEntity
  8
A-ANNO-DIMS
100
AcDbDimension
280
     0
  2
DIMBLOCK44-Level 1
 10
-2150.344983381634
 20
17864.77437702309
 30
0.0
 11
-4840.344983381633
 21
18550.68843183874
 31
0.0
 70
    32
 71
     5
 42
537.9999999999999
 73
     0
 74
     0
 75
     0
  3
Diagonal_-_2_5mm_Arial_3
100
AcDbAlignedDimension
 13
-7530.344983381633
 23
17624.77437702309
 33
0.0
 14
-2150.344983381634
 24
17624.77437702309
 34
0.0
100
AcDbRotatedDimension
1001
ACAD
1000
DSTYLE
1002
{
1070
    49
1040
5379.999999999999
1002
}
1001
REVIT
1002
{
1070
     1
1000
642077
1002
}
1002
{
1070
     5
1000
358345
1002
}
1002
{
1070
     2
1000
-2000260
1002
}
  0
DIMENSION
  5
862
330
70
100
AcDbEntity
  8
A-ANNO-DIMS
100
AcDbDimension
280
     0
  2
DIMBLOCK45-Level 1
 10
-11661.61073013342
 20
14540.83728706198
 30
0.0
 11
-12347.18372082704
 21
11040.83728706198
 31
0.0
 70
    32
 71
     5
 42
699.9999999999995
 73
     0
 74
     0
 75
     0
  3
Diagonal_-_2_5mm_Arial_3
100
AcDbAlignedDimension
 13
-11901.61073013344
 23
7540.837287061984
 33
0.0
 14
-11901.61073013342
 24
14540.83728706198
 34
0.0
 50
89.99999999999991
100
AcDbRotatedDimension
1001
ACAD
1000
DSTYLE
1002
{
1070
    49
1040
6999.999999999994
1002
}
1001
REVIT
1002
{
1070
     1
1000
642101
1002
}
1002
{
1070
     5
1000
358345
1002
}
1002
{
1070
     2
1000
-2000260
1002
}
  0
DIMENSION
  5
87C
330
70
100
AcDbEntity
  8
A-ANNO-DIMS
100
AcDbDimension
280
     0
  2
DIMBLOCK46-Level 1
 10
1981.871507682646
 20
9340.837287061946
 30
0.0
 11
1296.298516989031
 21
9440.837287061944
 31
0.0
 70
    32
 71
     5
 42
19.99999999999964
 73
     0
 74
     0
 75
     0
  3
Diagonal_-_2_5mm_Arial_3
100
AcDbAlignedDimension
 13
1741.871507682646
 23
9540.837287061938
 33
0.0
 14
1741.871507682646
 24
9340.837287061942
 34
0.0
 50
89.99999999999991
100
AcDbRotatedDimension
1001
ACAD
1000
DSTYLE
1002
{
1070
    49
1040
199.9999999999963
1002
}
1001
REVIT
1002
{
1070
     1
1000
642298
1002
}
1002
{
1070
     5
1000
358345
1002
}
1002
{
1070
     2
1000
-2000260
1002
}
  0
DIMENSION
  5
898
330
70
100
AcDbEntity
  8
A-ANNO-DIMS
100
AcDbDimension
280
     0
  2
DIMBLOCK47-Level 1
 10
1981.871507682624
 20
2200.837287061955
 30
0.0
 11
1304.825120040002
 21
5770.837287061948
 31
0.0
 70
    32
 71
     5
 42
713.999999999999
 73
     0
 74
     0
 75
     0
  3
Diagonal_-_2_5mm_Arial_3
100
AcDbAlignedDimension
 13
1741.871507682646
 23
9340.837287061942
 33
0.0
 14
1741.871507682623
 24
2200.837287061954
 34
0.0
 50
89.99999999999991
100
AcDbRotatedDimension
1001
ACAD
1000
DSTYLE
1002
{
1070
    49
1040
7139.999999999989
1002
}
1001
REVIT
1002
{
1070
     1
1000
642298
1002
}
1002
{
1070
     5
1000
358345
1002
}
1002
{
1070
     2
1000
-2000260
1002
}
  0
DIMENSION
  5
8B2
330
70
100
AcDbEntity
  8
A-ANNO-DIMS
100
AcDbDimension
280
     0
  2
DIMBLOCK48-Level 1
 10
1981.871507682623
 20
2000.837287061954
 30
0.0
 11
1296.298516989006
 21
2100.837287061953
 31
0.0
 70
    32
 71
     5
 42
20.00000000000005
 73
     0
 74
     0
 75
     0
  3
Diagonal_-_2_5mm_Arial_3
100
AcDbAlignedDimension
 13
1741.871507682623
 23
2200.837287061954
 33
0.0
 14
1741.871507682622
 24
2000.837287061953
 34
0.0
 50
89.99999999999991
100
AcDbRotatedDimension
1001
ACAD
1000
DSTYLE
1002
{
1070
    49
1040
200.0000000000004
1002
}
1001
REVIT
1002
{
1070
     1
1000
642298
1002
}
1002
{
1070
     5
1000
358345
1002
}
1002
{
1070
     2
1000
-2000260
1002
}
  0
DIMENSION
  5
8CE
330
70
100
AcDbEntity
  8
A-ANNO-DIMS
100
AcDbDimension
280
     0
  2
DIMBLOCK49-Level 1
 10
1981.871507682601
 20
-5158.643997971567
 30
0.0
 11
1296.298516988982
 21
-1578.903355454806
 31
0.0
 70
    32
 71
     5
 42
715.9481285033519
 73
     0
 74
     0
 75
     0
  3
Diagonal_-_2_5mm_Arial_3
100
AcDbAlignedDimension
 13
1741.871507682622
 23
2000.837287061953
 33
0.0
 14
1741.8715076826
 24
-5158.643997971565
 34
0.0
 50
89.99999999999991
100
AcDbRotatedDimension
1001
ACAD
1000
DSTYLE
1002
{
1070
    49
1040
7159.481285033518
1002
}
1001
REVIT
1002
{
1070
     1
1000
642298
1002
}
1002
{
1070
     5
1000
358345
1002
}
1002
{
1070
     2
1000
-2000260
1002
}
  0
DIMENSION
  5
8E8
330
70
100
AcDbEntity
  8
A-ANNO-DIMS
100
AcDbDimension
280
     0
  2
DIMBLOCK50-Level 1
 10
1741.8715076826
 20
-5158.643997971571
 30
0.0
 11
1741.8715076826
 21
-4473.071007277954
 31
0.0
 70
    32
 71
     5
 42
0.0
 73
     0
 74
     0
 75
     0
  3
Diagonal_-_2_5mm_Arial_3
100
AcDbAlignedDimension
 13
1741.8715076826
 23
-5158.643997971565
 33
0.0
 14
1741.8715076826
 24
-5158.643997971566
 34
0.0
100
AcDbRotatedDimension
1001
ACAD
1000
DSTYLE
1002
{
1070
    49
1040
0.0000000000009095
1002
}
1001
REVIT
1002
{
1070
     1
1000
642298
1002
}
1002
{
1070
     5
1000
358345
1002
}
1002
{
1070
     2
1000
-2000260
1002
}
  0
DIMENSION
  5
903
330
70
100
AcDbEntity
  8
A-ANNO-DIMS
100
AcDbDimension
280
     0
  2
DIMBLOCK51-Level 1
 10
1981.8715076826
 20
-5358.643997971567
 30
0.0
 11
1296.29851698898
 21
-5258.643997971567
 31
0.0
 70
    32
 71
     5
 42
19.99999999999991
 73
     0
 74
     0
 75
     0
  3
Diagonal_-_2_5mm_Arial_3
100
AcDbAlignedDimension
 13
1741.8715076826
 23
-5158.643997971566
 33
0.0
 14
1741.871507682599
 24
-5358.643997971565
 34
0.0
 50
89.99999999999991
100
AcDbRotatedDimension
1001
ACAD
1000
DSTYLE
1002
{
1070
    49
1040
199.9999999999991
1002
}
1001
REVIT
1002
{
1070
     1
1000
642298
1002
}
1002
{
1070
     5
1000
358345
1002
}
1002
{
1070
     2
1000
-2000260
1002
}
  0
DIMENSION
  5
91F
330
70
100
AcDbEntity
  8
A-ANNO-DIMS
100
AcDbDimension
280
     0
  2
DIMBLOCK52-Level 1
 10
1741.871507682599
 20
-5358.643997971571
 30
0.0
 11
1741.871507682599
 21
-4673.071007277953
 31
0.0
 70
    32
 71
     5
 42
0.0000000000000227
 73
     0
 74
     0
 75
     0
  3
Diagonal_-_2_5mm_Arial_3
100
AcDbAlignedDimension
 13
1741.871507682599
 23
-5358.643997971565
 33
0.0
 14
1741.871507682599
 24
-5358.643997971566
 34
0.0
100
AcDbRotatedDimension
1001
ACAD
1000
DSTYLE
1002
{
1070
    49
1040
0.0000000000009375
1002
}
1001
REVIT
1002
{
1070
     1
1000
642298
1002
}
1002
{
1070
     5
1000
358345
1002
}
1002
{
1070
     2
1000
-2000260
1002
}
  0
DIMENSION
  5
93A
330
70
100
AcDbEntity
  8
A-ANNO-DIMS
100
AcDbDimension
280
     0
  2
DIMBLOCK53-Level 1
 10
1981.871507682581
 20
-11188.64399797159
 30
0.0
 11
1295.957452866921
 21
-8273.64399797158
 31
0.0
 70
    32
 71
     5
 42
583.0000000000027
 73
     0
 74
     0
 75
     0
  3
Diagonal_-_2_5mm_Arial_3
100
AcDbAlignedDimension
 13
1741.871507682599
 23
-5358.643997971566
 33
0.0
 14
1741.871507682581
 24
-11188.64399797159
 34
0.0
 50
89.99999999999991
100
AcDbRotatedDimension
1001
ACAD
1000
DSTYLE
1002
{
1070
    49
1040
5830.000000000026
1002
}
1001
REVIT
1002
{
1070
     1
1000
642298
1002
}
1002
{
1070
     5
1000
358345
1002
}
1002
{
1070
     2
1000
-2000260
1002
}
  0
DIMENSION
  5
954
330
70
100
AcDbEntity
  8
A-ANNO-DIMS
100
AcDbDimension
280
     0
  2
DIMBLOCK54-Level 1
 10
1981.871507682581
 20
-11388.64399797159
 30
0.0
 11
1296.29851698896
 21
-11288.64399797159
 31
0.0
 70
    32
 71
     5
 42
20.0
 73
     0
 74
     0
 75
     0
  3
Diagonal_-_2_5mm_Arial_3
100
AcDbAlignedDimension
 13
1741.871507682581
 23
-11188.64399797159
 33
0.0
 14
1741.87150768258
 24
-11388.64399797159
 34
0.0
 50
89.99999999999991
100
AcDbRotatedDimension
1001
ACAD
1000
DSTYLE
1002
{
1070
    49
1040
200.0
1002
}
1001
REVIT
1002
{
1070
     1
1000
642298
1002
}
1002
{
1070
     5
1000
358345
1002
}
1002
{
1070
     2
1000
-2000260
1002
}
  0
DIMENSION
  5
970
330
70
100
AcDbEntity
  8
A-ANNO-DIMS
100
AcDbDimension
280
     0
  2
DIMBLOCK55-Level 1
 10
5043.716006985651
 20
17864.77437702309
 30
0.0
 11
4943.716006985651
 21
18550.3473677167
 31
0.0
 70
    32
 71
     5
 42
19.99999999999982
 73
     0
 74
     0
 75
     0
  3
Diagonal_-_2_5mm_Arial_3
100
AcDbAlignedDimension
 13
4843.716006985651
 23
17624.77437702309
 33
0.0
 14
5043.716006985651
 24
17624.77437702309
 34
0.0
100
AcDbRotatedDimension
1001
ACAD
1000
DSTYLE
1002
{
1070
    49
1040
199.9999999999982
1002
}
1001
REVIT
1002
{
1070
     1
1000
642338
1002
}
1002
{
1070
     5
1000
358345
1002
}
1002
{
1070
     2
1000
-2000260
1002
}
  0
DIMENSION
  5
98C
330
70
100
AcDbEntity
  8
A-ANNO-DIMS
100
AcDbDimension
280
     0
  2
DIMBLOCK56-Level 1
 10
11128.86123488274
 20
17864.77437702309
 30
0.0
 11
8086.288620934196
 21
18550.3473677167
 31
0.0
 70
    32
 71
     5
 42
608.5145227897093
 73
     0
 74
     0
 75
     0
  3
Diagonal_-_2_5mm_Arial_3
100
AcDbAlignedDimension
 13
5043.716006985651
 23
17624.77437702309
 33
0.0
 14
11128.86123488274
 24
17624.77437702309
 34
0.0
100
AcDbRotatedDimension
1001
ACAD
1000
DSTYLE
1002
{
1070
    49
1040
6085.145227897093
1002
}
1001
REVIT
1002
{
1070
     1
1000
642338
1002
}
1002
{
1070
     5
1000
358345
1002
}
1002
{
1070
     2
1000
-2000260
1002
}
  0
DIMENSION
  5
9A6
330
70
100
AcDbEntity
  8
A-ANNO-DIMS
100
AcDbDimension
280
     0
  2
DIMBLOCK57-Level 1
 10
11128.86123488273
 20
17864.77437702309
 30
0.0
 11
11128.86123488274
 21
18550.3473677167
 31
0.0
 70
    32
 71
     5
 42
0.0000000000010914
 73
     0
 74
     0
 75
     0
  3
Diagonal_-_2_5mm_Arial_3
100
AcDbAlignedDimension
 13
11128.86123488274
 23
17624.77437702309
 33
0.0
 14
11128.86123488273
 24
17624.77437702309
 34
0.0
100
AcDbRotatedDimension
1001
ACAD
1000
DSTYLE
1002
{
1070
    49
1040
0.0000000000109139
1002
}
1001
REVIT
1002
{
1070
     1
1000
642338
1002
}
1002
{
1070
     5
1000
358345
1002
}
1002
{
1070
     2
1000
-2000260
1002
}
  0
DIMENSION
  5
9C1
330
70
100
AcDbEntity
  8
A-ANNO-DIMS
100
AcDbDimension
280
     0
  2
DIMBLOCK58-Level 1
 10
11328.86123488274
 20
17864.77437702309
 30
0.0
 11
11228.86123488274
 21
18550.3473677167
 31
0.0
 70
    32
 71
     5
 42
20.0000000000011
 73
     0
 74
     0
 75
     0
  3
Diagonal_-_2_5mm_Arial_3
100
AcDbAlignedDimension
 13
11128.86123488273
 23
17624.77437702309
 33
0.0
 14
11328.86123488274
 24
17624.77437702309
 34
0.0
100
AcDbRotatedDimension
1001
ACAD
1000
DSTYLE
1002
{
1070
    49
1040
200.0000000000109
1002
}
1001
REVIT
1002
{
1070
     1
1000
642338
1002
}
1002
{
1070
     5
1000
358345
1002
}
1002
{
1070
     2
1000
-2000260
1002
}
  0
DIMENSION
  5
9DD
330
70
100
AcDbEntity
  8
A-ANNO-DIMS
100
AcDbDimension
280
     0
  2
DIMBLOCK59-Level 1
 10
11328.86123488273
 20
17864.77437702309
 30
0.0
 11
11328.86123488274
 21
18550.3473677167
 31
0.0
 70
    32
 71
     5
 42
0.0000000000010914
 73
     0
 74
     0
 75
     0
  3
Diagonal_-_2_5mm_Arial_3
100
AcDbAlignedDimension
 13
11328.86123488274
 23
17624.77437702309
 33
0.0
 14
11328.86123488273
 24
17624.77437702309
 34
0.0
100
AcDbRotatedDimension
1001
ACAD
1000
DSTYLE
1002
{
1070
    49
1040
0.0000000000109139
1002
}
1001
REVIT
1002
{
1070
     1
1000
642338
1002
}
1002
{
1070
     5
1000
358345
1002
}
1002
{
1070
     2
1000
-2000260
1002
}
  0
DIMENSION
  5
9F8
330
70
100
AcDbEntity
  8
A-ANNO-DIMS
100
AcDbDimension
280
     0
  2
DIMBLOCK60-Level 1
 10
18828.86123488273
 20
17864.77437702309
 30
0.0
 11
15078.86123488273
 21
18550.3473677167
 31
0.0
 70
    32
 71
     5
 42
749.9999999999999
 73
     0
 74
     0
 75
     0
  3
Diagonal_-_2_5mm_Arial_3
100
AcDbAlignedDimension
 13
11328.86123488273
 23
17624.77437702309
 33
0.0
 14
18828.86123488273
 24
17624.77437702309
 34
0.0
100
AcDbRotatedDimension
1001
ACAD
1000
DSTYLE
1002
{
1070
    49
1040
7499.999999999999
1002
}
1001
REVIT
1002
{
1070
     1
1000
642338
1002
}
1002
{
1070
     5
1000
358345
1002
}
1002
{
1070
     2
1000
-2000260
1002
}
  0
DIMENSION
  5
A12
330
70
100
AcDbEntity
  8
A-ANNO-DIMS
100
AcDbDimension
280
     0
  2
DIMBLOCK61-Level 1
 10
19028.86123488273
 20
17864.77437702309
 30
0.0
 11
18928.86123488273
 21
18550.3473677167
 31
0.0
 70
    32
 71
     5
 42
20.0
 73
     0
 74
     0
 75
     0
  3
Diagonal_-_2_5mm_Arial_3
100
AcDbAlignedDimension
 13
18828.86123488273
 23
17624.77437702309
 33
0.0
 14
19028.86123488273
 24
17624.77437702309
 34
0.0
100
AcDbRotatedDimension
1001
ACAD
1000
DSTYLE
1002
{
1070
    49
1040
200.0
1002
}
1001
REVIT
1002
{
1070
     1
1000
642338
1002
}
1002
{
1070
     5
1000
358345
1002
}
1002
{
1070
     2
1000
-2000260
1002
}
  0
DIMENSION
  5
A2E
330
70
100
AcDbEntity
  8
A-ANNO-DIMS
100
AcDbDimension
280
     0
  2
DIMBLOCK62-Level 1
 10
25249.8363370141
 20
17864.77437702309
 30
0.0
 11
22139.34878594842
 21
18550.3473677167
 31
0.0
 70
    32
 71
     5
 42
622.0975102131368
 73
     0
 74
     0
 75
     0
  3
Diagonal_-_2_5mm_Arial_3
100
AcDbAlignedDimension
 13
19028.86123488273
 23
17624.77437702309
 33
0.0
 14
25249.8363370141
 24
17624.77437702309
 34
0.0
100
AcDbRotatedDimension
1001
ACAD
1000
DSTYLE
1002
{
1070
    49
1040
6220.975102131368
1002
}
1001
REVIT
1002
{
1070
     1
1000
642338
1002
}
1002
{
1070
     5
1000
358345
1002
}
1002
{
1070
     2
1000
-2000260
1002
}
  0
DIMENSION
  5
A48
330
70
100
AcDbEntity
  8
A-ANNO-DIMS
100
AcDbDimension
280
     0
  2
DIMBLOCK63-Level 1
 10
25449.8363370141
 20
17864.77437702309
 30
0.0
 11
25349.8363370141
 21
18550.3473677167
 31
0.0
 70
    32
 71
     5
 42
20.00000000000037
 73
     0
 74
     0
 75
     0
  3
Diagonal_-_2_5mm_Arial_3
100
AcDbAlignedDimension
 13
25249.8363370141
 23
17624.77437702309
 33
0.0
 14
25449.8363370141
 24
17624.77437702309
 34
0.0
100
AcDbRotatedDimension
1001
ACAD
1000
DSTYLE
1002
{
1070
    49
1040
200.0000000000036
1002
}
1001
REVIT
1002
{
1070
     1
1000
642338
1002
}
1002
{
1070
     5
1000
358345
1002
}
1002
{
1070
     2
1000
-2000260
1002
}
  0
DIMENSION
  5
A64
330
70
100
AcDbEntity
  8
A-ANNO-DIMS
100
AcDbDimension
280
     0
  2
DIMBLOCK64-Level 1
 10
30068.34251991626
 20
17864.77437702309
 30
0.0
 11
27759.08942846518
 21
18550.3473677167
 31
0.0
 70
    32
 71
     5
 42
461.8506182902154
 73
     0
 74
     0
 75
     0
  3
Diagonal_-_2_5mm_Arial_3
100
AcDbAlignedDimension
 13
25449.8363370141
 23
17624.77437702309
 33
0.0
 14
30068.34251991626
 24
17624.77437702309
 34
0.0
100
AcDbRotatedDimension
1001
ACAD
1000
DSTYLE
1002
{
1070
    49
1040
4618.506182902154
1002
}
1001
REVIT
1002
{
1070
     1
1000
642338
1002
}
1002
{
1070
     5
1000
358345
1002
}
1002
{
1070
     2
1000
-2000260
1002
}
  0
DIMENSION
  5
A7E
330
70
100
AcDbEntity
  8
A-ANNO-DIMS
100
AcDbDimension
280
     0
  2
DIMBLOCK65-Level 1
 10
30268.34251991626
 20
17864.77437702309
 30
0.0
 11
30168.34251991626
 21
18550.3473677167
 31
0.0
 70
    32
 71
     5
 42
20.0
 73
     0
 74
     0
 75
     0
  3
Diagonal_-_2_5mm_Arial_3
100
AcDbAlignedDimension
 13
30068.34251991626
 23
17624.77437702309
 33
0.0
 14
30268.34251991626
 24
17624.77437702309
 34
0.0
100
AcDbRotatedDimension
1001
ACAD
1000
DSTYLE
1002
{
1070
    49
1040
200.0
1002
}
1001
REVIT
1002
{
1070
     1
1000
642338
1002
}
1002
{
1070
     5
1000
358345
1002
}
1002
{
1070
     2
1000
-2000260
1002
}
  0
DIMENSION
  5
A9A
330
70
100
AcDbEntity
  8
A-ANNO-DIMS
100
AcDbDimension
280
     0
  2
DIMBLOCK66-Level 1
 10
-35529.21663822891
 20
-11389.68142790457
 30
0.0
 11
-36214.78962892252
 21
1311.579300299955
 31
0.0
 70
    32
 71
     5
 42
2540.252145640904
 73
     0
 74
     0
 75
     0
  3
Diagonal_-_2_5mm_Arial_3
100
AcDbAlignedDimension
 13
-35289.2166382288
 23
14012.84002850446
 33
0.0
 14
-35289.21663822889
 24
-11389.68142790457
 34
0.0
 50
89.99999999999991
100
AcDbRotatedDimension
1001
ACAD
1000
DSTYLE
1002
{
1070
    49
1040
25402.52145640903
1002
}
1001
REVIT
1002
{
1070
     1
1000
643501
1002
}
1002
{
1070
     5
1000
358345
1002
}
1002
{
1070
     2
1000
-2000260
1002
}
  0
DIMENSION
  5
AB4
330
70
100
AcDbEntity
  8
A-ANNO-DIMS
100
AcDbDimension
280
     0
  2
DIMBLOCK67-Level 1
 10
40622.26654454267
 20
-13036.69078347322
 30
0.0
 11
39936.69355384905
 21
-2608.607577758346
 31
0.0
 70
    32
 71
     5
 42
2085.616641142977
 73
     0
 74
     0
 75
     0
  3
Diagonal_-_2_5mm_Arial_3
100
AcDbAlignedDimension
 13
40382.26654454266
 23
7819.475627956546
 33
0.0
 14
40382.26654454266
 24
-13036.69078347321
 34
0.0
 50
89.99999999999991
100
AcDbRotatedDimension
1001
ACAD
1000
DSTYLE
1002
{
1070
    49
1040
20856.16641142976
1002
}
1001
REVIT
1002
{
1070
     1
1000
643508
1002
}
1002
{
1070
     5
1000
358345
1002
}
1002
{
1070
     2
1000
-2000260
1002
}
  0
DIMENSION
  5
ACE
330
70
100
AcDbEntity
  8
A-ANNO-DIMS
100
AcDbDimension
280
     0
  2
DIMBLOCK68-Level 1
 10
-2150.344983381646
 20
-22097.71760979961
 30
0.0
 11
-12167.99485465302
 21
-21412.144619106
 31
0.0
 70
    32
 71
     5
 42
2003.529974254275
 73
     0
 74
     0
 75
     0
  3
Diagonal_-_2_5mm_Arial_3
100
AcDbAlignedDimension
 13
-22185.6447259244
 23
-21857.71760979961
 33
0.0
 14
-2150.344983381646
 24
-21857.71760979961
 34
0.0
100
AcDbRotatedDimension
1001
ACAD
1000
DSTYLE
1002
{
1070
    49
1040
20035.29974254275
1002
}
1001
REVIT
1002
{
1070
     1
1000
643515
1002
}
1002
{
1070
     5
1000
358345
1002
}
1002
{
1070
     2
1000
-2000260
1002
}
  0
DIMENSION
  5
AE8
330
70
100
AcDbEntity
  8
A-ANNO-DIMS
100
AcDbDimension
280
     0
  2
DIMBLOCK69-Level 1
 10
30269.3799498493
 20
-21674.40950268659
 30
0.0
 11
17556.54797841746
 21
-20988.49544787094
 31
0.0
 70
    32
 71
     5
 42
2542.566394286368
 73
     0
 74
     0
 75
     0
  3
Diagonal_-_2_5mm_Arial_3
100
AcDbAlignedDimension
 13
4843.716006985617
 23
-21434.40950268659
 33
0.0
 14
30269.3799498493
 24
-21434.40950268659
 34
0.0
100
AcDbRotatedDimension
1001
ACAD
1000
DSTYLE
1002
{
1070
    49
1040
25425.66394286368
1002
}
1001
REVIT
1002
{
1070
     1
1000
643522
1002
}
1002
{
1070
     5
1000
358345
1002
}
1002
{
1070
     2
1000
-2000260
1002
}
  0
DIMENSION
  5
B02
330
70
100
AcDbEntity
  8
A-ANNO-DIMS
100
AcDbDimension
280
     0
  2
DIMBLOCK70-Level 1
 10
-7730.344983381634
 20
7522.005111169381
 30
0.0
 11
-10728.2232101863
 21
8207.578101862997
 31
0.0
 70
    32
 71
     5
 42
599.5756453609332
 73
     0
 74
     0
 75
     0
  3
Diagonal_-_2_5mm_Arial_3
100
AcDbAlignedDimension
 13
-13726.10143699096
 23
7762.005111169379
 33
0.0
 14
-7730.344983381634
 24
7762.005111169379
 34
0.0
100
AcDbRotatedDimension
1001
ACAD
1000
DSTYLE
1002
{
1070
    49
1040
5995.756453609331
1002
}
1001
REVIT
1002
{
1070
     1
1000
647174
1002
}
1002
{
1070
     5
1000
358345
1002
}
1002
{
1070
     2
1000
-2000260
1002
}
  0
LINE
  5
B0F
330
70
100
AcDbEntity
  8
A-AREA-IDEN
100
AcDbLine
 10
-4582.764702209767
 20
8039.670208064965
 30
0.0
 11
6048.32857656317
 21
13601.67869465078
 31
0.0
1001
REVIT
1002
{
1070
     1
1000
647786
1002
}
1002
{
1070
     5
1000
459841
1002
}
1002
{
1070
     2
1000
-2005020
1002
}
  0
MTEXT
  5
B10
330
70
100
AcDbEntity
  8
A-AREA-IDEN
100
AcDbMText
 10
6048.32857656317
 20
14906.22036131745
 30
0.0
 40
999.9999999999989
 41
2813.923124999997
 46
0.0
 71
     1
 72
     1
  1
419
  7
Arial_B_1
 73
     2
 44
1.0
1001
REVIT
1002
{
1070
     1
1000
647786
1002
}
1002
{
1070
     5
1000
459841
1002
}
1002
{
1070
     2
1000
-2005020
1002
}
  0
MTEXT
  5
B11
330
70
100
AcDbEntity
  8
A-AREA-IDEN
100
AcDbMText
 10
6359.213993229837
 20
13305.49119465078
 30
0.0
 40
999.9999999999989
 41
2068.353749999998
 46
0.0
 71
     1
 72
     1
  1
m²
  7
Arial_B_1
 73
     2
 44
1.0
1001
REVIT
1002
{
1070
     1
1000
647786
1002
}
1002
{
1070
     5
1000
459841
1002
}
1002
{
1070
     2
1000
-2005020
1002
}
  0
MTEXT
  5
B12
330
70
100
AcDbEntity
  8
A-AREA-IDEN
100
AcDbMText
 10
6754.909778629643
 20
14226.49123439087
 30
0.0
 40
299.9999999999996
 41
1090.294999999999
 46
0.0
 71
     1
 72
     1
  1
\LArea
  7
Arial_2
 73
     2
 44
1.0
1001
REVIT
1002
{
1070
     1
1000
647786
1002
}
1002
{
1070
     5
1000
459841
1002
}
1002
{
1070
     2
1000
-2005020
1002
}
  0
MTEXT
  5
B15
330
70
100
AcDbEntity
  8
G-ANNO-TEXT
 62
     7
100
AcDbMText
 10
-25597.97663187011
 20
26158.5544135181
 30
0.0
 40
700.0
 41
657.3837499999999
 46
0.0
 71
     1
 72
     1
  1
\fArial|b0|i0|c162|p34|;L
  7
Arial_4
 73
     2
 44
1.0
 90
        3
 63
     9
421
 13158600
 45
1.25
441
        0
1001
REVIT
1002
{
1070
     1
1000
653359
1002
}
1002
{
1070
     5
1000
6922
1002
}
1002
{
1070
     2
1000
-2000300
1002
}
  0
MTEXT
  5
B16
330
70
100
AcDbEntity
  8
G-ANNO-TEXT
 62
     7
100
AcDbMText
 10
-25055.58079853678
 20
26158.5544135181
 30
0.0
 40
700.0
 41
5371.306249999999
 46
0.0
 71
     1
 72
     1
  1
\U+0130SE BLOK
  7
Arial_4
 73
     2
 44
1.0
 90
        3
 63
     9
421
 13158600
 45
1.25
441
        0
1001
REVIT
1002
{
1070
     1
1000
653359
1002
}
1002
{
1070
     5
1000
6922
1002
}
1002
{
1070
     2
1000
-2000300
1002
}
  0
MTEXT
  5
B17
330
70
100
AcDbEntity
  8
G-ANNO-TEXT
 62
     7
100
AcDbMText
 10
-25597.97663187011
 20
25067.14816351809
 30
0.0
 40
700.0
 41
7599.9975
 46
0.0
 71
     1
 72
     1
  1
HER KATTA 1
  7
Arial_4
 73
     2
 44
1.0
 90
        3
 63
     9
421
 13158600
 45
1.25
441
        0
1001
REVIT
1002
{
1070
     1
1000
653359
1002
}
1002
{
1070
     5
1000
6922
1002
}
1002
{
1070
     2
1000
-2000300
1002
}
  0
MTEXT
  5
B18
330
70
100
AcDbEntity
  8
G-ANNO-TEXT
 62
     7
100
AcDbMText
 10
-19327.35163187011
 20
25067.14816351809
 30
0.0
 40
700.0
 41
657.3837500000002
 46
0.0
 71
     1
 72
     1
  1
\fArial|b0|i0|c162|p34|;0
  7
Arial_4
 73
     2
 44
1.0
 90
        3
 63
     9
421
 13158600
 45
1.25
441
        0
1001
REVIT
1002
{
1070
     1
1000
653359
1002
}
1002
{
1070
     5
1000
6922
1002
}
1002
{
1070
     2
1000
-2000300
1002
}
  0
MTEXT
  5
B19
330
70
100
AcDbEntity
  8
G-ANNO-TEXT
 62
     7
100
AcDbMText
 10
-18784.95579853678
 20
25067.14816351809
 30
0.0
 40
700.0
 41
5804.2175
 46
0.0
 71
     1
 72
     1
  1
 ADET 1+1
  7
Arial_4
 73
     2
 44
1.0
 90
        3
 63
     9
421
 13158600
 45
1.25
441
        0
1001
REVIT
1002
{
1070
     1
1000
653359
1002
}
1002
{
1070
     5
1000
6922
1002
}
1002
{
1070
     2
1000
-2000300
1002
}
  0
MTEXT
  5
B1A
330
70
100
AcDbEntity
  8
G-ANNO-TEXT
 62
     7
100
AcDbMText
 10
-13995.99746520344
 20
25067.14816351809
 30
0.0
 40
700.0
 41
8770.461250000002
 46
0.0
 71
     1
 72
     1
  1
 OLMAK ÜZERE
  7
Arial_4
 73
     2
 44
1.0
 90
        3
 63
     9
421
 13158600
 45
1.25
441
        0
1001
REVIT
1002
{
1070
     1
1000
653359
1002
}
1002
{
1070
     5
1000
6922
1002
}
1002
{
1070
     2
1000
-2000300
1002
}
  0
MTEXT
  5
B1B
330
70
100
AcDbEntity
  8
G-ANNO-TEXT
 62
     7
100
AcDbMText
 10
-25597.97663187011
 20
23975.7419135181
 30
0.0
 40
700.0
 41
11921.093125
 46
0.0
 71
     1
 72
     1
  1
TOPLAM 30 ADET DA
  7
Arial_4
 73
     2
 44
1.0
 90
        3
 63
     9
421
 13158600
 45
1.25
441
        0
1001
REVIT
1002
{
1070
     1
1000
653359
1002
}
1002
{
1070
     5
1000
6922
1002
}
1002
{
1070
     2
1000
-2000300
1002
}
  0
MTEXT
  5
B1C
330
70
100
AcDbEntity
  8
G-ANNO-TEXT
 62
     7
100
AcDbMText
 10
-15762.09121520344
 20
23975.7419135181
 30
0.0
 40
700.0
 41
1964.134375
 46
0.0
 71
     1
 72
     1
  1
\U+0130RE
  7
Arial_4
 73
     2
 44
1.0
 90
        3
 63
     9
421
 13158600
 45
1.25
441
        0
1001
REVIT
1002
{
1070
     1
1000
653359
1002
}
1002
{
1070
     5
1000
6922
1002
}
1002
{
1070
     2
1000
-2000300
1002
}
  0
MTEXT
  5
B1D
330
70
100
AcDbEntity
  8
G-ANNO-TEXT
 62
     7
100
AcDbMText
 10
-25597.97663187011
 20
22884.33566351809
 30
0.0
 40
700.0
 41
13227.84375
 46
0.0
 71
     1
 72
     1
  1
1 ADET 350 M22 \U+0130\U+015EYER\U+0130
  7
Arial_4
 73
     2
 44
1.0
 90
        3
 63
     9
421
 13158600
 45
1.25
441
        0
1001
REVIT
1002
{
1070
     1
1000
653359
1002
}
1002
{
1070
     5
1000
6922
1002
}
1002
{
1070
     2
1000
-2000300
1002
}
  0
MTEXT
  5
B1E
330
70
100
AcDbEntity
  8
G-ANNO-TEXT
 62
     7
100
AcDbMText
 10
4902.023368129888
 20
26158.5544135181
 30
0.0
 40
700.0
 41
6742.191875
 46
0.0
 71
     1
 72
     1
  1
DERE BLOK
  7
Arial_4
 73
     2
 44
1.0
 90
        3
 63
     9
421
 13158600
 45
1.25
441
        0
1001
REVIT
1002
{
1070
     1
1000
653418
1002
}
1002
{
1070
     5
1000
6922
1002
}
1002
{
1070
     2
1000
-2000300
1002
}
  0
MTEXT
  5
B1F
330
70
100
AcDbEntity
  8
G-ANNO-TEXT
 62
     7
100
AcDbMText
 10
4902.023368129888
 20
25067.14816351809
 30
0.0
 40
700.0
 41
7599.9975
 46
0.0
 71
     1
 72
     1
  1
HER KATTA 1
  7
Arial_4
 73
     2
 44
1.0
 90
        3
 63
     9
421
 13158600
 45
1.25
441
        0
1001
REVIT
1002
{
1070
     1
1000
653418
1002
}
1002
{
1070
     5
1000
6922
1002
}
1002
{
1070
     2
1000
-2000300
1002
}
  0
MTEXT
  5
B20
330
70
100
AcDbEntity
  8
G-ANNO-TEXT
 62
     7
100
AcDbMText
 10
11172.64836812988
 20
25067.14816351809
 30
0.0
 40
700.0
 41
657.3837500000002
 46
0.0
 71
     1
 72
     1
  1
\fArial|b0|i0|c162|p34|;0
  7
Arial_4
 73
     2
 44
1.0
 90
        3
 63
     9
421
 13158600
 45
1.25
441
        0
1001
REVIT
1002
{
1070
     1
1000
653418
1002
}
1002
{
1070
     5
1000
6922
1002
}
1002
{
1070
     2
1000
-2000300
1002
}
  0
MTEXT
  5
B21
330
70
100
AcDbEntity
  8
G-ANNO-TEXT
 62
     7
100
AcDbMText
 10
11715.04420146322
 20
25067.14816351809
 30
0.0
 40
700.0
 41
5804.2175
 46
0.0
 71
     1
 72
     1
  1
 ADET 1+1
  7
Arial_4
 73
     2
 44
1.0
 90
        3
 63
     9
421
 13158600
 45
1.25
441
        0
1001
REVIT
1002
{
1070
     1
1000
653418
1002
}
1002
{
1070
     5
1000
6922
1002
}
1002
{
1070
     2
1000
-2000300
1002
}
  0
MTEXT
  5
B22
330
70
100
AcDbEntity
  8
G-ANNO-TEXT
 62
     7
100
AcDbMText
 10
16504.00253479655
 20
25067.14816351809
 30
0.0
 40
700.0
 41
8770.461250000002
 46
0.0
 71
     1
 72
     1
  1
 OLMAK ÜZERE
  7
Arial_4
 73
     2
 44
1.0
 90
        3
 63
     9
421
 13158600
 45
1.25
441
        0
1001
REVIT
1002
{
1070
     1
1000
653418
1002
}
1002
{
1070
     5
1000
6922
1002
}
1002
{
1070
     2
1000
-2000300
1002
}
  0
MTEXT
  5
B23
330
70
100
AcDbEntity
  8
G-ANNO-TEXT
 62
     7
100
AcDbMText
 10
4902.023368129888
 20
23975.7419135181
 30
0.0
 40
700.0
 41
11921.093125
 46
0.0
 71
     1
 72
     1
  1
TOPLAM 30 ADET DA
  7
Arial_4
 73
     2
 44
1.0
 90
        3
 63
     9
421
 13158600
 45
1.25
441
        0
1001
REVIT
1002
{
1070
     1
1000
653418
1002
}
1002
{
1070
     5
1000
6922
1002
}
1002
{
1070
     2
1000
-2000300
1002
}
  0
MTEXT
  5
B24
330
70
100
AcDbEntity
  8
G-ANNO-TEXT
 62
     7
100
AcDbMText
 10
14737.90878479655
 20
23975.7419135181
 30
0.0
 40
700.0
 41
1964.134375
 46
0.0
 71
     1
 72
     1
  1
\U+0130RE
  7
Arial_4
 73
     2
 44
1.0
 90
        3
 63
     9
421
 13158600
 45
1.25
441
        0
1001
REVIT
1002
{
1070
     1
1000
653418
1002
}
1002
{
1070
     5
1000
6922
1002
}
1002
{
1070
     2
1000
-2000300
1002
}
  0
MTEXT
  5
B25
330
70
100
AcDbEntity
  8
G-ANNO-TEXT
 62
     7
100
AcDbMText
 10
4902.023368129888
 20
22884.33566351809
 30
0.0
 40
700.0
 41
12570.46
 46
0.0
 71
     1
 72
     1
  1
1 ADET 320 M2 \U+0130\U+015EYER\U+0130
  7
Arial_4
 73
     2
 44
1.0
 90
        3
 63
     9
421
 13158600
 45
1.25
441
        0
1001
REVIT
1002
{
1070
     1
1000
653418
1002
}
1002
{
1070
     5
1000
6922
1002
}
1002
{
1070
     2
1000
-2000300
1002
}
  0
ENDSEC
  0
SECTION
  2
OBJECTS
  0
DICTIONARY
  5
C
330
0
100
AcDbDictionary
281
     1
  3
ACAD_CIP_PREVIOUS_PRODUCT_INFO
350
79
  3
ACAD_COLOR
350
63
  3
ACAD_DETAILVIEWSTYLE
350
6A
  3
ACAD_GROUP
350
D
  3
ACAD_IMAGE_VARS
350
7A
  3
ACAD_LAYOUT
350
62
  3
ACAD_MATERIAL
350
10
  3
ACAD_MLEADERSTYLE
350
66
  3
ACAD_MLINESTYLE
350
5F
  3
ACAD_PLOTSETTINGS
350
61
  3
ACAD_PLOTSTYLENAME
350
E
  3
ACAD_SCALELIST
350
42
  3
ACAD_SECTIONVIEWSTYLE
350
68
  3
ACAD_TABLESTYLE
350
64
  3
ACAD_VISUALSTYLE
350
29
  3
ACDB_RECOMPOSE_DATA
350
B32
  3
AcDbVariableDictionary
350
7B
  3
REVIT_DICTIONARY
350
B26
  0
DICTIONARY
  5
B2D
330
70
100
AcDbDictionary
280
     1
281
     1
  3
ACAD_SORTENTS
360
B2E
  0
XRECORD
  5
79
102
{ACAD_REACTORS
330
C
102
}
330
C
100
AcDbXrecord
280
     1
300
RVT
300
2026
300
RVT2026
  0
DICTIONARY
  5
63
102
{ACAD_REACTORS
330
C
102
}
330
C
100
AcDbDictionary
281
     1
  0
DICTIONARY
  5
6A
102
{ACAD_REACTORS
330
C
102
}
330
C
100
AcDbDictionary
281
     1
  3
Imperial24
350
6B
  0
DICTIONARY
  5
D
102
{ACAD_REACTORS
330
C
102
}
330
C
100
AcDbDictionary
281
     1
  0
RASTERVARIABLES
  5
7A
102
{ACAD_REACTORS
330
C
102
}
330
C
100
AcDbRasterVariables
 90
        0
 70
     0
 71
     1
 72
     1
  0
DICTIONARY
  5
62
102
{ACAD_REACTORS
330
C
102
}
330
C
100
AcDbDictionary
281
     1
  3
Layout1
350
6F
  3
Layout2
350
77
  3
Model
350
73
  0
DICTIONARY
  5
10
102
{ACAD_REACTORS
330
C
102
}
330
C
100
AcDbDictionary
281
     1
  3
ByBlock
350
19
  3
ByLayer
350
11
  3
Global
350
21
  0
DICTIONARY
  5
66
102
{ACAD_REACTORS
330
C
102
}
330
C
100
AcDbDictionary
281
     1
  3
Standard
350
67
  0
DICTIONARY
  5
5F
102
{ACAD_REACTORS
330
C
102
}
330
C
100
AcDbDictionary
281
     1
  3
Standard
350
60
  0
DICTIONARY
  5
61
102
{ACAD_REACTORS
330
C
102
}
330
C
100
AcDbDictionary
281
     1
  0
ACDBDICTIONARYWDFLT
  5
E
102
{ACAD_REACTORS
330
C
102
}
330
C
100
AcDbDictionary
281
     1
  3
Normal
350
F
100
AcDbDictionaryWithDefault
340
F
  0
DICTIONARY
  5
42
102
{ACAD_REACTORS
330
C
102
}
330
C
100
AcDbDictionary
281
     1
  3
A0
350
43
  3
A1
350
44
  3
A2
350
45
  3
A3
350
46
  3
A4
350
47
  3
A5
350
48
  3
A6
350
49
  3
A7
350
4A
  3
A8
350
4B
  3
A9
350
4C
  3
B0
350
4D
  3
B1
350
4E
  3
B2
350
4F
  3
B3
350
50
  3
B4
350
51
  3
B5
350
52
  3
B6
350
53
  0
DICTIONARY
  5
68
102
{ACAD_REACTORS
330
C
102
}
330
C
100
AcDbDictionary
281
     1
  3
Imperial24
350
69
  0
DICTIONARY
  5
64
102
{ACAD_REACTORS
330
C
102
}
330
C
100
AcDbDictionary
281
     1
  3
Standard
350
65
  0
DICTIONARY
  5
29
102
{ACAD_REACTORS
330
C
102
}
330
C
100
AcDbDictionary
281
     1
  3
2dWireframe
350
2F
  3
Basic
350
2E
  3
Brighten
350
35
  3
ColorChange
350
39
  3
Conceptual
350
32
  3
Dim
350
34
  3
EdgeColorOff
350
41
  3
Facepattern
350
38
  3
Flat
350
2A
  3
FlatWithEdges
350
2B
  3
Gouraud
350
2C
  3
GouraudWithEdges
350
2D
  3
Hidden
350
31
  3
JitterOff
350
3F
  3
Linepattern
350
37
  3
OverhangOff
350
40
  3
Realistic
350
33
  3
Shaded
350
3E
  3
Shaded with edges
350
3D
  3
Shades of Gray
350
3A
  3
Sketchy
350
3B
  3
Thicken
350
36
  3
Wireframe
350
30
  3
X-Ray
350
3C
  0
XRECORD
  5
B32
102
{ACAD_REACTORS
330
C
102
}
330
C
100
AcDbXrecord
280
     1
 90
        1
330
65
  0
DICTIONARY
  5
7B
102
{ACAD_REACTORS
330
C
102
}
330
C
100
AcDbDictionary
281
     1
  3
CANNOSCALE
350
80
  3
CMLEADERSTYLE
350
7D
  3
CTABLESTYLE
350
7C
  3
CVIEWDETAILSTYLE
350
7E
  3
CVIEWSECTIONSTYLE
350
7F
  0
DICTIONARY
  5
B26
102
{ACAD_REACTORS
330
C
102
}
330
C
100
AcDbDictionary
281
     1
  3
DRAWING_TOOL
350
B2C
  3
REVIT_CATEGORY_MAPPING
350
B2A
  3
REVIT_GET_SITE
350
B27
  3
REVIT_SUB_CATEGORY_MAPPING
350
B2B
  3
REVIT_TYPE_MAPPING
350
B29
  0
SORTENTSTABLE
  5
B2E
102
{ACAD_REACTORS
330
B2D
102
}
330
B2D
100
AcDbSortentsTable
330
70
  0
ACDBDETAILVIEWSTYLE
  5
6B
102
{ACAD_REACTORS
330
6A
102
}
330
6A
100
AcDbModelDocViewStyle
 70
     0
  3
Imperial24
290
     1
300
Imperial24
 90
        0
100
AcDbDetailViewStyle
 70
     0
 71
     0
 90
        3
 71
     1
340
55
 62
   256
 40
0.24
340
0
 62
   256
 40
0.24
300

 40
0.36
280
     3
 71
     2
340
5D
 90
       25
 62
   256
 71
     3
340
55
 62
   256
 40
0.24
 90
        1
 40
0.75
 90
        1
300
%<\AcVar ViewType \f "%tc1">% %<\AcVar ViewDetailId>%\PSCALE %<\AcVar ViewScale \f "%sn">%
 71
     4
340
5D
 90
       25
 62
   256
340
5D
 90
       25
 62
   256
280
     0
  0
LAYOUT
  5
6F
102
{ACAD_REACTORS
330
62
102
}
330
62
100
AcDbPlotSettings
  1

  2

  4

  6

 40
0.0
 41
0.0
 42
0.0
 43
0.0
 44
0.0
 45
0.0
 46
0.0
 47
0.0
 48
0.0
 49
0.0
140
0.0
141
0.0
142
1.0
143
1.0
 70
   688
 72
     0
 73
     0
 74
     5
  7

 75
    16
147
1.0
 76
     0
 77
     2
 78
   300
148
0.0
149
0.0
100
AcDbLayout
  1
Layout1
 70
     1
 71
     1
 10
0.0
 20
0.0
 11
12.0
 21
9.0
 12
0.0
 22
0.0
 32
0.0
 14
0.0
 24
0.0
 34
0.0
 15
0.0
 25
0.0
 35
0.0
146
0.0
 13
0.0
 23
0.0
 33
0.0
 16
1.0
 26
0.0
 36
0.0
 17
0.0
 27
1.0
 37
0.0
 76
     0
330
6C
  0
LAYOUT
  5
77
102
{ACAD_REACTORS
330
62
102
}
330
62
100
AcDbPlotSettings
  1

  2

  4

  6

 40
0.0
 41
0.0
 42
0.0
 43
0.0
 44
0.0
 45
0.0
 46
0.0
 47
0.0
 48
0.0
 49
0.0
140
0.0
141
0.0
142
1.0
143
1.0
 70
   688
 72
     0
 73
     0
 74
     5
  7

 75
    16
147
1.0
 76
     0
 77
     2
 78
   300
148
0.0
149
0.0
100
AcDbLayout
  1
Layout2
 70
     1
 71
     2
 10
0.0
 20
0.0
 11
12.0
 21
9.0
 12
0.0
 22
0.0
 32
0.0
 14
0.0
 24
0.0
 34
0.0
 15
0.0
 25
0.0
 35
0.0
146
0.0
 13
0.0
 23
0.0
 33
0.0
 16
1.0
 26
0.0
 36
0.0
 17
0.0
 27
1.0
 37
0.0
 76
     0
330
74
  0
LAYOUT
  5
73
102
{ACAD_REACTORS
330
62
102
}
330
62
100
AcDbPlotSettings
  1

  2

  4

  6

 40
0.0
 41
0.0
 42
0.0
 43
0.0
 44
0.0
 45
0.0
 46
0.0
 47
0.0
 48
0.0
 49
0.0
140
0.0
141
0.0
142
1.0
143
1.0
 70
  1712
 72
     0
 73
     0
 74
     0
  7

 75
     0
147
1.0
 76
     0
 77
     2
 78
   300
148
0.0
149
0.0
100
AcDbLayout
  1
Model
 70
     1
 71
     0
 10
0.0
 20
0.0
 11
12.0
 21
9.0
 12
0.0
 22
0.0
 32
0.0
 14
0.0
 24
0.0
 34
0.0
 15
0.0
 25
0.0
 35
0.0
146
0.0
 13
0.0
 23
0.0
 33
0.0
 16
1.0
 26
0.0
 36
0.0
 17
0.0
 27
1.0
 37
0.0
 76
     0
330
70
  0
MATERIAL
  5
19
102
{ACAD_XDICTIONARY
360
1A
102
}
102
{ACAD_REACTORS
330
10
102
}
330
10
100
AcDbMaterial
  1
ByBlock
 72
     0
 43
0.0208333333333333
 43
0.0
 43
0.0
 43
0.0
 43
0.0
 43
0.0208333333333333
 43
0.0
 43
0.0
 43
0.0
 43
0.0
 43
1.0
 43
0.0
 43
0.0
 43
0.0
 43
0.0
 43
1.0
 77
     0
 47
0.0208333333333333
 47
0.0
 47
0.0
 47
0.0
 47
0.0
 47
0.0208333333333333
 47
0.0
 47
0.0
 47
0.0
 47
0.0
 47
1.0
 47
0.0
 47
0.0
 47
0.0
 47
0.0
 47
1.0
171
     0
 49
0.0208333333333333
 49
0.0
 49
0.0
 49
0.0
 49
0.0
 49
0.0208333333333333
 49
0.0
 49
0.0
 49
0.0
 49
0.0
 49
1.0
 49
0.0
 49
0.0
 49
0.0
 49
0.0
 49
1.0
175
     0
142
0.0208333333333333
142
0.0
142
0.0
142
0.0
142
0.0
142
0.0208333333333333
142
0.0
142
0.0
142
0.0
142
0.0
142
1.0
142
0.0
142
0.0
142
0.0
142
0.0
142
1.0
179
     0
144
0.0208333333333333
144
0.0
144
0.0
144
0.0
144
0.0
144
0.0208333333333333
144
0.0
144
0.0
144
0.0
144
0.0
144
1.0
144
0.0
144
0.0
144
0.0
144
0.0
144
1.0
147
0.0208333333333333
147
0.0
147
0.0
147
0.0
147
0.0
147
0.0208333333333333
147
0.0
147
0.0
147
0.0
147
0.0
147
1.0
147
0.0
147
0.0
147
0.0
147
0.0
147
1.0
  0
MATERIAL
  5
11
102
{ACAD_XDICTIONARY
360
12
102
}
102
{ACAD_REACTORS
330
10
102
}
330
10
100
AcDbMaterial
  1
ByLayer
 72
     0
 43
0.0208333333333333
 43
0.0
 43
0.0
 43
0.0
 43
0.0
 43
0.0208333333333333
 43
0.0
 43
0.0
 43
0.0
 43
0.0
 43
1.0
 43
0.0
 43
0.0
 43
0.0
 43
0.0
 43
1.0
 77
     0
 47
0.0208333333333333
 47
0.0
 47
0.0
 47
0.0
 47
0.0
 47
0.0208333333333333
 47
0.0
 47
0.0
 47
0.0
 47
0.0
 47
1.0
 47
0.0
 47
0.0
 47
0.0
 47
0.0
 47
1.0
171
     0
 49
0.0208333333333333
 49
0.0
 49
0.0
 49
0.0
 49
0.0
 49
0.0208333333333333
 49
0.0
 49
0.0
 49
0.0
 49
0.0
 49
1.0
 49
0.0
 49
0.0
 49
0.0
 49
0.0
 49
1.0
175
     0
142
0.0208333333333333
142
0.0
142
0.0
142
0.0
142
0.0
142
0.0208333333333333
142
0.0
142
0.0
142
0.0
142
0.0
142
1.0
142
0.0
142
0.0
142
0.0
142
0.0
142
1.0
179
     0
144
0.0208333333333333
144
0.0
144
0.0
144
0.0
144
0.0
144
0.0208333333333333
144
0.0
144
0.0
144
0.0
144
0.0
144
1.0
144
0.0
144
0.0
144
0.0
144
0.0
144
1.0
147
0.0208333333333333
147
0.0
147
0.0
147
0.0
147
0.0
147
0.0208333333333333
147
0.0
147
0.0
147
0.0
147
0.0
147
1.0
147
0.0
147
0.0
147
0.0
147
0.0
147
1.0
  0
MATERIAL
  5
21
102
{ACAD_XDICTIONARY
360
22
102
}
102
{ACAD_REACTORS
330
10
102
}
330
10
100
AcDbMaterial
  1
Global
 72
     0
 43
0.0208333333333333
 43
0.0
 43
0.0
 43
0.0
 43
0.0
 43
0.0208333333333333
 43
0.0
 43
0.0
 43
0.0
 43
0.0
 43
1.0
 43
0.0
 43
0.0
 43
0.0
 43
0.0
 43
1.0
 77
     0
 47
0.0208333333333333
 47
0.0
 47
0.0
 47
0.0
 47
0.0
 47
0.0208333333333333
 47
0.0
 47
0.0
 47
0.0
 47
0.0
 47
1.0
 47
0.0
 47
0.0
 47
0.0
 47
0.0
 47
1.0
171
     0
 49
0.0208333333333333
 49
0.0
 49
0.0
 49
0.0
 49
0.0
 49
0.0208333333333333
 49
0.0
 49
0.0
 49
0.0
 49
0.0
 49
1.0
 49
0.0
 49
0.0
 49
0.0
 49
0.0
 49
1.0
175
     0
142
0.0208333333333333
142
0.0
142
0.0
142
0.0
142
0.0
142
0.0208333333333333
142
0.0
142
0.0
142
0.0
142
0.0
142
1.0
142
0.0
142
0.0
142
0.0
142
0.0
142
1.0
179
     0
144
0.0208333333333333
144
0.0
144
0.0
144
0.0
144
0.0
144
0.0208333333333333
144
0.0
144
0.0
144
0.0
144
0.0
144
1.0
144
0.0
144
0.0
144
0.0
144
0.0
144
1.0
147
0.0208333333333333
147
0.0
147
0.0
147
0.0
147
0.0
147
0.0208333333333333
147
0.0
147
0.0
147
0.0
147
0.0
147
1.0
147
0.0
147
0.0
147
0.0
147
0.0
147
1.0
  0
MLEADERSTYLE
  5
67
102
{ACAD_REACTORS
330
66
102
}
330
66
100
AcDbMLeaderStyle
179
     2
170
     2
171
     1
172
     0
 90
        2
 40
0.0
 41
0.0
173
     1
 91
-1056964608
340
5B
 92
       -2
290
     1
 42
0.09
291
     1
 43
0.36
  3
Standard
 44
0.18
300

342
55
174
     1
178
     6
175
     1
176
     0
 93
-1056964608
 45
0.18
292
     0
297
     0
 46
0.18
 94
-1056964608
 47
1.0
 49
1.0
140
1.0
293
     1
141
0.0
294
     1
177
     0
142
1.0
295
     1
296
     0
143
0.125
271
     0
272
     9
273
     9
298
     1
  0
MLINESTYLE
  5
60
102
{ACAD_REACTORS
330
5F
102
}
330
5F
100
AcDbMlineStyle
  2
STANDARD
 70
     0
  3

 62
   256
 51
90.0
 52
90.0
 71
     2
 49
0.5
 62
   256
  6
BYLAYER
 49
-0.5
 62
   256
  6
BYLAYER
  0
ACDBPLACEHOLDER
  5
F
102
{ACAD_REACTORS
330
E
102
}
330
E
  0
SCALE
  5
43
102
{ACAD_REACTORS
330
42
102
}
330
42
100
AcDbScale
 70
     0
300
1:1
140
1.0
141
1.0
290
     1
  0
SCALE
  5
44
102
{ACAD_REACTORS
330
42
102
}
330
42
100
AcDbScale
 70
     0
300
1/128" = 1'-0"
140
0.0078125
141
12.0
290
     0
  0
SCALE
  5
45
102
{ACAD_REACTORS
330
42
102
}
330
42
100
AcDbScale
 70
     0
300
1/64" = 1'-0"
140
0.015625
141
12.0
290
     0
  0
SCALE
  5
46
102
{ACAD_REACTORS
330
42
102
}
330
42
100
AcDbScale
 70
     0
300
1/32" = 1'-0"
140
0.03125
141
12.0
290
     0
  0
SCALE
  5
47
102
{ACAD_REACTORS
330
42
102
}
330
42
100
AcDbScale
 70
     0
300
1/16" = 1'-0"
140
0.0625
141
12.0
290
     0
  0
SCALE
  5
48
102
{ACAD_REACTORS
330
42
102
}
330
42
100
AcDbScale
 70
     0
300
3/32" = 1'-0"
140
0.09375
141
12.0
290
     0
  0
SCALE
  5
49
102
{ACAD_REACTORS
330
42
102
}
330
42
100
AcDbScale
 70
     0
300
1/8" = 1'-0"
140
0.125
141
12.0
290
     0
  0
SCALE
  5
4A
102
{ACAD_REACTORS
330
42
102
}
330
42
100
AcDbScale
 70
     0
300
3/16" = 1'-0"
140
0.1875
141
12.0
290
     0
  0
SCALE
  5
4B
102
{ACAD_REACTORS
330
42
102
}
330
42
100
AcDbScale
 70
     0
300
1/4" = 1'-0"
140
0.25
141
12.0
290
     0
  0
SCALE
  5
4C
102
{ACAD_REACTORS
330
42
102
}
330
42
100
AcDbScale
 70
     0
300
3/8" = 1'-0"
140
0.375
141
12.0
290
     0
  0
SCALE
  5
4D
102
{ACAD_REACTORS
330
42
102
}
330
42
100
AcDbScale
 70
     0
300
1/2" = 1'-0"
140
0.5
141
12.0
290
     0
  0
SCALE
  5
4E
102
{ACAD_REACTORS
330
42
102
}
330
42
100
AcDbScale
 70
     0
300
3/4" = 1'-0"
140
0.75
141
12.0
290
     0
  0
SCALE
  5
4F
102
{ACAD_REACTORS
330
42
102
}
330
42
100
AcDbScale
 70
     0
300
1" = 1'-0"
140
1.0
141
12.0
290
     0
  0
SCALE
  5
50
102
{ACAD_REACTORS
330
42
102
}
330
42
100
AcDbScale
 70
     0
300
1-1/2" = 1'-0"
140
1.5
141
12.0
290
     0
  0
SCALE
  5
51
102
{ACAD_REACTORS
330
42
102
}
330
42
100
AcDbScale
 70
     0
300
3" = 1'-0"
140
3.0
141
12.0
290
     0
  0
SCALE
  5
52
102
{ACAD_REACTORS
330
42
102
}
330
42
100
AcDbScale
 70
     0
300
6" = 1'-0"
140
6.0
141
12.0
290
     0
  0
SCALE
  5
53
102
{ACAD_REACTORS
330
42
102
}
330
42
100
AcDbScale
 70
     0
300
1'-0" = 1'-0"
140
12.0
141
12.0
290
     0
  0
ACDBSECTIONVIEWSTYLE
  5
69
102
{ACAD_REACTORS
330
68
102
}
330
68
100
AcDbModelDocViewStyle
 70
     0
  3
Imperial24
290
     1
300
Imperial24
 90
        0
100
AcDbSectionViewStyle
 70
     0
 71
     0
 90
       78
 71
     1
340
55
 62
   256
 40
0.24
340
0
340
0
 62
   256
 40
0.24
300
I, O, Q, S, X, Z
 40
0.48
 90
        3
 40
0.18
 90
        1
 71
     2
340
5D
 90
       25
 62
   256
340
5D
 90
       50
 62
   256
 40
0.24
 40
0.0
 40
0.24
 71
     3
340
55
 62
   256
 40
0.24
 90
        1
 40
0.75
 90
        1
300
%<\AcVar ViewType \f "%tc1">% %<\AcVar ViewSectionStartId>%-%<\AcVar ViewSectionEndId>%\PSCALE %<\AcVar ViewScale \f "%sn">%
 71
     4
 62
   256
 62
   257
300
ANSI31
 40
1.0
 90
        0
290
     0
290
     0
 90
        6
 40
0.0
 40
1.570796326794896
 40
0.2617993877991494
 40
1.308996938995747
 40
-0.2617993877991494
 40
1.832595714594046
  0
TABLESTYLE
  5
65
102
{ACAD_XDICTIONARY
360
B30
102
}
102
{ACAD_REACTORS
330
64
102
}
330
64
100
AcDbTableStyle
280
     0
  3
Standard
 70
     0
 71
     0
 40
0.06
 41
0.06
280
     0
281
     0
  7
Standard
140
0.18
170
     2
 62
     0
 63
     7
283
     0
 90
      512
 91
        0
  1

274
    -2
284
     1
 64
     0
275
    -2
285
     1
 65
     0
276
    -2
286
     1
 66
     0
277
    -2
287
     1
 67
     0
278
    -2
288
     1
 68
     0
279
    -2
289
     1
 69
     0
  7
Standard
140
0.25
170
     5
 62
     0
 63
     7
283
     0
 90
      512
 91
        0
  1

274
    -2
284
     1
 64
     0
275
    -2
285
     1
 65
     0
276
    -2
286
     1
 66
     0
277
    -2
287
     1
 67
     0
278
    -2
288
     1
 68
     0
279
    -2
289
     1
 69
     0
  7
Standard
140
0.18
170
     5
 62
     0
 63
     7
283
     0
 90
      512
 91
        0
  1

274
    -2
284
     1
 64
     0
275
    -2
285
     1
 65
     0
276
    -2
286
     1
 66
     0
277
    -2
287
     1
 67
     0
278
    -2
288
     1
 68
     0
279
    -2
289
     1
 69
     0
  0
VISUALSTYLE
  5
2F
102
{ACAD_REACTORS
330
29
102
}
330
29
100
AcDbVisualStyle
  2
2dWireframe
 70
     4
177
     3
291
     0
 70
    58
 90
        0
176
     1
 90
        2
176
     1
 90
        0
176
     1
 90
        0
176
     1
 40
0.6
176
     1
 40
30.0
176
     1
 62
     7
420
 16777215
176
     1
 90
        1
176
     1
 90
        4
176
     1
 62
     7
176
     1
 62
   257
176
     1
 90
        1
176
     1
 90
        1
176
     1
 40
1.0
176
     1
 90
        0
176
     1
 62
   257
176
     1
 40
1.0
176
     1
 90
        1
176
     1
 90
        6
176
     1
 90
        2
176
     1
 62
     7
176
     1
 90
        5
176
     1
 90
        0
176
     1
 90
        0
176
     1
290
     0
176
     1
 90
        1
176
     1
 40
0.0
176
     1
 90
        0
176
     1
290
     1
176
     1
290
     1
176
     1
290
     0
176
     1
290
     0
176
     1
290
     0
176
     1
290
     0
176
     1
290
     0
176
     1
290
     0
176
     1
290
     0
176
     1
 90
       50
176
     1
 40
0.0
176
     1
 40
1.0
176
     1
 90
        0
176
     1
 62
    18
420
        0
176
     1
 90
       50
176
     1
 90
        3
176
     1
 62
     5
420
      255
176
     1
290
     0
176
     1
 90
       50
176
     1
 90
       50
176
     1
 90
       50
176
     1
290
     0
176
     1
 90
       50
176
     1
 62
   256
176
     0
 40
1.0
176
     0
 90
        2
176
     1
  1
strokes_ogs.tif
176
     1
290
     0
176
     1
 40
1.0
176
     1
 40
1.0
176
     1
  0
VISUALSTYLE
  5
2E
102
{ACAD_REACTORS
330
29
102
}
330
29
100
AcDbVisualStyle
  2
Basic
 70
     7
177
     3
291
     1
 70
    58
 90
        1
176
     1
 90
        0
176
     1
 90
        1
176
     1
 90
        0
176
     1
 40
0.6
176
     1
 40
30.0
176
     1
 62
     7
420
 16777215
176
     1
 90
        0
176
     1
 90
        4
176
     1
 62
     7
176
     1
 62
   257
176
     1
 90
        1
176
     1
 90
        1
176
     1
 40
1.0
176
     1
 90
        8
176
     1
 62
     7
176
     1
 40
1.0
176
     1
 90
        1
176
     1
 90
        6
176
     1
 90
        2
176
     1
 62
     7
176
     1
 90
        5
176
     1
 90
        0
176
     1
 90
        0
176
     1
290
     0
176
     1
 90
        1
176
     1
 40
0.0
176
     1
 90
        0
176
     1
290
     0
176
     1
290
     1
176
     1
290
     1
176
     1
290
     0
176
     1
290
     0
176
     1
290
     0
176
     1
290
     0
176
     1
290
     0
176
     1
290
     0
176
     1
 90
       50
176
     1
 40
0.0
176
     1
 40
1.0
176
     1
 90
        0
176
     1
 62
    18
420
        0
176
     1
 90
       50
176
     1
 90
        3
176
     1
 62
     5
420
      255
176
     1
290
     0
176
     1
 90
       50
176
     1
 90
       50
176
     1
 90
       50
176
     1
290
     0
176
     1
 90
       50
176
     1
 62
   256
176
     0
 40
1.0
176
     0
 90
        2
176
     1
  1
strokes_ogs.tif
176
     1
290
     0
176
     1
 40
1.0
176
     1
 40
1.0
176
     1
  0
VISUALSTYLE
  5
35
102
{ACAD_REACTORS
330
29
102
}
330
29
100
AcDbVisualStyle
  2
Brighten
 70
    12
177
     3
291
     1
 70
    58
 90
        2
176
     1
 90
        2
176
     1
 90
        0
176
     1
 90
        0
176
     1
 40
0.6
176
     1
 40
30.0
176
     1
 62
     7
420
 16777215
176
     1
 90
        1
176
     1
 90
        4
176
     1
 62
     7
176
     1
 62
   257
176
     1
 90
        1
176
     1
 90
        1
176
     1
 40
1.0
176
     1
 90
        8
176
     1
 62
     7
176
     1
 40
1.0
176
     1
 90
        1
176
     1
 90
        6
176
     1
 90
        2
176
     1
 62
     7
176
     1
 90
        5
176
     1
 90
        0
176
     1
 90
        0
176
     1
290
     0
176
     1
 90
        1
176
     1
 40
50.0
176
     1
 90
        0
176
     1
290
     0
176
     1
290
     1
176
     1
290
     1
176
     1
290
     0
176
     1
290
     0
176
     1
290
     0
176
     1
290
     0
176
     1
290
     0
176
     1
290
     0
176
     1
 90
       50
176
     1
 40
0.0
176
     1
 40
1.0
176
     1
 90
        0
176
     1
 62
    18
420
        0
176
     1
 90
       50
176
     1
 90
        3
176
     1
 62
     5
420
      255
176
     1
290
     0
176
     1
 90
       50
176
     1
 90
       50
176
     1
 90
       50
176
     1
290
     0
176
     1
 90
       50
176
     1
 62
   256
176
     0
 40
1.0
176
     0
 90
        2
176
     1
  1
strokes_ogs.tif
176
     1
290
     0
176
     1
 40
1.0
176
     1
 40
1.0
176
     1
  0
VISUALSTYLE
  5
39
102
{ACAD_REACTORS
330
29
102
}
330
29
100
AcDbVisualStyle
  2
ColorChange
 70
    16
177
     3
291
     1
 70
    58
 90
        2
176
     1
 90
        2
176
     1
 90
        3
176
     1
 90
        0
176
     1
 40
0.6
176
     1
 40
30.0
176
     1
 62
     8
420
  8421504
176
     1
 90
        1
176
     1
 90
        4
176
     1
 62
     7
176
     1
 62
   257
176
     1
 90
        1
176
     1
 90
        1
176
     1
 40
1.0
176
     1
 90
        8
176
     1
 62
     8
420
  8421504
176
     1
 40
1.0
176
     1
 90
        1
176
     1
 90
        6
176
     1
 90
        2
176
     1
 62
     7
176
     1
 90
        5
176
     1
 90
        0
176
     1
 90
        0
176
     1
290
     0
176
     1
 90
        1
176
     1
 40
0.0
176
     1
 90
        0
176
     1
290
     0
176
     1
290
     1
176
     1
290
     1
176
     1
290
     0
176
     1
290
     0
176
     1
290
     0
176
     1
290
     0
176
     1
290
     0
176
     1
290
     0
176
     1
 90
       50
176
     1
 40
0.0
176
     1
 40
1.0
176
     1
 90
        0
176
     1
 62
    18
420
        0
176
     1
 90
       50
176
     1
 90
        3
176
     1
 62
     5
420
      255
176
     1
290
     0
176
     1
 90
       50
176
     1
 90
       50
176
     1
 90
       50
176
     1
290
     0
176
     1
 90
       50
176
     1
 62
   256
176
     0
 40
1.0
176
     0
 90
        2
176
     1
  1
strokes_ogs.tif
176
     1
290
     0
176
     1
 40
1.0
176
     1
 40
1.0
176
     1
  0
VISUALSTYLE
  5
32
102
{ACAD_REACTORS
330
29
102
}
330
29
100
AcDbVisualStyle
  2
Conceptual
 70
     9
177
     3
291
     0
 70
    58
 90
        3
176
     1
 90
        2
176
     1
 90
        0
176
     1
 90
        0
176
     1
 40
0.6
176
     1
 40
30.0
176
     1
 62
     7
420
 16777215
176
     1
 90
        2
176
     1
 90
        2
176
     1
 62
     7
176
     1
 62
   257
176
     1
 90
        1
176
     1
 90
        1
176
     1
 40
179.0
176
     1
 90
        8
176
     1
 62
     7
176
     1
 40
1.0
176
     1
 90
        1
176
     1
 90
        6
176
     1
 90
        2
176
     1
 62
     7
176
     1
 90
        3
176
     1
 90
        0
176
     1
 90
        0
176
     1
290
     0
176
     1
 90
        1
176
     1
 40
0.0
176
     1
 90
        0
176
     1
290
     0
176
     1
290
     1
176
     1
290
     1
176
     1
290
     0
176
     1
290
     0
176
     1
290
     0
176
     1
290
     0
176
     1
290
     0
176
     1
290
     0
176
     1
 90
       50
176
     1
 40
0.0
176
     1
 40
1.0
176
     1
 90
        0
176
     1
 62
    18
420
        0
176
     1
 90
       50
176
     1
 90
        3
176
     1
 62
     5
420
      255
176
     1
290
     0
176
     1
 90
       50
176
     1
 90
       50
176
     1
 90
       50
176
     1
290
     0
176
     1
 90
       50
176
     1
 62
   256
176
     0
 40
1.0
176
     0
 90
        2
176
     1
  1
strokes_ogs.tif
176
     1
290
     0
176
     1
 40
1.0
176
     1
 40
1.0
176
     1
  0
VISUALSTYLE
  5
34
102
{ACAD_REACTORS
330
29
102
}
330
29
100
AcDbVisualStyle
  2
Dim
 70
    11
177
     3
291
     1
 70
    58
 90
        2
176
     1
 90
        2
176
     1
 90
        0
176
     1
 90
        0
176
     1
 40
0.6
176
     1
 40
30.0
176
     1
 62
     7
420
 16777215
176
     1
 90
        1
176
     1
 90
        4
176
     1
 62
     7
176
     1
 62
   257
176
     1
 90
        1
176
     1
 90
        1
176
     1
 40
1.0
176
     1
 90
        8
176
     1
 62
     7
176
     1
 40
1.0
176
     1
 90
        1
176
     1
 90
        6
176
     1
 90
        2
176
     1
 62
     7
176
     1
 90
        5
176
     1
 90
        0
176
     1
 90
        0
176
     1
290
     0
176
     1
 90
        1
176
     1
 40
-50.0
176
     1
 90
        0
176
     1
290
     0
176
     1
290
     1
176
     1
290
     1
176
     1
290
     0
176
     1
290
     0
176
     1
290
     0
176
     1
290
     0
176
     1
290
     0
176
     1
290
     0
176
     1
 90
       50
176
     1
 40
0.0
176
     1
 40
1.0
176
     1
 90
        0
176
     1
 62
    18
420
        0
176
     1
 90
       50
176
     1
 90
        3
176
     1
 62
     5
420
      255
176
     1
290
     0
176
     1
 90
       50
176
     1
 90
       50
176
     1
 90
       50
176
     1
290
     0
176
     1
 90
       50
176
     1
 62
   256
176
     0
 40
1.0
176
     0
 90
        2
176
     1
  1
strokes_ogs.tif
176
     1
290
     0
176
     1
 40
1.0
176
     1
 40
1.0
176
     1
  0
VISUALSTYLE
  5
41
102
{ACAD_REACTORS
330
29
102
}
330
29
100
AcDbVisualStyle
  2
EdgeColorOff
 70
    22
177
     3
291
     1
 70
    58
 90
        2
176
     0
 90
        2
176
     0
 90
        0
176
     0
 90
        0
176
     0
 40
0.6
176
     0
 40
30.0
176
     0
 62
     7
420
 16777215
176
     0
 90
        1
176
     0
 90
        4
176
     0
 62
     7
176
     0
 62
   257
176
     0
 90
        1
176
     0
 90
        1
176
     0
 40
1.0
176
     0
 90
        8
176
     2
 62
     7
176
     0
 40
1.0
176
     0
 90
        1
176
     0
 90
        6
176
     0
 90
        2
176
     0
 62
     7
176
     0
 90
        5
176
     0
 90
        0
176
     0
 90
        0
176
     0
290
     0
176
     0
 90
        1
176
     0
 40
0.0
176
     0
 90
        0
176
     0
290
     0
176
     0
290
     1
176
     0
290
     1
176
     0
290
     0
176
     0
290
     0
176
     0
290
     0
176
     0
290
     0
176
     0
290
     0
176
     0
290
     0
176
     0
 90
       50
176
     0
 40
0.0
176
     0
 40
1.0
176
     0
 90
        0
176
     0
 62
    18
420
        0
176
     0
 90
       50
176
     0
 90
        3
176
     0
 62
     5
420
      255
176
     0
290
     0
176
     0
 90
       50
176
     0
 90
       50
176
     0
 90
       50
176
     0
290
     0
176
     0
 90
       50
176
     0
 62
   256
176
     0
 40
1.0
176
     0
 90
        2
176
     0
  1
strokes_ogs.tif
176
     0
290
     0
176
     0
 40
1.0
176
     0
 40
1.0
176
     0
  0
VISUALSTYLE
  5
38
102
{ACAD_REACTORS
330
29
102
}
330
29
100
AcDbVisualStyle
  2
Facepattern
 70
    15
177
     3
291
     1
 70
    58
 90
        2
176
     1
 90
        2
176
     1
 90
        0
176
     1
 90
        0
176
     1
 40
0.6
176
     1
 40
30.0
176
     1
 62
     7
420
 16777215
176
     1
 90
        1
176
     1
 90
        4
176
     1
 62
     7
176
     1
 62
   257
176
     1
 90
        1
176
     1
 90
        1
176
     1
 40
1.0
176
     1
 90
        8
176
     1
 62
     7
176
     1
 40
1.0
176
     1
 90
        1
176
     1
 90
        6
176
     1
 90
        2
176
     1
 62
     7
176
     1
 90
        5
176
     1
 90
        0
176
     1
 90
        0
176
     1
290
     0
176
     1
 90
        1
176
     1
 40
0.0
176
     1
 90
        0
176
     1
290
     0
176
     1
290
     1
176
     1
290
     1
176
     1
290
     0
176
     1
290
     0
176
     1
290
     0
176
     1
290
     0
176
     1
290
     0
176
     1
290
     0
176
     1
 90
       50
176
     1
 40
0.0
176
     1
 40
1.0
176
     1
 90
        0
176
     1
 62
    18
420
        0
176
     1
 90
       50
176
     1
 90
        3
176
     1
 62
     5
420
      255
176
     1
290
     0
176
     1
 90
       50
176
     1
 90
       50
176
     1
 90
       50
176
     1
290
     0
176
     1
 90
       50
176
     1
 62
   256
176
     0
 40
1.0
176
     0
 90
        2
176
     1
  1
strokes_ogs.tif
176
     1
290
     0
176
     1
 40
1.0
176
     1
 40
1.0
176
     1
  0
VISUALSTYLE
  5
2A
102
{ACAD_REACTORS
330
29
102
}
330
29
100
AcDbVisualStyle
  2
Flat
 70
     0
177
     3
291
     1
 70
    58
 90
        2
176
     1
 90
        1
176
     1
 90
        1
176
     1
 90
        2
176
     1
 40
0.6
176
     1
 40
30.0
176
     1
 62
     7
420
 16777215
176
     1
 90
        0
176
     1
 90
        0
176
     1
 62
     7
176
     1
 62
   257
176
     1
 90
        1
176
     1
 90
        1
176
     1
 40
1.0
176
     1
 90
        8
176
     1
 62
     7
176
     1
 40
1.0
176
     1
 90
        1
176
     1
 90
        6
176
     1
 90
        2
176
     1
 62
     7
176
     1
 90
        5
176
     1
 90
        0
176
     1
 90
        0
176
     1
290
     0
176
     1
 90
       13
176
     1
 40
0.0
176
     1
 90
        0
176
     1
290
     0
176
     1
290
     1
176
     1
290
     1
176
     1
290
     0
176
     1
290
     0
176
     1
290
     0
176
     1
290
     0
176
     1
290
     0
176
     1
290
     0
176
     1
 90
       50
176
     1
 40
0.0
176
     1
 40
1.0
176
     1
 90
        0
176
     1
 62
    18
420
        0
176
     1
 90
       50
176
     1
 90
        3
176
     1
 62
     5
420
      255
176
     1
290
     0
176
     1
 90
       50
176
     1
 90
       50
176
     1
 90
       50
176
     1
290
     0
176
     1
 90
       50
176
     1
 62
   256
176
     0
 40
1.0
176
     0
 90
        2
176
     1
  1
strokes_ogs.tif
176
     1
290
     0
176
     1
 40
1.0
176
     1
 40
1.0
176
     1
  0
VISUALSTYLE
  5
2B
102
{ACAD_REACTORS
330
29
102
}
330
29
100
AcDbVisualStyle
  2
FlatWithEdges
 70
     1
177
     3
291
     1
 70
    58
 90
        2
176
     1
 90
        1
176
     1
 90
        1
176
     1
 90
        2
176
     1
 40
0.6
176
     1
 40
30.0
176
     1
 62
     7
420
 16777215
176
     1
 90
        1
176
     1
 90
        0
176
     1
 62
     7
176
     1
 62
   257
176
     1
 90
        1
176
     1
 90
        1
176
     1
 40
1.0
176
     1
 90
        0
176
     1
 62
   257
176
     1
 40
1.0
176
     1
 90
        1
176
     1
 90
        6
176
     1
 90
        2
176
     1
 62
     7
176
     1
 90
        5
176
     1
 90
        0
176
     1
 90
        0
176
     1
290
     0
176
     1
 90
       13
176
     1
 40
0.0
176
     1
 90
        0
176
     1
290
     0
176
     1
290
     1
176
     1
290
     1
176
     1
290
     0
176
     1
290
     0
176
     1
290
     0
176
     1
290
     0
176
     1
290
     0
176
     1
290
     0
176
     1
 90
       50
176
     1
 40
0.0
176
     1
 40
1.0
176
     1
 90
        0
176
     1
 62
    18
420
        0
176
     1
 90
       50
176
     1
 90
        3
176
     1
 62
     5
420
      255
176
     1
290
     0
176
     1
 90
       50
176
     1
 90
       50
176
     1
 90
       50
176
     1
290
     0
176
     1
 90
       50
176
     1
 62
   256
176
     0
 40
1.0
176
     0
 90
        2
176
     1
  1
strokes_ogs.tif
176
     1
290
     0
176
     1
 40
1.0
176
     1
 40
1.0
176
     1
  0
VISUALSTYLE
  5
2C
102
{ACAD_REACTORS
330
29
102
}
330
29
100
AcDbVisualStyle
  2
Gouraud
 70
     2
177
     3
291
     1
 70
    58
 90
        2
176
     1
 90
        2
176
     1
 90
        1
176
     1
 90
        2
176
     1
 40
0.6
176
     1
 40
30.0
176
     1
 62
     7
420
 16777215
176
     1
 90
        0
176
     1
 90
        0
176
     1
 62
     7
176
     1
 62
   257
176
     1
 90
        1
176
     1
 90
        1
176
     1
 40
1.0
176
     1
 90
        0
176
     1
 62
     7
176
     1
 40
1.0
176
     1
 90
        1
176
     1
 90
        6
176
     1
 90
        2
176
     1
 62
     7
176
     1
 90
        5
176
     1
 90
        0
176
     1
 90
        0
176
     1
290
     0
176
     1
 90
       13
176
     1
 40
0.0
176
     1
 90
        0
176
     1
290
     0
176
     1
290
     1
176
     1
290
     1
176
     1
290
     0
176
     1
290
     0
176
     1
290
     0
176
     1
290
     0
176
     1
290
     0
176
     1
290
     0
176
     1
 90
       50
176
     1
 40
0.0
176
     1
 40
1.0
176
     1
 90
        0
176
     1
 62
    18
420
        0
176
     1
 90
       50
176
     1
 90
        3
176
     1
 62
     5
420
      255
176
     1
290
     0
176
     1
 90
       50
176
     1
 90
       50
176
     1
 90
       50
176
     1
290
     0
176
     1
 90
       50
176
     1
 62
   256
176
     0
 40
1.0
176
     0
 90
        2
176
     1
  1
strokes_ogs.tif
176
     1
290
     0
176
     1
 40
1.0
176
     1
 40
1.0
176
     1
  0
VISUALSTYLE
  5
2D
102
{ACAD_REACTORS
330
29
102
}
330
29
100
AcDbVisualStyle
  2
GouraudWithEdges
 70
     3
177
     3
291
     1
 70
    58
 90
        2
176
     1
 90
        2
176
     1
 90
        1
176
     1
 90
        2
176
     1
 40
0.6
176
     1
 40
30.0
176
     1
 62
     7
420
 16777215
176
     1
 90
        1
176
     1
 90
        0
176
     1
 62
     7
176
     1
 62
   257
176
     1
 90
        1
176
     1
 90
        1
176
     1
 40
1.0
176
     1
 90
        0
176
     1
 62
   257
176
     1
 40
1.0
176
     1
 90
        1
176
     1
 90
        6
176
     1
 90
        2
176
     1
 62
     7
176
     1
 90
        5
176
     1
 90
        0
176
     1
 90
        0
176
     1
290
     0
176
     1
 90
       13
176
     1
 40
0.0
176
     1
 90
        0
176
     1
290
     0
176
     1
290
     1
176
     1
290
     1
176
     1
290
     0
176
     1
290
     0
176
     1
290
     0
176
     1
290
     0
176
     1
290
     0
176
     1
290
     0
176
     1
 90
       50
176
     1
 40
0.0
176
     1
 40
1.0
176
     1
 90
        0
176
     1
 62
    18
420
        0
176
     1
 90
       50
176
     1
 90
        3
176
     1
 62
     5
420
      255
176
     1
290
     0
176
     1
 90
       50
176
     1
 90
       50
176
     1
 90
       50
176
     1
290
     0
176
     1
 90
       50
176
     1
 62
   256
176
     0
 40
1.0
176
     0
 90
        2
176
     1
  1
strokes_ogs.tif
176
     1
290
     0
176
     1
 40
1.0
176
     1
 40
1.0
176
     1
  0
VISUALSTYLE
  5
31
102
{ACAD_REACTORS
330
29
102
}
330
29
100
AcDbVisualStyle
  2
Hidden
 70
     6
177
     3
291
     0
 70
    58
 90
        1
176
     1
 90
        2
176
     1
 90
        2
176
     1
 90
        0
176
     1
 40
0.6
176
     1
 40
30.0
176
     1
 62
     7
420
 16777215
176
     1
 90
        2
176
     1
 90
        2
176
     1
 62
     7
176
     1
 62
   257
176
     1
 90
        2
176
     1
 90
        1
176
     1
 40
40.0
176
     1
 90
        0
176
     1
 62
   257
176
     1
 40
1.0
176
     1
 90
        1
176
     1
 90
        6
176
     1
 90
        2
176
     1
 62
     7
176
     1
 90
        3
176
     1
 90
        0
176
     1
 90
        0
176
     1
290
     0
176
     1
 90
        1
176
     1
 40
0.0
176
     1
 90
        0
176
     1
290
     0
176
     1
290
     1
176
     1
290
     1
176
     1
290
     0
176
     1
290
     0
176
     1
290
     0
176
     1
290
     0
176
     1
290
     0
176
     1
290
     0
176
     1
 90
       50
176
     1
 40
0.0
176
     1
 40
1.0
176
     1
 90
        0
176
     1
 62
    18
420
        0
176
     1
 90
       50
176
     1
 90
        3
176
     1
 62
     5
420
      255
176
     1
290
     0
176
     1
 90
       50
176
     1
 90
       50
176
     1
 90
       50
176
     1
290
     0
176
     1
 90
       50
176
     1
 62
   256
176
     0
 40
1.0
176
     0
 90
        2
176
     1
  1
strokes_ogs.tif
176
     1
290
     0
176
     1
 40
1.0
176
     1
 40
1.0
176
     1
  0
VISUALSTYLE
  5
3F
102
{ACAD_REACTORS
330
29
102
}
330
29
100
AcDbVisualStyle
  2
JitterOff
 70
    20
177
     3
291
     1
 70
    58
 90
        2
176
     0
 90
        2
176
     0
 90
        0
176
     0
 90
        0
176
     0
 40
0.6
176
     0
 40
30.0
176
     0
 62
     7
420
 16777215
176
     0
 90
        1
176
     0
 90
        4
176
     0
 62
     7
176
     0
 62
   257
176
     0
 90
        1
176
     0
 90
        1
176
     0
 40
1.0
176
     0
 90
       10
176
     2
 62
     7
176
     0
 40
1.0
176
     0
 90
        1
176
     0
 90
        6
176
     0
 90
        2
176
     0
 62
     7
176
     0
 90
        5
176
     0
 90
        0
176
     0
 90
        0
176
     0
290
     0
176
     0
 90
        1
176
     0
 40
0.0
176
     0
 90
        0
176
     0
290
     0
176
     0
290
     1
176
     0
290
     1
176
     0
290
     0
176
     0
290
     0
176
     0
290
     0
176
     0
290
     0
176
     0
290
     0
176
     0
290
     0
176
     0
 90
       50
176
     0
 40
0.0
176
     0
 40
1.0
176
     0
 90
        0
176
     0
 62
    18
420
        0
176
     0
 90
       50
176
     0
 90
        3
176
     0
 62
     5
420
      255
176
     0
290
     0
176
     0
 90
       50
176
     0
 90
       50
176
     0
 90
       50
176
     0
290
     0
176
     0
 90
       50
176
     0
 62
   256
176
     0
 40
1.0
176
     0
 90
        2
176
     0
  1
strokes_ogs.tif
176
     0
290
     0
176
     0
 40
1.0
176
     0
 40
1.0
176
     0
  0
VISUALSTYLE
  5
37
102
{ACAD_REACTORS
330
29
102
}
330
29
100
AcDbVisualStyle
  2
Linepattern
 70
    14
177
     3
291
     1
 70
    58
 90
        2
176
     1
 90
        2
176
     1
 90
        0
176
     1
 90
        0
176
     1
 40
0.6
176
     1
 40
30.0
176
     1
 62
     7
420
 16777215
176
     1
 90
        1
176
     1
 90
        4
176
     1
 62
     7
176
     1
 62
   257
176
     1
 90
        7
176
     1
 90
        7
176
     1
 40
1.0
176
     1
 90
        8
176
     1
 62
     7
176
     1
 40
1.0
176
     1
 90
        1
176
     1
 90
        6
176
     1
 90
        2
176
     1
 62
     7
176
     1
 90
        5
176
     1
 90
        0
176
     1
 90
        0
176
     1
290
     0
176
     1
 90
        1
176
     1
 40
0.0
176
     1
 90
        0
176
     1
290
     0
176
     1
290
     1
176
     1
290
     1
176
     1
290
     0
176
     1
290
     0
176
     1
290
     0
176
     1
290
     0
176
     1
290
     0
176
     1
290
     0
176
     1
 90
       50
176
     1
 40
0.0
176
     1
 40
1.0
176
     1
 90
        0
176
     1
 62
    18
420
        0
176
     1
 90
       50
176
     1
 90
        3
176
     1
 62
     5
420
      255
176
     1
290
     0
176
     1
 90
       50
176
     1
 90
       50
176
     1
 90
       50
176
     1
290
     0
176
     1
 90
       50
176
     1
 62
   256
176
     0
 40
1.0
176
     0
 90
        2
176
     1
  1
strokes_ogs.tif
176
     1
290
     0
176
     1
 40
1.0
176
     1
 40
1.0
176
     1
  0
VISUALSTYLE
  5
40
102
{ACAD_REACTORS
330
29
102
}
330
29
100
AcDbVisualStyle
  2
OverhangOff
 70
    21
177
     3
291
     1
 70
    58
 90
        2
176
     0
 90
        2
176
     0
 90
        0
176
     0
 90
        0
176
     0
 40
0.6
176
     0
 40
30.0
176
     0
 62
     7
420
 16777215
176
     0
 90
        1
176
     0
 90
        4
176
     0
 62
     7
176
     0
 62
   257
176
     0
 90
        1
176
     0
 90
        1
176
     0
 40
1.0
176
     0
 90
        9
176
     2
 62
     7
176
     0
 40
1.0
176
     0
 90
        1
176
     0
 90
        6
176
     0
 90
        2
176
     0
 62
     7
176
     0
 90
        5
176
     0
 90
        0
176
     0
 90
        0
176
     0
290
     0
176
     0
 90
        1
176
     0
 40
0.0
176
     0
 90
        0
176
     0
290
     0
176
     0
290
     1
176
     0
290
     1
176
     0
290
     0
176
     0
290
     0
176
     0
290
     0
176
     0
290
     0
176
     0
290
     0
176
     0
290
     0
176
     0
 90
       50
176
     0
 40
0.0
176
     0
 40
1.0
176
     0
 90
        0
176
     0
 62
    18
420
        0
176
     0
 90
       50
176
     0
 90
        3
176
     0
 62
     5
420
      255
176
     0
290
     0
176
     0
 90
       50
176
     0
 90
       50
176
     0
 90
       50
176
     0
290
     0
176
     0
 90
       50
176
     0
 62
   256
176
     0
 40
1.0
176
     0
 90
        2
176
     0
  1
strokes_ogs.tif
176
     0
290
     0
176
     0
 40
1.0
176
     0
 40
1.0
176
     0
  0
VISUALSTYLE
  5
33
102
{ACAD_REACTORS
330
29
102
}
330
29
100
AcDbVisualStyle
  2
Realistic
 70
     8
177
     3
291
     0
 70
    58
 90
        2
176
     1
 90
        3
176
     1
 90
        0
176
     1
 90
        2
176
     1
 40
0.6
176
     1
 40
30.0
176
     1
 62
     7
420
 16777215
176
     1
 90
        0
176
     1
 90
        0
176
     1
 62
     7
176
     1
 62
   257
176
     1
 90
        1
176
     1
 90
        1
176
     1
 40
1.0
176
     1
 90
        8
176
     1
 62
   257
176
     1
 40
1.0
176
     1
 90
        1
176
     1
 90
        6
176
     1
 90
        2
176
     1
 62
     7
176
     1
 90
        3
176
     1
 90
        0
176
     1
 90
        0
176
     1
290
     0
176
     1
 90
       13
176
     1
 40
0.0
176
     1
 90
        0
176
     1
290
     0
176
     1
290
     1
176
     1
290
     1
176
     1
290
     0
176
     1
290
     0
176
     1
290
     0
176
     1
290
     0
176
     1
290
     0
176
     1
290
     0
176
     1
 90
       50
176
     1
 40
0.0
176
     1
 40
1.0
176
     1
 90
        0
176
     1
 62
    18
420
        0
176
     1
 90
       50
176
     1
 90
        3
176
     1
 62
     5
420
      255
176
     1
290
     0
176
     1
 90
       50
176
     1
 90
       50
176
     1
 90
       50
176
     1
290
     0
176
     1
 90
       50
176
     1
 62
   256
176
     0
 40
1.0
176
     0
 90
        2
176
     1
  1
strokes_ogs.tif
176
     1
290
     0
176
     1
 40
1.0
176
     1
 40
1.0
176
     1
  0
VISUALSTYLE
  5
3E
102
{ACAD_REACTORS
330
29
102
}
330
29
100
AcDbVisualStyle
  2
Shaded
 70
    27
177
     3
291
     0
 70
    58
 90
        2
176
     1
 90
        2
176
     1
 90
        1
176
     1
 90
        2
176
     1
 40
0.6
176
     1
 40
30.0
176
     1
 62
     7
420
 16777215
176
     1
 90
        0
176
     1
 90
        4
176
     1
 62
     7
176
     1
 62
   257
176
     1
 90
        1
176
     1
 90
        1
176
     1
 40
1.0
176
     1
 90
        8
176
     1
 62
   257
176
     1
 40
1.0
176
     1
 90
        1
176
     1
 90
        6
176
     1
 90
        2
176
     1
 62
     8
420
  7895160
176
     1
 90
        3
176
     1
 90
        0
176
     1
 90
        0
176
     1
290
     0
176
     1
 90
        5
176
     1
 40
0.0
176
     1
 90
        0
176
     1
290
     0
176
     1
290
     1
176
     1
290
     1
176
     1
290
     0
176
     1
290
     0
176
     1
290
     0
176
     1
290
     0
176
     1
290
     0
176
     1
290
     0
176
     1
 90
       50
176
     1
 40
0.0
176
     1
 40
1.0
176
     1
 90
        0
176
     1
 62
    18
420
        0
176
     1
 90
       50
176
     1
 90
        3
176
     1
 62
     5
420
      255
176
     1
290
     0
176
     1
 90
       50
176
     1
 90
       50
176
     1
 90
       50
176
     1
290
     0
176
     1
 90
       50
176
     1
 62
   256
176
     0
 40
1.0
176
     0
 90
        2
176
     1
  1
strokes_ogs.tif
176
     1
290
     0
176
     1
 40
1.0
176
     1
 40
1.0
176
     1
  0
VISUALSTYLE
  5
3D
102
{ACAD_REACTORS
330
29
102
}
330
29
100
AcDbVisualStyle
  2
Shaded with edges
 70
    26
177
     3
291
     0
 70
    58
 90
        2
176
     1
 90
        2
176
     1
 90
        1
176
     1
 90
        2
176
     1
 40
0.6
176
     1
 40
30.0
176
     1
 62
     7
420
 16777215
176
     1
 90
        1
176
     1
 90
        2
176
     1
 62
     7
176
     1
 62
   257
176
     1
 90
        2
176
     1
 90
        1
176
     1
 40
1.0
176
     1
 90
        8
176
     1
 62
   257
176
     1
 40
1.0
176
     1
 90
        1
176
     1
 90
        6
176
     1
 90
        2
176
     1
 62
     7
176
     1
 90
        3
176
     1
 90
        0
176
     1
 90
        0
176
     1
290
     0
176
     1
 90
        5
176
     1
 40
0.0
176
     1
 90
        0
176
     1
290
     0
176
     1
290
     1
176
     1
290
     1
176
     1
290
     0
176
     1
290
     0
176
     1
290
     0
176
     1
290
     0
176
     1
290
     0
176
     1
290
     0
176
     1
 90
       50
176
     1
 40
0.0
176
     1
 40
1.0
176
     1
 90
        0
176
     1
 62
    18
420
        0
176
     1
 90
       50
176
     1
 90
        3
176
     1
 62
     5
420
      255
176
     1
290
     0
176
     1
 90
       50
176
     1
 90
       50
176
     1
 90
       50
176
     1
290
     0
176
     1
 90
       50
176
     1
 62
   256
176
     0
 40
1.0
176
     0
 90
        2
176
     1
  1
strokes_ogs.tif
176
     1
290
     0
176
     1
 40
1.0
176
     1
 40
1.0
176
     1
  0
VISUALSTYLE
  5
3A
102
{ACAD_REACTORS
330
29
102
}
330
29
100
AcDbVisualStyle
  2
Shades of Gray
 70
    23
177
     3
291
     0
 70
    58
 90
        2
176
     1
 90
        2
176
     1
 90
        3
176
     1
 90
        0
176
     1
 40
0.6
176
     1
 40
30.0
176
     1
 62
     7
420
 16777215
176
     1
 90
        2
176
     1
 90
        2
176
     1
 62
     7
176
     1
 62
     7
176
     1
 90
        1
176
     1
 90
        1
176
     1
 40
40.0
176
     1
 90
        8
176
     1
 62
     7
176
     1
 40
1.0
176
     1
 90
        1
176
     1
 90
        6
176
     1
 90
        2
176
     1
 62
     7
176
     1
 90
        3
176
     1
 90
        0
176
     1
 90
        0
176
     1
290
     0
176
     1
 90
        1
176
     1
 40
0.0
176
     1
 90
        0
176
     1
290
     0
176
     1
290
     1
176
     1
290
     1
176
     1
290
     0
176
     1
290
     0
176
     1
290
     0
176
     1
290
     0
176
     1
290
     0
176
     1
290
     0
176
     1
 90
       50
176
     1
 40
0.0
176
     1
 40
1.0
176
     1
 90
        0
176
     1
 62
    18
420
        0
176
     1
 90
       50
176
     1
 90
        3
176
     1
 62
     5
420
      255
176
     1
290
     0
176
     1
 90
       50
176
     1
 90
       50
176
     1
 90
       50
176
     1
290
     0
176
     1
 90
       50
176
     1
 62
   256
176
     0
 40
1.0
176
     0
 90
        2
176
     1
  1
strokes_ogs.tif
176
     1
290
     0
176
     1
 40
1.0
176
     1
 40
1.0
176
     1
  0
VISUALSTYLE
  5
3B
102
{ACAD_REACTORS
330
29
102
}
330
29
100
AcDbVisualStyle
  2
Sketchy
 70
    24
177
     3
291
     0
 70
    58
 90
        1
176
     1
 90
        2
176
     1
 90
        2
176
     1
 90
        0
176
     1
 40
0.6
176
     1
 40
30.0
176
     1
 62
     7
420
 16777215
176
     1
 90
        2
176
     1
 90
        2
176
     1
 62
     7
176
     1
 62
     7
176
     1
 90
        1
176
     1
 90
        1
176
     1
 40
40.0
176
     1
 90
       11
176
     1
 62
     7
176
     1
 40
1.0
176
     1
 90
        1
176
     1
 90
        6
176
     1
 90
        2
176
     1
 62
     7
176
     1
 90
        6
176
     1
 90
        0
176
     1
 90
        0
176
     1
290
     0
176
     1
 90
        1
176
     1
 40
0.0
176
     1
 90
        0
176
     1
290
     0
176
     1
290
     1
176
     1
290
     1
176
     1
290
     0
176
     1
290
     0
176
     1
290
     0
176
     1
290
     0
176
     1
290
     0
176
     1
290
     0
176
     1
 90
       50
176
     1
 40
0.0
176
     1
 40
1.0
176
     1
 90
        0
176
     1
 62
    18
420
        0
176
     1
 90
       50
176
     1
 90
        3
176
     1
 62
     5
420
      255
176
     1
290
     0
176
     1
 90
       50
176
     1
 90
       50
176
     1
 90
       50
176
     1
290
     0
176
     1
 90
       50
176
     1
 62
   256
176
     0
 40
1.0
176
     0
 90
        2
176
     1
  1
strokes_ogs.tif
176
     1
290
     0
176
     1
 40
1.0
176
     1
 40
1.0
176
     1
  0
VISUALSTYLE
  5
36
102
{ACAD_REACTORS
330
29
102
}
330
29
100
AcDbVisualStyle
  2
Thicken
 70
    13
177
     3
291
     1
 70
    58
 90
        2
176
     1
 90
        2
176
     1
 90
        0
176
     1
 90
        0
176
     1
 40
0.6
176
     1
 40
30.0
176
     1
 62
     7
420
 16777215
176
     1
 90
        1
176
     1
 90
        4
176
     1
 62
     7
176
     1
 62
   257
176
     1
 90
        1
176
     1
 90
        1
176
     1
 40
1.0
176
     1
 90
       12
176
     1
 62
     7
176
     1
 40
1.0
176
     1
 90
        1
176
     1
 90
        6
176
     1
 90
        2
176
     1
 62
     7
176
     1
 90
        5
176
     1
 90
        0
176
     1
 90
        0
176
     1
290
     0
176
     1
 90
        1
176
     1
 40
0.0
176
     1
 90
        0
176
     1
290
     0
176
     1
290
     1
176
     1
290
     1
176
     1
290
     0
176
     1
290
     0
176
     1
290
     0
176
     1
290
     0
176
     1
290
     0
176
     1
290
     0
176
     1
 90
       50
176
     1
 40
0.0
176
     1
 40
1.0
176
     1
 90
        0
176
     1
 62
    18
420
        0
176
     1
 90
       50
176
     1
 90
        3
176
     1
 62
     5
420
      255
176
     1
290
     0
176
     1
 90
       50
176
     1
 90
       50
176
     1
 90
       50
176
     1
290
     0
176
     1
 90
       50
176
     1
 62
   256
176
     0
 40
1.0
176
     0
 90
        2
176
     1
  1
strokes_ogs.tif
176
     1
290
     0
176
     1
 40
1.0
176
     1
 40
1.0
176
     1
  0
VISUALSTYLE
  5
30
102
{ACAD_REACTORS
330
29
102
}
330
29
100
AcDbVisualStyle
  2
Wireframe
 70
     5
177
     3
291
     0
 70
    58
 90
        0
176
     1
 90
        2
176
     1
 90
        0
176
     1
 90
        0
176
     1
 40
0.6
176
     1
 40
30.0
176
     1
 62
     7
420
 16777215
176
     1
 90
        1
176
     1
 90
        4
176
     1
 62
     7
176
     1
 62
   257
176
     1
 90
        1
176
     1
 90
        1
176
     1
 40
1.0
176
     1
 90
        0
176
     1
 62
   257
176
     1
 40
1.0
176
     1
 90
        1
176
     1
 90
        6
176
     1
 90
        2
176
     1
 62
     7
176
     1
 90
        3
176
     1
 90
        0
176
     1
 90
        0
176
     1
290
     0
176
     1
 90
        1
176
     1
 40
0.0
176
     1
 90
        0
176
     1
290
     0
176
     1
290
     1
176
     1
290
     1
176
     1
290
     0
176
     1
290
     0
176
     1
290
     0
176
     1
290
     0
176
     1
290
     0
176
     1
290
     0
176
     1
 90
       50
176
     1
 40
0.0
176
     1
 40
1.0
176
     1
 90
        0
176
     1
 62
    18
420
        0
176
     1
 90
       50
176
     1
 90
        3
176
     1
 62
     5
420
      255
176
     1
290
     0
176
     1
 90
       50
176
     1
 90
       50
176
     1
 90
       50
176
     1
290
     0
176
     1
 90
       50
176
     1
 62
   256
176
     0
 40
1.0
176
     0
 90
        2
176
     1
  1
strokes_ogs.tif
176
     1
290
     0
176
     1
 40
1.0
176
     1
 40
1.0
176
     1
  0
VISUALSTYLE
  5
3C
102
{ACAD_REACTORS
330
29
102
}
330
29
100
AcDbVisualStyle
  2
X-Ray
 70
    25
177
     3
291
     0
 70
    58
 90
        2
176
     1
 90
        2
176
     1
 90
        1
176
     1
 90
        1
176
     1
 40
0.5
176
     1
 40
30.0
176
     1
 62
     7
420
 16777215
176
     1
 90
        1
176
     1
 90
        0
176
     1
 62
     7
176
     1
 62
   257
176
     1
 90
        1
176
     1
 90
        1
176
     1
 40
1.0
176
     1
 90
        8
176
     1
 62
     7
176
     1
 40
1.0
176
     1
 90
        1
176
     1
 90
        6
176
     1
 90
        2
176
     1
 62
     7
176
     1
 90
        3
176
     1
 90
        0
176
     1
 90
        0
176
     1
290
     0
176
     1
 90
       13
176
     1
 40
0.0
176
     1
 90
        0
176
     1
290
     0
176
     1
290
     1
176
     1
290
     1
176
     1
290
     0
176
     1
290
     0
176
     1
290
     0
176
     1
290
     0
176
     1
290
     0
176
     1
290
     0
176
     1
 90
       50
176
     1
 40
0.0
176
     1
 40
1.0
176
     1
 90
        0
176
     1
 62
    18
420
        0
176
     1
 90
       50
176
     1
 90
        3
176
     1
 62
     5
420
      255
176
     1
290
     0
176
     1
 90
       50
176
     1
 90
       50
176
     1
 90
       50
176
     1
290
     0
176
     1
 90
       50
176
     1
 62
   256
176
     0
 40
1.0
176
     0
 90
        2
176
     1
  1
strokes_ogs.tif
176
     1
290
     0
176
     1
 40
1.0
176
     1
 40
1.0
176
     1
  0
DICTIONARYVAR
  5
80
102
{ACAD_REACTORS
330
7B
102
}
330
7B
100
DictionaryVariables
280
     0
  1
1:1
  0
DICTIONARYVAR
  5
7D
102
{ACAD_REACTORS
330
7B
102
}
330
7B
100
DictionaryVariables
280
     0
  1
STANDARD
  0
DICTIONARYVAR
  5
7C
102
{ACAD_REACTORS
330
7B
102
}
330
7B
100
DictionaryVariables
280
     0
  1
STANDARD
  0
DICTIONARYVAR
  5
7E
102
{ACAD_REACTORS
330
7B
102
}
330
7B
100
DictionaryVariables
280
     0
  1
Imperial24
  0
DICTIONARYVAR
  5
7F
102
{ACAD_REACTORS
330
7B
102
}
330
7B
100
DictionaryVariables
280
     0
  1
Imperial24
  0
XRECORD
  5
B2C
102
{ACAD_REACTORS
330
B26
102
}
330
B26
100
AcDbXrecord
280
     1
  1
BUILDING_ID
  1
ls-60-DAİRE-KATTA-10-daire-OLCULER
  1
FLOOR_ID
  1
356710
  0
XRECORD
  5
B2A
102
{ACAD_REACTORS
330
B26
102
}
330
B26
100
AcDbXrecord
280
     1
  1
-2000011
  1
Walls
  1
-2000023
  1
Doors
  1
-2000051
  1
Lines
  1
-2000120
  1
Stairs
  1
-2000126
  1
Railings
  1
-2000260
  1
Dimensions
  1
-2000300
  1
Text Notes
  1
-2000480
  1
Room Tags
  1
-2000938
  1
Stair Paths
  1
-2001350
  1
Specialty Equipment
  1
-2005020
  1
Area Tags
  0
XRECORD
  5
B27
102
{ACAD_REACTORS
330
B26
102
}
330
B26
100
AcDbXrecord
280
     1
  1
b57d9b7b-1482-493b-94e5-9ad9202f486f
  0
XRECORD
  5
B2B
102
{ACAD_REACTORS
330
B26
102
}
330
B26
100
AcDbXrecord
280
     1
  1
-2000025
  1
Panel
  1
-2000042
  1
<Thin Lines>
  1
-2000066
  1
<Room Separation>
  1
-2000079
  1
<Area Boundary>
  1
-2000124
  1
<Above> Supports
  1
-2000130
  1
Up Arrows
  1
-2000285
  1
<Demolished>
  1
-2000288
  1
<Centerline>
  1
-2000930
  1
Cut Marks
  1
-2000932
  1
Nosing Lines
  1
-2000933
  1
<Above> Nosing Lines
  1
-2000934
  1
Outlines
  1
-2000935
  1
<Above> Outlines
  1
-2000936
  1
Riser Lines
  1
-2000937
  1
<Above> Riser Lines
  1
-2000939
  1
<Above> Up Arrows
  1
-2000946
  1
Top Rails
  1
-2000952
  1
Supports
  1
1951
  1
Plan Swing
  1
356725
  1
0
  0
XRECORD
  5
B29
102
{ACAD_REACTORS
330
B26
102
}
330
B26
100
AcDbXrecord
280
     1
  1
141548
  1
Top Rail Type : Rectangular - 50x50mm
  1
141729
  1
Automatic Up/Down Direction : Standard
  1
141734
  1
Assembled Stair : 190mm max riser 250mm going
  1
358345
  1
Linear Dimension Style : Diagonal - 2.5mm Arial 3
  1
387598
  1
M_Room Tag xxx : Room Tag
  1
398
  1
Basic Wall : Generic - 200mm : Generic - 200mm
  1
459841
  1
M_Area Tag-10mm : M_Area Tag
  1
477240
  1
M_Room Tag-2 : Room Tag
  1
477246
  1
M_Room Tag-2 : Room Tag With Area 2
  1
49480
  1
M_Single-Flush : 0915 x 2134mm
  1
504849
  1
M_Electric Lift-4 person wall based : Type 1
  1
609549
  1
Assembled Stair : 30CM MERDİVEN
  1
6922
  1
Text : 7mm Arial
  0
DICTIONARY
  5
1A
330
19
100
AcDbDictionary
280
     1
281
     1
  3
BUMPTILE
360
1C
  3
DIFFUSETILE
360
1B
  3
OPACITYTILE
360
1F
  3
REFLECTIONTILE
360
1E
  3
REFRACTIONTILE
360
20
  3
SPECULARTILE
360
1D
  0
DICTIONARY
  5
12
330
11
100
AcDbDictionary
280
     1
281
     1
  3
BUMPTILE
360
14
  3
DIFFUSETILE
360
13
  3
OPACITYTILE
360
17
  3
REFLECTIONTILE
360
16
  3
REFRACTIONTILE
360
18
  3
SPECULARTILE
360
15
  0
DICTIONARY
  5
22
330
21
100
AcDbDictionary
280
     1
281
     1
  3
BUMPTILE
360
24
  3
DIFFUSETILE
360
23
  3
OPACITYTILE
360
27
  3
REFLECTIONTILE
360
26
  3
REFRACTIONTILE
360
28
  3
SPECULARTILE
360
25
  0
DICTIONARY
  5
B30
330
65
100
AcDbDictionary
280
     1
281
     1
  3
ACAD_ROUNDTRIP_2008_TABLESTYLE_CELLSTYLEMAP
360
B31
  0
XRECORD
  5
1C
102
{ACAD_REACTORS
330
1A
102
}
330
1A
100
AcDbXrecord
280
     1
270
     1
271
     1
  0
XRECORD
  5
1B
102
{ACAD_REACTORS
330
1A
102
}
330
1A
100
AcDbXrecord
280
     1
270
     1
271
     1
  0
XRECORD
  5
1F
102
{ACAD_REACTORS
330
1A
102
}
330
1A
100
AcDbXrecord
280
     1
270
     1
271
     1
  0
XRECORD
  5
1E
102
{ACAD_REACTORS
330
1A
102
}
330
1A
100
AcDbXrecord
280
     1
270
     1
271
     1
  0
XRECORD
  5
20
102
{ACAD_REACTORS
330
1A
102
}
330
1A
100
AcDbXrecord
280
     1
270
     1
271
     1
  0
XRECORD
  5
1D
102
{ACAD_REACTORS
330
1A
102
}
330
1A
100
AcDbXrecord
280
     1
270
     1
271
     1
  0
XRECORD
  5
14
102
{ACAD_REACTORS
330
12
102
}
330
12
100
AcDbXrecord
280
     1
270
     1
271
     1
  0
XRECORD
  5
13
102
{ACAD_REACTORS
330
12
102
}
330
12
100
AcDbXrecord
280
     1
270
     1
271
     1
  0
XRECORD
  5
17
102
{ACAD_REACTORS
330
12
102
}
330
12
100
AcDbXrecord
280
     1
270
     1
271
     1
  0
XRECORD
  5
16
102
{ACAD_REACTORS
330
12
102
}
330
12
100
AcDbXrecord
280
     1
270
     1
271
     1
  0
XRECORD
  5
18
102
{ACAD_REACTORS
330
12
102
}
330
12
100
AcDbXrecord
280
     1
270
     1
271
     1
  0
XRECORD
  5
15
102
{ACAD_REACTORS
330
12
102
}
330
12
100
AcDbXrecord
280
     1
270
     1
271
     1
  0
XRECORD
  5
24
102
{ACAD_REACTORS
330
22
102
}
330
22
100
AcDbXrecord
280
     1
270
     1
271
     1
  0
XRECORD
  5
23
102
{ACAD_REACTORS
330
22
102
}
330
22
100
AcDbXrecord
280
     1
270
     1
271
     1
  0
XRECORD
  5
27
102
{ACAD_REACTORS
330
22
102
}
330
22
100
AcDbXrecord
280
     1
270
     1
271
     1
  0
XRECORD
  5
26
102
{ACAD_REACTORS
330
22
102
}
330
22
100
AcDbXrecord
280
     1
270
     1
271
     1
  0
XRECORD
  5
28
102
{ACAD_REACTORS
330
22
102
}
330
22
100
AcDbXrecord
280
     1
270
     1
271
     1
  0
XRECORD
  5
25
102
{ACAD_REACTORS
330
22
102
}
330
22
100
AcDbXrecord
280
     1
270
     1
271
     1
  0
CELLSTYLEMAP
  5
B31
102
{ACAD_REACTORS
330
B30
102
}
330
B30
100
AcDbCellStyleMap
 90
        3
300
CELLSTYLE
  1
TABLEFORMAT_BEGIN
 90
        5
170
     1
 91
        0
 92
    32768
 62
   257
 93
        1
300
CONTENTFORMAT
  1
CONTENTFORMAT_BEGIN
 90
        0
 91
        0
 92
      512
 93
        0
300

 40
0.0
140
1.0
 94
        5
 62
     0
340
55
144
0.25
309
CONTENTFORMAT_END
171
     0
 94
        0
309
TABLEFORMAT_END
  1
CELLSTYLE_BEGIN
 90
        1
 91
        1
300
_TITLE
309
CELLSTYLE_END
300
CELLSTYLE
  1
TABLEFORMAT_BEGIN
 90
        5
170
     1
 91
        0
 92
        0
 62
   257
 93
        1
300
CONTENTFORMAT
  1
CONTENTFORMAT_BEGIN
 90
        0
 91
        0
 92
      512
 93
        0
300

 40
0.0
140
1.0
 94
        5
 62
     0
340
55
144
0.18
309
CONTENTFORMAT_END
171
     0
 94
        0
309
TABLEFORMAT_END
  1
CELLSTYLE_BEGIN
 90
        2
 91
        1
300
_HEADER
309
CELLSTYLE_END
300
CELLSTYLE
  1
TABLEFORMAT_BEGIN
 90
        5
170
     1
 91
        0
 92
        0
 62
   257
 93
        1
300
CONTENTFORMAT
  1
CONTENTFORMAT_BEGIN
 90
        0
 91
        0
 92
      512
 93
        0
300

 40
0.0
140
1.0
 94
        2
 62
     0
340
55
144
0.18
309
CONTENTFORMAT_END
171
     0
 94
        0
309
TABLEFORMAT_END
  1
CELLSTYLE_BEGIN
 90
        3
 91
        2
300
_DATA
309
CELLSTYLE_END
  0
ENDSEC
  0
EOF
